Player,Nation,Position,Age,Matches Played,Starts,Minutes,90s Played,Goals,Assists,Goals + Assists,Non-Penalty Goals,Penalty Goals Made,Penalty Attempts,Yellow Cards,Red Cards,xG,npxG,xAG,npxG + xAG,Progressive Carries,Progressive Passes,Progressive Receives,Goals Per 90,Assists Per 90,Goals + Assists Per 90,Non-Penalty Goals Per 90,Non-Penalty Goals + Assists Per 90,xG Per 90,xAG Per 90,xG + xAG Per 90,npxG Per 90,npxG + xAG Per 90,name_clean,position,foot,height_in_cm,current_club_domestic_competition_id,market_value_in_eur,highest_market_value_in_eur,image_url,url,match_name,fifa_name,fifa_full_name,fifa_birth_date,fifa_age,fifa_height_cm,fifa_weight_kgs,fifa_positions,fifa_nationality,fifa_overall_rating,fifa_potential,fifa_value_euro,fifa_wage_euro,fifa_preferred_foot,fifa_international_reputation(1-5),fifa_weak_foot(1-5),fifa_skill_moves(1-5),fifa_body_type,fifa_release_clause_euro,fifa_national_team,fifa_national_rating,fifa_national_team_position,fifa_national_jersey_number,fifa_crossing,fifa_finishing,fifa_heading_accuracy,fifa_short_passing,fifa_volleys,fifa_dribbling,fifa_curve,fifa_freekick_accuracy,fifa_long_passing,fifa_ball_control,fifa_acceleration,fifa_sprint_speed,fifa_agility,fifa_reactions,fifa_balance,fifa_shot_power,fifa_jumping,fifa_stamina,fifa_strength,fifa_long_shots,fifa_aggression,fifa_interceptions,fifa_positioning,fifa_vision,fifa_penalties,fifa_composure,fifa_marking,fifa_standing_tackle,fifa_sliding_tackle,fifa_match_fullname,fuzzy_match_score
Mohamed Salah,EGY,AT,32,38,38,"3,371",37.5,29,18,47,20,9,9,1,0,25.2,18.2,14.2,32.4,154,144,488,0.77,0.48,1.25,0.53,1.01,0.67,0.38,1.05,0.49,0.87,mohamed salah,Attack,left,175.0,GB1,55000000.0,150000000.0,https://img.a.transfermarkt.technology/portrait/header/148455-1727337594.jpg?lm=1,https://www.transfermarkt.co.uk/mohamed-salah/profil/spieler/148455,mohamed salah,M. Sylla,Mohamed Sylla,12/1/1993,25,187.96,81.2,"CDM,CM",France,59,65,180000.0,2000.0,Right,1,3,2,Normal,351000.0,,,,,44,27,52,62,26,50,45,38,55,59,68,65,58,56,54,52,61,66,72,35,64,53,47,53,41,60,50,61,56,mohamed sylla,85
Virgil van Dijk,NED,DF,33,37,37,"3,330",37.0,3,1,4,3,0,0,5,0,2.2,2.2,0.7,3.0,22,198,6,0.08,0.03,0.11,0.08,0.11,0.06,0.02,0.08,0.06,0.08,virgil van dijk,Defender,right,195.0,GB1,28000000.0,100000000.0,https://img.a.transfermarkt.technology/portrait/header/139208-1702049837.jpg?lm=1,https://www.transfermarkt.co.uk/virgil-van-dijk/profil/spieler/139208,virgil van dijk,V. van Dijk,Virgil van Dijk,7/8/1991,27,193.04,92.1,CB,Netherlands,88,90,59500000.0,215000.0,Right,3,3,2,Normal,114500000.0,Netherlands,81.0,LCB,4.0,53,52,83,79,45,70,60,70,81,76,74,77,61,87,49,81,88,75,92,64,82,88,41,60,62,87,90,89,84,virgil van dijk,100
Alexis Mac Allister,ARG,MT,25,35,30,"2,599",28.9,5,5,10,5,0,0,6,0,2.8,2.8,4.7,7.5,36,177,80,0.17,0.17,0.35,0.17,0.35,0.1,0.16,0.26,0.1,0.26,alexis mac allister,Midfield,right,176.0,GB1,90000000.0,90000000.0,https://img.a.transfermarkt.technology/portrait/header/534033-1669835342.jpg?lm=1,https://www.transfermarkt.co.uk/alexis-mac-allister/profil/spieler/534033,alexis mac allister,A. Mac Allister,Alexis Mac Allister,12/24/1998,20,175.26,69.9,"CM,CAM",Argentina,71,85,5000000.0,13000.0,Right,1,3,3,Normal,,,,,,69,71,59,73,58,73,69,75,71,74,70,69,68,69,71,71,63,69,58,74,51,45,72,76,74,71,65,54,51,alexis mac allister,100
Ibrahima Konaté,FRA,DF,25,31,30,"2,560",28.4,1,2,3,1,0,0,5,0,1.7,1.7,1.0,2.7,25,115,3,0.04,0.07,0.11,0.04,0.11,0.06,0.03,0.1,0.06,0.1,ibrahima konate,Defender,right,194.0,GB1,60000000.0,60000000.0,https://img.a.transfermarkt.technology/portrait/header/357119-1669190550.jpg?lm=1,https://www.transfermarkt.co.uk/ibrahima-konate/profil/spieler/357119,ibrahima konate,I. Konaté,Ibrahima Konaté,5/25/1999,19,193.04,93.0,CB,France,76,84,9500000.0,17000.0,Right,1,2,3,Normal,18100000.0,,,,,35,17,70,73,28,67,28,23,62,67,73,84,65,69,53,37,74,65,78,25,77,74,33,41,41,68,73,82,78,ibrahima konaté,97
Dominik Szoboszlai,HUN,MT,23,36,29,"2,491",27.7,6,6,12,6,0,0,6,0,7.3,7.3,7.4,14.7,72,131,127,0.22,0.22,0.43,0.22,0.43,0.27,0.27,0.53,0.27,0.53,dominik szoboszlai,Midfield,right,187.0,GB1,80000000.0,80000000.0,https://img.a.transfermarkt.technology/portrait/header/451276-1700209677.jpg?lm=1,https://www.transfermarkt.co.uk/dominik-szoboszlai/profil/spieler/451276,dominik szoboszlai,D. Szoboszlai,Dominik Szoboszlai,10/25/2000,18,185.42,69.9,"CAM,CM",Hungary,65,82,1100000.0,4000.0,Right,1,4,3,Lean,2300000.0,,,,,67,62,58,62,68,67,75,76,58,70,75,79,74,55,69,72,72,53,59,71,45,25,58,60,64,55,30,28,24,dominik szoboszlai,100
Andrew Robertson,SCO,DF,30,33,29,"2,482",27.6,0,1,1,0,0,0,3,1,1.2,1.2,4.6,5.8,64,176,108,0.0,0.04,0.04,0.0,0.04,0.04,0.17,0.21,0.04,0.21,andrew robertson,Defender,left,178.0,GB1,20000000.0,80000000.0,https://img.a.transfermarkt.technology/portrait/header/234803-1709147379.jpg?lm=1,https://www.transfermarkt.co.uk/andrew-robertson/profil/spieler/234803,andrew robertson,A. Robertson,Andrew Robertson,3/11/1994,24,152.4,64.0,LB,Scotland,83,88,29000000.0,110000.0,Left,1,2,3,Lean,55800000.0,Scotland,75.0,LB,3.0,87,57,63,76,32,76,74,30,68,78,83,86,78,83,74,67,62,93,66,60,80,81,66,74,55,79,81,83,78,andrew robertson,100
Alisson,BRA,GB,31,28,28,"2,508",27.9,0,0,0,0,0,0,0,0,0.0,0.0,0.6,0.6,0,1,0,0.0,0.0,0.0,0.0,0.0,0.0,0.02,0.02,0.0,0.02,alisson,Goalkeeper,right,193.0,GB1,25000000.0,90000000.0,https://img.a.transfermarkt.technology/portrait/header/105470-1668522221.jpg?lm=1,https://www.transfermarkt.co.uk/alisson/profil/spieler/105470,alisson,Alisson,Alisson Ramses Becker,10/2/1992,26,190.5,91.2,GK,Brazil,87,91,46000000.0,135000.0,Right,3,3,1,Normal,88600000.0,,,,,17,13,19,45,20,27,19,18,44,30,54,45,40,86,37,21,52,32,78,14,27,11,13,66,23,65,15,19,16,alisson ramses becker,100
Alisson,BRA,GB,31,28,28,"2,508",27.9,0,0,0,0,0,0,0,0,0.0,0.0,0.6,0.6,0,1,0,0.0,0.0,0.0,0.0,0.0,0.0,0.02,0.02,0.0,0.02,alisson,Attack,left,183.0,UKR1,10000000.0,10000000.0,https://img.a.transfermarkt.technology/portrait/header/1083070-1741617223.png?lm=1,https://www.transfermarkt.co.uk/alisson/profil/spieler/1083070,alisson,Alisson,Alisson Ramses Becker,10/2/1992,26,190.5,91.2,GK,Brazil,87,91,46000000.0,135000.0,Right,3,3,1,Normal,88600000.0,,,,,17,13,19,45,20,27,19,18,44,30,54,45,40,86,37,21,52,32,78,14,27,11,13,66,23,65,15,19,16,alisson ramses becker,100
Luis Díaz,COL,AT,27,36,28,"2,399",26.7,13,5,18,13,0,0,2,0,12.0,12.0,5.0,17.1,108,110,293,0.49,0.19,0.68,0.49,0.68,0.45,0.19,0.64,0.45,0.64,luis diaz,Attack,right,180.0,GB1,85000000.0,85000000.0,https://img.a.transfermarkt.technology/portrait/header/480692-1697903145.jpg?lm=1,https://www.transfermarkt.co.uk/luis-diaz/profil/spieler/480692,luis diaz,Luis Díaz,Luis Díaz Carballido,2/27/1995,24,187.96,78.0,"CM,CDM",Spain,61,67,350000.0,2000.0,Right,1,3,2,Normal,630000.0,,,,,47,38,58,73,37,61,50,49,71,59,54,58,58,56,48,58,65,61,64,43,60,56,44,52,51,42,55,68,69,luis díaz carballido,94
Trent Alexander-Arnold,ENG,DF,25,33,28,"2,365",26.3,3,6,9,3,0,0,5,0,1.9,1.9,7.3,9.2,51,232,94,0.11,0.23,0.34,0.11,0.34,0.07,0.28,0.35,0.07,0.35,trent alexander arnold,Defender,right,175.0,GB1,75000000.0,110000000.0,https://img.a.transfermarkt.technology/portrait/header/314353-1701680958.jpg?lm=1,https://www.transfermarkt.co.uk/trent-alexander-arnold/profil/spieler/314353,trent alexander arnold,T. Alexander-Arnold,Trent Alexander-Arnold,10/7/1998,20,154.94,68.9,RB,England,79,89,17000000.0,40000.0,Right,1,4,3,Lean,34900000.0,England,82.0,SUB,14.0,83,56,59,76,41,75,74,80,76,76,82,79,74,78,74,75,66,79,62,63,73,76,66,72,55,74,76,78,76,trent alexander-arnold,100
Cody Gakpo,NED,AT,25,35,23,"1,935",21.5,10,4,14,10,0,0,5,0,7.1,7.1,4.4,11.5,59,52,278,0.47,0.19,0.65,0.47,0.65,0.33,0.2,0.53,0.33,0.53,cody gakpo,Attack,right,193.0,GB1,70000000.0,70000000.0,https://img.a.transfermarkt.technology/portrait/header/434675-1682690965.jpg?lm=1,https://www.transfermarkt.co.uk/cody-gakpo/profil/spieler/434675,cody gakpo,C. Gakpo,Cody Mathès Gakpo,5/7/1999,19,187.96,76.2,LW,Netherlands,66,80,1400000.0,3000.0,Right,1,3,3,Lean,2800000.0,,,,,58,65,33,58,58,74,49,56,47,71,77,78,73,55,69,63,64,62,66,50,37,25,59,64,59,58,30,34,28,cody mathès gakpo,82
Curtis Jones,ENG,"MT,DF",23,33,19,"1,712",19.0,3,3,6,3,0,0,3,1,4.3,4.3,1.1,5.4,30,117,79,0.16,0.16,0.32,0.16,0.32,0.23,0.06,0.29,0.23,0.29,curtis jones,Midfield,right,185.0,GB1,50000000.0,50000000.0,https://img.a.transfermarkt.technology/portrait/header/433188-1701681163.jpg?lm=1,https://www.transfermarkt.co.uk/curtis-jones/profil/spieler/433188,curtis jones,C. Jones,Curtis Jones,1/30/2001,18,182.88,68.0,"CM,CAM",England,61,82,550000.0,7000.0,Right,1,3,3,Lean,1600000.0,,,,,54,56,50,64,53,65,54,47,61,65,64,63,73,58,71,60,57,53,51,55,65,44,55,64,50,62,47,49,47,curtis jones,100
Diogo Jota,POR,AT,27,26,14,"1,196",13.3,6,3,9,6,0,0,2,0,7.9,7.9,1.8,9.8,37,34,88,0.45,0.23,0.68,0.45,0.68,0.6,0.14,0.74,0.6,0.74,diogo jota,Attack,right,178.0,GB1,45000000.0,60000000.0,https://img.a.transfermarkt.technology/portrait/header/340950-1716296423.jpg?lm=1,https://www.transfermarkt.co.uk/diogo-jota/profil/spieler/340950,diogo jota,Diogo Jota,Diogo José Teixeira da Silva,12/4/1996,22,152.4,73.0,"LW,ST",Portugal,78,86,15500000.0,56000.0,Right,2,5,4,Normal,32600000.0,,,,,65,74,52,72,71,81,76,58,65,83,88,79,87,80,87,81,66,82,76,71,80,54,81,72,61,83,49,54,39,diogo josé teixeira da silva,100
Caoimhín Kelleher,IRL,GB,25,10,10,900,10.0,0,0,0,0,0,0,0,0,0.0,0.0,0.0,0.0,0,0,0,0.0,0.0,0.0,0.0,0.0,0.0,0.0,0.0,0.0,0.0,caoimhin kelleher,Goalkeeper,right,188.0,GB1,22000000.0,22000000.0,https://img.a.transfermarkt.technology/portrait/header/340918-1708933663.jpg?lm=1,https://www.transfermarkt.co.uk/caoimhin-kelleher/profil/spieler/340918,caoimhin kelleher,C. Kelleher,Caoimhin Kelleher,11/23/1998,20,187.96,68.9,GK,Republic of Ireland,58,72,230000.0,2000.0,Right,1,2,1,Lean,569000.0,,,,,13,6,13,25,9,10,12,11,29,14,37,33,32,57,48,25,64,19,52,8,21,12,4,22,14,35,18,10,14,caoimhin kelleher,100
Joe Gomez,ENG,DF,27,9,6,519,5.8,0,0,0,0,0,0,1,0,0.3,0.3,0.1,0.4,5,35,2,0.0,0.0,0.0,0.0,0.0,0.06,0.02,0.08,0.06,0.08,joe gomez,Defender,right,188.0,GB1,25000000.0,42000000.0,https://img.a.transfermarkt.technology/portrait/header/256178-1595946530.jpg?lm=1,https://www.transfermarkt.co.uk/joe-gomez/profil/spieler/256178,joe gomez,J. Gomez,Joe Gomez,5/23/1997,21,187.96,77.1,"CB,RB",England,78,88,14500000.0,61000.0,Right,1,3,3,Normal,29700000.0,England,82.0,SUB,16.0,69,26,68,72,24,67,41,29,57,68,80,83,64,77,66,41,66,74,80,26,70,81,51,52,26,69,78,80,77,joe gomez,100
Federico Chiesa,ITA,AT,26,6,1,108,1.2,0,0,0,0,0,0,0,0,0.3,0.3,0.2,0.5,3,3,7,0.0,0.0,0.0,0.0,0.0,0.28,0.15,0.43,0.28,0.43,federico chiesa,Attack,right,175.0,GB1,18000000.0,70000000.0,https://img.a.transfermarkt.technology/portrait/header/341092-1663576975.jpg?lm=1,https://www.transfermarkt.co.uk/federico-chiesa/profil/spieler/341092,federico chiesa,F. Chiesa,Federico Chiesa,10/25/1997,21,175.26,69.9,"RW,CF",Italy,79,87,18500000.0,51000.0,Right,2,4,4,Lean,35200000.0,Italy,83.0,RW,14.0,72,70,50,76,68,84,74,48,60,81,87,85,86,76,77,81,55,78,64,78,62,30,76,73,62,76,65,34,34,federico chiesa,100
Mohamed Salah,EGY,AT,32,38,38,"3,371",37.5,29,18,47,20,9,9,1,0,25.2,18.2,14.2,32.4,154,144,488,0.77,0.48,1.25,0.53,1.01,0.67,0.38,1.05,0.49,0.87,mohamed salah,Attack,left,175.0,GB1,55000000.0,150000000.0,https://img.a.transfermarkt.technology/portrait/header/148455-1727337594.jpg?lm=1,https://www.transfermarkt.co.uk/mohamed-salah/profil/spieler/148455,mohamed salah,M. Sylla,Mohamed Sylla,12/1/1993,25,187.96,81.2,"CDM,CM",France,59,65,180000.0,2000.0,Right,1,3,2,Normal,351000.0,,,,,44,27,52,62,26,50,45,38,55,59,68,65,58,56,54,52,61,66,72,35,64,53,47,53,41,60,50,61,56,mohamed sylla,85
Virgil van Dijk,NED,DF,33,37,37,"3,330",37.0,3,1,4,3,0,0,5,0,2.2,2.2,0.7,3.0,22,198,6,0.08,0.03,0.11,0.08,0.11,0.06,0.02,0.08,0.06,0.08,virgil van dijk,Defender,right,195.0,GB1,28000000.0,100000000.0,https://img.a.transfermarkt.technology/portrait/header/139208-1702049837.jpg?lm=1,https://www.transfermarkt.co.uk/virgil-van-dijk/profil/spieler/139208,virgil van dijk,V. van Dijk,Virgil van Dijk,7/8/1991,27,193.04,92.1,CB,Netherlands,88,90,59500000.0,215000.0,Right,3,3,2,Normal,114500000.0,Netherlands,81.0,LCB,4.0,53,52,83,79,45,70,60,70,81,76,74,77,61,87,49,81,88,75,92,64,82,88,41,60,62,87,90,89,84,virgil van dijk,100
Alexis Mac Allister,ARG,MT,25,35,30,"2,599",28.9,5,5,10,5,0,0,6,0,2.8,2.8,4.7,7.5,36,177,80,0.17,0.17,0.35,0.17,0.35,0.1,0.16,0.26,0.1,0.26,alexis mac allister,Midfield,right,176.0,GB1,90000000.0,90000000.0,https://img.a.transfermarkt.technology/portrait/header/534033-1669835342.jpg?lm=1,https://www.transfermarkt.co.uk/alexis-mac-allister/profil/spieler/534033,alexis mac allister,A. Mac Allister,Alexis Mac Allister,12/24/1998,20,175.26,69.9,"CM,CAM",Argentina,71,85,5000000.0,13000.0,Right,1,3,3,Normal,,,,,,69,71,59,73,58,73,69,75,71,74,70,69,68,69,71,71,63,69,58,74,51,45,72,76,74,71,65,54,51,alexis mac allister,100
Ibrahima Konaté,FRA,DF,25,31,30,"2,560",28.4,1,2,3,1,0,0,5,0,1.7,1.7,1.0,2.7,25,115,3,0.04,0.07,0.11,0.04,0.11,0.06,0.03,0.1,0.06,0.1,ibrahima konate,Defender,right,194.0,GB1,60000000.0,60000000.0,https://img.a.transfermarkt.technology/portrait/header/357119-1669190550.jpg?lm=1,https://www.transfermarkt.co.uk/ibrahima-konate/profil/spieler/357119,ibrahima konate,I. Konaté,Ibrahima Konaté,5/25/1999,19,193.04,93.0,CB,France,76,84,9500000.0,17000.0,Right,1,2,3,Normal,18100000.0,,,,,35,17,70,73,28,67,28,23,62,67,73,84,65,69,53,37,74,65,78,25,77,74,33,41,41,68,73,82,78,ibrahima konaté,97
Dominik Szoboszlai,HUN,MT,23,36,29,"2,491",27.7,6,6,12,6,0,0,6,0,7.3,7.3,7.4,14.7,72,131,127,0.22,0.22,0.43,0.22,0.43,0.27,0.27,0.53,0.27,0.53,dominik szoboszlai,Midfield,right,187.0,GB1,80000000.0,80000000.0,https://img.a.transfermarkt.technology/portrait/header/451276-1700209677.jpg?lm=1,https://www.transfermarkt.co.uk/dominik-szoboszlai/profil/spieler/451276,dominik szoboszlai,D. Szoboszlai,Dominik Szoboszlai,10/25/2000,18,185.42,69.9,"CAM,CM",Hungary,65,82,1100000.0,4000.0,Right,1,4,3,Lean,2300000.0,,,,,67,62,58,62,68,67,75,76,58,70,75,79,74,55,69,72,72,53,59,71,45,25,58,60,64,55,30,28,24,dominik szoboszlai,100
Andrew Robertson,SCO,DF,30,33,29,"2,482",27.6,0,1,1,0,0,0,3,1,1.2,1.2,4.6,5.8,64,176,108,0.0,0.04,0.04,0.0,0.04,0.04,0.17,0.21,0.04,0.21,andrew robertson,Defender,left,178.0,GB1,20000000.0,80000000.0,https://img.a.transfermarkt.technology/portrait/header/234803-1709147379.jpg?lm=1,https://www.transfermarkt.co.uk/andrew-robertson/profil/spieler/234803,andrew robertson,A. Robertson,Andrew Robertson,3/11/1994,24,152.4,64.0,LB,Scotland,83,88,29000000.0,110000.0,Left,1,2,3,Lean,55800000.0,Scotland,75.0,LB,3.0,87,57,63,76,32,76,74,30,68,78,83,86,78,83,74,67,62,93,66,60,80,81,66,74,55,79,81,83,78,andrew robertson,100
Alisson,BRA,GB,31,28,28,"2,508",27.9,0,0,0,0,0,0,0,0,0.0,0.0,0.6,0.6,0,1,0,0.0,0.0,0.0,0.0,0.0,0.0,0.02,0.02,0.0,0.02,alisson,Goalkeeper,right,193.0,GB1,25000000.0,90000000.0,https://img.a.transfermarkt.technology/portrait/header/105470-1668522221.jpg?lm=1,https://www.transfermarkt.co.uk/alisson/profil/spieler/105470,alisson,Alisson,Alisson Ramses Becker,10/2/1992,26,190.5,91.2,GK,Brazil,87,91,46000000.0,135000.0,Right,3,3,1,Normal,88600000.0,,,,,17,13,19,45,20,27,19,18,44,30,54,45,40,86,37,21,52,32,78,14,27,11,13,66,23,65,15,19,16,alisson ramses becker,100
Alisson,BRA,GB,31,28,28,"2,508",27.9,0,0,0,0,0,0,0,0,0.0,0.0,0.6,0.6,0,1,0,0.0,0.0,0.0,0.0,0.0,0.0,0.02,0.02,0.0,0.02,alisson,Attack,left,183.0,UKR1,10000000.0,10000000.0,https://img.a.transfermarkt.technology/portrait/header/1083070-1741617223.png?lm=1,https://www.transfermarkt.co.uk/alisson/profil/spieler/1083070,alisson,Alisson,Alisson Ramses Becker,10/2/1992,26,190.5,91.2,GK,Brazil,87,91,46000000.0,135000.0,Right,3,3,1,Normal,88600000.0,,,,,17,13,19,45,20,27,19,18,44,30,54,45,40,86,37,21,52,32,78,14,27,11,13,66,23,65,15,19,16,alisson ramses becker,100
Luis Díaz,COL,AT,27,36,28,"2,399",26.7,13,5,18,13,0,0,2,0,12.0,12.0,5.0,17.1,108,110,293,0.49,0.19,0.68,0.49,0.68,0.45,0.19,0.64,0.45,0.64,luis diaz,Attack,right,180.0,GB1,85000000.0,85000000.0,https://img.a.transfermarkt.technology/portrait/header/480692-1697903145.jpg?lm=1,https://www.transfermarkt.co.uk/luis-diaz/profil/spieler/480692,luis diaz,Luis Díaz,Luis Díaz Carballido,2/27/1995,24,187.96,78.0,"CM,CDM",Spain,61,67,350000.0,2000.0,Right,1,3,2,Normal,630000.0,,,,,47,38,58,73,37,61,50,49,71,59,54,58,58,56,48,58,65,61,64,43,60,56,44,52,51,42,55,68,69,luis díaz carballido,94
Trent Alexander-Arnold,ENG,DF,25,33,28,"2,365",26.3,3,6,9,3,0,0,5,0,1.9,1.9,7.3,9.2,51,232,94,0.11,0.23,0.34,0.11,0.34,0.07,0.28,0.35,0.07,0.35,trent alexander arnold,Defender,right,175.0,GB1,75000000.0,110000000.0,https://img.a.transfermarkt.technology/portrait/header/314353-1701680958.jpg?lm=1,https://www.transfermarkt.co.uk/trent-alexander-arnold/profil/spieler/314353,trent alexander arnold,T. Alexander-Arnold,Trent Alexander-Arnold,10/7/1998,20,154.94,68.9,RB,England,79,89,17000000.0,40000.0,Right,1,4,3,Lean,34900000.0,England,82.0,SUB,14.0,83,56,59,76,41,75,74,80,76,76,82,79,74,78,74,75,66,79,62,63,73,76,66,72,55,74,76,78,76,trent alexander-arnold,100
Cody Gakpo,NED,AT,25,35,23,"1,935",21.5,10,4,14,10,0,0,5,0,7.1,7.1,4.4,11.5,59,52,278,0.47,0.19,0.65,0.47,0.65,0.33,0.2,0.53,0.33,0.53,cody gakpo,Attack,right,193.0,GB1,70000000.0,70000000.0,https://img.a.transfermarkt.technology/portrait/header/434675-1682690965.jpg?lm=1,https://www.transfermarkt.co.uk/cody-gakpo/profil/spieler/434675,cody gakpo,C. Gakpo,Cody Mathès Gakpo,5/7/1999,19,187.96,76.2,LW,Netherlands,66,80,1400000.0,3000.0,Right,1,3,3,Lean,2800000.0,,,,,58,65,33,58,58,74,49,56,47,71,77,78,73,55,69,63,64,62,66,50,37,25,59,64,59,58,30,34,28,cody mathès gakpo,82
Curtis Jones,ENG,"MT,DF",23,33,19,"1,712",19.0,3,3,6,3,0,0,3,1,4.3,4.3,1.1,5.4,30,117,79,0.16,0.16,0.32,0.16,0.32,0.23,0.06,0.29,0.23,0.29,curtis jones,Midfield,right,185.0,GB1,50000000.0,50000000.0,https://img.a.transfermarkt.technology/portrait/header/433188-1701681163.jpg?lm=1,https://www.transfermarkt.co.uk/curtis-jones/profil/spieler/433188,curtis jones,C. Jones,Curtis Jones,1/30/2001,18,182.88,68.0,"CM,CAM",England,61,82,550000.0,7000.0,Right,1,3,3,Lean,1600000.0,,,,,54,56,50,64,53,65,54,47,61,65,64,63,73,58,71,60,57,53,51,55,65,44,55,64,50,62,47,49,47,curtis jones,100
Diogo Jota,POR,AT,27,26,14,"1,196",13.3,6,3,9,6,0,0,2,0,7.9,7.9,1.8,9.8,37,34,88,0.45,0.23,0.68,0.45,0.68,0.6,0.14,0.74,0.6,0.74,diogo jota,Attack,right,178.0,GB1,45000000.0,60000000.0,https://img.a.transfermarkt.technology/portrait/header/340950-1716296423.jpg?lm=1,https://www.transfermarkt.co.uk/diogo-jota/profil/spieler/340950,diogo jota,Diogo Jota,Diogo José Teixeira da Silva,12/4/1996,22,152.4,73.0,"LW,ST",Portugal,78,86,15500000.0,56000.0,Right,2,5,4,Normal,32600000.0,,,,,65,74,52,72,71,81,76,58,65,83,88,79,87,80,87,81,66,82,76,71,80,54,81,72,61,83,49,54,39,diogo josé teixeira da silva,100
Caoimhín Kelleher,IRL,GB,25,10,10,900,10.0,0,0,0,0,0,0,0,0,0.0,0.0,0.0,0.0,0,0,0,0.0,0.0,0.0,0.0,0.0,0.0,0.0,0.0,0.0,0.0,caoimhin kelleher,Goalkeeper,right,188.0,GB1,22000000.0,22000000.0,https://img.a.transfermarkt.technology/portrait/header/340918-1708933663.jpg?lm=1,https://www.transfermarkt.co.uk/caoimhin-kelleher/profil/spieler/340918,caoimhin kelleher,C. Kelleher,Caoimhin Kelleher,11/23/1998,20,187.96,68.9,GK,Republic of Ireland,58,72,230000.0,2000.0,Right,1,2,1,Lean,569000.0,,,,,13,6,13,25,9,10,12,11,29,14,37,33,32,57,48,25,64,19,52,8,21,12,4,22,14,35,18,10,14,caoimhin kelleher,100
Joe Gomez,ENG,DF,27,9,6,519,5.8,0,0,0,0,0,0,1,0,0.3,0.3,0.1,0.4,5,35,2,0.0,0.0,0.0,0.0,0.0,0.06,0.02,0.08,0.06,0.08,joe gomez,Defender,right,188.0,GB1,25000000.0,42000000.0,https://img.a.transfermarkt.technology/portrait/header/256178-1595946530.jpg?lm=1,https://www.transfermarkt.co.uk/joe-gomez/profil/spieler/256178,joe gomez,J. Gomez,Joe Gomez,5/23/1997,21,187.96,77.1,"CB,RB",England,78,88,14500000.0,61000.0,Right,1,3,3,Normal,29700000.0,England,82.0,SUB,16.0,69,26,68,72,24,67,41,29,57,68,80,83,64,77,66,41,66,74,80,26,70,81,51,52,26,69,78,80,77,joe gomez,100
Federico Chiesa,ITA,AT,26,6,1,108,1.2,0,0,0,0,0,0,0,0,0.3,0.3,0.2,0.5,3,3,7,0.0,0.0,0.0,0.0,0.0,0.28,0.15,0.43,0.28,0.43,federico chiesa,Attack,right,175.0,GB1,18000000.0,70000000.0,https://img.a.transfermarkt.technology/portrait/header/341092-1663576975.jpg?lm=1,https://www.transfermarkt.co.uk/federico-chiesa/profil/spieler/341092,federico chiesa,F. Chiesa,Federico Chiesa,10/25/1997,21,175.26,69.9,"RW,CF",Italy,79,87,18500000.0,51000.0,Right,2,4,4,Lean,35200000.0,Italy,83.0,RW,14.0,72,70,50,76,68,84,74,48,60,81,87,85,86,76,77,81,55,78,64,78,62,30,76,73,62,76,65,34,34,federico chiesa,100
David Raya,ESP,GB,28,38,38,"3,420",38.0,0,0,0,0,0,0,3,0,0.0,0.0,0.0,0.0,0,14,0,0.0,0.0,0.0,0.0,0.0,0.0,0.0,0.0,0.0,0.0,david raya,Goalkeeper,right,183.0,GB1,40000000.0,40000000.0,https://img.a.transfermarkt.technology/portrait/header/262749-1668168018.jpg?lm=1,https://www.transfermarkt.co.uk/david-raya/profil/spieler/262749,david raya,David Raya,David Raya Martin,9/15/1995,23,182.88,74.8,GK,Spain,71,78,2400000.0,16000.0,Right,1,3,1,Normal,5100000.0,,,,,12,19,20,32,20,17,18,15,30,38,45,41,56,69,38,25,50,29,42,14,24,11,15,33,26,46,28,14,13,david raya martin,100
William Saliba,FRA,DF,23,35,35,"3,039",33.8,2,0,2,2,0,0,2,1,2.3,2.3,0.9,3.1,16,138,6,0.06,0.0,0.06,0.06,0.06,0.07,0.03,0.09,0.07,0.09,william saliba,Defender,right,192.0,GB1,80000000.0,80000000.0,https://img.a.transfermarkt.technology/portrait/header/495666-1718697201.jpg?lm=1,https://www.transfermarkt.co.uk/william-saliba/profil/spieler/495666,william saliba,W. Saliba,William Saliba,3/24/2001,17,193.04,84.8,CB,France,66,80,1100000.0,3000.0,Right,1,3,2,Lean,2900000.0,,,,,30,22,61,58,32,47,34,35,33,39,55,57,48,61,60,44,73,66,69,20,58,68,31,29,47,48,66,70,69,william saliba,100
Declan Rice,ENG,MT,25,35,33,"2,825",31.4,4,7,11,4,0,0,7,1,3.5,3.5,6.6,10.1,90,192,94,0.13,0.22,0.35,0.13,0.35,0.11,0.21,0.32,0.11,0.32,declan rice,Midfield,right,188.0,GB1,110000000.0,120000000.0,https://img.a.transfermarkt.technology/portrait/header/357662-1687962936.jpg?lm=1,https://www.transfermarkt.co.uk/declan-rice/profil/spieler/357662,declan rice,D. Rice,Declan Rice,1/14/1999,20,185.42,79.8,"CDM,CB,CM",Republic of Ireland,74,86,8500000.0,23000.0,Right,1,3,2,Lean,17900000.0,,,,,39,26,67,74,33,67,35,32,72,69,61,64,46,66,56,46,72,75,73,34,68,76,39,68,30,75,76,75,74,declan rice,100
Thomas Partey,GHA,"MT,DF",31,35,31,"2,797",31.1,4,2,6,4,0,0,4,0,2.3,2.3,2.1,4.3,36,185,48,0.13,0.06,0.19,0.13,0.19,0.07,0.07,0.14,0.07,0.14,thomas partey,Midfield,right,185.0,GB1,15000000.0,50000000.0,https://img.a.transfermarkt.technology/portrait/header/230784-1668430877.jpg?lm=1,https://www.transfermarkt.co.uk/thomas-partey/profil/spieler/230784,thomas partey,T. Partey,Thomas Partey,6/13/1993,25,185.42,77.1,"CDM,CM,RM,RB",Ghana,82,88,25500000.0,59000.0,Right,1,3,3,Lean,57400000.0,,,,,66,63,68,83,53,79,68,58,77,81,73,76,72,81,53,80,84,89,81,77,81,78,62,73,49,75,78,83,80,thomas partey,100
Leandro Trossard,BEL,AT,29,38,28,"2,546",28.3,8,7,15,8,0,0,4,1,7.2,7.2,6.1,13.3,80,101,226,0.28,0.25,0.53,0.28,0.53,0.25,0.22,0.47,0.25,0.47,leandro trossard,Attack,right,172.0,GB1,30000000.0,38000000.0,https://img.a.transfermarkt.technology/portrait/header/144028-1702412939.jpg?lm=1,https://www.transfermarkt.co.uk/leandro-trossard/profil/spieler/144028,leandro trossard,L. Trossard,Leandro Trossard,12/4/1994,24,172.72,67.1,LW,Belgium,78,82,13500000.0,18000.0,Right,1,4,4,Lean,21300000.0,,,,,75,80,64,75,76,83,81,69,68,78,90,76,92,70,87,77,89,73,60,81,47,18,75,71,75,84,30,31,18,leandro trossard,100
Martin Ødegaard,NOR,MT,25,30,26,"2,325",25.8,3,8,11,2,1,1,4,0,4.8,4.0,5.4,9.5,92,258,154,0.12,0.31,0.43,0.08,0.39,0.19,0.21,0.4,0.16,0.37,martin ødegaard,Midfield,left,178.0,GB1,100000000.0,110000000.0,https://img.a.transfermarkt.technology/portrait/header/316264-1678877651.jpg?lm=1,https://www.transfermarkt.co.uk/martin-odegaard/profil/spieler/316264,martin ødegaard,M. Ødegaard,Martin Ødegaard,12/17/1998,20,152.4,68.0,"RW,CAM",Norway,75,84,10000000.0,59000.0,Left,1,4,5,Lean,,Norway,75.0,SUB,11.0,75,59,38,75,65,83,74,70,68,85,76,70,78,74,78,55,46,64,33,60,32,48,64,82,59,78,38,31,32,martin ødegaard,100
Mikel Merino,ESP,"MT,AT",28,28,17,"1,586",17.6,7,2,9,7,0,0,4,1,5.9,5.9,2.0,7.9,11,69,94,0.4,0.11,0.51,0.4,0.51,0.34,0.11,0.45,0.34,0.45,mikel merino,Midfield,left,189.0,GB1,35000000.0,50000000.0,https://img.a.transfermarkt.technology/portrait/header/338424-1716803831.jpg?lm=1,https://www.transfermarkt.co.uk/mikel-merino/profil/spieler/338424,mikel merino,Merino,Mikel Merino Zazón,6/22/1996,22,185.42,83.0,"CM,CDM,LM",Spain,75,84,10000000.0,22000.0,Left,1,3,3,Lean,23000000.0,,,,,59,62,75,78,58,76,68,69,74,78,61,62,64,70,60,66,69,68,74,67,73,75,70,76,58,68,58,74,65,mikel merino zazón,83
Ben White,ENG,DF,26,17,13,"1,198",13.3,0,2,2,0,0,0,2,0,0.5,0.5,1.4,1.8,23,59,42,0.0,0.15,0.15,0.0,0.15,0.03,0.1,0.14,0.03,0.14,ben white,Defender,right,186.0,GB1,50000000.0,55000000.0,https://img.a.transfermarkt.technology/portrait/header/335721-1683275943.jpg?lm=1,https://www.transfermarkt.co.uk/ben-white/profil/spieler/335721,ben white,B. White,Ben White,10/8/1997,21,182.88,72.1,CB,England,61,73,400000.0,5000.0,Right,1,4,2,Normal,,,,,,36,22,57,59,21,40,26,20,56,44,62,65,44,51,46,35,69,60,69,25,67,57,22,42,24,52,62,60,57,ben white,100
Jorginho,ITA,MT,32,15,9,704,7.8,0,0,0,0,0,0,5,0,0.1,0.1,0.4,0.5,12,48,6,0.0,0.0,0.0,0.0,0.0,0.01,0.05,0.06,0.01,0.06,jorginho,Midfield,right,178.0,GB1,8000000.0,65000000.0,https://img.a.transfermarkt.technology/portrait/header/102017-1682590896.jpg?lm=1,https://www.transfermarkt.co.uk/jorginho/profil/spieler/102017,jorginho,Jorginho,Luiz Frello Filho Jorge,12/20/1991,27,154.94,67.1,CM,Italy,83,84,30000000.0,140000.0,Right,2,3,3,Lean,57800000.0,Italy,83.0,CM,8.0,75,57,56,89,71,82,75,76,87,85,70,61,77,82,73,71,58,79,66,62,79,76,68,87,84,79,62,77,70,luiz frello filho jorge,100
Gabriel Jesus,BRA,AT,27,17,6,608,6.8,3,0,3,3,0,0,4,0,3.0,3.0,0.7,3.7,15,19,57,0.44,0.0,0.44,0.44,0.44,0.44,0.1,0.54,0.44,0.54,gabriel jesus,Attack,right,175.0,GB1,40000000.0,80000000.0,https://img.a.transfermarkt.technology/portrait/header/363205-1669711141.jpg?lm=1,https://www.transfermarkt.co.uk/gabriel-jesus/profil/spieler/363205,gabriel jesus,Gabriel Jesus,Gabriel Fernando de Jesus,4/3/1997,21,175.26,73.0,ST,Brazil,83,92,41000000.0,130000.0,Right,2,3,4,Normal,84100000.0,,,,,66,85,75,76,72,86,76,54,66,85,87,85,92,85,91,78,77,84,68,73,73,32,88,77,78,82,53,23,19,gabriel fernando de jesus,100
Reiss Nelson,ENG,AT,24,1,0,3,0.0,0,0,0,0,0,0,0,0,0.0,0.0,0.0,0.0,0,0,0,0.0,0.0,0.0,0.0,0.0,0.0,0.0,0.0,0.0,0.0,reiss nelson,Attack,right,175.0,GB1,18000000.0,18000000.0,https://img.a.transfermarkt.technology/portrait/header/340325-1667418642.jpg?lm=1,https://www.transfermarkt.co.uk/reiss-nelson/profil/spieler/340325,reiss nelson,R. Nelson,Reiss Nelson,12/10/1999,19,175.26,71.2,RW,England,72,85,5500000.0,33000.0,Right,1,4,4,Lean,,,,,,62,71,39,59,49,81,66,67,50,76,89,90,84,64,76,67,41,55,42,52,42,42,64,58,54,60,24,37,37,reiss nelson,100
Dan Burn,ENG,DF,32,37,37,"3,330",37.0,1,1,2,1,0,0,11,0,2.0,2.0,0.9,2.8,12,75,14,0.03,0.03,0.05,0.03,0.05,0.05,0.02,0.08,0.05,0.08,dan burn,Defender,left,201.0,GB1,7000000.0,12000000.0,https://img.a.transfermarkt.technology/portrait/header/134270-1682340860.jpg?lm=1,https://www.transfermarkt.co.uk/dan-burn/profil/spieler/134270,dan burn,D. Burn,Dan Burn,5/9/1992,26,198.12,87.1,CB,England,71,73,2400000.0,25000.0,Left,1,3,2,Lean,4700000.0,,,,,43,25,73,59,22,47,48,46,60,53,42,44,31,65,26,53,55,63,89,29,72,67,37,49,48,62,72,69,69,dan burn,100
Alexander Isak,SWE,AT,24,34,34,"2,756",30.6,23,6,29,19,4,4,1,0,20.3,17.2,4.3,21.6,83,88,217,0.75,0.2,0.95,0.62,0.82,0.66,0.14,0.81,0.56,0.7,alexander isak,Attack,right,192.0,GB1,100000000.0,100000000.0,https://img.a.transfermarkt.technology/portrait/header/349066-1680791339.jpg?lm=1,https://www.transfermarkt.co.uk/alexander-isak/profil/spieler/349066,alexander isak,A. Isak,Alexander Isak,9/21/1999,19,190.5,73.9,ST,Sweden,69,83,2200000.0,11000.0,Right,1,3,3,Lean,,,,,,51,69,65,59,74,69,40,35,40,71,78,76,77,66,60,63,67,66,56,57,41,24,71,59,53,61,27,20,16,alexander isak,100
Fabian Schär,SUI,DF,32,34,33,"2,934",32.6,4,0,4,4,0,0,9,1,3.7,3.7,0.4,4.1,18,118,22,0.12,0.0,0.12,0.12,0.12,0.11,0.01,0.13,0.11,0.13,fabian schar,Defender,right,186.0,GB1,9000000.0,16000000.0,https://img.a.transfermarkt.technology/portrait/header/135343-1667990394.jpg?lm=1,https://www.transfermarkt.co.uk/fabian-schar/profil/spieler/135343,fabian schar,F. Schär,Fabian Schär,12/20/1991,27,187.96,83.9,CB,Switzerland,75,78,7000000.0,38000.0,Right,2,4,2,Normal,13800000.0,Switzerland,77.0,SUB,22.0,65,60,79,73,53,64,65,66,74,69,60,50,64,75,61,76,88,69,77,65,72,76,66,68,78,70,73,74,73,fabian schär,96
Jacob Murphy,ENG,AT,29,35,31,"2,360",26.2,8,12,20,8,0,0,4,0,5.7,5.7,8.9,14.6,79,83,231,0.31,0.46,0.76,0.31,0.76,0.22,0.34,0.56,0.22,0.56,jacob murphy,Attack,right,179.0,GB1,16000000.0,16000000.0,https://img.a.transfermarkt.technology/portrait/header/199527-1674210561.jpg?lm=1,https://www.transfermarkt.co.uk/jacob-murphy/profil/spieler/199527,jacob murphy,J. Murphy,Jacob Murphy,2/24/1995,24,152.4,73.9,"RM,LM",England,72,77,4200000.0,27000.0,Right,1,3,3,Lean,,,,,,69,66,40,68,50,78,75,62,60,70,77,82,78,64,75,73,46,66,59,73,31,18,68,71,68,65,34,38,39,jacob murphy,100
Joelinton,BRA,"MT,AT",27,29,29,"2,393",26.6,4,3,7,4,0,0,10,0,3.9,3.9,2.5,6.4,40,116,110,0.15,0.11,0.26,0.15,0.26,0.15,0.09,0.24,0.15,0.24,joelinton,Midfield,right,186.0,GB1,40000000.0,42000000.0,https://img.a.transfermarkt.technology/portrait/header/333241-1674210135.jpg?lm=1,https://www.transfermarkt.co.uk/joelinton/profil/spieler/333241,joelinton,Joelinton,Joelinton Apolinário de Lira,8/14/1996,22,185.42,82.1,"ST,CAM",Brazil,76,83,11000000.0,26000.0,Right,1,4,3,Normal,20900000.0,,,,,44,77,73,73,64,77,52,38,56,75,77,79,73,70,69,74,75,69,84,60,63,45,74,64,61,70,29,44,38,joelinton apolinário de lira,100
Sandro Tonali,ITA,MT,24,36,28,"2,630",29.2,4,2,6,4,0,0,5,0,4.4,4.4,2.2,6.6,37,128,53,0.14,0.07,0.21,0.14,0.21,0.15,0.07,0.22,0.15,0.22,sandro tonali,Midfield,right,181.0,GB1,45000000.0,60000000.0,https://img.a.transfermarkt.technology/portrait/header/397033-1688389270.jpg?lm=1,https://www.transfermarkt.co.uk/sandro-tonali/profil/spieler/397033,sandro tonali,S. Tonali,Sandro Tonali,5/8/2000,18,154.94,78.9,"CDM,CM",Italy,71,90,4400000.0,1000.0,Right,1,4,3,Normal,9800000.0,,,,,68,54,65,74,51,70,61,63,74,72,72,72,63,66,73,67,62,70,72,65,72,65,52,69,58,69,69,70,67,sandro tonali,100
Nick Pope,ENG,GB,32,28,28,"2,520",28.0,0,0,0,0,0,0,2,0,0.0,0.0,0.0,0.0,0,1,0,0.0,0.0,0.0,0.0,0.0,0.0,0.0,0.0,0.0,0.0,nick pope,Goalkeeper,right,198.0,GB1,10000000.0,20000000.0,https://img.a.transfermarkt.technology/portrait/header/192080-1663841362.jpg?lm=1,https://www.transfermarkt.co.uk/nick-pope/profil/spieler/192080,nick pope,N. Pope,Nick Pope,4/19/1992,26,200.66,76.2,GK,England,79,82,11000000.0,45000.0,Right,1,3,1,Lean,21700000.0,England,82.0,SUB,23.0,11,14,11,32,14,15,13,12,35,24,50,47,36,70,45,17,72,37,73,15,36,21,13,43,22,62,14,15,14,nick pope,100
Lewis Hall,ENG,DF,19,27,24,"2,189",24.3,0,4,4,0,0,0,3,0,0.4,0.4,4.3,4.7,41,123,80,0.0,0.16,0.16,0.0,0.16,0.02,0.18,0.19,0.02,0.19,lewis hall,Defender,left,179.0,GB1,30000000.0,30000000.0,https://img.a.transfermarkt.technology/portrait/header/670858-1699385942.jpg?lm=1,https://www.transfermarkt.co.uk/lewis-hall/profil/spieler/670858,lewis hall,L. Allan,Lewis Allan,10/25/1996,22,187.96,69.9,ST,Scotland,53,62,90000.0,1000.0,Right,1,2,2,Normal,176000.0,,,,,30,55,54,47,40,52,41,28,31,46,69,74,54,48,55,56,58,55,48,53,34,18,42,47,66,51,20,13,18,lewis allan,86
Harvey Barnes,ENG,AT,26,33,17,"1,755",19.5,9,4,13,9,0,0,0,0,7.2,7.2,4.0,11.2,93,83,192,0.46,0.21,0.67,0.46,0.67,0.37,0.2,0.57,0.37,0.57,harvey barnes,Attack,right,182.0,GB1,30000000.0,35000000.0,https://img.a.transfermarkt.technology/portrait/header/398065-1700650664.jpg?lm=1,https://www.transfermarkt.co.uk/harvey-barnes/profil/spieler/398065,harvey barnes,H. Barnes,Harvey Lewis Barnes,12/9/1997,21,175.26,66.2,"LW,CAM",England,74,84,9000000.0,42000.0,Right,1,4,3,Normal,18900000.0,,,,,71,71,41,71,50,77,70,52,63,74,78,76,76,71,75,71,44,70,54,75,47,43,72,75,49,65,43,49,47,harvey lewis barnes,81
Kieran Trippier,ENG,DF,33,25,14,"1,309",14.5,0,3,3,0,0,0,1,0,0.1,0.1,1.4,1.5,26,117,58,0.0,0.21,0.21,0.0,0.21,0.01,0.1,0.1,0.01,0.1,kieran trippier,Defender,right,173.0,GB1,5000000.0,35000000.0,https://img.a.transfermarkt.technology/portrait/header/95810-1696454076.jpg?lm=1,https://www.transfermarkt.co.uk/kieran-trippier/profil/spieler/95810,kieran trippier,K. Trippier,Kieran Trippier,9/19/1990,28,152.4,72.1,"RB,RWB",England,82,82,18500000.0,99000.0,Right,2,4,3,Normal,34200000.0,England,82.0,SUB,12.0,91,48,73,79,54,75,87,83,78,81,76,75,74,80,74,75,73,88,65,70,70,79,75,80,66,73,77,82,79,kieran trippier,100
Joe Willock,ENG,"MT,AT",24,32,11,"1,086",12.1,0,2,2,0,0,0,4,0,1.6,1.6,2.1,3.8,38,41,86,0.0,0.17,0.17,0.0,0.17,0.14,0.18,0.31,0.14,0.31,joe willock,Midfield,right,186.0,GB1,28000000.0,38000000.0,https://img.a.transfermarkt.technology/portrait/header/340329-1683890024.jpg?lm=1,https://www.transfermarkt.co.uk/joe-willock/profil/spieler/340329,joe willock,J. Willock,Joseph Willock,8/20/1999,19,182.88,71.2,CM,England,63,81,750000.0,7000.0,Right,1,3,3,Lean,1900000.0,,,,,44,48,41,66,42,64,51,46,64,62,68,74,70,58,72,58,55,63,62,46,55,57,60,64,47,60,54,58,51,joseph willock,90
Martin Dúbravka,SVK,GB,35,10,10,900,10.0,0,0,0,0,0,0,0,0,0.0,0.0,0.0,0.0,0,0,0,0.0,0.0,0.0,0.0,0.0,0.0,0.0,0.0,0.0,0.0,martin dubravka,Goalkeeper,right,191.0,GB1,1000000.0,7500000.0,https://img.a.transfermarkt.technology/portrait/header/74960-1700237195.jpg?lm=1,https://www.transfermarkt.co.uk/martin-dubravka/profil/spieler/74960,martin dubravka,M. Dúbravka,Martin Dúbravka,1/15/1989,30,190.5,79.8,GK,Slovakia,79,80,10000000.0,43000.0,Right,1,2,1,Lean,19800000.0,,,,,12,10,12,48,11,19,15,13,45,33,49,44,44,73,60,22,73,40,60,17,26,25,10,54,20,59,19,15,14,martin dúbravka,97
Sean Longstaff,ENG,MT,26,25,8,798,8.9,0,0,0,0,0,0,2,0,0.6,0.6,0.2,0.8,4,40,22,0.0,0.0,0.0,0.0,0.0,0.07,0.02,0.09,0.07,0.09,sean longstaff,Midfield,right,187.0,GB1,22000000.0,25000000.0,https://img.a.transfermarkt.technology/portrait/header/346707-1682341336.jpg?lm=1,https://www.transfermarkt.co.uk/sean-longstaff/profil/spieler/346707,sean longstaff,S. Longstaff,Sean Longstaff,10/30/1997,21,154.94,64.9,"CM,CAM",England,66,80,1400000.0,9000.0,Right,1,4,2,Lean,3500000.0,,,,,48,59,47,72,56,60,55,56,67,65,58,64,48,60,66,64,57,73,54,66,39,55,60,63,54,65,54,55,54,sean longstaff,100
Lloyd Kelly,ENG,DF,25,10,4,303,3.4,0,1,1,0,0,0,2,0,0.4,0.4,0.5,0.9,0,9,5,0.0,0.3,0.3,0.0,0.3,0.12,0.14,0.26,0.12,0.26,lloyd kelly,Defender,left,189.0,IT1,18000000.0,18000000.0,https://img.a.transfermarkt.technology/portrait/header/480116-1739281396.jpg?lm=1,https://www.transfermarkt.co.uk/lloyd-kelly/profil/spieler/480116,lloyd kelly,L. Kelly,Lloyd Kelly,10/1/1998,20,190.5,69.9,"LB,CB",England,67,83,1500000.0,5000.0,Left,1,3,3,Lean,3700000.0,,,,,63,30,57,64,29,66,41,42,47,67,79,81,68,60,69,40,60,71,74,30,50,63,50,41,44,66,65,68,62,lloyd kelly,100
Callum Wilson,ENG,AT,32,18,2,370,4.1,0,0,0,0,0,0,1,0,0.4,0.4,0.1,0.5,5,4,17,0.0,0.0,0.0,0.0,0.0,0.09,0.03,0.12,0.09,0.12,callum wilson,Attack,right,180.0,GB1,11000000.0,30000000.0,https://img.a.transfermarkt.technology/portrait/header/123682-1668090039.jpg?lm=1,https://www.transfermarkt.co.uk/callum-wilson/profil/spieler/123682,callum wilson,C. Wilson,Callum Wilson,2/27/1992,27,154.94,66.2,ST,England,79,80,15000000.0,77000.0,Right,1,3,4,Normal,29600000.0,,,,,52,83,73,71,69,74,63,45,60,77,87,89,74,74,74,76,69,73,76,66,73,40,82,71,75,78,29,39,25,callum wilson,100
Emil Krafth,SWE,DF,29,12,2,342,3.8,0,0,0,0,0,0,2,0,0.0,0.0,0.1,0.1,5,8,3,0.0,0.0,0.0,0.0,0.0,0.01,0.02,0.03,0.01,0.03,emil krafth,Defender,right,184.0,GB1,2500000.0,5000000.0,https://img.a.transfermarkt.technology/portrait/header/184528-1674210829.jpg?lm=1,https://www.transfermarkt.co.uk/emil-krafth/profil/spieler/184528,emil krafth,E. Krafth,Emil Krafth,8/2/1994,24,154.94,72.1,RB,Sweden,73,77,4300000.0,19000.0,Right,1,3,3,Normal,,Sweden,76.0,SUB,5.0,68,41,64,68,46,68,70,54,62,68,72,78,73,74,71,70,68,76,68,58,72,73,52,60,54,72,72,74,74,emil krafth,100
Miguel Almirón,PAR,AT,30,9,1,157,1.7,0,0,0,0,0,0,0,0,0.5,0.5,0.3,0.8,3,6,18,0.0,0.0,0.0,0.0,0.0,0.3,0.15,0.45,0.3,0.45,miguel almiron,Attack,left,174.0,GB1,20000000.0,35000000.0,https://img.a.transfermarkt.technology/portrait/header/272999-1674210265.jpg?lm=1,https://www.transfermarkt.co.uk/miguel-almiron/profil/spieler/272999,miguel almiron,M. Almirón,Miguel Almirón,2/10/1994,25,175.26,63.0,CAM,Paraguay,81,85,23000000.0,55000.0,Left,1,2,4,Lean,45400000.0,,,,,71,74,43,80,75,83,74,70,71,81,90,89,86,79,64,78,46,85,52,73,65,50,74,80,64,76,43,53,49,miguel almirón,96
William Osula,DEN,AT,20,14,0,134,1.5,1,0,1,1,0,0,0,0,0.2,0.2,0.1,0.3,5,4,17,0.67,0.0,0.67,0.67,0.67,0.11,0.1,0.21,0.11,0.21,william osula,Attack,right,191.0,GB1,7000000.0,7000000.0,https://img.a.transfermarkt.technology/portrait/header/609556-1693217416.jpg?lm=1,https://www.transfermarkt.co.uk/william-osula/profil/spieler/609556,william osula,W. Owusu,William Owusu,9/13/1989,29,185.42,73.9,"ST,RW,LW",Ghana,72,72,3200000.0,11000.0,Right,1,4,2,Lean,4800000.0,,,,,59,75,74,67,63,64,40,55,58,58,63,74,59,74,57,74,74,85,75,64,69,25,80,64,72,68,28,36,34,william owusu,85
Matt Targett,ENG,DF,28,2,0,21,0.2,0,0,0,0,0,0,0,0,0.0,0.0,0.0,0.0,0,0,1,0.0,0.0,0.0,0.0,0.0,0.0,0.0,0.0,0.0,0.0,matt targett,Defender,left,183.0,GB1,8000000.0,17000000.0,https://img.a.transfermarkt.technology/portrait/header/250478-1643653374.jpg?lm=1,https://www.transfermarkt.co.uk/matt-targett/profil/spieler/250478,matt targett,M. Targett,Matt Targett,9/18/1995,23,182.88,69.9,"LB,LWB",England,71,80,3100000.0,22000.0,Left,1,2,3,Normal,6500000.0,,,,,81,36,58,66,37,69,77,62,62,70,71,75,69,67,63,53,60,67,67,38,63,67,64,62,51,59,70,73,70,matt targett,100
Álex Remiro,ESP,GB,29,36,36,"3,240",36.0,0,0,0,0,0,0,0,0,0.0,0.0,0.0,0.0,0,1,0,0.0,0.0,0.0,0.0,0.0,0.0,0.0,0.0,0.0,0.0,alex remiro,Goalkeeper,right,191.0,ES1,25000000.0,25000000.0,https://img.a.transfermarkt.technology/portrait/header/212862-1694594210.jpg?lm=1,https://www.transfermarkt.co.uk/alex-remiro/profil/spieler/212862,alex remiro,Álex Remiro,Alejandro Remiro Gargallo,3/24/1995,23,190.5,83.0,GK,Spain,77,82,8500000.0,15000.0,Right,1,3,1,Lean,18500000.0,,,,,12,13,13,29,15,19,14,17,25,17,40,46,69,69,40,22,61,42,68,11,34,20,11,28,24,55,14,17,18,alejandro remiro gargallo,95
Sergio Gómez,ESP,"MT,DF",23,37,31,"2,738",30.4,2,5,7,2,0,0,4,0,1.9,1.9,8.9,10.8,43,93,154,0.07,0.16,0.23,0.07,0.23,0.06,0.29,0.35,0.06,0.35,sergio gomez,Attack,left,171.0,ES1,20000000.0,20000000.0,https://img.a.transfermarkt.technology/portrait/header/366930-1727678534.jpg?lm=1,https://www.transfermarkt.co.uk/sergio-gomez/profil/spieler/366930,sergio gomez,Sergio Gómez,Sergio Gómez Martín,9/4/2000,18,170.18,68.0,"CAM,CM,LM",Spain,68,87,1800000.0,8000.0,Left,1,3,3,Lean,4100000.0,,,,,65,64,43,75,64,74,74,60,67,71,74,68,82,53,84,66,52,51,36,62,39,28,54,60,60,58,58,37,38,sergio gómez martín,96
Jon Aramburu,VEN,DF,22,35,28,"2,460",27.3,1,1,2,1,0,0,8,0,0.4,0.4,1.1,1.6,26,97,53,0.04,0.04,0.07,0.04,0.07,0.02,0.04,0.06,0.02,0.06,jon aramburu,Defender,right,176.0,ES1,12000000.0,12000000.0,https://img.a.transfermarkt.technology/portrait/header/661145-1719915615.jpg?lm=1,https://www.transfermarkt.co.uk/jon-aramburu/profil/spieler/661145,jon aramburu,M. Aramburu,Mateo Aramburu,3/10/1998,20,182.88,74.8,ST,Uruguay,52,67,110000.0,2000.0,Right,1,3,2,Normal,261000.0,,,,,27,54,47,35,39,44,39,29,26,47,65,67,60,50,62,50,68,58,58,44,40,19,52,43,50,42,15,20,18,mateo aramburu,82
Mikel Oyarzabal,ESP,AT,27,35,28,"2,250",25.0,9,3,12,5,4,4,4,1,9.9,6.8,2.4,9.2,31,28,133,0.36,0.12,0.48,0.2,0.32,0.4,0.1,0.5,0.27,0.37,mikel oyarzabal,Attack,left,181.0,ES1,30000000.0,70000000.0,https://img.a.transfermarkt.technology/portrait/header/351478-1599987229.jpg?lm=1,https://www.transfermarkt.co.uk/mikel-oyarzabal/profil/spieler/351478,mikel oyarzabal,Oyarzabal,Mikel Oyarzabal Ugarte,4/21/1997,21,154.94,78.0,"LW,LM,RW",Spain,80,87,21000000.0,29000.0,Left,1,3,3,Lean,48300000.0,,,,,81,78,44,80,64,84,69,71,73,85,72,75,70,81,70,73,58,72,59,79,42,29,80,79,52,70,50,32,30,mikel oyarzabal ugarte,81
Javi López,ESP,DF,22,29,21,"1,936",21.5,0,0,0,0,0,0,4,0,0.1,0.1,0.4,0.5,36,73,64,0.0,0.0,0.0,0.0,0.0,0.01,0.02,0.03,0.01,0.03,javi lopez,Defender,left,183.0,ES1,7500000.0,7500000.0,https://img.a.transfermarkt.technology/portrait/header/568158-1647530894.jpg?lm=1,https://www.transfermarkt.co.uk/javi-lopez/profil/spieler/568158,javi lopez,Javi López,Javier López Rodríguez,1/21/1986,33,154.94,76.2,"RB,RWB",Spain,75,75,3700000.0,23000.0,Right,1,3,3,Normal,7700000.0,,,,,70,55,60,74,49,68,67,52,64,74,69,73,68,80,71,57,73,75,67,43,84,75,61,65,56,81,60,78,82,javier lópez rodríguez,95
Nayef Aguerd,MAR,DF,28,21,21,"1,760",19.6,0,0,0,0,0,0,5,0,2.4,2.4,0.1,2.5,26,75,1,0.0,0.0,0.0,0.0,0.0,0.12,0.01,0.13,0.12,0.13,nayef aguerd,Defender,left,190.0,ES1,25000000.0,38000000.0,https://img.a.transfermarkt.technology/portrait/header/361914-1659355782.jpg?lm=1,https://www.transfermarkt.co.uk/nayef-aguerd/profil/spieler/361914,nayef aguerd,N. Aguerd,Nayef Aguerd,3/30/1996,22,187.96,76.2,CB,Morocco,67,75,975000.0,4000.0,Left,1,3,2,Lean,2100000.0,,,,,41,38,68,66,38,56,43,41,59,66,51,63,49,64,52,62,66,64,69,46,68,66,39,47,48,65,63,66,66,nayef aguerd,100
Brais Méndez,ESP,MT,27,27,19,"1,531",17.0,3,2,5,3,0,0,4,0,3.5,3.5,2.0,5.5,32,91,86,0.18,0.12,0.29,0.18,0.29,0.21,0.12,0.33,0.21,0.33,brais mendez,Midfield,left,184.0,ES1,28000000.0,40000000.0,https://img.a.transfermarkt.technology/portrait/header/309110-1665057568.jpg?lm=1,https://www.transfermarkt.co.uk/brais-mendez/profil/spieler/309110,brais mendez,Brais Méndez,Brais Méndez Portela,1/7/1997,22,187.96,76.2,"RM,RW,CM,CAM",Spain,76,85,12000000.0,17000.0,Left,1,3,4,Lean,27600000.0,,,,,69,77,52,74,65,78,74,56,69,80,75,77,72,74,52,73,65,70,70,78,45,47,77,78,62,78,49,40,32,brais méndez portela,96
Aritz Elustondo,ESP,DF,30,22,16,"1,457",16.2,0,0,0,0,0,0,2,1,0.4,0.4,0.2,0.6,17,51,4,0.0,0.0,0.0,0.0,0.0,0.03,0.01,0.04,0.03,0.04,aritz elustondo,Defender,right,180.0,ES1,4000000.0,20000000.0,https://img.a.transfermarkt.technology/portrait/header/229804-1664970965.jpg?lm=1,https://www.transfermarkt.co.uk/aritz-elustondo/profil/spieler/229804,aritz elustondo,Aritz Elustondo,Aritz Elustondo,3/28/1994,24,154.94,71.2,"CB,RB",Spain,76,80,8500000.0,21000.0,Right,1,3,2,Normal,18500000.0,,,,,72,26,78,73,30,48,53,41,43,75,67,71,62,78,62,39,73,74,70,40,77,79,36,32,43,68,68,78,80,aritz elustondo,100
Ander Barrenetxea,ESP,"MT,AT",22,30,14,"1,263",14.0,1,3,4,1,0,0,6,0,1.6,1.6,1.9,3.6,43,48,152,0.07,0.21,0.29,0.07,0.29,0.12,0.14,0.26,0.12,0.26,ander barrenetxea,Attack,right,175.0,ES1,18000000.0,20000000.0,https://img.a.transfermarkt.technology/portrait/header/616369-1699472801.jpg?lm=1,https://www.transfermarkt.co.uk/ander-barrenetxea/profil/spieler/616369,ander barrenetxea,Ander Barrenetxea,Ander Barrenetxea,12/27/2001,17,152.4,64.9,ST,Spain,62,82,600000.0,2000.0,Right,1,3,2,Lean,1900000.0,,,,,41,64,56,62,50,65,48,26,53,67,73,75,76,65,63,53,67,53,38,48,35,17,59,61,59,49,13,12,14,ander barrenetxea,100
Pablo Marín,ESP,MT,21,23,14,"1,239",13.8,1,2,3,1,0,0,3,0,1.4,1.4,1.0,2.4,20,45,47,0.07,0.15,0.22,0.07,0.22,0.1,0.07,0.17,0.1,0.17,pablo marin,Midfield,right,178.0,ES1,3000000.0,3000000.0,https://img.a.transfermarkt.technology/portrait/header/907813-1683212131.jpg?lm=1,https://www.transfermarkt.co.uk/pablo-marin/profil/spieler/907813,pablo marin,Pablo Marí,Pablo Marí Villar,8/31/1993,25,190.5,87.1,CB,Spain,72,78,3600000.0,51000.0,Left,1,3,2,Lean,,,,,,32,38,73,66,28,41,27,30,63,62,54,50,51,70,37,53,64,66,85,40,59,71,34,37,31,62,72,74,66,pablo marí villar,90
Jon Pacheco,ESP,DF,23,14,9,854,9.5,0,0,0,0,0,0,3,0,0.1,0.1,0.1,0.2,12,27,0,0.0,0.0,0.0,0.0,0.0,0.01,0.01,0.02,0.01,0.02,jon pacheco,Defender,left,184.0,ES1,7500000.0,15000000.0,https://img.a.transfermarkt.technology/portrait/header/580560-1631178086.jpg?lm=1,https://www.transfermarkt.co.uk/jon-pacheco/profil/spieler/580560,jon pacheco,G. Pacheco,Guillermo Alfonso Pacheco Tudela,4/10/1989,29,154.94,76.2,RB,Chile,66,66,475000.0,2000.0,Right,1,2,2,Normal,641000.0,,,,,66,27,54,55,21,59,61,32,62,58,80,80,67,58,63,22,63,76,71,22,67,59,58,49,64,55,65,63,64,guillermo alfonso pacheco tudela,80
Hamari Traoré,MLI,DF,32,11,9,700,7.8,0,1,1,0,0,0,2,0,0.0,0.0,0.2,0.3,12,26,20,0.0,0.13,0.13,0.0,0.13,0.01,0.03,0.04,0.01,0.04,hamari traore,Defender,right,175.0,ES1,3000000.0,10000000.0,https://img.a.transfermarkt.technology/portrait/header/297070-1664981394.jpg?lm=1,https://www.transfermarkt.co.uk/hamari-traore/profil/spieler/297070,hamari traore,H. Traoré,Hamari Traoré,1/27/1992,27,175.26,71.2,RB,Mali,74,75,5500000.0,24000.0,Right,1,3,3,Normal,10900000.0,,,,,73,48,69,71,32,74,71,34,70,73,86,80,72,74,82,68,90,76,62,58,73,72,69,63,47,68,67,72,71,hamari traoré,96
Jon Martin,ESP,DF,18,13,6,904,10.0,0,1,1,0,0,0,2,0,0.6,0.6,0.2,0.8,4,34,0,0.0,0.1,0.1,0.0,0.1,0.06,0.02,0.08,0.06,0.08,jon martin,Defender,right,187.0,ES1,2000000.0,2000000.0,https://img.a.transfermarkt.technology/portrait/header/1018938-1732794896.png?lm=1,https://www.transfermarkt.co.uk/jon-martin/profil/spieler/1018938,jon martin,J. Martin,John Martin,1/5/1999,20,185.42,69.9,"CAM,ST",Republic of Ireland,50,64,60000.0,1000.0,Right,1,3,2,Lean,131000.0,,,,,33,56,41,44,47,59,42,27,37,48,67,56,53,46,60,52,44,49,45,42,28,18,35,52,56,49,38,19,19,john martin,95
Umar Sadiq,NGA,AT,27,7,2,227,2.5,0,0,0,0,0,0,1,0,0.2,0.2,0.2,0.4,5,5,18,0.0,0.0,0.0,0.0,0.0,0.09,0.06,0.15,0.09,0.15,umar sadiq,Attack,right,191.0,ES1,5000000.0,18000000.0,https://img.a.transfermarkt.technology/portrait/header/337715-1728040426.jpg?lm=1,https://www.transfermarkt.co.uk/umar-sadiq/profil/spieler/337715,umar sadiq,U. Sadiq,Umar Sadiq,2/2/1997,22,193.04,79.8,ST,Nigeria,68,77,1400000.0,17000.0,Right,1,3,3,Lean,,,,,,43,70,69,60,59,67,56,41,41,63,72,77,60,64,36,70,70,64,77,57,30,19,63,55,60,61,37,14,19,umar sadiq,100
Álvaro Odriozola,ESP,DF,28,2,0,43,0.5,0,0,0,0,0,0,1,0,0.0,0.0,0.0,0.0,0,3,0,0.0,0.0,0.0,0.0,0.0,0.0,0.0,0.0,0.0,0.0,alvaro odriozola,Defender,right,176.0,ES1,1200000.0,30000000.0,https://img.a.transfermarkt.technology/portrait/header/280730-1579598607.jpg?lm=1,https://www.transfermarkt.co.uk/alvaro-odriozola/profil/spieler/280730,alvaro odriozola,Odriozola,Álvaro Odriozola Arzalluz,12/14/1995,23,175.26,66.2,RB,Spain,80,88,18500000.0,115000.0,Right,1,3,3,Lean,41600000.0,,,,,81,45,73,77,48,69,69,30,70,77,80,82,78,77,79,58,71,80,63,59,63,75,68,63,62,69,83,79,80,álvaro odriozola arzalluz,80
Carlos Baleba,CMR,MT,20,34,31,"2,661",29.6,3,1,4,3,0,0,8,1,3.1,3.1,1.3,4.4,43,118,29,0.1,0.03,0.14,0.1,0.14,0.1,0.05,0.15,0.1,0.15,carlos baleba,Midfield,left,179.0,GB1,35000000.0,35000000.0,https://img.a.transfermarkt.technology/portrait/header/973085-1666690662.jpg?lm=1,https://www.transfermarkt.co.uk/carlos-baleba/profil/spieler/973085,carlos baleba,Carlos Abad,Carlos Javier Abad Hernández Trujillo,6/28/1995,23,193.04,88.0,GK,Spain,67,77,950000.0,2000.0,Right,1,3,1,Normal,,,,,,15,19,22,24,15,19,22,18,25,21,46,48,32,65,42,24,65,40,77,16,27,27,16,29,29,47,14,14,18,carlos javier abad hernández trujillo,83
Danny Welbeck,ENG,AT,33,30,24,"2,115",23.5,10,4,14,9,1,1,5,0,9.6,8.8,1.4,10.1,21,47,95,0.43,0.17,0.6,0.38,0.55,0.41,0.06,0.46,0.37,0.43,danny welbeck,Attack,right,185.0,GB1,5000000.0,18000000.0,https://img.a.transfermarkt.technology/portrait/header/67063-1700673547.jpg?lm=1,https://www.transfermarkt.co.uk/danny-welbeck/profil/spieler/67063,danny welbeck,D. Welbeck,Daniel Nii Tackie Mensah Welbeck,11/26/1990,28,185.42,73.0,"LW,ST,LM",England,77,77,9500000.0,95000.0,Right,3,3,3,Normal,18100000.0,England,82.0,SUB,21.0,69,75,78,75,76,78,61,62,64,78,76,83,76,78,62,78,80,74,75,69,75,32,79,71,70,76,47,38,33,daniel nii tackie mensah welbeck,82
Lewis Dunk,ENG,DF,32,25,23,"2,083",23.1,0,0,0,0,0,0,5,0,0.8,0.8,0.5,1.3,20,142,3,0.0,0.0,0.0,0.0,0.0,0.03,0.02,0.06,0.03,0.06,lewis dunk,Defender,right,192.0,GB1,8000000.0,27000000.0,https://img.a.transfermarkt.technology/portrait/header/148153-1716297176.jpg?lm=1,https://www.transfermarkt.co.uk/lewis-dunk/profil/spieler/148153,lewis dunk,L. Dunk,Lewis Dunk,11/21/1991,27,193.04,88.0,CB,England,78,81,11000000.0,46000.0,Right,1,3,2,Normal,21700000.0,,,,,32,37,76,71,24,60,23,39,74,68,38,50,47,79,42,72,72,64,82,21,80,78,30,45,36,72,80,76,78,lewis dunk,100
Joël Veltman,NED,DF,32,21,19,"1,697",18.9,0,0,0,0,0,0,5,0,0.5,0.5,0.5,0.9,32,85,34,0.0,0.0,0.0,0.0,0.0,0.02,0.02,0.05,0.02,0.05,joël veltman,Defender,right,184.0,GB1,7000000.0,10000000.0,https://img.a.transfermarkt.technology/portrait/header/111195-1700650522.jpg?lm=1,https://www.transfermarkt.co.uk/joel-veltman/profil/spieler/111195,joël veltman,J. Veltman,Joël Veltman,1/15/1992,27,182.88,74.8,"RB,CB",Netherlands,76,77,7500000.0,16000.0,Right,2,4,2,Normal,11100000.0,,,,,70,50,73,73,38,64,40,34,73,66,63,68,67,77,68,60,72,81,74,41,81,80,55,56,42,74,76,80,78,joël veltman,100
Matt O'Riley,DEN,MT,23,21,11,938,10.4,2,2,4,1,1,1,1,0,2.8,2.0,2.4,4.4,22,38,52,0.19,0.19,0.38,0.1,0.29,0.27,0.23,0.5,0.2,0.42,matt o'riley,Midfield,left,189.0,GB1,22000000.0,22000000.0,https://img.a.transfermarkt.technology/portrait/header/406634-1661800636.jpg?lm=1,https://www.transfermarkt.co.uk/matt-oriley/profil/spieler/406634,matt o'riley,M. O'Riley,Matthew O'Riley,11/21/2000,18,187.96,77.1,CM,England,58,78,250000.0,3000.0,Left,1,3,2,Lean,725000.0,,,,,40,39,50,64,30,55,40,35,55,60,59,58,60,59,64,53,52,54,58,43,68,54,51,58,45,60,60,52,42,matthew o'riley,89
Adam Webster,ENG,DF,29,14,11,887,9.9,0,0,0,0,0,0,1,0,0.2,0.2,0.5,0.7,8,63,2,0.0,0.0,0.0,0.0,0.0,0.03,0.05,0.08,0.03,0.08,adam webster,Defender,right,190.0,GB1,12000000.0,25000000.0,https://img.a.transfermarkt.technology/portrait/header/212847-1681737411.jpg?lm=1,https://www.transfermarkt.co.uk/adam-webster/profil/spieler/212847,adam webster,A. Webster,Adam Webster,1/4/1995,24,190.5,74.8,CB,England,73,77,4400000.0,26000.0,Right,1,3,2,Lean,8700000.0,,,,,44,26,76,65,27,65,27,25,70,70,67,69,61,64,66,37,76,67,75,32,69,77,26,44,24,73,69,72,68,adam webster,100
Igor,BRA,DF,26,13,10,961,10.7,0,0,0,0,0,0,4,0,0.0,0.0,0.2,0.2,9,49,1,0.0,0.0,0.0,0.0,0.0,0.0,0.02,0.02,0.0,0.02,igor,Defender,left,188.0,GB1,22000000.0,22000000.0,https://img.a.transfermarkt.technology/portrait/header/380350-1700737326.jpg?lm=1,https://www.transfermarkt.co.uk/igor/profil/spieler/380350,igor,Igor,Igor Julio dos Santos de Paulo,2/7/1998,21,185.42,83.9,"CB,LB",Brazil,65,76,825000.0,6000.0,Left,1,2,2,Normal,,,,,,24,22,57,62,27,38,32,25,52,50,68,70,67,53,66,44,70,68,80,36,61,59,48,56,28,62,66,66,65,igor julio dos santos de paulo,100
Diego Gómez,PAR,MT,21,16,4,516,5.7,1,0,1,1,0,0,0,0,0.9,0.9,0.7,1.6,8,27,23,0.17,0.0,0.17,0.17,0.17,0.15,0.13,0.28,0.15,0.28,diego gomez,Midfield,right,185.0,GB1,13000000.0,13000000.0,https://img.a.transfermarkt.technology/portrait/header/996897-1710077684.jpg?lm=1,https://www.transfermarkt.co.uk/diego-gomez/profil/spieler/996897,diego gomez,Diego González,Diego González Polanco,1/28/1995,24,185.42,83.0,"CB,LB",Spain,72,79,3700000.0,6000.0,Left,1,3,2,Normal,6700000.0,,,,,71,25,72,67,33,59,59,34,68,64,66,66,65,64,45,42,71,70,75,34,72,67,45,42,42,67,72,72,73,diego gonzález polanco,83
James Milner,ENG,MT,38,4,3,170,1.9,0,0,0,0,0,0,1,0,0.2,0.2,0.2,0.4,1,10,10,0.0,0.0,0.0,0.0,0.0,0.09,0.12,0.21,0.09,0.21,james milner,Midfield,right,175.0,GB1,1000000.0,21000000.0,https://img.a.transfermarkt.technology/portrait/header/3333-1662621121.jpg?lm=1,https://www.transfermarkt.co.uk/james-milner/profil/spieler/3333,james milner,J. Milner,James Philip Milner,1/4/1986,33,175.26,69.9,"CM,LB",England,81,81,13500000.0,120000.0,Right,2,4,3,Stocky,25000000.0,,,,,86,62,66,84,76,76,81,75,81,79,63,62,69,84,73,82,62,91,71,70,82,79,72,79,86,86,74,80,79,james philip milner,80
Julio Enciso,PAR,"MT,AT",20,12,2,294,3.3,0,0,0,0,0,0,0,0,1.0,1.0,0.2,1.2,11,14,17,0.0,0.0,0.0,0.0,0.0,0.31,0.07,0.38,0.31,0.38,julio enciso,Midfield,right,173.0,GB1,22000000.0,22000000.0,https://img.a.transfermarkt.technology/portrait/header/660867-1669388786.jpg?lm=1,https://www.transfermarkt.co.uk/julio-enciso/profil/spieler/660867,julio enciso,Enzio Julião,Enzio Leandro Julião Morrinhos,2/29/1984,35,185.42,78.0,ST,Brazil,68,68,475000.0,6000.0,Right,1,3,3,Normal,903000.0,,,,,37,70,65,63,59,66,47,48,51,69,71,76,72,65,68,58,59,72,67,62,58,32,72,68,61,72,17,39,42,enzio leandro julião morrinhos,87
Jason Steele,ENG,GB,33,2,2,180,2.0,0,0,0,0,0,0,0,0,0.0,0.0,0.0,0.0,0,0,0,0.0,0.0,0.0,0.0,0.0,0.0,0.0,0.0,0.0,0.0,jason steele,Goalkeeper,right,188.0,GB1,2000000.0,4000000.0,https://img.a.transfermarkt.technology/portrait/header/73564-1681383960.jpg?lm=1,https://www.transfermarkt.co.uk/jason-steele/profil/spieler/73564,jason steele,J. Steele,Jason Steele,8/18/1990,28,187.96,78.9,GK,England,68,71,750000.0,13000.0,Right,1,3,1,Normal,1500000.0,,,,,11,15,28,53,12,12,19,15,45,36,34,36,36,60,44,18,56,29,55,12,39,11,13,40,24,52,10,18,14,jason steele,100
Billy Gilmour,SCO,MT,23,2,1,98,1.1,0,0,0,0,0,0,0,0,0.1,0.1,0.0,0.1,2,11,2,0.0,0.0,0.0,0.0,0.0,0.07,0.0,0.07,0.07,0.07,billy gilmour,Midfield,right,170.0,IT1,16000000.0,18000000.0,https://img.a.transfermarkt.technology/portrait/header/423744-1701544195.jpg?lm=1,https://www.transfermarkt.co.uk/billy-gilmour/profil/spieler/423744,billy gilmour,B. Gilmour,Billy Gilmour,6/11/2001,17,172.72,68.0,"CM,CAM",Scotland,61,84,550000.0,7000.0,Right,1,3,3,Lean,1600000.0,,,,,56,48,50,69,59,64,58,54,70,62,66,56,75,51,82,48,60,50,32,50,54,46,55,66,49,64,41,45,47,billy gilmour,100
Antoine Semenyo,GHA,AT,24,37,36,"3,203",35.6,11,5,16,11,0,0,9,0,10.0,10.0,5.8,15.8,140,109,282,0.31,0.14,0.45,0.31,0.45,0.28,0.16,0.44,0.28,0.44,antoine semenyo,Midfield,right,185.0,GB1,35000000.0,35000000.0,https://img.a.transfermarkt.technology/portrait/header/583255-1737452028.jpg?lm=1,https://www.transfermarkt.co.uk/antoine-semenyo/profil/spieler/583255,antoine semenyo,A. Semenyo,Antoine Semenyo,1/7/2000,19,152.4,63.0,ST,England,57,75,220000.0,3000.0,Right,1,4,3,Stocky,556000.0,,,,,31,58,56,39,34,55,41,30,29,56,79,80,70,54,60,51,67,51,68,50,48,14,50,44,51,49,20,16,11,antoine semenyo,100
Lewis Cook,ENG,"MT,DF",27,36,32,"2,978",33.1,1,3,4,1,0,0,8,1,0.9,0.9,4.1,5.1,33,158,52,0.03,0.09,0.12,0.03,0.12,0.03,0.12,0.15,0.03,0.15,lewis cook,Midfield,right,175.0,GB1,15000000.0,20000000.0,https://img.a.transfermarkt.technology/portrait/header/249089-1700671190.jpg?lm=1,https://www.transfermarkt.co.uk/lewis-cook/profil/spieler/249089,lewis cook,L. Cook,Lewis Cook,2/3/1997,22,175.26,71.2,CM,England,77,84,12500000.0,44000.0,Right,1,4,3,Normal,26300000.0,,,,,67,57,50,79,57,78,66,65,80,80,74,68,75,74,84,64,68,78,63,62,79,69,68,75,61,74,64,71,69,lewis cook,100
Kepa Arrizabalaga,ESP,GB,29,31,31,"2,790",31.0,0,0,0,0,0,0,3,0,0.1,0.1,0.0,0.1,0,2,0,0.0,0.0,0.0,0.0,0.0,0.0,0.0,0.0,0.0,0.0,kepa arrizabalaga,Goalkeeper,right,188.0,GB1,11000000.0,60000000.0,https://img.a.transfermarkt.technology/portrait/header/192279-1661855851.jpg?lm=1,https://www.transfermarkt.co.uk/kepa-arrizabalaga/profil/spieler/192279,kepa arrizabalaga,Kepa,Kepa Arrizabalaga,10/3/1994,24,185.42,84.8,GK,Spain,84,90,31000000.0,92000.0,Right,1,4,1,Lean,63600000.0,Spain,85.0,SUB,13.0,25,11,17,32,18,10,25,19,36,16,34,33,41,79,39,25,71,37,51,14,18,21,15,55,24,63,19,18,16,kepa arrizabalaga,100
Justin Kluivert,NED,MT,25,34,29,"2,340",26.0,12,6,18,6,6,6,8,0,10.3,5.6,4.8,10.5,81,105,173,0.46,0.23,0.69,0.23,0.46,0.4,0.19,0.58,0.22,0.4,justin kluivert,Midfield,both,172.0,GB1,35000000.0,35000000.0,https://img.a.transfermarkt.technology/portrait/header/330659-1596107153.jpg?lm=1,https://www.transfermarkt.co.uk/justin-kluivert/profil/spieler/330659,justin kluivert,J. Kluivert,Justin Kluivert,5/5/1999,19,170.18,66.2,"LW,RW",Netherlands,75,86,11000000.0,28000.0,Right,1,4,4,Normal,20900000.0,,,,,69,70,52,68,67,82,72,58,54,78,91,88,85,67,83,77,66,69,55,76,66,25,65,72,66,74,47,32,27,justin kluivert,100
Evanilson,BRA,AT,24,31,28,"2,319",25.8,10,1,11,10,0,1,1,1,12.5,11.7,1.9,13.6,29,28,99,0.39,0.04,0.43,0.39,0.43,0.48,0.07,0.56,0.45,0.53,evanilson,Attack,both,183.0,GB1,35000000.0,35000000.0,https://img.a.transfermarkt.technology/portrait/header/711337-1737452098.jpg?lm=1,https://www.transfermarkt.co.uk/evanilson/profil/spieler/711337,evanilson,Denilson,Denilson Pereira Junior,7/18/1995,23,187.96,72.1,"LM,ST",Brazil,69,77,1500000.0,10000.0,Right,1,2,3,Lean,2900000.0,,,,,55,65,69,65,57,74,52,36,63,72,76,75,77,65,57,61,63,75,67,55,68,24,67,66,62,61,25,23,22,denilson pereira junior,82
Ryan Christie,SCO,MT,29,29,27,"2,117",23.5,2,3,5,2,0,0,9,0,1.8,1.8,3.5,5.4,34,137,44,0.09,0.13,0.21,0.09,0.21,0.08,0.15,0.23,0.08,0.23,ryan christie,Midfield,left,178.0,GB1,12000000.0,12000000.0,https://img.a.transfermarkt.technology/portrait/header/188077-1697450633.jpg?lm=1,https://www.transfermarkt.co.uk/ryan-christie/profil/spieler/188077,ryan christie,R. Christie,Ryan Christie,2/12/1995,24,152.4,71.2,"CAM,CM,CDM,RM",Scotland,74,79,7500000.0,37000.0,Left,1,4,3,Lean,14100000.0,Scotland,75.0,LCM,10.0,65,68,54,75,52,74,69,63,66,73,75,79,82,72,79,80,69,86,72,73,76,64,71,74,51,77,63,63,65,ryan christie,100
Tyler Adams,USA,MT,25,28,21,"1,965",21.8,0,3,3,0,0,0,7,0,1.6,1.6,1.0,2.6,14,76,10,0.0,0.14,0.14,0.0,0.14,0.07,0.05,0.12,0.07,0.12,tyler adams,Midfield,right,175.0,GB1,18000000.0,20000000.0,https://img.a.transfermarkt.technology/portrait/header/332705-1666472142.jpg?lm=1,https://www.transfermarkt.co.uk/tyler-adams/profil/spieler/332705,tyler adams,T. Adams,Tyler Adams,2/14/1999,20,175.26,68.0,"CDM,RWB",United States,72,84,4800000.0,12000.0,Right,1,3,3,Normal,9100000.0,United States,74.0,RCM,13.0,51,46,64,70,33,69,52,42,65,70,79,79,81,72,86,49,83,86,68,44,76,75,65,66,51,74,67,73,69,tyler adams,100
Adam Smith,ENG,DF,33,25,19,"1,590",17.7,0,0,0,0,0,0,7,0,0.7,0.7,0.4,1.1,15,49,34,0.0,0.0,0.0,0.0,0.0,0.04,0.02,0.06,0.04,0.06,adam smith,Defender,right,174.0,GB1,1000000.0,9000000.0,https://img.a.transfermarkt.technology/portrait/header/61841-1737920848.jpg?lm=1,https://www.transfermarkt.co.uk/adam-smith/profil/spieler/61841,adam smith,A. Smith,Adam Smith,4/29/1991,27,154.94,78.0,"LB,RB,RWB",England,76,77,7000000.0,51000.0,Right,1,3,3,Lean,13800000.0,,,,,74,43,64,74,43,76,64,66,63,74,77,80,72,74,69,72,49,76,65,68,66,74,68,69,48,72,74,78,76,adam smith,100
Marcos Senesi,ARG,DF,27,17,13,"1,106",12.3,0,0,0,0,0,0,5,0,0.8,0.8,0.2,1.1,12,62,7,0.0,0.0,0.0,0.0,0.0,0.07,0.02,0.09,0.07,0.09,marcos senesi,Defender,left,185.0,GB1,24000000.0,24000000.0,https://img.a.transfermarkt.technology/portrait/header/469781-1738824319.jpg?lm=1,https://www.transfermarkt.co.uk/marcos-senesi/profil/spieler/469781,marcos senesi,M. Senesi,Marcos Senesi,5/10/1997,21,182.88,79.8,CB,Argentina,69,80,1600000.0,6000.0,Left,1,3,2,Normal,2700000.0,,,,,29,32,68,67,25,48,31,22,60,61,62,58,44,64,51,48,79,63,75,31,52,73,26,23,40,60,69,70,64,marcos senesi,100
Alex Scott,ENG,MT,20,20,8,755,8.4,0,0,0,0,0,0,3,0,0.7,0.7,0.9,1.6,15,52,33,0.0,0.0,0.0,0.0,0.0,0.09,0.11,0.19,0.09,0.19,alex scott,Midfield,right,178.0,GB1,20000000.0,20000000.0,https://img.a.transfermarkt.technology/portrait/header/855256-1656922605.jpg?lm=1,https://www.transfermarkt.co.uk/alex-scott/profil/spieler/855256,alex scott,A. Scott,Andrew Scott,12/31/1999,19,154.94,69.9,ST,Northern Ireland,52,68,100000.0,1000.0,Right,1,2,2,Lean,238000.0,,,,,40,52,46,49,40,52,38,26,39,44,78,77,67,45,58,49,60,66,50,50,30,15,49,47,55,47,12,16,12,andrew scott,82
James Hill,ENG,DF,22,10,6,448,5.0,0,1,1,0,0,0,1,0,0.3,0.3,0.3,0.6,3,16,8,0.0,0.2,0.2,0.0,0.2,0.06,0.05,0.11,0.06,0.11,james hill,Defender,right,184.0,GB1,2000000.0,2000000.0,https://img.a.transfermarkt.technology/portrait/header/611793-1633426138.png?lm=1,https://www.transfermarkt.co.uk/james-hill/profil/spieler/611793,james hill,J. Ball,James Ball,12/1/1995,23,187.96,79.8,CM,England,56,64,130000.0,2000.0,Right,1,3,2,Normal,254000.0,,,,,43,55,48,60,61,55,60,63,54,53,65,69,61,50,55,62,67,63,79,63,77,51,54,56,43,55,45,50,49,james ball,80
Mark Travers,IRL,GB,25,5,5,450,5.0,0,0,0,0,0,0,0,0,0.0,0.0,0.0,0.0,0,0,0,0.0,0.0,0.0,0.0,0.0,0.0,0.0,0.0,0.0,0.0,mark travers,Goalkeeper,right,191.0,GB1,3500000.0,3500000.0,https://img.a.transfermarkt.technology/portrait/header/357658-1702296610.jpg?lm=1,https://www.transfermarkt.co.uk/mark-travers/profil/spieler/357658,mark travers,M. Travers,Mark Travers,5/18/1999,19,190.5,82.1,GK,Republic of Ireland,52,70,90000.0,2000.0,Right,1,2,1,Lean,227000.0,,,,,16,14,15,36,13,13,13,14,17,16,32,31,31,35,52,29,58,26,53,13,17,12,11,34,15,33,11,15,14,mark travers,100
Neto,BRA,GB,35,2,2,180,2.0,0,0,0,0,0,0,0,0,0.0,0.0,0.0,0.0,0,0,0,0.0,0.0,0.0,0.0,0.0,0.0,0.0,0.0,0.0,0.0,neto,Goalkeeper,right,190.0,GB1,2000000.0,18000000.0,https://img.a.transfermarkt.technology/portrait/header/111819-1725051877.jpg?lm=1,https://www.transfermarkt.co.uk/neto/profil/spieler/111819,neto,Neto,Alvino Volpi Neto,8/1/1992,26,187.96,93.0,GK,Brazil,63,68,350000.0,1000.0,Right,1,2,1,Normal,,,,,,20,13,18,30,19,15,15,19,20,25,49,48,31,57,45,25,55,43,70,18,25,23,15,12,32,43,22,20,12,alvino volpi neto,100
Neto,BRA,GB,35,2,2,180,2.0,0,0,0,0,0,0,0,0,0.0,0.0,0.0,0.0,0,0,0,0.0,0.0,0.0,0.0,0.0,0.0,0.0,0.0,0.0,0.0,neto,Midfield,right,181.0,PO1,250000.0,1000000.0,https://img.a.transfermarkt.technology/portrait/header/291968-1663604044.png?lm=1,https://www.transfermarkt.co.uk/neto/profil/spieler/291968,neto,Neto,Alvino Volpi Neto,8/1/1992,26,187.96,93.0,GK,Brazil,63,68,350000.0,1000.0,Right,1,2,1,Normal,,,,,,20,13,18,30,19,15,15,19,20,25,49,48,31,57,45,25,55,43,70,18,25,23,15,12,32,43,22,20,12,alvino volpi neto,100
Philip Billing,DEN,MT,28,10,1,184,2.0,0,0,0,0,0,0,1,0,0.6,0.6,1.1,1.7,3,15,13,0.0,0.0,0.0,0.0,0.0,0.28,0.54,0.82,0.28,0.82,philip billing,Midfield,left,193.0,IT1,12000000.0,22000000.0,https://img.a.transfermarkt.technology/portrait/header/320411-1674468252.jpg?lm=1,https://www.transfermarkt.co.uk/philip-billing/profil/spieler/320411,philip billing,P. Billing,Philip Billing,6/11/1996,22,198.12,79.8,"CDM,CM",Denmark,74,83,7500000.0,30000.0,Left,1,3,2,Lean,15800000.0,,,,,64,64,72,76,68,72,74,73,77,75,58,61,56,72,58,84,61,62,75,78,65,74,63,69,52,74,73,77,73,philip billing,100
Max Aarons,ENG,DF,24,3,1,86,1.0,0,0,0,0,0,0,0,0,0.0,0.0,0.0,0.0,1,8,3,0.0,0.0,0.0,0.0,0.0,0.0,0.0,0.0,0.0,0.0,max aarons,Defender,right,177.0,ES1,12000000.0,22000000.0,https://img.a.transfermarkt.technology/portrait/header/471690-1736520346.jpg?lm=1,https://www.transfermarkt.co.uk/max-aarons/profil/spieler/471690,max aarons,M. Aarons,Maximillian James Aarons,1/4/2000,19,175.26,68.9,RB,England,70,85,3300000.0,6000.0,Right,1,3,3,Normal,8200000.0,,,,,57,39,52,67,41,70,50,32,56,70,84,82,83,65,83,46,52,80,56,36,68,63,64,50,27,75,72,73,68,maximillian james aarons,89
Bryan Mbeumo,CMR,AT,24,38,38,"3,414",37.9,20,7,27,15,5,6,3,0,12.3,7.5,8.3,15.9,130,141,351,0.53,0.18,0.71,0.4,0.58,0.32,0.22,0.54,0.2,0.42,bryan mbeumo,Attack,left,171.0,GB1,50000000.0,50000000.0,https://img.a.transfermarkt.technology/portrait/header/413039-1668505084.jpg?lm=1,https://www.transfermarkt.co.uk/bryan-mbeumo/profil/spieler/413039,bryan mbeumo,B. Mbeumo,Bryan Mbeumo,8/7/1999,19,172.72,74.8,RM,France,65,81,1100000.0,1000.0,Left,1,2,3,Stocky,2600000.0,,,,,63,66,51,58,74,73,58,58,51,70,79,76,91,48,65,69,47,45,30,60,32,22,59,56,62,54,27,38,37,bryan mbeumo,100
Mark Flekken,NED,GB,31,37,37,"3,275",36.4,0,2,2,0,0,0,1,0,0.0,0.0,0.5,0.5,0,0,0,0.0,0.05,0.05,0.0,0.05,0.0,0.01,0.01,0.0,0.01,mark flekken,Goalkeeper,both,195.0,GB1,10000000.0,12000000.0,https://img.a.transfermarkt.technology/portrait/header/125714-1658411484.jpg?lm=1,https://www.transfermarkt.co.uk/mark-flekken/profil/spieler/125714,mark flekken,M. Flekken,Mark Flekken,6/13/1993,25,193.04,84.8,GK,Netherlands,72,75,2800000.0,12000.0,Right,1,4,1,Normal,5200000.0,,,,,14,16,11,27,14,12,19,12,28,34,28,36,34,64,38,21,54,28,61,11,32,12,14,35,23,24,15,13,20,mark flekken,100
Yoane Wissa,COD,AT,27,35,34,"2,919",32.4,19,4,23,19,0,0,5,0,18.5,18.5,2.6,21.1,60,67,154,0.59,0.12,0.71,0.59,0.71,0.57,0.08,0.65,0.57,0.65,yoane wissa,Attack,right,176.0,GB1,30000000.0,30000000.0,https://img.a.transfermarkt.technology/portrait/header/388165-1740646948.jpg?lm=1,https://www.transfermarkt.co.uk/yoane-wissa/profil/spieler/388165,yoane wissa,Y. Wissa,Yoane Wissa,9/3/1996,22,154.94,74.8,"LM,ST,RM",France,70,82,3200000.0,4000.0,Right,1,3,3,Normal,6200000.0,,,,,63,71,53,61,64,72,43,42,59,64,82,89,81,67,73,76,70,69,65,62,60,10,69,65,68,65,24,22,17,yoane wissa,100
Mikkel Damsgaard,DEN,"MT,AT",24,38,34,"2,911",32.3,2,10,12,2,0,0,2,0,2.8,2.8,8.4,11.2,73,234,137,0.06,0.31,0.37,0.06,0.37,0.09,0.26,0.35,0.09,0.35,mikkel damsgaard,Midfield,right,180.0,GB1,25000000.0,25000000.0,https://img.a.transfermarkt.technology/portrait/header/540941-1668183899.jpg?lm=1,https://www.transfermarkt.co.uk/mikkel-damsgaard/profil/spieler/540941,mikkel damsgaard,M. Damsgaard,Mikkel Damsgaard,7/3/2000,18,154.94,64.9,"CF,CM,LW",Denmark,66,80,1300000.0,3000.0,Right,1,2,4,Lean,2400000.0,,,,,58,57,51,67,45,69,54,38,62,66,81,79,73,63,80,56,69,71,56,51,62,39,67,68,45,64,47,44,38,mikkel damsgaard,100
Christian Nørgaard,DEN,MT,30,34,34,"2,819",31.3,5,4,9,5,0,0,8,1,4.3,4.3,1.3,5.6,14,154,42,0.16,0.13,0.29,0.16,0.29,0.14,0.04,0.18,0.14,0.18,christian nørgaard,Midfield,right,187.0,GB1,12000000.0,20000000.0,https://img.a.transfermarkt.technology/portrait/header/148367-1699799827.jpg?lm=1,https://www.transfermarkt.co.uk/christian-norgaard/profil/spieler/148367,christian nørgaard,C. Nørgaard,Christian Nørgaard,3/10/1994,24,187.96,77.1,"CDM,CM",Denmark,72,79,3700000.0,27000.0,Right,1,3,3,Normal,7100000.0,,,,,64,55,67,74,54,63,64,64,71,72,62,55,68,69,71,63,59,78,70,57,62,66,62,67,60,70,75,70,68,christian nørgaard,100
Vitaly Janelt,GER,MT,26,32,27,"2,254",25.0,1,3,4,1,0,0,3,0,0.8,0.8,2.2,3.0,17,80,38,0.04,0.12,0.16,0.04,0.16,0.03,0.09,0.12,0.03,0.12,vitaly janelt,Midfield,left,184.0,GB1,22000000.0,22000000.0,https://img.a.transfermarkt.technology/portrait/header/270171-1649932358.jpg?lm=1,https://www.transfermarkt.co.uk/vitaly-janelt/profil/spieler/270171,vitaly janelt,V. Janelt,Vitaly Janelt,5/10/1998,20,182.88,78.9,"CM,CDM",Germany,65,76,925000.0,4000.0,Left,1,3,3,Lean,1700000.0,,,,,50,40,53,67,38,63,48,49,67,68,65,54,66,62,69,66,67,72,66,57,68,67,46,60,52,62,64,64,57,vitaly janelt,100
Ethan Pinnock,JAM,DF,31,22,21,"1,913",21.3,2,0,2,2,0,0,2,0,1.1,1.1,1.2,2.3,3,41,9,0.09,0.0,0.09,0.09,0.09,0.05,0.05,0.11,0.05,0.11,ethan pinnock,Defender,left,194.0,GB1,8000000.0,15000000.0,https://img.a.transfermarkt.technology/portrait/header/442248-1719836196.jpg?lm=1,https://www.transfermarkt.co.uk/ethan-pinnock/profil/spieler/442248,ethan pinnock,E. Pinnock,Ethan Pinnock,5/29/1993,25,193.04,78.9,CB,England,65,72,650000.0,3000.0,Left,1,3,2,Lean,1300000.0,,,,,42,20,62,58,21,52,33,24,46,55,65,68,59,52,49,42,65,65,73,30,61,66,36,45,31,55,64,65,62,ethan pinnock,100
Kristoffer Ajer,NOR,DF,26,24,17,"1,438",16.0,0,0,0,0,0,0,5,0,1.0,1.0,1.2,2.2,27,56,44,0.0,0.0,0.0,0.0,0.0,0.06,0.08,0.14,0.06,0.14,kristoffer ajer,Defender,right,198.0,GB1,18000000.0,18000000.0,https://img.a.transfermarkt.technology/portrait/header/328658-1700649482.jpg?lm=1,https://www.transfermarkt.co.uk/kristoffer-ajer/profil/spieler/328658,kristoffer ajer,K. Andersen,Kristoffer Andersen,12/9/1985,33,182.88,73.0,"CAM,CM",Belgium,65,65,425000.0,1000.0,Right,1,3,3,Lean,616000.0,,,,,62,51,44,65,55,63,54,55,60,65,62,51,61,70,63,62,72,34,64,55,84,57,66,71,62,71,57,64,61,kristoffer andersen,82
Mads Roerslev,DEN,DF,25,19,11,"1,101",12.2,0,2,2,0,0,0,2,0,0.2,0.2,3.0,3.2,17,51,54,0.0,0.16,0.16,0.0,0.16,0.02,0.24,0.26,0.02,0.26,mads roerslev,Defender,right,184.0,L1,8000000.0,12000000.0,https://img.a.transfermarkt.technology/portrait/header/391005-1684772936.jpg?lm=1,https://www.transfermarkt.co.uk/mads-roerslev/profil/spieler/391005,mads roerslev,M. Roerslev,Mads Roerslev Rasmussen,6/24/1999,19,154.94,67.1,RB,Denmark,58,72,240000.0,1000.0,Right,1,3,3,Lean,,,,,,60,32,42,56,37,59,53,35,51,59,75,77,70,50,69,51,69,67,59,40,49,50,55,50,35,45,53,55,54,mads roerslev rasmussen,87
Mathias Jensen,DEN,MT,28,24,8,862,9.6,0,2,2,0,0,0,2,0,0.2,0.2,1.7,1.9,6,61,27,0.0,0.21,0.21,0.0,0.21,0.03,0.17,0.2,0.03,0.2,mathias jensen,Midfield,right,180.0,GB1,16000000.0,30000000.0,https://img.a.transfermarkt.technology/portrait/header/319859-1684771732.jpg?lm=1,https://www.transfermarkt.co.uk/mathias-jensen/profil/spieler/319859,mathias jensen,M. Jensen,Mathias Jensen,1/1/1996,23,172.72,68.0,CM,Denmark,75,81,9000000.0,19000.0,Right,1,4,3,Lean,20700000.0,,,,,63,65,50,76,50,73,63,66,75,74,74,74,87,74,79,71,72,87,63,69,65,59,69,80,69,80,76,63,54,mathias jensen,100
Michael Kayode,ITA,DF,20,12,6,528,5.9,0,1,1,0,0,0,2,0,0.2,0.2,1.2,1.5,12,12,24,0.0,0.17,0.17,0.0,0.17,0.04,0.21,0.25,0.04,0.25,michael kayode,Defender,right,179.0,GB1,18000000.0,25000000.0,https://img.a.transfermarkt.technology/portrait/header/823486-1725531169.jpg?lm=1,https://www.transfermarkt.co.uk/michael-kayode/profil/spieler/823486,michael kayode,M. Keane,Michael Keane,1/11/1993,26,190.5,82.1,CB,England,79,82,13500000.0,84000.0,Right,2,3,2,Normal,26700000.0,,,,,60,50,81,71,40,66,53,33,69,69,58,65,59,75,62,58,82,68,85,46,68,80,29,56,48,71,79,81,80,michael keane,81
Ben Mee,ENG,DF,34,7,2,183,2.0,0,0,0,0,0,0,2,0,0.0,0.0,0.0,0.0,3,11,2,0.0,0.0,0.0,0.0,0.0,0.0,0.0,0.0,0.0,0.0,ben mee,Defender,left,180.0,GB1,900000.0,10000000.0,https://img.a.transfermarkt.technology/portrait/header/74810-1700647998.jpg?lm=1,https://www.transfermarkt.co.uk/ben-mee/profil/spieler/74810,ben mee,B. Mee,Ben Mee,9/23/1989,29,182.88,82.1,CB,England,78,78,8500000.0,53000.0,Left,1,3,2,Normal,16200000.0,,,,,60,30,78,59,29,59,45,31,56,62,62,63,63,75,70,60,93,71,82,39,82,79,38,60,36,74,78,79,78,ben mee,100
Rico Henry,ENG,DF,27,5,0,99,1.1,0,0,0,0,0,0,0,0,0.0,0.0,0.0,0.0,0,4,5,0.0,0.0,0.0,0.0,0.0,0.0,0.0,0.0,0.0,0.0,rico henry,Defender,left,170.0,GB1,17000000.0,28000000.0,https://img.a.transfermarkt.technology/portrait/header/339556-1684771012.jpg?lm=1,https://www.transfermarkt.co.uk/rico-henry/profil/spieler/339556,rico henry,R. Henry,Rico Henry,7/7/1997,21,170.18,66.2,"LWB,LB",England,69,79,1500000.0,13000.0,Left,1,2,3,Lean,3100000.0,,,,,63,40,35,67,33,69,48,39,50,65,92,90,91,64,88,43,84,66,62,34,76,64,57,54,43,64,65,68,65,rico henry,100
Frank Onyeka,NGA,MT,26,2,0,25,0.3,0,0,0,0,0,0,0,0,0.0,0.0,0.0,0.0,0,1,0,0.0,0.0,0.0,0.0,0.0,0.0,0.0,0.0,0.0,0.0,frank onyeka,Midfield,right,183.0,L1,7000000.0,10000000.0,https://img.a.transfermarkt.technology/portrait/header/421637-1726605377.jpg?lm=1,https://www.transfermarkt.co.uk/frank-onyeka/profil/spieler/421637,frank onyeka,F. Onyeka,Frank Onyeka,1/1/1998,21,182.88,69.9,"RW,ST",Nigeria,62,74,550000.0,3000.0,Right,1,3,3,Lean,825000.0,,,,,57,54,51,62,43,64,49,38,59,66,72,75,76,62,76,57,40,82,65,40,65,56,59,57,41,53,56,49,54,frank onyeka,100
Bernd Leno,GER,GB,32,38,38,"3,420",38.0,0,1,1,0,0,0,5,0,0.0,0.0,0.1,0.1,0,0,0,0.0,0.03,0.03,0.0,0.03,0.0,0.0,0.0,0.0,0.0,bernd leno,Goalkeeper,right,190.0,GB1,11000000.0,35000000.0,https://img.a.transfermarkt.technology/portrait/header/72476-1642711733.jpg?lm=1,https://www.transfermarkt.co.uk/bernd-leno/profil/spieler/72476,bernd leno,B. Leno,Bernd Leno,3/4/1992,27,190.5,83.0,GK,Germany,83,86,22500000.0,105000.0,Right,3,3,1,Normal,44400000.0,Germany,85.0,SUB,12.0,9,9,13,45,10,16,9,8,42,22,46,52,52,77,44,23,73,43,68,14,28,22,7,54,23,66,27,15,18,bernd leno,100
Antonee Robinson,USA,DF,26,36,35,"3,167",35.2,0,10,10,0,0,0,8,0,0.7,0.7,4.2,4.9,118,131,274,0.0,0.28,0.28,0.0,0.28,0.02,0.12,0.14,0.02,0.14,antonee robinson,Defender,left,183.0,GB1,35000000.0,35000000.0,https://img.a.transfermarkt.technology/portrait/header/349701-1703926612.jpg?lm=1,https://www.transfermarkt.co.uk/antonee-robinson/profil/spieler/349701,antonee robinson,A. Robinson,Antonee Robinson,8/8/1997,21,182.88,64.0,"LB,LWB",United States,69,81,1600000.0,15000.0,Left,1,2,3,Lean,3500000.0,United States,74.0,LB,22.0,60,33,54,48,32,69,35,39,33,68,85,86,73,66,72,32,70,73,67,31,65,67,49,40,45,54,68,69,67,antonee robinson,100
Raúl Jiménez,MEX,AT,33,38,30,"2,494",27.7,12,3,15,9,3,3,4,0,12.0,9.6,3.3,12.9,35,62,125,0.43,0.11,0.54,0.32,0.43,0.43,0.12,0.55,0.35,0.47,raul jimenez,Attack,right,187.0,GB1,5000000.0,50000000.0,https://img.a.transfermarkt.technology/portrait/header/206040-1742820547.jpg?lm=1,https://www.transfermarkt.co.uk/raul-jimenez/profil/spieler/206040,raul jimenez,L. Jiménez,Leiton Jiménez,4/26/1989,29,154.94,81.2,CB,Colombia,72,72,2400000.0,7000.0,Right,1,3,2,Normal,4000000.0,,,,,40,47,72,60,40,55,40,42,53,55,68,68,64,71,53,65,72,75,79,47,77,74,43,44,60,60,72,70,64,leiton jiménez,80
Joachim Andersen,DEN,DF,28,29,29,"2,583",28.7,0,0,0,0,0,0,6,1,1.0,1.0,0.5,1.5,16,112,2,0.0,0.0,0.0,0.0,0.0,0.04,0.02,0.05,0.04,0.05,joachim andersen,Defender,right,192.0,GB1,32000000.0,35000000.0,https://img.a.transfermarkt.technology/portrait/header/260827-1668183482.jpg?lm=1,https://www.transfermarkt.co.uk/joachim-andersen/profil/spieler/260827,joachim andersen,J. Andersen,Joachim Andersen,5/31/1996,22,190.5,89.8,CB,Denmark,76,84,10000000.0,26000.0,Right,1,3,2,Normal,19000000.0,,,,,36,40,75,65,33,46,40,36,66,62,64,61,50,71,55,48,77,58,83,38,70,75,28,48,44,68,77,78,74,joachim andersen,100
Saša Lukić,SRB,MT,27,30,28,"2,344",26.0,0,2,2,0,0,0,12,0,1.2,1.2,2.7,3.9,39,98,33,0.0,0.08,0.08,0.0,0.08,0.04,0.11,0.15,0.04,0.15,saša lukić,Midfield,right,182.0,GB1,10000000.0,15000000.0,https://img.a.transfermarkt.technology/portrait/header/245056-1596015377.jpg?lm=1,https://www.transfermarkt.co.uk/sasa-lukic/profil/spieler/245056,saša lukić,S. Lukić,Saša Lukić,8/13/1996,22,182.88,77.1,"CDM,CM",Serbia,73,80,4900000.0,21000.0,Right,1,3,3,Lean,9200000.0,,,,,66,54,58,80,68,77,72,68,75,81,69,69,67,70,73,68,65,69,73,64,64,67,58,73,66,76,66,72,71,saša lukić,100
Sander Berge,NOR,MT,26,31,26,"2,224",24.7,0,0,0,0,0,0,6,0,0.4,0.4,0.6,1.0,29,124,9,0.0,0.0,0.0,0.0,0.0,0.01,0.03,0.04,0.01,0.04,sander berge,Midfield,right,195.0,GB1,25000000.0,25000000.0,https://img.a.transfermarkt.technology/portrait/header/333014-1679676693.jpg?lm=1,https://www.transfermarkt.co.uk/sander-berge/profil/spieler/333014,sander berge,S. Berge,Sander Berge,2/18/1998,21,195.58,93.9,"CDM,CM",Norway,77,86,12000000.0,12000.0,Right,1,3,3,Normal,20400000.0,Norway,75.0,RCM,14.0,61,34,73,82,48,78,68,40,78,76,75,77,68,69,53,75,71,80,88,55,67,78,62,76,46,80,71,74,63,sander berge,100
Emile Smith Rowe,ENG,MT,24,34,25,"2,043",22.7,6,3,9,6,0,0,3,0,4.5,4.5,1.4,6.0,53,126,127,0.26,0.13,0.4,0.26,0.4,0.2,0.06,0.26,0.2,0.26,emile smith rowe,Midfield,right,182.0,GB1,32000000.0,40000000.0,https://img.a.transfermarkt.technology/portrait/header/392765-1684164628.jpg?lm=1,https://www.transfermarkt.co.uk/emile-smith-rowe/profil/spieler/392765,emile smith rowe,E. Smith Rowe,Emile Smith Rowe,7/28/2000,18,182.88,64.0,"LW,RW,CAM",England,65,85,1100000.0,12000.0,Right,1,3,4,Lean,,,,,,61,62,36,61,55,68,67,58,49,67,78,79,73,55,68,69,47,61,44,60,39,24,62,60,64,64,37,30,31,emile smith rowe,100
Andreas Pereira,BRA,MT,28,33,25,"2,013",22.4,2,4,6,2,0,1,7,0,3.8,3.0,4.6,7.6,29,104,81,0.09,0.18,0.27,0.09,0.27,0.17,0.21,0.38,0.14,0.34,andreas pereira,Midfield,right,178.0,GB1,20000000.0,20000000.0,https://img.a.transfermarkt.technology/portrait/header/203394-1659355525.jpg?lm=1,https://www.transfermarkt.co.uk/andreas-pereira/profil/spieler/203394,andreas pereira,Andreas Pereira,Andreas Hugo Hoelgebaum Pereira,1/1/1996,23,152.4,71.2,"CM,CDM,RM",Brazil,77,82,11500000.0,86000.0,Right,1,4,4,Lean,22700000.0,,,,,78,71,56,80,72,79,80,80,77,80,78,74,79,74,80,73,62,72,68,77,69,70,71,76,70,72,67,65,63,andreas hugo hoelgebaum pereira,100
Kenny Tete,NED,DF,28,22,21,"1,774",19.7,0,2,2,0,0,0,5,0,1.4,1.4,0.9,2.3,34,63,54,0.0,0.1,0.1,0.0,0.1,0.07,0.05,0.12,0.07,0.12,kenny tete,Defender,right,180.0,GB1,15000000.0,15000000.0,https://img.a.transfermarkt.technology/portrait/header/206746-1599577236.jpg?lm=1,https://www.transfermarkt.co.uk/kenny-tete/profil/spieler/206746,kenny tete,K. Tete,Kenny Tete,10/9/1995,23,154.94,71.2,"RB,RWB",Netherlands,77,82,10000000.0,44000.0,Right,2,3,2,Normal,19800000.0,Netherlands,81.0,RB,2.0,72,42,74,73,36,65,54,34,64,69,74,79,66,72,73,60,77,77,76,41,80,75,60,60,46,71,77,81,83,kenny tete,100
Timothy Castagne,BEL,DF,28,24,17,"1,649",18.3,0,1,1,0,0,0,1,0,0.4,0.4,1.2,1.6,17,62,67,0.0,0.05,0.05,0.0,0.05,0.02,0.07,0.09,0.02,0.09,timothy castagne,Defender,right,185.0,GB1,15000000.0,28000000.0,https://img.a.transfermarkt.technology/portrait/header/262226-1665067689.jpg?lm=1,https://www.transfermarkt.co.uk/timothy-castagne/profil/spieler/262226,timothy castagne,T. Castagne,Timothy Castagne,12/5/1995,23,185.42,79.8,"RM,RB,LM",Belgium,72,79,4400000.0,16000.0,Right,1,3,3,Lean,8300000.0,,,,,76,56,59,73,40,73,54,33,70,73,69,72,70,72,66,62,70,84,63,52,66,66,62,62,27,62,73,72,70,timothy castagne,100
Issa Diop,FRA,DF,27,21,15,"1,339",14.9,0,0,0,0,0,0,2,0,0.5,0.5,0.1,0.6,6,25,3,0.0,0.0,0.0,0.0,0.0,0.04,0.01,0.04,0.04,0.04,issa diop,Defender,right,194.0,GB1,16000000.0,35000000.0,https://img.a.transfermarkt.technology/portrait/header/272622-1660565295.jpg?lm=1,https://www.transfermarkt.co.uk/issa-diop/profil/spieler/272622,issa diop,I. Diop,Issa Diop,1/9/1997,22,193.04,92.1,CB,France,77,86,12000000.0,46000.0,Right,2,3,2,Lean,25200000.0,,,,,37,30,75,64,48,43,32,34,59,60,64,68,46,69,48,50,73,69,83,31,77,78,38,40,44,72,76,79,80,issa diop,100
Rodrigo Muniz,BRA,AT,23,31,8,964,10.7,8,1,9,8,0,0,1,0,5.8,5.8,0.7,6.5,6,27,31,0.75,0.09,0.84,0.75,0.84,0.54,0.07,0.61,0.54,0.61,rodrigo muniz,Attack,right,186.0,GB1,20000000.0,20000000.0,https://img.a.transfermarkt.technology/portrait/header/735571-1657802369.jpg?lm=1,https://www.transfermarkt.co.uk/rodrigo-muniz/profil/spieler/735571,rodrigo muniz,R. Gómez,Rodrigo Gómez,9/29/2001,17,170.18,64.9,RM,Argentina,55,76,190000.0,1000.0,Right,1,3,2,Lean,466000.0,,,,,55,53,37,51,48,60,53,41,44,55,66,65,72,45,76,63,42,38,46,42,29,20,53,47,58,46,26,35,32,rodrigo gómez,80
Reiss Nelson,ENG,AT,24,11,5,487,5.4,1,1,2,1,0,0,1,0,1.1,1.1,1.0,2.1,45,35,63,0.18,0.18,0.37,0.18,0.37,0.2,0.18,0.39,0.2,0.39,reiss nelson,Attack,right,175.0,GB1,18000000.0,18000000.0,https://img.a.transfermarkt.technology/portrait/header/340325-1667418642.jpg?lm=1,https://www.transfermarkt.co.uk/reiss-nelson/profil/spieler/340325,reiss nelson,R. Nelson,Reiss Nelson,12/10/1999,19,175.26,71.2,RW,England,72,85,5500000.0,33000.0,Right,1,4,4,Lean,,,,,,62,71,39,59,49,81,66,67,50,76,89,90,84,64,76,67,41,55,42,52,42,42,64,58,54,60,24,37,37,reiss nelson,100
Jorge Cuenca,ESP,DF,24,8,4,351,3.9,0,0,0,0,0,0,0,0,0.0,0.0,0.0,0.0,0,10,0,0.0,0.0,0.0,0.0,0.0,0.01,0.0,0.01,0.01,0.01,jorge cuenca,Defender,left,190.0,GB1,6000000.0,8000000.0,https://img.a.transfermarkt.technology/portrait/header/494880-1737920132.jpg?lm=1,https://www.transfermarkt.co.uk/jorge-cuenca/profil/spieler/494880,jorge cuenca,Jorge Cuenca,Jorge Cuenca Barreno,11/17/1999,19,187.96,76.2,CB,Spain,65,78,850000.0,11000.0,Left,1,3,2,Normal,2300000.0,,,,,40,27,67,65,31,29,29,26,58,55,57,61,59,65,64,55,69,66,60,36,67,66,21,45,44,57,62,66,63,jorge cuenca barreno,100
Tom Cairney,SCO,MT,33,25,3,628,7.0,2,0,2,2,0,0,3,1,0.8,0.8,1.1,1.8,18,53,33,0.29,0.0,0.29,0.29,0.29,0.11,0.15,0.26,0.11,0.26,tom cairney,Midfield,left,185.0,GB1,2000000.0,18000000.0,https://img.a.transfermarkt.technology/portrait/header/123275-1651652849.jpg?lm=1,https://www.transfermarkt.co.uk/tom-cairney/profil/spieler/123275,tom cairney,T. Clare,Tom Clare,9/2/1999,19,195.58,87.1,ST,England,48,68,60000.0,1000.0,Right,1,3,2,Normal,165000.0,,,,,19,43,52,35,29,46,34,20,29,45,50,52,45,47,56,50,55,57,70,30,51,20,48,40,44,43,36,32,30,tom clare,80
Harrison Reed,ENG,MT,29,12,0,108,1.2,0,0,0,0,0,0,2,0,0.2,0.2,0.1,0.3,1,4,7,0.0,0.0,0.0,0.0,0.0,0.21,0.07,0.27,0.21,0.27,harrison reed,Midfield,right,181.0,GB1,7000000.0,18000000.0,https://img.a.transfermarkt.technology/portrait/header/226973-1628697428.jpg?lm=1,https://www.transfermarkt.co.uk/harrison-reed/profil/spieler/226973,harrison reed,H. Reed,Harrison Reed,1/27/1995,24,175.26,72.1,"CDM,RM,RB",England,71,78,2800000.0,22000.0,Right,1,3,3,Normal,,,,,,71,50,46,74,40,65,63,61,66,68,67,62,76,62,85,65,59,74,60,61,81,71,60,70,49,70,71,70,68,harrison reed,100
Dean Henderson,ENG,GB,27,38,38,"3,420",38.0,0,0,0,0,0,0,3,0,0.0,0.0,0.2,0.2,0,0,0,0.0,0.0,0.0,0.0,0.0,0.0,0.0,0.0,0.0,0.0,dean henderson,Goalkeeper,right,188.0,GB1,15000000.0,22000000.0,https://img.a.transfermarkt.technology/portrait/header/258919-1716297478.jpg?lm=1,https://www.transfermarkt.co.uk/dean-henderson/profil/spieler/258919,dean henderson,D. Henderson,Dean Henderson,3/12/1997,21,190.5,84.8,GK,England,73,83,5000000.0,36000.0,Right,1,2,1,Lean,,,,,,14,9,13,32,5,13,13,10,31,32,51,48,53,72,56,23,63,34,60,6,21,11,8,33,16,39,17,14,14,dean henderson,100
Daniel Muñoz,COL,DF,28,37,37,"3,228",35.9,4,5,9,4,0,0,10,0,4.9,4.9,5.5,10.5,62,97,208,0.11,0.14,0.25,0.11,0.25,0.14,0.15,0.29,0.14,0.29,daniel munoz,Defender,right,181.0,GB1,25000000.0,25000000.0,https://img.a.transfermarkt.technology/portrait/header/493003-1718642628.jpg?lm=1,https://www.transfermarkt.co.uk/daniel-munoz/profil/spieler/493003,daniel munoz,D. Moreno,Daniel Moreno,1/15/1995,24,152.4,78.0,"RM,ST",Colombia,63,68,500000.0,1000.0,Right,1,3,2,Lean,738000.0,,,,,51,61,58,49,53,63,45,34,47,56,87,88,86,63,66,53,80,86,53,57,43,15,65,54,58,62,17,16,19,daniel moreno,80
Tyrick Mitchell,ENG,DF,24,37,37,"3,092",34.4,0,5,5,0,0,0,2,0,1.3,1.3,6.4,7.7,62,70,171,0.0,0.15,0.15,0.0,0.15,0.04,0.19,0.22,0.04,0.22,tyrick mitchell,Defender,left,181.0,GB1,25000000.0,28000000.0,https://img.a.transfermarkt.technology/portrait/header/730893-1693826944.jpg?lm=1,https://www.transfermarkt.co.uk/tyrick-mitchell/profil/spieler/730893,tyrick mitchell,T. Mitchell,Tyrick Mitchell,9/1/1999,19,175.26,64.9,LB,England,57,74,190000.0,3000.0,Left,1,3,2,Normal,480000.0,,,,,54,30,53,42,36,66,37,39,33,47,79,76,74,56,60,29,54,47,47,31,62,56,48,38,45,43,56,62,53,tyrick mitchell,100
Maxence Lacroix,FRA,DF,24,35,35,"3,116",34.6,1,1,2,1,0,0,5,0,3.4,3.4,1.0,4.4,8,65,7,0.03,0.03,0.06,0.03,0.06,0.1,0.03,0.13,0.1,0.13,maxence lacroix,Defender,right,190.0,GB1,22000000.0,28000000.0,https://img.a.transfermarkt.technology/portrait/header/434224-1657202248.jpg?lm=1,https://www.transfermarkt.co.uk/maxence-lacroix/profil/spieler/434224,maxence lacroix,M. Lacroix,Maxence Lacroix,4/6/2000,18,190.5,88.0,CB,France,59,76,290000.0,1000.0,Right,1,2,2,Normal,689000.0,,,,,22,20,49,30,27,30,31,26,33,32,65,72,34,44,42,40,74,59,82,27,52,59,26,37,38,49,64,58,57,maxence lacroix,100
Marc Guéhi,ENG,DF,24,34,34,"3,059",34.0,3,2,5,3,0,0,9,1,2.0,2.0,1.7,3.7,22,134,10,0.09,0.06,0.15,0.09,0.15,0.06,0.05,0.11,0.06,0.11,marc guehi,Defender,right,182.0,GB1,45000000.0,45000000.0,https://img.a.transfermarkt.technology/portrait/header/392757-1683030598.jpg?lm=1,https://www.transfermarkt.co.uk/marc-guehi/profil/spieler/392757,marc guehi,M. Guehi,Marc Guehi,7/13/2000,18,182.88,74.8,CB,England,58,78,230000.0,4000.0,Right,1,2,2,Normal,656000.0,,,,,33,24,56,48,32,34,29,32,41,40,58,60,53,47,58,49,65,56,61,21,55,57,28,27,34,40,60,60,59,marc guehi,100
Jean-Philippe Mateta,FRA,AT,27,37,33,"2,648",29.4,14,2,16,12,2,2,2,0,13.6,12.0,3.2,15.2,45,53,122,0.48,0.07,0.54,0.41,0.48,0.46,0.11,0.57,0.41,0.52,jean philippe mateta,Attack,right,192.0,GB1,30000000.0,30000000.0,https://img.a.transfermarkt.technology/portrait/header/420002-1723202650.jpg?lm=1,https://www.transfermarkt.co.uk/jean-philippe-mateta/profil/spieler/420002,jean philippe mateta,J. Mateta,Jean-Philippe Mateta,6/28/1997,21,193.04,88.0,ST,France,74,84,9000000.0,19000.0,Right,1,4,3,Normal,17100000.0,,,,,39,76,76,64,68,74,53,32,41,69,74,86,64,68,46,72,75,73,85,64,67,24,73,58,65,61,29,31,22,jean-philippe mateta,100
Eberechi Eze,ENG,"MT,AT",26,34,31,"2,588",28.8,8,8,16,7,1,2,1,0,10.4,8.9,6.2,15.1,68,97,153,0.28,0.28,0.56,0.24,0.52,0.36,0.22,0.58,0.31,0.52,eberechi eze,Midfield,right,178.0,GB1,55000000.0,60000000.0,https://img.a.transfermarkt.technology/portrait/header/479999-1678466922.jpg?lm=1,https://www.transfermarkt.co.uk/eberechi-eze/profil/spieler/479999,eberechi eze,E. Eze,Eberechi Eze,6/29/1998,20,172.72,67.1,"CAM,LM,CM",England,69,83,2300000.0,4000.0,Right,1,3,4,Normal,5800000.0,,,,,54,61,46,69,50,76,55,24,59,70,76,75,78,64,73,64,69,73,62,62,58,42,62,68,50,62,35,49,39,eberechi eze,100
Will Hughes,ENG,MT,29,33,24,"2,108",23.4,0,3,3,0,0,0,11,0,1.1,1.1,3.1,4.2,20,87,27,0.0,0.13,0.13,0.0,0.13,0.05,0.13,0.18,0.05,0.18,will hughes,Midfield,left,185.0,GB1,9000000.0,18000000.0,https://img.a.transfermarkt.technology/portrait/header/207014-1700672424.jpg?lm=1,https://www.transfermarkt.co.uk/will-hughes/profil/spieler/207014,will hughes,W. Hughes,Will Hughes,4/17/1995,23,185.42,73.9,"CAM,RM,CM",England,77,83,12000000.0,45000.0,Left,1,3,4,Lean,25200000.0,,,,,69,67,58,79,48,78,60,60,73,80,67,59,71,77,75,60,51,74,59,62,70,65,72,84,66,78,69,72,69,will hughes,100
Chris Richards,USA,DF,24,24,22,"1,922",21.4,1,0,1,1,0,0,4,1,1.3,1.3,0.1,1.4,6,39,2,0.05,0.0,0.05,0.05,0.05,0.06,0.0,0.07,0.06,0.07,chris richards,Defender,right,188.0,GB1,12000000.0,12000000.0,https://img.a.transfermarkt.technology/portrait/header/578539-1708426272.jpg?lm=1,https://www.transfermarkt.co.uk/chris-richards/profil/spieler/578539,chris richards,I. Richards,Isaac Richards,4/9/1999,19,190.5,79.8,GK,Australia,51,66,70000.0,1000.0,Left,1,2,1,Lean,131000.0,,,,,11,5,12,36,5,13,11,12,18,17,24,32,31,35,25,17,32,26,62,7,20,10,5,31,16,33,6,11,13,isaac richards,83
Trevoh Chalobah,ENG,DF,25,12,12,"1,060",11.8,3,0,3,3,0,0,1,0,1.2,1.2,0.4,1.6,11,34,6,0.25,0.0,0.25,0.25,0.25,0.1,0.03,0.14,0.1,0.14,trevoh chalobah,Defender,right,192.0,GB1,17000000.0,22000000.0,https://img.a.transfermarkt.technology/portrait/header/346314-1698937171.jpg?lm=1,https://www.transfermarkt.co.uk/trevoh-chalobah/profil/spieler/346314,trevoh chalobah,T. Chalobah,Trevoh Chalobah,7/5/1999,19,190.5,74.8,"CDM,CB",England,67,81,1400000.0,2000.0,Right,1,3,3,Normal,3500000.0,,,,,48,36,61,66,34,67,48,43,58,64,66,73,53,66,59,50,67,69,72,31,69,70,47,55,42,56,65,70,67,trevoh chalobah,100
Cheick Doucouré,MLI,MT,24,13,4,452,5.0,0,0,0,0,0,0,1,0,0.4,0.4,0.0,0.4,2,19,7,0.0,0.0,0.0,0.0,0.0,0.08,0.0,0.08,0.08,0.08,cheick doucoure,Midfield,right,180.0,GB1,30000000.0,35000000.0,https://img.a.transfermarkt.technology/portrait/header/543387-1693826399.jpg?lm=1,https://www.transfermarkt.co.uk/cheick-doucoure/profil/spieler/543387,cheick doucoure,C. Doukouré,Cheick Doukouré,9/11/1992,26,154.94,82.1,"CDM,CM",Ivory Coast,73,78,4500000.0,16000.0,Right,1,3,3,Normal,9700000.0,Côte d'Ivoire,75.0,RDM,4.0,59,58,69,72,52,65,57,59,65,71,76,74,72,66,75,72,78,82,80,65,77,75,64,63,58,65,72,74,73,cheick doukouré,90
Ben Chilwell,ENG,DF,27,8,1,259,2.9,1,0,1,1,0,0,1,0,0.2,0.2,0.8,1.1,5,8,15,0.35,0.0,0.35,0.35,0.35,0.08,0.29,0.37,0.08,0.37,ben chilwell,Defender,left,180.0,GB1,18000000.0,50000000.0,https://img.a.transfermarkt.technology/portrait/header/316125-1683899136.jpg?lm=1,https://www.transfermarkt.co.uk/ben-chilwell/profil/spieler/316125,ben chilwell,B. Chilwell,Ben Chilwell,12/21/1996,22,152.4,77.1,LB,England,78,85,12500000.0,43000.0,Left,1,3,3,Normal,26300000.0,England,82.0,SUB,19.0,76,43,67,73,42,77,67,64,69,78,81,82,70,75,71,69,78,85,68,38,68,74,74,66,52,71,74,76,80,ben chilwell,100
Odsonne Édouard,FRA,"MT,AT",26,2,1,115,1.3,0,0,0,0,0,0,0,0,0.4,0.4,0.0,0.4,2,4,7,0.0,0.0,0.0,0.0,0.0,0.31,0.04,0.34,0.31,0.34,odsonne edouard,Attack,right,187.0,GB1,10000000.0,20000000.0,https://img.a.transfermarkt.technology/portrait/header/344152-1598301744.jpg?lm=1,https://www.transfermarkt.co.uk/odsonne-edouard/profil/spieler/344152,odsonne edouard,O. Edouard,Odsonne Edouard,1/1/1998,21,187.96,83.0,ST,France,73,84,7000000.0,32000.0,Right,1,3,3,Normal,14000000.0,,,,,52,73,68,68,64,76,69,55,48,74,88,82,72,66,73,73,67,70,76,65,64,35,70,68,69,68,44,40,28,odsonne edouard,100
Joachim Andersen,DEN,DF,28,1,1,90,1.0,0,0,0,0,0,0,1,0,0.0,0.0,0.0,0.0,1,4,1,0.0,0.0,0.0,0.0,0.0,0.04,0.0,0.04,0.04,0.04,joachim andersen,Defender,right,192.0,GB1,32000000.0,35000000.0,https://img.a.transfermarkt.technology/portrait/header/260827-1668183482.jpg?lm=1,https://www.transfermarkt.co.uk/joachim-andersen/profil/spieler/260827,joachim andersen,J. Andersen,Joachim Andersen,5/31/1996,22,190.5,89.8,CB,Denmark,76,84,10000000.0,26000.0,Right,1,3,2,Normal,19000000.0,,,,,36,40,75,65,33,46,40,36,66,62,64,61,50,71,55,48,77,58,83,38,70,75,28,48,44,68,77,78,74,joachim andersen,100
Joel Ward,ENG,DF,34,2,1,71,0.8,0,0,0,0,0,0,1,0,0.0,0.0,0.0,0.0,0,1,1,0.0,0.0,0.0,0.0,0.0,0.0,0.06,0.06,0.0,0.06,joel ward,Defender,right,186.0,GB1,600000.0,5000000.0,https://img.a.transfermarkt.technology/portrait/header/92572-1737920630.jpg?lm=1,https://www.transfermarkt.co.uk/joel-ward/profil/spieler/92572,joel ward,J. Ward,Joel Ward,10/29/1989,29,187.96,83.0,RB,England,73,73,3200000.0,37000.0,Right,1,3,3,Normal,6000000.0,,,,,72,46,73,69,33,64,43,34,69,69,55,62,61,74,60,64,65,72,71,59,74,76,64,66,40,72,74,77,78,joel ward,100
Jeffrey Schlupp,GHA,"MT,DF",31,12,0,103,1.1,0,0,0,0,0,0,0,0,0.2,0.2,0.2,0.3,4,5,9,0.0,0.0,0.0,0.0,0.0,0.14,0.14,0.28,0.14,0.28,jeffrey schlupp,Midfield,left,178.0,SC1,5000000.0,12000000.0,https://img.a.transfermarkt.technology/portrait/header/157506-1700672108.jpg?lm=1,https://www.transfermarkt.co.uk/jeffrey-schlupp/profil/spieler/157506,jeffrey schlupp,J. Schlupp,Jeffrey Schlupp,12/23/1992,26,152.4,72.1,"LB,LM",Ghana,73,76,4100000.0,34000.0,Left,1,2,3,Stocky,8200000.0,,,,,69,60,64,71,64,73,62,34,55,66,83,89,78,71,77,75,75,78,75,56,70,68,73,67,67,63,68,70,71,jeffrey schlupp,100
Aaron Wan-Bissaka,ENG,DF,26,36,35,"3,154",35.0,2,5,7,2,0,0,1,0,1.2,1.2,3.5,4.7,110,149,167,0.06,0.14,0.2,0.06,0.2,0.03,0.1,0.14,0.03,0.14,aaron wan bissaka,Defender,right,183.0,GB1,22000000.0,40000000.0,https://img.a.transfermarkt.technology/portrait/header/477758-1617030255.jpg?lm=1,https://www.transfermarkt.co.uk/aaron-wan-bissaka/profil/spieler/477758,aaron wan bissaka,A. Wan-Bissaka,Aaron Wan-Bissaka,11/26/1997,21,182.88,72.1,RB,England,76,84,9500000.0,32000.0,Right,1,2,3,Lean,20000000.0,,,,,64,44,60,66,43,73,47,45,52,67,87,88,84,67,71,51,60,74,67,46,63,73,62,60,56,61,79,78,84,aaron wan-bissaka,100
Lucas Paquetá,BRA,"MT,AT",26,33,27,"2,380",26.4,4,0,4,2,2,2,10,0,5.3,3.7,3.1,6.8,26,155,85,0.15,0.0,0.15,0.08,0.08,0.2,0.12,0.32,0.14,0.26,lucas paqueta,Midfield,left,180.0,GB1,35000000.0,65000000.0,https://img.a.transfermarkt.technology/portrait/header/444523-1695370009.jpg?lm=1,https://www.transfermarkt.co.uk/lucas-paqueta/profil/spieler/444523,lucas paqueta,Lucas Paquetá,Lucas Tolentino Coelho de Lima,8/27/1997,21,154.94,72.1,"CAM,CM",Brazil,79,89,20500000.0,65000.0,Left,1,2,4,Lean,39000000.0,,,,,68,75,56,78,70,84,80,73,76,80,77,81,76,80,68,77,82,84,73,74,80,58,81,74,75,82,59,65,56,lucas tolentino coelho de lima,96
Alphonse Areola,FRA,GB,31,26,25,"2,260",25.1,0,0,0,0,0,0,0,0,0.0,0.0,0.0,0.0,0,1,0,0.0,0.0,0.0,0.0,0.0,0.0,0.0,0.0,0.0,0.0,alphonse areola,Goalkeeper,right,195.0,GB1,10000000.0,17500000.0,https://img.a.transfermarkt.technology/portrait/header/120629-1663243036.jpg?lm=1,https://www.transfermarkt.co.uk/alphonse-areola/profil/spieler/120629,alphonse areola,A. Areola,Alphonse Areola,2/27/1993,26,195.58,93.9,GK,France,81,86,17000000.0,61000.0,Right,2,3,1,Normal,32700000.0,France,84.0,SUB,23.0,20,19,14,41,16,12,16,16,32,22,54,52,53,77,58,25,59,28,80,14,26,23,17,45,25,64,11,18,12,alphonse areola,100
Konstantinos Mavropanos,GRE,DF,26,33,21,"2,045",22.7,0,0,0,0,0,0,6,1,1.5,1.5,0.5,2.0,17,61,2,0.0,0.0,0.0,0.0,0.0,0.07,0.02,0.09,0.07,0.09,konstantinos mavropanos,Defender,right,194.0,GB1,17000000.0,20000000.0,https://img.a.transfermarkt.technology/portrait/header/415912-1691999569.jpg?lm=1,https://www.transfermarkt.co.uk/konstantinos-mavropanos/profil/spieler/415912,konstantinos mavropanos,K. Mavropanos,Konstantinos Mavropanos,12/11/1997,21,193.04,88.0,CB,Greece,68,82,1800000.0,21000.0,Right,1,2,2,Normal,4500000.0,,,,,37,30,66,47,30,41,32,37,48,42,52,60,55,57,39,45,67,64,79,26,65,62,30,37,42,53,70,74,72,konstantinos mavropanos,100
Jean-Clair Todibo,FRA,DF,24,27,20,"1,825",20.3,0,0,0,0,0,0,3,0,0.4,0.4,0.0,0.4,9,38,5,0.0,0.0,0.0,0.0,0.0,0.02,0.0,0.02,0.02,0.02,jean clair todibo,Defender,right,190.0,GB1,28000000.0,35000000.0,https://img.a.transfermarkt.technology/portrait/header/605184-1699439806.jpg?lm=1,https://www.transfermarkt.co.uk/jean-clair-todibo/profil/spieler/605184,jean clair todibo,J. Todibo,Jean-Clair Todibo,12/30/1999,19,190.5,81.2,"CB,CDM",France,64,80,850000.0,9000.0,Right,1,2,2,Normal,2300000.0,,,,,46,40,58,69,35,59,47,41,64,65,66,63,57,61,55,52,67,55,74,41,63,55,41,45,46,62,60,64,68,jean-clair todibo,100
Guido Rodríguez,ARG,MT,30,23,16,"1,149",12.8,0,1,1,0,0,0,6,0,0.2,0.2,0.2,0.4,4,33,7,0.0,0.08,0.08,0.0,0.08,0.02,0.01,0.03,0.02,0.03,guido rodriguez,Midfield,right,185.0,GB1,12000000.0,28000000.0,https://img.a.transfermarkt.technology/portrait/header/342385-1668181269.jpg?lm=1,https://www.transfermarkt.co.uk/guido-rodriguez/profil/spieler/342385,guido rodriguez,G. Rodríguez,Guido Rodríguez,4/11/1995,23,185.42,79.8,"CDM,CM",Argentina,77,80,9500000.0,46000.0,Right,1,3,2,Lean,16900000.0,,,,,59,43,70,75,47,59,49,42,72,73,53,55,54,73,52,68,45,77,81,59,83,78,50,63,53,68,79,76,76,guido rodríguez,97
Carlos Soler,ESP,"MT,AT",27,31,14,"1,409",15.7,1,1,2,1,0,0,6,0,1.8,1.8,1.4,3.2,17,56,37,0.06,0.06,0.13,0.06,0.13,0.12,0.09,0.21,0.12,0.21,carlos soler,Midfield,right,180.0,GB1,20000000.0,50000000.0,https://img.a.transfermarkt.technology/portrait/header/372246-1662059930.jpg?lm=1,https://www.transfermarkt.co.uk/carlos-soler/profil/spieler/372246,carlos soler,Carlos Soler,Carlos Soler Barragán,1/2/1997,22,154.94,76.2,"RM,CM",Spain,80,87,21000000.0,31000.0,Right,1,4,4,Lean,48300000.0,,,,,79,74,56,84,66,80,69,82,77,82,75,77,75,80,73,77,59,78,65,73,49,68,76,83,73,76,60,65,56,carlos soler barragán,100
James Ward-Prowse,ENG,MT,29,15,12,"1,039",11.5,1,1,2,1,0,0,2,0,1.6,1.6,1.9,3.6,11,54,9,0.09,0.09,0.17,0.09,0.17,0.14,0.17,0.31,0.14,0.31,james ward prowse,Midfield,right,177.0,GB1,10000000.0,38000000.0,https://img.a.transfermarkt.technology/portrait/header/181579-1684751045.jpg?lm=1,https://www.transfermarkt.co.uk/james-ward-prowse/profil/spieler/181579,james ward prowse,J. Ward-Prowse,James  Ward-Prowse,11/1/1994,24,172.72,66.2,"RM,CM",England,77,82,12000000.0,41000.0,Right,2,3,3,Normal,23700000.0,,,,,89,64,57,84,51,73,88,83,82,82,66,57,75,74,77,74,66,78,57,73,67,65,65,82,80,79,60,65,60,james  ward-prowse,100
Vladimír Coufal,CZE,DF,31,22,11,"1,067",11.9,0,0,0,0,0,0,5,0,0.3,0.3,0.7,1.0,26,39,33,0.0,0.0,0.0,0.0,0.0,0.03,0.06,0.08,0.03,0.08,vladimir coufal,Defender,right,174.0,GB1,7000000.0,12000000.0,https://img.a.transfermarkt.technology/portrait/header/157672-1667897675.jpg?lm=1,https://www.transfermarkt.co.uk/vladimir-coufal/profil/spieler/157672,vladimir coufal,V. Coufal,Vladimír Coufal,8/22/1992,26,175.26,74.8,RB,Czech Republic,73,76,4100000.0,1000.0,Right,1,2,3,Stocky,9400000.0,Czech Republic,75.0,RB,20.0,79,41,40,66,41,65,50,37,58,69,76,74,71,74,74,41,71,85,71,44,76,69,60,53,36,65,72,73,72,vladimír coufal,97
Michail Antonio,JAM,AT,34,14,11,836,9.3,1,1,2,1,0,0,1,0,2.2,2.2,1.6,3.8,29,18,59,0.11,0.11,0.22,0.11,0.22,0.24,0.17,0.41,0.24,0.41,michail antonio,Attack,right,180.0,GB1,1000000.0,18000000.0,https://img.a.transfermarkt.technology/portrait/header/104124-1709884222.jpg?lm=1,https://www.transfermarkt.co.uk/michail-antonio/profil/spieler/104124,michail antonio,M. Antonio,Michail Antonio,3/28/1990,28,152.4,82.1,"ST,RM,RWB,LM",England,78,78,10500000.0,85000.0,Right,2,3,4,Stocky,20000000.0,,,,,74,72,83,73,66,79,66,60,65,75,84,87,84,74,76,75,89,70,84,72,77,40,76,68,73,70,50,56,53,michail antonio,100
Aaron Cresswell,ENG,DF,34,18,10,824,9.2,0,0,0,0,0,0,3,0,0.2,0.2,1.3,1.6,6,36,4,0.0,0.0,0.0,0.0,0.0,0.03,0.15,0.17,0.03,0.17,aaron cresswell,Defender,left,170.0,GB1,700000.0,12000000.0,https://img.a.transfermarkt.technology/portrait/header/92571-1700670925.jpg?lm=1,https://www.transfermarkt.co.uk/aaron-cresswell/profil/spieler/92571,aaron cresswell,A. Cresswell,Aaron Cresswell,12/15/1989,29,175.26,66.2,LB,England,76,76,6000000.0,63000.0,Left,2,3,3,Normal,11400000.0,,,,,79,53,64,75,48,76,76,70,69,74,74,72,74,73,85,71,86,74,62,62,73,75,60,68,59,71,72,78,79,aaron cresswell,100
Niclas Füllkrug,GER,AT,31,18,6,790,8.8,3,2,5,3,0,0,2,0,2.2,2.2,1.9,4.1,7,14,31,0.34,0.23,0.57,0.34,0.57,0.25,0.22,0.46,0.25,0.46,niclas fullkrug,Attack,right,189.0,GB1,12000000.0,15000000.0,https://img.a.transfermarkt.technology/portrait/header/75489-1709560033.jpg?lm=1,https://www.transfermarkt.co.uk/niclas-fullkrug/profil/spieler/75489,niclas fullkrug,N. Füllkrug,Niclas Füllkrug,2/9/1993,26,187.96,83.0,ST,Germany,77,78,10500000.0,36000.0,Right,1,4,3,Normal,18600000.0,,,,,63,79,80,67,71,70,69,69,48,74,63,65,63,74,52,79,67,70,80,72,67,24,82,61,77,72,47,30,17,niclas füllkrug,97
Bruno Fernandes,POR,MT,29,36,35,"3,018",33.5,8,10,18,5,3,3,5,2,9.9,7.6,8.5,16.1,77,325,129,0.24,0.3,0.54,0.15,0.45,0.3,0.25,0.55,0.23,0.48,bruno fernandes,Midfield,right,179.0,GB1,55000000.0,90000000.0,https://img.a.transfermarkt.technology/portrait/header/240306-1683882766.jpg?lm=1,https://www.transfermarkt.co.uk/bruno-fernandes/profil/spieler/240306,bruno fernandes,Bruno Fernandes,Bruno Miguel Borges Fernandes,9/8/1994,24,152.4,68.9,"CAM,CM",Portugal,84,88,40500000.0,22000.0,Right,2,3,4,Lean,84000000.0,Sporting CP,78.0,LCM,8.0,84,74,58,85,84,83,86,85,84,86,79,76,77,84,78,87,72,91,67,88,66,71,81,86,82,84,66,66,57,bruno miguel borges fernandes,100
André Onana,CMR,GB,28,34,34,"3,060",34.0,0,0,0,0,0,0,0,0,0.0,0.0,0.2,0.2,0,1,0,0.0,0.0,0.0,0.0,0.0,0.0,0.0,0.0,0.0,0.0,andre onana,Goalkeeper,right,190.0,GB1,32000000.0,45000000.0,https://img.a.transfermarkt.technology/portrait/header/234509-1686929812.jpg?lm=1,https://www.transfermarkt.co.uk/andre-onana/profil/spieler/234509,andre onana,A. Onana,André Onana,4/2/1996,22,187.96,93.0,GK,Cameroon,80,85,14500000.0,14000.0,Right,2,3,1,Stocky,21400000.0,Cameroon,75.0,GK,1.0,15,12,20,33,13,26,30,17,26,38,64,62,68,78,53,21,80,39,67,17,29,15,11,62,27,57,12,18,14,andré onana,95
Noussair Mazraoui,MAR,DF,26,37,34,"2,838",31.5,0,1,1,0,0,0,3,0,0.7,0.7,1.5,2.2,42,115,58,0.0,0.03,0.03,0.0,0.03,0.02,0.05,0.07,0.02,0.07,noussair mazraoui,Defender,right,183.0,GB1,32000000.0,32000000.0,https://img.a.transfermarkt.technology/portrait/header/340456-1700207898.jpg?lm=1,https://www.transfermarkt.co.uk/noussair-mazraoui/profil/spieler/340456,noussair mazraoui,N. Mazraoui,Noussair Mazraoui,11/14/1997,21,182.88,62.1,RB,Morocco,75,82,8000000.0,11000.0,Right,1,3,3,Lean,12800000.0,,,,,68,61,62,74,53,79,67,33,66,76,77,80,83,76,55,62,69,86,60,55,73,75,71,70,37,77,68,72,69,noussair mazraoui,100
Diogo Dalot,POR,DF,25,33,31,"2,814",31.3,0,3,3,0,0,0,5,0,2.0,2.0,2.0,4.1,62,103,168,0.0,0.1,0.1,0.0,0.1,0.07,0.07,0.13,0.07,0.13,diogo dalot,Defender,right,183.0,GB1,35000000.0,40000000.0,https://img.a.transfermarkt.technology/portrait/header/357147-1727785546.jpg?lm=1,https://www.transfermarkt.co.uk/diogo-dalot/profil/spieler/357147,diogo dalot,Diogo Dalot,José Diogo Dalot Teixeira,3/18/1999,19,182.88,71.2,RB,Portugal,73,84,6000000.0,29000.0,Right,1,3,3,Normal,12600000.0,,,,,77,52,65,72,44,76,75,44,60,75,78,77,69,76,70,76,77,76,71,59,80,70,71,64,43,74,69,69,67,josé diogo dalot teixeira,100
Matthijs de Ligt,NED,DF,24,29,25,"2,123",23.6,2,0,2,2,0,0,3,0,2.5,2.5,0.3,2.8,7,55,6,0.08,0.0,0.08,0.08,0.08,0.1,0.01,0.12,0.1,0.12,matthijs de ligt,Defender,right,189.0,GB1,40000000.0,75000000.0,https://img.a.transfermarkt.technology/portrait/header/326031-1700659567.jpg?lm=1,https://www.transfermarkt.co.uk/matthijs-de-ligt/profil/spieler/326031,matthijs de ligt,M. de Ligt,Matthijs de Ligt,8/12/1999,19,187.96,88.9,CB,Netherlands,83,92,31500000.0,12000.0,Right,2,4,2,Normal,50400000.0,Netherlands,81.0,RCB,3.0,57,53,82,75,40,65,48,55,72,73,62,72,56,80,59,79,80,74,87,64,83,79,44,63,40,78,84,84,78,matthijs de ligt,100
Amad Diallo,CIV,"MT,AT",22,26,20,"1,901",21.1,8,6,14,8,0,0,5,0,4.7,4.7,4.9,9.6,109,60,200,0.38,0.28,0.66,0.38,0.66,0.22,0.23,0.45,0.22,0.45,amad diallo,Attack,left,173.0,GB1,40000000.0,40000000.0,https://img.a.transfermarkt.technology/portrait/header/536835-1694616776.jpg?lm=1,https://www.transfermarkt.co.uk/amad-diallo/profil/spieler/536835,amad diallo,A. Diallo,Amadou Diallo,6/21/1994,24,152.4,77.1,"ST,LM",Guinea,61,67,350000.0,1000.0,Left,1,3,2,Normal,683000.0,,,,,62,61,53,60,54,63,45,51,52,62,68,69,61,52,70,64,56,59,64,57,50,18,58,55,60,51,30,29,23,amadou diallo,92
Lisandro Martínez,ARG,DF,26,20,20,"1,751",19.5,2,1,3,2,0,0,7,0,1.3,1.3,1.1,2.4,23,117,7,0.1,0.05,0.15,0.1,0.15,0.07,0.06,0.13,0.07,0.13,lisandro martinez,Defender,left,175.0,GB1,45000000.0,50000000.0,https://img.a.transfermarkt.technology/portrait/header/480762-1680681507.jpg?lm=1,https://www.transfermarkt.co.uk/lisandro-martinez/profil/spieler/480762,lisandro martinez,L. Martínez,Lisandro Martínez,1/18/1998,21,152.4,69.9,"CB,LB",Argentina,74,82,7000000.0,8000.0,Left,1,3,3,Normal,11900000.0,,,,,32,26,70,71,29,66,32,30,72,69,67,62,60,69,74,40,75,68,65,24,70,79,56,64,42,67,76,75,73,lisandro martínez,97
Harry Maguire,ENG,DF,31,27,19,"1,758",19.5,1,0,1,1,0,0,7,0,1.8,1.8,0.6,2.4,7,51,7,0.05,0.0,0.05,0.05,0.05,0.09,0.03,0.12,0.09,0.12,harry maguire,Defender,right,194.0,GB1,15000000.0,70000000.0,https://img.a.transfermarkt.technology/portrait/header/177907-1663841733.jpg?lm=1,https://www.transfermarkt.co.uk/harry-maguire/profil/spieler/177907,harry maguire,H. Maguire,Harry Maguire,3/5/1993,26,193.04,99.8,CB,England,82,85,23500000.0,77000.0,Right,1,3,2,Stocky,46400000.0,England,82.0,LCB,6.0,44,43,87,77,41,70,38,46,72,76,39,54,52,79,58,68,74,68,89,45,84,78,61,60,44,79,81,84,81,harry maguire,100
Casemiro,BRA,MT,32,24,18,"1,494",16.6,1,0,1,1,0,0,5,0,1.9,1.9,2.3,4.2,4,84,28,0.06,0.0,0.06,0.06,0.06,0.11,0.14,0.25,0.11,0.25,casemiro,Midfield,right,185.0,GB1,12000000.0,80000000.0,https://img.a.transfermarkt.technology/portrait/header/16306-1699018876.jpg?lm=1,https://www.transfermarkt.co.uk/casemiro/profil/spieler/16306,casemiro,Casemiro,Carlos Henrique Venancio Casimiro,2/23/1992,27,185.42,83.9,CDM,Brazil,87,89,50500000.0,240000.0,Right,3,3,2,Normal,107300000.0,,,,,58,64,76,83,61,69,63,74,82,78,61,66,62,86,66,86,88,87,89,81,89,86,69,77,66,84,84,87,86,carlos henrique venancio casimiro,100
Christian Eriksen,DEN,MT,32,23,11,"1,061",11.8,1,2,3,0,1,1,4,0,1.4,0.6,3.2,3.8,13,55,29,0.08,0.17,0.25,0.0,0.17,0.12,0.27,0.39,0.05,0.32,christian eriksen,Midfield,right,182.0,GB1,6000000.0,100000000.0,https://img.a.transfermarkt.technology/portrait/header/69633-1718628122.jpg?lm=1,https://www.transfermarkt.co.uk/christian-eriksen/profil/spieler/69633,christian eriksen,C. Jakobsen,Christian Jakobsen,3/27/1993,25,187.96,83.9,LM,Denmark,65,68,675000.0,4000.0,Right,1,4,3,Lean,894000.0,,,,,62,62,61,64,43,68,57,40,53,60,74,72,76,54,48,53,71,71,79,52,37,24,66,65,52,53,38,34,19,christian jakobsen,80
Patrick Dorgu,DEN,DF,19,12,10,842,9.4,0,0,0,0,0,0,3,1,0.4,0.4,0.7,1.2,41,34,83,0.0,0.0,0.0,0.0,0.0,0.05,0.08,0.12,0.05,0.12,patrick dorgu,Defender,left,185.0,GB1,25000000.0,25000000.0,https://img.a.transfermarkt.technology/portrait/header/926952-1697182638.jpg?lm=1,https://www.transfermarkt.co.uk/patrick-dorgu/profil/spieler/926952,patrick dorgu,O. Patrick,Omari Patrick,5/24/1996,22,185.42,73.0,ST,England,59,69,250000.0,2000.0,Right,1,2,2,Lean,488000.0,,,,,40,58,51,52,43,57,48,34,45,56,77,81,68,58,64,54,65,69,68,52,52,30,54,53,52,50,19,24,22,omari patrick,82
Mason Mount,ENG,MT,25,17,8,622,6.9,1,0,1,1,0,0,3,0,3.2,3.2,0.6,3.8,15,33,41,0.14,0.0,0.14,0.14,0.14,0.47,0.08,0.55,0.47,0.55,mason mount,Midfield,right,181.0,GB1,28000000.0,75000000.0,https://img.a.transfermarkt.technology/portrait/header/346483-1683291495.jpg?lm=1,https://www.transfermarkt.co.uk/mason-mount/profil/spieler/346483,mason mount,M. Mount,Mason Mount,1/10/1999,20,152.4,64.0,"CAM,CM",England,74,86,10000000.0,34000.0,Right,1,4,3,Lean,,,,,,69,67,59,74,61,75,75,76,71,79,77,68,78,70,75,70,46,74,46,68,38,45,63,78,60,70,44,44,30,mason mount,100
Altay Bayındır,TUR,GB,26,4,4,360,4.0,0,0,0,0,0,0,0,0,0.0,0.0,0.0,0.0,0,0,0,0.0,0.0,0.0,0.0,0.0,0.0,0.0,0.0,0.0,0.0,altay bayındır,Goalkeeper,right,198.0,GB1,10000000.0,16000000.0,https://img.a.transfermarkt.technology/portrait/header/336077-1699471821.jpg?lm=1,https://www.transfermarkt.co.uk/altay-bayindir/profil/spieler/336077,altay bayındır,A. Bayındır,Altay Bayındır,4/14/1998,20,198.12,73.0,GK,Turkey,64,73,525000.0,2000.0,Right,1,2,1,Lean,1200000.0,,,,,11,10,14,27,15,10,10,14,22,14,19,23,22,45,24,18,32,25,64,11,22,14,14,35,16,49,14,13,10,altay bayındır,100
Luke Shaw,ENG,DF,29,7,4,349,3.9,0,0,0,0,0,0,1,0,0.0,0.0,0.7,0.7,7,24,7,0.0,0.0,0.0,0.0,0.0,0.01,0.18,0.19,0.01,0.19,luke shaw,Defender,left,178.0,GB1,16000000.0,42000000.0,https://img.a.transfermarkt.technology/portrait/header/183288-1668500175.jpg?lm=1,https://www.transfermarkt.co.uk/luke-shaw/profil/spieler/183288,luke shaw,L. Shaw,Luke Shaw,7/12/1995,23,154.94,74.8,LB,England,80,85,16500000.0,96000.0,Left,2,2,3,Normal,32600000.0,,,,,82,47,73,78,54,82,70,58,68,80,83,85,74,78,74,65,75,77,75,50,78,77,74,71,53,75,78,80,78,luke shaw,100
Tyrell Malacia,NED,DF,24,3,2,100,1.1,0,0,0,0,0,0,1,0,0.0,0.0,0.0,0.0,3,3,6,0.0,0.0,0.0,0.0,0.0,0.0,0.03,0.03,0.0,0.03,tyrell malacia,Defender,left,169.0,NL1,12000000.0,22000000.0,https://img.a.transfermarkt.technology/portrait/header/339340-1657096025.jpg?lm=1,https://www.transfermarkt.co.uk/tyrell-malacia/profil/spieler/339340,tyrell malacia,T. Malacia,Tyrell Malacia,8/17/1999,19,170.18,67.1,LB,Netherlands,70,80,2200000.0,3000.0,Left,1,3,3,Normal,3600000.0,,,,,64,34,42,63,36,70,36,35,52,70,85,83,80,64,83,58,81,72,67,39,78,63,60,52,46,64,65,70,74,tyrell malacia,100
Scott McTominay,SCO,MT,27,2,0,19,0.2,0,0,0,0,0,0,0,0,0.1,0.1,0.0,0.1,0,1,2,0.0,0.0,0.0,0.0,0.0,0.33,0.0,0.33,0.33,0.33,scott mctominay,Midfield,right,191.0,IT1,40000000.0,40000000.0,https://img.a.transfermarkt.technology/portrait/header/315969-1718626681.jpg?lm=1,https://www.transfermarkt.co.uk/scott-mctominay/profil/spieler/315969,scott mctominay,S. McTominay,Scott McTominay,12/8/1996,22,193.04,88.0,"CM,CDM",Scotland,71,81,3800000.0,43000.0,Right,1,3,3,Lean,8000000.0,Scotland,75.0,SUB,17.0,66,58,72,74,53,65,54,34,69,73,62,65,64,67,51,71,66,73,78,61,72,73,61,71,59,76,71,71,65,scott mctominay,100
Pedro Porro,ESP,DF,24,33,28,"2,610",29.0,2,6,8,2,0,0,5,0,1.6,1.6,5.0,6.6,65,154,109,0.07,0.21,0.28,0.07,0.28,0.06,0.17,0.23,0.06,0.23,pedro porro,Defender,right,173.0,GB1,45000000.0,45000000.0,https://img.a.transfermarkt.technology/portrait/header/553875-1730812390.jpg?lm=1,https://www.transfermarkt.co.uk/pedro-porro/profil/spieler/553875,pedro porro,Pedro Porro,Pedro Antonio Porro Sauceda,9/13/1999,19,175.26,69.9,"RWB,RB,RM",Spain,72,85,4900000.0,8000.0,Right,1,3,3,Lean,13300000.0,,,,,73,61,61,68,51,75,56,45,59,76,75,77,76,64,72,68,62,78,50,59,64,68,70,64,46,60,62,67,70,pedro antonio porro sauceda,100
Dejan Kulusevski,SWE,"MT,AT",24,32,27,"2,389",26.5,7,4,11,7,0,0,3,0,4.2,4.2,6.2,10.4,120,124,210,0.26,0.15,0.41,0.26,0.41,0.16,0.23,0.39,0.16,0.39,dejan kulusevski,Midfield,left,186.0,GB1,60000000.0,60000000.0,https://img.a.transfermarkt.technology/portrait/header/431755-1684943454.jpg?lm=1,https://www.transfermarkt.co.uk/dejan-kulusevski/profil/spieler/431755,dejan kulusevski,D. Kulusevski,Dejan Kulusevski,4/25/2000,18,185.42,74.8,CM,Sweden,61,77,525000.0,2000.0,Left,1,2,2,Normal,1200000.0,,,,,48,36,54,78,42,62,41,45,62,54,54,69,51,63,57,64,59,54,54,47,63,48,60,57,57,46,50,53,56,dejan kulusevski,100
Dominic Solanke,ENG,AT,26,27,25,"2,201",24.5,9,3,12,8,1,1,0,0,10.9,10.1,2.9,13.1,31,47,88,0.37,0.12,0.49,0.33,0.45,0.45,0.12,0.57,0.41,0.54,dominic solanke,Attack,right,186.0,GB1,45000000.0,45000000.0,https://img.a.transfermarkt.technology/portrait/header/258889-1708340487.jpg?lm=1,https://www.transfermarkt.co.uk/dominic-solanke/profil/spieler/258889,dominic solanke,D. Solanke,Dominic Solanke,9/14/1997,21,187.96,79.8,ST,England,70,84,3900000.0,25000.0,Right,1,3,3,Lean,9900000.0,,,,,54,71,64,70,65,73,54,42,58,75,67,70,69,63,67,73,67,65,72,57,34,22,67,63,71,64,20,15,22,dominic solanke,100
Guglielmo Vicario,ITA,GB,27,24,24,"2,160",24.0,0,0,0,0,0,0,1,0,0.0,0.0,0.0,0.0,0,1,0,0.0,0.0,0.0,0.0,0.0,0.0,0.0,0.0,0.0,0.0,guglielmo vicario,Goalkeeper,right,194.0,GB1,35000000.0,35000000.0,https://img.a.transfermarkt.technology/portrait/header/286047-1725874745.jpg?lm=1,https://www.transfermarkt.co.uk/guglielmo-vicario/profil/spieler/286047,guglielmo vicario,G. Vicario,Guglielmo Vicario,10/7/1996,22,187.96,76.2,GK,Italy,62,71,350000.0,1000.0,Right,1,1,1,Lean,613000.0,,,,,11,6,11,27,7,12,14,10,27,14,25,27,31,56,32,22,48,18,52,5,17,15,8,44,13,51,23,11,13,guglielmo vicario,100
James Maddison,ENG,MT,27,31,21,"1,809",20.1,9,7,16,9,0,0,6,0,5.8,5.8,4.2,10.0,45,164,95,0.45,0.35,0.8,0.45,0.8,0.29,0.21,0.5,0.29,0.5,james maddison,Midfield,right,175.0,GB1,50000000.0,70000000.0,https://img.a.transfermarkt.technology/portrait/header/294057-1687982662.jpg?lm=1,https://www.transfermarkt.co.uk/james-maddison/profil/spieler/294057,james maddison,J. Maddison,James Maddison,11/23/1996,22,175.26,73.0,"CAM,LM",England,77,85,13000000.0,45000.0,Right,1,4,4,Lean,27300000.0,England,82.0,SUB,22.0,76,69,30,78,69,77,78,79,73,82,77,74,85,68,78,82,54,67,40,73,56,45,69,81,74,76,37,40,34,james maddison,100
Rodrigo Bentancur,URU,MT,27,26,21,"1,645",18.3,2,0,2,2,0,0,9,0,1.3,1.3,0.4,1.7,28,100,34,0.11,0.0,0.11,0.11,0.11,0.07,0.02,0.1,0.07,0.1,rodrigo bentancur,Midfield,right,187.0,GB1,30000000.0,50000000.0,https://img.a.transfermarkt.technology/portrait/header/354362-1740605779.jpg?lm=1,https://www.transfermarkt.co.uk/rodrigo-bentancur/profil/spieler/354362,rodrigo bentancur,R. Bentancur,Rodrigo Bentancur Colmán,6/25/1997,21,187.96,72.1,CM,Uruguay,78,90,18500000.0,66000.0,Right,1,3,4,Lean,34200000.0,Uruguay,81.0,RCM,6.0,58,53,62,85,45,84,46,49,77,85,69,75,68,74,68,63,74,87,67,62,66,66,60,76,50,80,74,72,64,rodrigo bentancur colmán,85
Djed Spence,ENG,DF,23,25,19,"1,792",19.9,1,2,3,1,0,0,4,1,0.6,0.6,1.8,2.3,59,105,70,0.05,0.1,0.15,0.05,0.15,0.03,0.09,0.12,0.03,0.12,djed spence,Defender,right,184.0,GB1,15000000.0,15000000.0,https://img.a.transfermarkt.technology/portrait/header/483348-1596807960.jpg?lm=1,https://www.transfermarkt.co.uk/djed-spence/profil/spieler/483348,djed spence,D. Spence,Djed Spence,8/9/2000,18,182.88,71.2,RB,England,57,77,180000.0,3000.0,Right,1,3,2,Lean,522000.0,,,,,54,23,40,43,27,49,49,28,29,51,79,79,69,55,61,30,60,62,54,24,44,54,49,32,37,48,55,56,54,djed spence,100
Cristian Romero,ARG,DF,26,18,18,"1,416",15.7,1,0,1,1,0,0,3,0,1.6,1.6,0.6,2.2,12,71,3,0.06,0.0,0.06,0.06,0.06,0.1,0.04,0.14,0.1,0.14,cristian romero,Defender,right,185.0,GB1,55000000.0,65000000.0,https://img.a.transfermarkt.technology/portrait/header/355915-1665609429.jpg?lm=1,https://www.transfermarkt.co.uk/cristian-romero/profil/spieler/355915,cristian romero,Cristian Rivero,Cristian Rivero Sabater,3/21/1998,20,187.96,74.8,GK,Spain,67,77,950000.0,5000.0,Right,1,3,1,Lean,2200000.0,,,,,14,7,10,22,9,8,11,14,23,17,25,29,38,62,40,16,65,23,55,8,24,15,6,34,18,47,14,10,11,cristian rivero sabater,87
Yves Bissouma,MLI,MT,27,28,16,"1,408",15.6,2,0,2,2,0,0,7,0,0.6,0.6,0.3,0.9,15,75,3,0.13,0.0,0.13,0.13,0.13,0.04,0.02,0.06,0.04,0.06,yves bissouma,Midfield,right,182.0,GB1,28000000.0,35000000.0,https://img.a.transfermarkt.technology/portrait/header/410425-1665607355.jpg?lm=1,https://www.transfermarkt.co.uk/yves-bissouma/profil/spieler/410425,yves bissouma,Y. Bissouma,Yves Bissouma,8/30/1996,22,182.88,79.8,"CM,CDM,RM",Mali,73,83,6500000.0,26000.0,Right,1,3,4,Normal,13700000.0,,,,,65,52,60,74,38,76,62,75,70,74,75,71,72,70,78,82,59,64,69,74,68,71,67,74,58,72,67,75,71,yves bissouma,100
Ben Davies,WAL,DF,31,17,14,"1,331",14.8,0,0,0,0,0,0,5,0,0.3,0.3,0.2,0.5,14,52,6,0.0,0.0,0.0,0.0,0.0,0.02,0.01,0.03,0.02,0.03,ben davies,Defender,left,181.0,GB1,8000000.0,25000000.0,https://img.a.transfermarkt.technology/portrait/header/192765-1668520095.jpg?lm=1,https://www.transfermarkt.co.uk/ben-davies/profil/spieler/192765,ben davies,B. Davies,Ben Davies,8/11/1995,23,185.42,73.9,CB,England,71,79,3000000.0,8000.0,Left,1,3,2,Lean,6300000.0,,,,,61,36,68,65,43,57,44,40,63,62,73,70,61,65,63,42,75,70,75,39,65,68,33,33,48,68,72,72,70,ben davies,100
Ben Davies,WAL,DF,31,17,14,"1,331",14.8,0,0,0,0,0,0,5,0,0.3,0.3,0.2,0.5,14,52,6,0.0,0.0,0.0,0.0,0.0,0.02,0.01,0.03,0.02,0.03,ben davies,Defender,left,185.0,SC1,3000000.0,3500000.0,https://img.a.transfermarkt.technology/portrait/header/257097-1551181028.jpg?lm=1,https://www.transfermarkt.co.uk/ben-davies/profil/spieler/257097,ben davies,B. Davies,Ben Davies,8/11/1995,23,185.42,73.9,CB,England,71,79,3000000.0,8000.0,Left,1,3,2,Lean,6300000.0,,,,,61,36,68,65,43,57,44,40,63,62,73,70,61,65,63,42,75,70,75,39,65,68,33,33,48,68,72,72,70,ben davies,100
Kevin Danso,AUT,DF,25,10,9,842,9.4,0,0,0,0,0,0,0,0,0.4,0.4,0.1,0.5,11,19,1,0.0,0.0,0.0,0.0,0.0,0.04,0.01,0.05,0.04,0.05,kevin danso,Defender,right,190.0,GB1,25000000.0,25000000.0,https://img.a.transfermarkt.technology/portrait/header/263236-1691217955.png?lm=1,https://www.transfermarkt.co.uk/kevin-danso/profil/spieler/263236,kevin danso,K. Danso,Kevin Danso,9/19/1998,20,190.5,88.9,CB,Austria,70,79,2300000.0,5000.0,Right,1,3,2,Normal,4600000.0,,,,,39,26,74,49,31,47,35,31,44,56,55,73,64,62,51,49,67,55,79,25,73,62,28,35,39,59,69,74,71,kevin danso,100
Fraser Forster,ENG,GB,36,7,7,630,7.0,0,0,0,0,0,0,0,0,0.0,0.0,0.0,0.0,0,0,0,0.0,0.0,0.0,0.0,0.0,0.0,0.0,0.0,0.0,0.0,fraser forster,Goalkeeper,right,201.0,GB1,1200000.0,15000000.0,https://img.a.transfermarkt.technology/portrait/header/52570-1676412801.jpg?lm=1,https://www.transfermarkt.co.uk/fraser-forster/profil/spieler/52570,fraser forster,F. Forster,Fraser Forster,3/17/1988,30,200.66,93.0,GK,England,74,74,3600000.0,29000.0,Right,2,5,1,Normal,6900000.0,,,,,19,13,13,27,19,20,10,19,19,33,26,35,32,69,42,36,59,29,80,12,40,22,13,44,22,56,11,13,12,fraser forster,100
Richarlison,BRA,AT,27,15,4,504,5.6,4,1,5,4,0,0,2,0,3.7,3.7,0.9,4.6,8,11,22,0.71,0.18,0.89,0.71,0.89,0.66,0.16,0.82,0.66,0.82,richarlison,Attack,right,184.0,GB1,25000000.0,65000000.0,https://img.a.transfermarkt.technology/portrait/header/378710-1665608231.jpg?lm=1,https://www.transfermarkt.co.uk/richarlison/profil/spieler/378710,richarlison,Richarlison,Richarlison de Andrade,5/10/1997,21,154.94,71.2,"ST,LW,LM",Brazil,80,86,21000000.0,84000.0,Right,1,5,4,Normal,44100000.0,,,,,69,79,75,75,64,84,71,65,59,80,83,86,78,78,74,80,80,78,77,64,82,35,79,72,69,78,46,44,36,richarlison de andrade,100
Sergio Reguilón,ESP,DF,27,4,1,196,2.2,0,0,0,0,0,0,2,0,0.1,0.1,0.0,0.1,5,13,12,0.0,0.0,0.0,0.0,0.0,0.05,0.01,0.07,0.05,0.07,sergio reguilon,Defender,left,178.0,GB1,8000000.0,28000000.0,https://img.a.transfermarkt.technology/portrait/header/282429-1705521655.jpg?lm=1,https://www.transfermarkt.co.uk/sergio-reguilon/profil/spieler/282429,sergio reguilon,Sergio Gil,Sergio Gil Latorre,5/10/1996,22,182.88,68.0,"CDM,CM,CAM",Spain,66,74,825000.0,2000.0,Left,1,2,3,Lean,1500000.0,,,,,72,45,60,73,47,66,59,47,70,71,66,61,69,60,68,59,63,60,58,51,66,63,62,67,57,61,45,67,65,sergio gil latorre,80
Brandon Austin,ENG,GB,25,1,1,90,1.0,0,0,0,0,0,0,0,0,0.0,0.0,0.0,0.0,0,0,0,0.0,0.0,0.0,0.0,0.0,0.0,0.0,0.0,0.0,0.0,brandon austin,Goalkeeper,right,188.0,GB1,600000.0,600000.0,https://img.a.transfermarkt.technology/portrait/header/428016-1737735261.jpg?lm=1,https://www.transfermarkt.co.uk/brandon-austin/profil/spieler/428016,brandon austin,A. Obando,Agustín Obando,3/11/2000,18,175.26,68.0,LW,Argentina,56,76,190000.0,2000.0,Left,1,2,2,Normal,456000.0,,,,,59,59,49,48,50,66,45,42,39,59,64,65,55,38,70,70,47,42,44,45,30,18,51,45,61,49,20,35,33,agustín obando,81
Jamie Vardy,ENG,AT,37,35,35,"2,823",31.4,9,4,13,8,1,2,5,0,11.2,9.6,3.0,12.6,29,22,120,0.29,0.13,0.41,0.26,0.38,0.36,0.1,0.45,0.31,0.4,jamie vardy,Attack,right,179.0,GB1,1000000.0,20000000.0,https://img.a.transfermarkt.technology/portrait/header/197838-1683031278.jpg?lm=1,https://www.transfermarkt.co.uk/jamie-vardy/profil/spieler/197838,jamie vardy,J. Vardy,Jamie Vardy,1/11/1987,32,152.4,73.9,ST,England,82,82,20000000.0,96000.0,Right,3,3,3,Lean,38000000.0,,,,,64,85,69,65,82,76,60,57,48,76,89,90,75,87,76,85,76,85,67,67,88,49,85,72,81,82,56,52,51,jamie vardy,100
James Justin,ENG,DF,26,36,34,"2,912",32.4,2,2,4,2,0,0,6,0,1.5,1.5,0.8,2.3,39,91,96,0.06,0.06,0.12,0.06,0.12,0.05,0.03,0.07,0.05,0.07,james justin,Defender,both,183.0,GB1,15000000.0,25000000.0,https://img.a.transfermarkt.technology/portrait/header/413220-1600097627.jpg?lm=1,https://www.transfermarkt.co.uk/james-justin/profil/spieler/413220,james justin,J. Justin,James Justin,2/23/1998,21,182.88,71.2,"LB,RB",England,67,81,1500000.0,3000.0,Right,1,4,3,Lean,3600000.0,,,,,66,49,59,64,32,67,34,50,59,65,74,77,70,59,69,45,56,75,63,37,52,62,61,56,38,58,63,66,63,james justin,100
Wout Faes,BEL,DF,26,34,30,"2,815",31.3,1,0,1,1,0,0,4,0,1.5,1.5,0.1,1.6,12,86,1,0.03,0.0,0.03,0.03,0.03,0.05,0.0,0.05,0.05,0.05,wout faes,Defender,right,187.0,GB1,20000000.0,20000000.0,https://img.a.transfermarkt.technology/portrait/header/292808-1668080038.jpg?lm=1,https://www.transfermarkt.co.uk/wout-faes/profil/spieler/292808,wout faes,W. Faes,Wout Faes,4/3/1998,20,185.42,81.2,"CB,CDM",Belgium,70,79,2400000.0,6000.0,Right,1,3,2,Normal,4100000.0,,,,,31,29,70,68,23,52,21,35,64,63,66,66,50,63,64,46,72,65,78,26,72,65,38,42,42,58,70,69,71,wout faes,100
Mads Hermansen,DEN,GB,24,27,27,"2,385",26.5,0,0,0,0,0,0,1,0,0.0,0.0,0.0,0.0,0,1,0,0.0,0.0,0.0,0.0,0.0,0.0,0.0,0.0,0.0,0.0,mads hermansen,Goalkeeper,right,187.0,GB1,15000000.0,15000000.0,https://img.a.transfermarkt.technology/portrait/header/400536-1707386039.jpg?lm=1,https://www.transfermarkt.co.uk/mads-hermansen/profil/spieler/400536,mads hermansen,M. Hermansen,Mads Hermansen,7/11/2000,18,185.42,79.8,GK,Denmark,51,65,60000.0,1000.0,Right,1,3,1,Normal,113000.0,,,,,13,9,11,26,9,11,11,14,27,13,32,30,28,41,49,16,64,26,48,6,21,14,7,23,15,25,7,10,13,mads hermansen,100
Boubakary Soumaré,FRA,MT,25,31,25,"2,171",24.1,0,0,0,0,0,0,8,0,0.3,0.3,0.4,0.7,34,105,23,0.0,0.0,0.0,0.0,0.0,0.01,0.02,0.03,0.01,0.03,boubakary soumare,Midfield,right,188.0,GB1,14000000.0,28000000.0,https://img.a.transfermarkt.technology/portrait/header/344605-1591172562.jpg?lm=1,https://www.transfermarkt.co.uk/boubakary-soumare/profil/spieler/344605,boubakary soumare,B. Soumaré,Boubakary Soumaré,2/27/1999,20,187.96,82.1,CM,France,64,79,950000.0,3000.0,Right,1,3,3,Lean,2400000.0,,,,,56,42,60,65,50,70,59,50,64,69,71,72,64,60,64,64,68,62,74,55,65,63,55,61,50,59,65,65,59,boubakary soumaré,97
Conor Coady,ENG,DF,31,22,19,"1,714",19.0,1,0,1,1,0,0,3,0,0.4,0.4,0.1,0.5,3,32,0,0.05,0.0,0.05,0.05,0.05,0.02,0.0,0.03,0.02,0.03,conor coady,Defender,right,185.0,GB1,3000000.0,25000000.0,https://img.a.transfermarkt.technology/portrait/header/128901-1668090438.jpg?lm=1,https://www.transfermarkt.co.uk/conor-coady/profil/spieler/128901,conor coady,C. Coady,Conor  Coady,2/25/1993,26,185.42,79.8,CB,England,74,77,6000000.0,46000.0,Right,1,3,2,Normal,11900000.0,,,,,59,52,66,77,55,61,58,59,79,69,45,46,48,77,52,69,73,74,75,63,71,76,55,71,60,77,79,74,73,conor  coady,100
Harry Winks,ENG,MT,28,22,17,"1,538",17.1,0,2,2,0,0,0,4,0,0.2,0.2,1.2,1.5,19,101,11,0.0,0.12,0.12,0.0,0.12,0.01,0.07,0.09,0.01,0.09,harry winks,Midfield,right,178.0,GB1,10000000.0,40000000.0,https://img.a.transfermarkt.technology/portrait/header/249126-1663679564.jpg?lm=1,https://www.transfermarkt.co.uk/harry-winks/profil/spieler/249126,harry winks,H. Winks,Harry Winks,2/2/1996,23,175.26,73.9,"CM,CDM",England,79,86,17500000.0,77000.0,Right,1,3,3,Normal,35900000.0,England,82.0,SUB,17.0,65,54,50,83,50,79,73,60,78,81,75,70,79,79,83,63,51,83,63,62,61,73,64,80,51,82,72,74,67,harry winks,100
Jannik Vestergaard,DEN,DF,31,18,16,"1,391",15.5,0,0,0,0,0,0,5,0,0.1,0.1,0.1,0.2,3,32,2,0.0,0.0,0.0,0.0,0.0,0.01,0.01,0.01,0.01,0.01,jannik vestergaard,Defender,both,199.0,GB1,3000000.0,20000000.0,https://img.a.transfermarkt.technology/portrait/header/99331-1701083132.jpg?lm=1,https://www.transfermarkt.co.uk/jannik-vestergaard/profil/spieler/99331,jannik vestergaard,J. Vestergaard,Jannik Vestergaard,8/3/1992,26,198.12,98.0,CB,Denmark,79,80,12500000.0,48000.0,Right,2,4,2,Normal,24700000.0,Denmark,78.0,SUB,3.0,46,34,85,67,28,44,41,52,80,54,35,38,29,78,28,83,33,54,91,47,84,83,46,60,75,77,77,83,77,jannik vestergaard,100
Luke Thomas,ENG,DF,23,14,13,"1,110",12.3,0,0,0,0,0,0,3,0,0.4,0.4,0.5,0.9,5,37,16,0.0,0.0,0.0,0.0,0.0,0.03,0.04,0.07,0.03,0.07,luke thomas,Defender,left,181.0,GB1,6000000.0,12000000.0,https://img.a.transfermarkt.technology/portrait/header/505194-1687975540.jpg?lm=1,https://www.transfermarkt.co.uk/luke-thomas/profil/spieler/505194,luke thomas,L. Thomas,Luke Thomas,2/19/1999,20,167.64,66.2,RM,England,62,76,650000.0,3000.0,Right,1,2,3,Lean,,,,,,50,49,45,52,38,68,35,32,35,67,81,83,76,60,78,50,69,62,49,53,35,32,64,55,55,52,29,17,17,luke thomas,100
Oliver Skipp,ENG,MT,23,24,10,"1,129",12.5,0,0,0,0,0,0,8,0,0.4,0.4,0.3,0.6,16,35,19,0.0,0.0,0.0,0.0,0.0,0.03,0.02,0.05,0.03,0.05,oliver skipp,Midfield,right,175.0,GB1,12000000.0,20000000.0,https://img.a.transfermarkt.technology/portrait/header/406638-1738824198.jpg?lm=1,https://www.transfermarkt.co.uk/oliver-skipp/profil/spieler/406638,oliver skipp,O. Skipp,Oliver Skipp,9/16/2000,18,175.26,69.9,"CDM,CM",England,64,83,800000.0,6000.0,Right,1,3,2,Normal,2000000.0,,,,,52,38,51,70,35,58,48,42,64,63,64,65,57,60,61,55,61,74,61,38,67,61,44,52,54,54,58,63,57,oliver skipp,100
Ricardo Pereira,POR,DF,30,10,4,388,4.3,0,0,0,0,0,0,1,0,0.1,0.1,0.0,0.1,3,18,5,0.0,0.0,0.0,0.0,0.0,0.02,0.0,0.02,0.02,0.02,ricardo pereira,Defender,right,175.0,GB1,5000000.0,40000000.0,https://img.a.transfermarkt.technology/portrait/header/215876-1720192308.jpg?lm=1,https://www.transfermarkt.co.uk/ricardo-pereira/profil/spieler/215876,ricardo pereira,Ricardo Pereira,Ricardo Barbosa Pereira,10/6/1993,25,175.26,69.9,"RB,RM",Portugal,81,84,18500000.0,64000.0,Right,3,4,3,Lean,36500000.0,,,,,81,62,64,80,56,83,78,45,78,79,88,87,82,81,77,68,74,84,60,62,75,81,75,76,60,81,76,83,76,ricardo barbosa pereira,100
Danny Ward,WAL,GB,31,2,1,135,1.5,0,0,0,0,0,0,0,0,0.0,0.0,0.0,0.0,0,0,0,0.0,0.0,0.0,0.0,0.0,0.0,0.0,0.0,0.0,0.0,danny ward,Goalkeeper,right,191.0,GB1,1500000.0,10000000.0,https://img.a.transfermarkt.technology/portrait/header/203026-1668070552.jpg?lm=1,https://www.transfermarkt.co.uk/danny-ward/profil/spieler/203026,danny ward,D. Ward,Danny Ward,12/9/1990,28,154.94,72.1,ST,England,69,69,1100000.0,22000.0,Left,1,4,3,Normal,2200000.0,,,,,63,69,65,62,64,67,60,63,61,66,73,73,69,66,68,75,90,72,70,67,54,23,68,63,64,63,36,33,32,danny ward,100
Woyo Coulibaly,MLI,DF,25,4,1,109,1.2,0,0,0,0,0,0,1,0,0.0,0.0,0.0,0.0,4,3,2,0.0,0.0,0.0,0.0,0.0,0.04,0.0,0.04,0.04,0.04,woyo coulibaly,Defender,both,182.0,GB1,2000000.0,2000000.0,https://img.a.transfermarkt.technology/portrait/header/592975-1725530223.jpg?lm=1,https://www.transfermarkt.co.uk/woyo-coulibaly/profil/spieler/592975,woyo coulibaly,Y. Coulibaly,Yacouba Coulibaly,10/2/1994,24,175.26,68.0,LB,Burkina Faso,68,74,1000000.0,3000.0,Left,1,3,3,Normal,2000000.0,,,,,62,41,44,61,31,67,30,31,55,63,81,80,85,58,86,43,60,90,60,45,70,63,46,37,40,52,63,68,65,yacouba coulibaly,88
Odsonne Édouard,FRA,AT,26,4,0,29,0.3,0,0,0,0,0,0,0,0,0.0,0.0,0.0,0.0,0,1,2,0.0,0.0,0.0,0.0,0.0,0.0,0.13,0.13,0.0,0.13,odsonne edouard,Attack,right,187.0,GB1,10000000.0,20000000.0,https://img.a.transfermarkt.technology/portrait/header/344152-1598301744.jpg?lm=1,https://www.transfermarkt.co.uk/odsonne-edouard/profil/spieler/344152,odsonne edouard,O. Edouard,Odsonne Edouard,1/1/1998,21,187.96,83.0,ST,France,73,84,7000000.0,32000.0,Right,1,3,3,Normal,14000000.0,,,,,52,73,68,68,64,76,69,55,48,74,88,82,72,66,73,73,67,70,76,65,64,35,70,68,69,68,44,40,28,odsonne edouard,100
Michael Golding,ENG,MT,18,1,0,1,0.0,0,0,0,0,0,0,0,0,0.0,0.0,0.0,0.0,0,0,0,0.0,0.0,0.0,0.0,0.0,0.0,0.0,0.0,0.0,0.0,michael golding,Midfield,right,180.0,GB1,2000000.0,2000000.0,https://img.a.transfermarkt.technology/portrait/header/936842-1715156410.jpg?lm=1,https://www.transfermarkt.co.uk/michael-golding/profil/spieler/936842,michael golding,M. Lang,Michael Lang,2/8/1991,28,185.42,78.9,"RB,RM",Switzerland,77,77,7500000.0,26000.0,Right,1,4,3,Normal,12800000.0,Switzerland,77.0,SUB,6.0,78,71,80,74,68,63,45,55,73,74,69,76,66,67,57,72,80,85,79,66,69,75,67,55,59,71,75,78,77,michael lang,81
Dara O'Shea,IRL,DF,25,35,35,"3,122",34.7,0,2,2,0,0,0,6,0,1.3,1.3,0.5,1.8,3,80,8,0.0,0.06,0.06,0.0,0.06,0.04,0.01,0.05,0.04,0.05,dara o'shea,Defender,right,189.0,GB1,14000000.0,14000000.0,https://img.a.transfermarkt.technology/portrait/header/401320-1632909442.jpg?lm=1,https://www.transfermarkt.co.uk/dara-oshea/profil/spieler/401320,dara o'shea,D. O'Shea,Dara O'Shea,3/4/1999,20,182.88,64.9,CB,Republic of Ireland,61,73,375000.0,2000.0,Right,1,3,2,Normal,,,,,,34,30,58,46,30,42,37,28,40,49,62,65,53,52,56,48,74,69,73,22,55,60,27,35,45,51,61,62,61,dara o'shea,100
Leif Davis,ENG,DF,24,33,32,"2,743",30.5,1,2,3,1,0,0,5,1,1.0,1.0,4.9,5.8,52,59,137,0.03,0.07,0.1,0.03,0.1,0.03,0.16,0.19,0.03,0.19,leif davis,Defender,left,182.0,GB1,25000000.0,25000000.0,https://img.a.transfermarkt.technology/portrait/header/596446-1738823882.jpg?lm=1,https://www.transfermarkt.co.uk/leif-davis/profil/spieler/596446,leif davis,L. Davis,Leif Davis,1/12/2000,19,175.26,64.9,LB,England,57,74,190000.0,2000.0,Left,1,2,2,Lean,480000.0,,,,,54,31,43,51,27,54,32,30,43,46,71,70,63,55,67,24,59,59,48,30,50,58,40,32,42,39,49,59,56,leif davis,100
Sam Morsy,EGY,MT,32,33,31,"2,751",30.6,1,1,2,1,0,0,10,0,0.4,0.4,1.2,1.6,22,120,13,0.03,0.03,0.07,0.03,0.07,0.01,0.04,0.05,0.01,0.05,sam morsy,Midfield,right,175.0,GB1,900000.0,1500000.0,https://img.a.transfermarkt.technology/portrait/header/123551-1658821486.jpg?lm=1,https://www.transfermarkt.co.uk/sam-morsy/profil/spieler/123551,sam morsy,S. Morsy,Sam Morsy,9/10/1991,27,172.72,74.8,"CDM,CM",Egypt,70,71,1700000.0,26000.0,Right,1,3,3,Normal,3400000.0,Egypt,73.0,SUB,5.0,52,53,47,70,49,69,39,55,67,66,65,67,81,70,78,60,80,73,77,60,81,68,60,68,44,76,66,67,58,sam morsy,100
Omari Hutchinson,ENG,"MT,AT",20,31,30,"2,583",28.7,3,2,5,3,0,0,5,0,2.9,2.9,3.5,6.4,97,75,159,0.1,0.07,0.17,0.1,0.17,0.1,0.12,0.22,0.1,0.22,omari hutchinson,Midfield,left,174.0,GB1,22000000.0,22000000.0,https://img.a.transfermarkt.technology/portrait/header/741238-1646905031.jpg?lm=1,https://www.transfermarkt.co.uk/omari-hutchinson/profil/spieler/741238,omari hutchinson,R. Hutchinson,Reece Hutchinson,4/14/2000,18,152.4,74.8,LB,England,59,77,290000.0,1000.0,Left,1,3,2,Lean,689000.0,,,,,58,22,44,54,24,57,29,31,37,55,71,68,58,55,66,24,62,69,58,24,50,53,44,33,35,42,54,58,56,reece hutchinson,86
Axel Tuanzebe,COD,DF,26,22,20,"1,710",19.0,0,1,1,0,0,0,5,1,0.2,0.2,0.3,0.5,10,61,15,0.0,0.05,0.05,0.0,0.05,0.01,0.02,0.03,0.01,0.03,axel tuanzebe,Defender,right,185.0,GB1,5000000.0,10000000.0,https://img.a.transfermarkt.technology/portrait/header/342046-1641553669.jpg?lm=1,https://www.transfermarkt.co.uk/axel-tuanzebe/profil/spieler/342046,axel tuanzebe,A. Tuanzebe,Axel Tuanzebe,11/14/1997,21,185.42,72.1,"CB,RB",England,72,83,4700000.0,43000.0,Right,1,3,3,Normal,,,,,,52,26,66,72,41,68,45,37,68,69,78,79,70,70,64,46,73,75,75,34,72,68,41,55,50,70,71,72,73,axel tuanzebe,100
Arijanet Muric,KVX,GB,25,18,18,"1,620",18.0,0,0,0,0,0,0,1,0,0.0,0.0,0.0,0.0,0,1,0,0.0,0.0,0.0,0.0,0.0,0.0,0.0,0.0,0.0,0.0,arijanet muric,Goalkeeper,right,198.0,GB1,6000000.0,12000000.0,https://img.a.transfermarkt.technology/portrait/header/371021-1685718424.jpg?lm=1,https://www.transfermarkt.co.uk/arijanet-muric/profil/spieler/371021,arijanet muric,A. Muric,Arijanet Muric,11/7/1998,20,198.12,81.2,GK,Kosovo,64,81,800000.0,4000.0,Right,1,2,1,Normal,2000000.0,,,,,13,12,10,34,16,18,18,11,39,26,44,46,38,51,40,21,62,29,68,14,24,18,11,40,18,51,12,12,13,arijanet muric,100
Cameron Burgess,AUS,DF,28,18,16,"1,541",17.1,0,2,2,0,0,0,0,0,1.1,1.1,0.5,1.6,2,42,4,0.0,0.12,0.12,0.0,0.12,0.06,0.03,0.09,0.06,0.09,cameron burgess,Defender,left,194.0,GB1,2500000.0,2500000.0,https://img.a.transfermarkt.technology/portrait/header/255788-1664180001.jpg?lm=1,https://www.transfermarkt.co.uk/cameron-burgess/profil/spieler/255788,cameron burgess,C. Burgess,Cameron Burgess,10/21/1995,23,193.04,81.2,CB,Australia,63,70,450000.0,2000.0,Left,1,2,2,Normal,878000.0,,,,,34,21,65,54,24,38,27,31,43,45,42,50,28,53,35,42,75,71,76,26,60,60,36,38,42,60,62,64,63,cameron burgess,100
Kalvin Phillips,ENG,MT,28,19,14,"1,237",13.7,0,0,0,0,0,0,6,1,0.4,0.4,0.2,0.7,4,51,4,0.0,0.0,0.0,0.0,0.0,0.03,0.02,0.05,0.03,0.05,kalvin phillips,Midfield,right,179.0,GB1,15000000.0,50000000.0,https://img.a.transfermarkt.technology/portrait/header/351749-1661978510.jpg?lm=1,https://www.transfermarkt.co.uk/kalvin-phillips/profil/spieler/351749,kalvin phillips,K. Phillips,Kalvin Phillips,12/2/1995,23,152.4,72.1,"CDM,CB",England,74,80,6500000.0,29000.0,Right,1,3,3,Stocky,13700000.0,,,,,57,64,62,71,55,64,52,67,73,71,66,67,68,68,70,75,78,84,83,66,83,71,66,65,58,74,69,74,69,kalvin phillips,100
Alex Palmer,ENG,GB,27,13,13,"1,170",13.0,0,0,0,0,0,0,2,0,0.0,0.0,0.0,0.0,0,1,0,0.0,0.0,0.0,0.0,0.0,0.0,0.0,0.0,0.0,0.0,alex palmer,Goalkeeper,right,191.0,GB1,1200000.0,1200000.0,https://img.a.transfermarkt.technology/portrait/header/245625-1632908899.jpg?lm=1,https://www.transfermarkt.co.uk/alex-palmer/profil/spieler/245625,alex palmer,L. Palmer,Liam Palmer,9/19/1991,27,187.96,81.2,"RB,RWB",Scotland,66,66,550000.0,8000.0,Right,1,2,3,Normal,1000000.0,,,,,63,54,59,64,52,63,58,60,63,64,74,78,76,64,67,64,61,73,71,62,69,63,56,63,58,64,50,66,62,liam palmer,84
Luke Woolfenden,ENG,DF,25,15,12,"1,187",13.2,0,0,0,0,0,0,2,0,0.0,0.0,0.0,0.0,7,15,0,0.0,0.0,0.0,0.0,0.0,0.0,0.0,0.0,0.0,0.0,luke woolfenden,Defender,right,193.0,GB1,2000000.0,2000000.0,https://img.a.transfermarkt.technology/portrait/header/527425-1664180037.jpg?lm=1,https://www.transfermarkt.co.uk/luke-woolfenden/profil/spieler/527425,luke woolfenden,L. Woolfenden,Luke Woolfenden,10/21/1998,20,182.88,69.9,"CB,RB",England,61,70,325000.0,1000.0,Right,1,2,2,Normal,,,,,,51,21,64,58,26,22,31,29,54,56,64,64,52,53,58,41,68,55,72,23,55,57,28,30,42,54,59,62,57,luke woolfenden,100
Julio Enciso,PAR,"MT,AT",20,13,12,869,9.7,2,3,5,2,0,0,3,0,1.7,1.7,1.4,3.1,23,28,44,0.21,0.31,0.52,0.21,0.52,0.18,0.14,0.32,0.18,0.32,julio enciso,Midfield,right,173.0,GB1,22000000.0,22000000.0,https://img.a.transfermarkt.technology/portrait/header/660867-1669388786.jpg?lm=1,https://www.transfermarkt.co.uk/julio-enciso/profil/spieler/660867,julio enciso,Enzio Julião,Enzio Leandro Julião Morrinhos,2/29/1984,35,185.42,78.0,ST,Brazil,68,68,475000.0,6000.0,Right,1,3,3,Normal,903000.0,,,,,37,70,65,63,59,66,47,48,51,69,71,76,72,65,68,58,59,72,67,62,58,32,72,68,61,72,17,39,42,enzio leandro julião morrinhos,87
Conor Chaplin,ENG,"MT,AT",27,22,10,857,9.5,1,1,2,1,0,0,2,0,1.5,1.5,0.7,2.2,13,29,23,0.11,0.11,0.21,0.11,0.21,0.16,0.07,0.23,0.16,0.23,conor chaplin,Attack,left,168.0,GB1,8000000.0,8000000.0,https://img.a.transfermarkt.technology/portrait/header/349503-1612349000.jpg?lm=1,https://www.transfermarkt.co.uk/conor-chaplin/profil/spieler/349503,conor chaplin,C. Chaplin,Conor Chaplin,2/16/1997,22,167.64,68.9,"ST,CF,CAM",England,65,75,875000.0,3000.0,Left,1,3,3,Normal,1700000.0,,,,,48,68,50,56,55,61,60,52,51,62,85,80,87,61,77,67,75,72,63,62,45,30,61,55,55,65,25,33,40,conor chaplin,100
Nathan Broadhead,WAL,"MT,AT",26,18,7,702,7.8,2,0,2,2,0,0,1,0,1.7,1.7,0.7,2.4,20,14,33,0.26,0.0,0.26,0.26,0.26,0.22,0.09,0.31,0.22,0.31,nathan broadhead,Attack,right,178.0,GB1,5000000.0,5000000.0,https://img.a.transfermarkt.technology/portrait/header/344009-1629189855.jpg?lm=1,https://www.transfermarkt.co.uk/nathan-broadhead/profil/spieler/344009,nathan broadhead,N. Broadhead,Nathan Broadhead,4/5/1998,20,152.4,73.0,"RW,RM",Wales,58,76,280000.0,8000.0,Right,1,4,3,Lean,707000.0,,,,,53,59,52,54,60,62,60,42,42,60,63,65,69,42,71,65,53,63,55,62,38,26,52,55,61,55,30,28,30,nathan broadhead,100
Christian Walton,ENG,GB,28,7,7,630,7.0,0,0,0,0,0,0,0,0,0.0,0.0,0.0,0.0,0,0,0,0.0,0.0,0.0,0.0,0.0,0.0,0.0,0.0,0.0,0.0,christian walton,Goalkeeper,left,195.0,GB1,1500000.0,1500000.0,https://img.a.transfermarkt.technology/portrait/header/208379-1720189930.jpg?lm=1,https://www.transfermarkt.co.uk/christian-walton/profil/spieler/208379,christian walton,C. Walton,Christian Walton,11/9/1995,23,195.58,74.8,GK,England,70,79,2100000.0,15000.0,Left,1,2,1,Normal,,,,,,13,20,15,24,18,19,11,11,22,19,37,33,32,59,29,25,43,22,38,14,20,11,7,39,23,35,10,11,14,christian walton,100
Jack Taylor,IRL,MT,26,32,4,860,9.6,1,0,1,1,0,0,4,0,0.7,0.7,0.5,1.3,11,43,23,0.1,0.0,0.1,0.1,0.1,0.08,0.06,0.13,0.08,0.13,jack taylor,Midfield,right,185.0,GB1,3000000.0,3000000.0,https://img.a.transfermarkt.technology/portrait/header/458178-1706522764.jpg?lm=1,https://www.transfermarkt.co.uk/jack-taylor/profil/spieler/458178,jack taylor,J. Taylor,Jake Taylor,12/1/1991,27,152.4,77.1,"CM,CDM",Wales,63,63,400000.0,3000.0,Right,1,3,2,Lean,700000.0,,,,,60,53,55,62,54,62,61,60,60,63,71,69,81,64,77,62,59,83,63,57,68,49,61,62,54,61,50,54,52,jake taylor,91
Conor Townsend,ENG,DF,31,6,3,335,3.7,0,1,1,0,0,0,1,0,0.0,0.0,0.7,0.7,2,8,13,0.0,0.27,0.27,0.0,0.27,0.01,0.18,0.18,0.01,0.18,conor townsend,Defender,left,183.0,GB1,1200000.0,2500000.0,https://img.a.transfermarkt.technology/portrait/header/146509-1738823694.jpg?lm=1,https://www.transfermarkt.co.uk/conor-townsend/profil/spieler/146509,conor townsend,C. Townsend,Conor Townsend,3/4/1993,26,182.88,73.0,LB,England,67,71,825000.0,10000.0,Left,1,3,3,Lean,1600000.0,,,,,67,44,55,61,41,63,64,61,57,63,67,68,69,64,74,45,69,75,69,45,49,65,56,61,52,59,66,68,64,conor townsend,100
Chiedozie Ogbene,IRL,AT,27,5,3,238,2.6,0,0,0,0,0,0,0,0,0.0,0.0,0.1,0.1,7,0,15,0.0,0.0,0.0,0.0,0.0,0.0,0.03,0.03,0.0,0.03,chiedozie ogbene,Attack,right,181.0,GB1,8000000.0,8000000.0,https://img.a.transfermarkt.technology/portrait/header/392591-1700737518.jpg?lm=1,https://www.transfermarkt.co.uk/chiedozie-ogbene/profil/spieler/392591,chiedozie ogbene,C. Ogbene,Chiedozie Ogbene,5/1/1997,21,175.26,74.8,"LM,ST",Republic of Ireland,62,72,500000.0,5000.0,Right,1,4,2,Normal,1100000.0,,,,,50,59,41,53,42,68,41,34,40,63,91,90,77,52,65,58,63,63,72,46,65,35,45,55,40,47,39,40,35,chiedozie ogbene,100
Massimo Luongo,AUS,MT,31,11,2,201,2.2,0,0,0,0,0,0,0,0,0.0,0.0,0.0,0.0,0,6,1,0.0,0.0,0.0,0.0,0.0,0.0,0.0,0.0,0.0,0.0,massimo luongo,Midfield,right,176.0,GB1,500000.0,5000000.0,https://img.a.transfermarkt.technology/portrait/header/181687-1720191232.jpg?lm=1,https://www.transfermarkt.co.uk/massimo-luongo/profil/spieler/181687,massimo luongo,M. Luongo,Massimo  Luongo,9/25/1992,26,175.26,76.2,"CDM,CM",Australia,73,76,4200000.0,8000.0,Right,1,3,3,Normal,8300000.0,Australia,73.0,SUB,8.0,51,63,59,71,46,71,49,46,66,72,73,74,79,72,76,69,84,92,70,63,79,72,65,69,52,63,64,75,72,massimo  luongo,100
Ben Godfrey,ENG,DF,26,3,2,159,1.8,0,0,0,0,0,0,1,0,0.0,0.0,0.0,0.0,2,4,1,0.0,0.0,0.0,0.0,0.0,0.0,0.0,0.0,0.0,0.0,ben godfrey,Defender,right,184.0,GB1,8000000.0,25000000.0,https://img.a.transfermarkt.technology/portrait/header/343475-1700739275.jpg?lm=1,https://www.transfermarkt.co.uk/ben-godfrey/profil/spieler/343475,ben godfrey,B. Godfrey,Ben Godfrey,1/15/1998,21,182.88,73.9,"CB,CDM,CM",England,67,79,1200000.0,6000.0,Right,1,3,2,Normal,2500000.0,,,,,47,35,57,68,40,59,39,33,61,66,74,69,72,60,70,53,75,78,81,55,62,61,46,58,44,68,70,66,65,ben godfrey,100
Mateus Fernandes,POR,MT,20,36,34,"2,909",32.3,2,4,6,2,0,0,8,0,4.0,4.0,3.0,7.0,76,145,108,0.06,0.12,0.19,0.06,0.19,0.12,0.09,0.22,0.12,0.22,mateus fernandes,Midfield,right,178.0,GB1,15000000.0,15000000.0,https://img.a.transfermarkt.technology/portrait/header/880245-1727786403.jpg?lm=1,https://www.transfermarkt.co.uk/mateus-fernandes/profil/spieler/880245,mateus fernandes,Manuel Fernandes,Manuel Henrique Tavares Fernandes,2/5/1986,33,175.26,74.8,"LM,CAM",Portugal,80,80,11500000.0,1000.0,Right,2,4,4,Normal,24200000.0,,,,,77,70,62,80,69,86,79,70,72,83,83,76,82,76,76,81,74,72,71,82,68,68,75,77,73,77,62,69,68,manuel henrique tavares fernandes,81
Kyle Walker-Peters,ENG,DF,27,33,33,"2,918",32.4,0,2,2,0,0,0,5,0,0.8,0.8,2.8,3.6,114,139,144,0.0,0.06,0.06,0.0,0.06,0.03,0.09,0.11,0.03,0.11,kyle walker peters,Defender,right,173.0,GB1,18000000.0,25000000.0,https://img.a.transfermarkt.technology/portrait/header/341051-1693826850.jpg?lm=1,https://www.transfermarkt.co.uk/kyle-walker-peters/profil/spieler/341051,kyle walker peters,K. Walker-Peters,Kyle Walker-Peters,4/13/1997,21,175.26,64.0,"RB,LB",England,71,80,3200000.0,29000.0,Right,1,4,3,Lean,6500000.0,,,,,71,35,62,68,25,73,50,31,62,68,77,72,69,69,81,31,74,75,59,41,70,69,63,57,32,70,70,70,69,kyle walker-peters,100
Aaron Ramsdale,ENG,GB,26,30,30,"2,700",30.0,0,0,0,0,0,0,2,0,0.0,0.0,0.0,0.0,0,0,0,0.0,0.0,0.0,0.0,0.0,0.0,0.0,0.0,0.0,0.0,aaron ramsdale,Goalkeeper,right,190.0,GB1,16000000.0,40000000.0,https://img.a.transfermarkt.technology/portrait/header/427568-1681828000.jpg?lm=1,https://www.transfermarkt.co.uk/aaron-ramsdale/profil/spieler/427568,aaron ramsdale,A. Ramsdale,Aaron Ramsdale,5/14/1998,20,187.96,77.1,GK,England,62,76,550000.0,4000.0,Right,1,2,1,Lean,,,,,,15,14,25,21,18,28,16,29,19,26,33,36,45,50,52,35,58,35,51,19,35,12,5,44,28,44,14,11,19,aaron ramsdale,100
Jan Bednarek,POL,DF,28,30,30,"2,531",28.1,2,0,2,2,0,0,7,0,0.7,0.7,0.5,1.2,5,60,2,0.07,0.0,0.07,0.07,0.07,0.02,0.02,0.04,0.02,0.04,jan bednarek,Defender,right,189.0,GB1,11000000.0,25000000.0,https://img.a.transfermarkt.technology/portrait/header/243028-1709158468.jpg?lm=1,https://www.transfermarkt.co.uk/jan-bednarek/profil/spieler/243028,jan bednarek,J. Bednarek,Jan Bednarek,4/12/1996,22,187.96,77.1,CB,Poland,72,81,4200000.0,25000.0,Right,1,3,2,Lean,8700000.0,Poland,77.0,LCB,5.0,44,19,73,67,20,50,23,26,47,55,57,68,56,65,61,25,72,68,77,23,67,66,26,52,32,59,73,75,70,jan bednarek,100
Flynn Downes,ENG,MT,25,27,25,"2,151",23.9,1,0,1,1,0,0,12,0,0.6,0.6,1.1,1.7,29,66,29,0.04,0.0,0.04,0.04,0.04,0.03,0.05,0.07,0.03,0.07,flynn downes,Midfield,right,178.0,GB1,15000000.0,15000000.0,https://img.a.transfermarkt.technology/portrait/header/506189-1659355597.jpg?lm=1,https://www.transfermarkt.co.uk/flynn-downes/profil/spieler/506189,flynn downes,F. Downes,Flynn Downes,1/20/1999,20,172.72,69.9,CM,England,64,80,950000.0,1000.0,Right,1,3,2,Lean,2400000.0,,,,,61,44,58,66,32,57,49,55,64,66,68,67,66,63,76,54,65,72,63,56,82,68,56,56,48,63,59,67,66,flynn downes,100
Joe Aribo,NGA,"MT,DF",28,32,21,"2,013",22.4,3,0,3,3,0,0,1,0,2.7,2.7,1.6,4.3,36,75,65,0.13,0.0,0.13,0.13,0.13,0.12,0.07,0.19,0.12,0.19,joe aribo,Midfield,left,183.0,GB1,6000000.0,15000000.0,https://img.a.transfermarkt.technology/portrait/header/468198-1656428996.png?lm=1,https://www.transfermarkt.co.uk/joe-aribo/profil/spieler/468198,joe aribo,J. Aribo,Joe Aribo,7/21/1996,22,182.88,76.2,"CM,CAM",England,66,77,1100000.0,3000.0,Left,1,3,3,Lean,2100000.0,,,,,53,55,51,73,40,68,63,59,69,69,79,85,81,60,66,56,58,57,67,40,54,51,66,69,45,63,64,60,58,joe aribo,100
Jack Stephens,ENG,DF,30,19,17,"1,389",15.4,1,0,1,1,0,0,2,2,0.6,0.6,0.2,0.7,14,63,2,0.06,0.0,0.06,0.06,0.06,0.04,0.01,0.05,0.04,0.05,jack stephens,Defender,right,185.0,GB1,2000000.0,8000000.0,https://img.a.transfermarkt.technology/portrait/header/163744-1720190433.jpg?lm=1,https://www.transfermarkt.co.uk/jack-stephens/profil/spieler/163744,jack stephens,J. Stephens,Jack Stephens,1/27/1994,25,185.42,74.8,CB,England,74,80,6500000.0,30000.0,Right,1,3,2,Lean,13700000.0,,,,,47,36,75,72,34,66,55,58,59,72,61,60,63,73,58,55,63,72,75,42,68,75,47,44,42,65,68,77,74,jack stephens,100
James Bree,ENG,DF,26,17,13,"1,075",11.9,0,1,1,0,0,0,0,0,0.1,0.1,0.9,1.0,13,34,43,0.0,0.08,0.08,0.0,0.08,0.01,0.08,0.08,0.01,0.08,james bree,Defender,right,178.0,GB1,2500000.0,3000000.0,https://img.a.transfermarkt.technology/portrait/header/324223-1720190887.jpg?lm=1,https://www.transfermarkt.co.uk/james-bree/profil/spieler/324223,james bree,J. Bree,James Bree,12/11/1997,21,152.4,73.9,RB,England,65,78,925000.0,3000.0,Right,1,2,2,Lean,,,,,,63,38,55,62,36,60,40,33,55,61,70,69,65,65,61,54,61,66,67,32,54,60,39,55,43,50,64,66,62,james bree,100
Paul Onuachu,NGA,AT,30,25,11,"1,050",11.7,4,1,5,4,0,0,4,0,3.6,3.6,0.5,4.1,7,13,40,0.34,0.09,0.43,0.34,0.43,0.31,0.04,0.35,0.31,0.35,paul onuachu,Attack,right,201.0,GB1,8000000.0,22000000.0,https://img.a.transfermarkt.technology/portrait/header/272855-1695672883.png?lm=1,https://www.transfermarkt.co.uk/paul-onuachu/profil/spieler/272855,paul onuachu,P. Onuachu,Paul Ebere Onuachu,5/28/1994,24,200.66,83.9,ST,Nigeria,71,78,3400000.0,14000.0,Right,1,2,3,Lean,5100000.0,,,,,41,71,74,68,51,72,54,30,62,70,68,77,46,71,46,58,38,72,82,55,60,41,72,68,60,68,33,48,36,paul ebere onuachu,86
Welington,BRA,DF,23,10,6,482,5.4,0,0,0,0,0,0,1,0,0.0,0.0,0.1,0.1,5,11,19,0.0,0.0,0.0,0.0,0.0,0.01,0.01,0.02,0.01,0.02,welington,Defender,left,170.0,GB1,3500000.0,4000000.0,https://img.a.transfermarkt.technology/portrait/header/729264-1625147299.jpg?lm=1,https://www.transfermarkt.co.uk/welington/profil/spieler/729264,welington,Wellington,Wellington Luís de Sousa,2/11/1988,31,185.42,88.9,ST,Brazil,67,67,725000.0,3000.0,Right,1,4,3,Normal,943000.0,,,,,47,69,72,59,62,59,52,43,34,56,58,58,56,66,34,70,59,56,90,58,74,24,65,59,62,70,31,40,24,wellington luís de sousa,95
Alex McCarthy,ENG,GB,34,5,5,450,5.0,0,0,0,0,0,0,0,0,0.0,0.0,0.0,0.0,0,0,0,0.0,0.0,0.0,0.0,0.0,0.0,0.0,0.0,0.0,0.0,alex mccarthy,Goalkeeper,right,193.0,GB1,500000.0,6500000.0,https://img.a.transfermarkt.technology/portrait/header/95976-1737919833.jpg?lm=1,https://www.transfermarkt.co.uk/alex-mccarthy/profil/spieler/95976,alex mccarthy,A. McCarthy,Alex McCarthy,12/3/1989,29,193.04,78.9,GK,England,77,78,7000000.0,37000.0,Right,1,2,1,Lean,13800000.0,,,,,11,17,16,33,12,17,15,18,35,17,58,56,35,69,43,20,68,35,63,14,35,22,16,50,41,61,13,13,12,alex mccarthy,100
Adam Lallana,ENG,MT,36,14,5,361,4.0,0,2,2,0,0,0,4,0,0.2,0.2,0.9,1.1,6,24,10,0.0,0.5,0.5,0.0,0.5,0.04,0.23,0.27,0.04,0.27,adam lallana,Midfield,both,172.0,GB1,900000.0,25000000.0,https://img.a.transfermarkt.technology/portrait/header/43530-1662663337.jpg?lm=1,https://www.transfermarkt.co.uk/adam-lallana/profil/spieler/43530,adam lallana,A. Lallana,Adam David Lallana,5/10/1988,30,152.4,73.0,CM,England,79,79,11500000.0,105000.0,Right,3,5,4,Lean,21300000.0,,,,,74,71,67,83,72,83,77,66,75,84,70,68,78,74,75,72,70,75,62,71,76,63,74,82,70,80,61,62,62,adam david lallana,86
Ross Stewart,SCO,AT,28,12,4,389,4.3,1,0,1,1,0,0,1,0,1.1,1.1,0.0,1.1,3,2,10,0.23,0.0,0.23,0.23,0.23,0.25,0.0,0.25,0.25,0.25,ross stewart,Attack,right,188.0,GB1,4500000.0,4500000.0,https://img.a.transfermarkt.technology/portrait/header/447995-1645779367.jpg?lm=1,https://www.transfermarkt.co.uk/ross-stewart/profil/spieler/447995,ross stewart,R. Stewart,Ross Stewart,4/16/1995,23,187.96,71.2,GK,Scotland,53,61,70000.0,1000.0,Right,1,2,1,Normal,137000.0,,,,,16,15,20,29,17,14,19,16,23,23,41,47,54,49,56,19,55,20,62,19,42,22,14,19,25,35,16,14,17,ross stewart,100
Charlie Taylor,ENG,DF,30,8,3,356,4.0,0,0,0,0,0,0,1,0,0.0,0.0,0.1,0.1,3,9,7,0.0,0.0,0.0,0.0,0.0,0.0,0.02,0.02,0.0,0.02,charlie taylor,Defender,left,183.0,GB1,2800000.0,7000000.0,https://img.a.transfermarkt.technology/portrait/header/195633-1700671881.jpg?lm=1,https://www.transfermarkt.co.uk/charlie-taylor/profil/spieler/195633,charlie taylor,C. Taylor,Charlie Taylor,9/18/1993,25,185.42,69.9,LB,England,75,78,7000000.0,36000.0,Left,1,2,3,Normal,13800000.0,,,,,75,49,71,72,43,73,69,61,67,73,71,72,72,71,71,63,73,74,70,59,74,74,63,65,45,70,74,76,75,charlie taylor,100
Joe Lumley,ENG,GB,29,3,3,270,3.0,0,0,0,0,0,0,0,0,0.0,0.0,0.0,0.0,0,0,0,0.0,0.0,0.0,0.0,0.0,0.0,0.0,0.0,0.0,0.0,joe lumley,Goalkeeper,right,190.0,GB1,600000.0,1000000.0,https://img.a.transfermarkt.technology/portrait/header/336367-1709158388.jpg?lm=1,https://www.transfermarkt.co.uk/joe-lumley/profil/spieler/336367,joe lumley,J. Lumley,Joe Lumley,2/15/1995,24,190.5,73.0,GK,England,65,72,550000.0,2000.0,Right,1,3,1,Lean,1200000.0,,,,,18,12,19,21,15,19,15,13,18,23,43,46,30,62,51,19,51,38,51,16,26,25,19,45,17,28,20,19,20,joe lumley,100
Armel Bella Kotchap,GER,DF,22,4,2,331,3.7,0,0,0,0,0,0,0,0,0.3,0.3,0.0,0.3,0,5,0,0.0,0.0,0.0,0.0,0.0,0.09,0.0,0.09,0.09,0.09,armel bella kotchap,Defender,right,190.0,GB1,12000000.0,20000000.0,https://img.a.transfermarkt.technology/portrait/header/467563-1663251475.jpg?lm=1,https://www.transfermarkt.co.uk/armel-bella-kotchap/profil/spieler/467563,armel bella kotchap,A. Bella-Kotchap,Armel Bella-Kotchap,12/11/2001,17,190.5,87.1,CB,Germany,54,76,130000.0,1000.0,Right,1,5,2,Stocky,338000.0,,,,,31,20,35,36,24,27,22,22,38,41,70,72,43,44,44,38,71,54,77,20,55,53,29,41,33,40,48,59,55,armel bella-kotchap,100
Maxwel Cornet,CIV,AT,27,2,1,72,0.8,0,0,0,0,0,0,1,0,0.2,0.2,0.0,0.2,1,0,5,0.0,0.0,0.0,0.0,0.0,0.2,0.0,0.2,0.2,0.2,maxwel cornet,Attack,left,179.0,IT1,8000000.0,18000000.0,https://img.a.transfermarkt.technology/portrait/header/234781-1739281982.jpg?lm=1,https://www.transfermarkt.co.uk/maxwel-cornet/profil/spieler/234781,maxwel cornet,M. Cornet,Maxwel Cornet,9/27/1996,22,152.4,68.9,"RW,LW,RM,ST",Ivory Coast,75,80,9000000.0,41000.0,Left,1,5,3,Normal,17800000.0,,,,,67,75,68,73,67,74,68,65,53,74,87,87,81,69,78,80,71,82,68,75,58,35,76,66,64,65,34,31,29,maxwel cornet,100
Pedri,ESP,MT,21,37,35,"2,879",32.0,4,5,9,4,0,0,3,0,2.2,2.2,7.4,9.6,92,360,136,0.13,0.16,0.28,0.13,0.28,0.07,0.23,0.3,0.07,0.3,pedri,Midfield,right,174.0,ES1,120000000.0,120000000.0,https://img.a.transfermarkt.technology/portrait/header/683840-1744278342.jpg?lm=1,https://www.transfermarkt.co.uk/pedri/profil/spieler/683840,pedri,Pedro,Pedro Eliezer Rodríguez Ledesma,7/28/1987,31,170.18,64.9,"RW,LW",Spain,82,82,21000000.0,140000.0,Right,3,5,4,Lean,38900000.0,,,,,78,78,55,80,70,84,81,57,71,85,79,74,82,81,80,77,66,70,47,79,56,49,82,77,66,77,49,32,31,pedro eliezer rodríguez ledesma,80
Robert Lewandowski,POL,AT,35,34,32,"2,667",29.6,27,2,29,24,3,4,1,0,27.1,24.0,2.3,26.3,27,48,164,0.91,0.07,0.98,0.81,0.88,0.92,0.08,0.99,0.81,0.89,robert lewandowski,Attack,right,185.0,ES1,15000000.0,90000000.0,https://img.a.transfermarkt.technology/portrait/header/38253-1701118759.jpg?lm=1,https://www.transfermarkt.co.uk/robert-lewandowski/profil/spieler/38253,robert lewandowski,R. Lewandowski,Robert Lewandowski,8/21/1988,30,182.88,79.8,ST,Poland,90,90,77000000.0,205000.0,Right,4,4,4,Normal,127100000.0,Poland,77.0,ST,9.0,62,91,85,83,89,85,77,86,65,89,77,78,78,90,79,88,84,78,84,84,80,39,91,77,86,86,34,42,19,robert lewandowski,100
Jules Koundé,FRA,DF,25,32,29,"2,605",28.9,2,3,5,2,0,0,4,0,1.8,1.8,3.9,5.7,44,165,190,0.07,0.1,0.17,0.07,0.17,0.06,0.13,0.2,0.06,0.2,jules kounde,Defender,right,180.0,ES1,60000000.0,60000000.0,https://img.a.transfermarkt.technology/portrait/header/411975-1702502639.jpg?lm=1,https://www.transfermarkt.co.uk/jules-kounde/profil/spieler/411975,jules kounde,J. Koundé,Jules Koundé,11/12/1998,20,154.94,74.8,CB,France,75,87,10000000.0,14000.0,Right,1,3,2,Normal,22000000.0,,,,,26,29,77,69,32,57,27,26,59,66,72,70,64,74,75,41,81,68,69,23,66,76,28,33,43,75,76,79,77,jules koundé,96
Iñigo Martínez,ESP,DF,33,28,28,"2,490",27.7,0,4,4,0,0,0,5,0,0.5,0.5,2.6,3.1,70,260,11,0.0,0.14,0.14,0.0,0.14,0.02,0.1,0.11,0.02,0.11,inigo martinez,Defender,left,182.0,ES1,5000000.0,32000000.0,https://img.a.transfermarkt.technology/portrait/header/158863-1730119186.jpg?lm=1,https://www.transfermarkt.co.uk/inigo-martinez/profil/spieler/158863,inigo martinez,Iñigo Martínez,Íñigo Martínez Berridi,5/17/1991,27,182.88,77.1,CB,Spain,80,81,14000000.0,27000.0,Left,2,2,2,Normal,30500000.0,Spain,85.0,LCB,4.0,51,42,73,71,37,53,72,51,81,70,71,74,67,75,64,81,90,71,80,74,84,81,48,46,39,69,78,80,83,íñigo martínez berridi,92
Alejandro Balde,ESP,DF,20,32,26,"2,284",25.4,0,4,4,0,0,0,2,0,0.5,0.5,3.4,3.9,107,93,246,0.0,0.16,0.16,0.0,0.16,0.02,0.13,0.15,0.02,0.15,alejandro balde,Defender,left,175.0,ES1,60000000.0,60000000.0,https://img.a.transfermarkt.technology/portrait/header/636688-1662836200.jpg?lm=1,https://www.transfermarkt.co.uk/alejandro-balde/profil/spieler/636688,alejandro balde,A. Peláez,Alejandro Peláez,2/4/1994,25,187.96,84.8,GK,Mexico,60,65,200000.0,2000.0,Right,1,2,1,Normal,355000.0,,,,,20,17,20,37,18,21,20,18,29,24,40,41,37,60,55,25,56,26,69,13,27,27,12,25,21,40,27,18,21,alejandro peláez,80
Marc Casado,ESP,MT,20,23,20,"1,611",17.9,1,3,4,1,0,0,4,1,1.1,1.1,1.4,2.4,12,107,24,0.06,0.17,0.22,0.06,0.22,0.06,0.08,0.13,0.06,0.13,marc casado,Midfield,right,172.0,ES1,30000000.0,30000000.0,https://img.a.transfermarkt.technology/portrait/header/636695-1729771427.jpg?lm=1,https://www.transfermarkt.co.uk/marc-casado/profil/spieler/636695,marc casado,Marc Aguado,Marc Aguado Pallarés,2/22/2000,19,152.4,68.0,CM,Spain,62,82,625000.0,1000.0,Left,1,3,2,Lean,1600000.0,,,,,57,49,50,69,48,60,54,51,66,65,68,64,65,61,69,62,57,60,51,45,46,35,51,62,58,69,43,60,54,marc aguado pallarés,82
Iñaki Peña,ESP,GB,25,16,15,"1,396",15.5,0,0,0,0,0,0,1,0,0.0,0.0,0.0,0.0,0,3,0,0.0,0.0,0.0,0.0,0.0,0.0,0.0,0.0,0.0,0.0,inaki pena,Goalkeeper,right,184.0,ES1,10000000.0,10000000.0,https://img.a.transfermarkt.technology/portrait/header/283170-1702502364.jpg?lm=1,https://www.transfermarkt.co.uk/inaki-pena/profil/spieler/283170,inaki pena,Iñaki Peña,Ignacio Peña Sotorres,3/2/1999,20,182.88,78.0,GK,Spain,62,80,525000.0,4000.0,Right,1,3,1,Lean,1400000.0,,,,,10,6,11,26,5,12,12,12,24,18,33,28,42,62,51,24,63,27,54,8,17,6,5,39,17,38,9,10,11,ignacio peña sotorres,89
Dani Olmo,ESP,"MT,AT",26,25,13,"1,212",13.5,10,3,13,8,2,2,1,0,6.5,4.9,3.0,7.9,33,81,97,0.74,0.22,0.97,0.59,0.82,0.48,0.22,0.7,0.37,0.59,dani olmo,Midfield,right,179.0,ES1,60000000.0,60000000.0,https://img.a.transfermarkt.technology/portrait/header/293385-1711546268.jpg?lm=1,https://www.transfermarkt.co.uk/dani-olmo/profil/spieler/293385,dani olmo,Dani Olmo,Daniel Olmo Carvajal,5/7/1998,20,152.4,72.1,"CAM,LM,CM",Spain,76,85,12000000.0,1000.0,Right,1,4,4,Lean,28800000.0,,,,,75,72,43,75,71,77,72,75,76,77,78,80,77,71,79,72,55,68,53,71,49,43,76,76,62,73,40,40,32,daniel olmo carvajal,100
Gerard Martín,ESP,DF,22,28,11,"1,038",11.5,1,3,4,1,0,0,2,0,0.5,0.5,1.1,1.6,10,40,122,0.09,0.26,0.35,0.09,0.35,0.04,0.1,0.14,0.04,0.14,gerard martin,Defender,left,186.0,ES1,7500000.0,7500000.0,https://img.a.transfermarkt.technology/portrait/header/705395-1730119053.jpg?lm=1,https://www.transfermarkt.co.uk/gerard-martin/profil/spieler/705395,gerard martin,M. Ødegaard,Martin Ødegaard,12/17/1998,20,152.4,68.0,"RW,CAM",Norway,75,84,10000000.0,59000.0,Left,1,4,5,Lean,,Norway,75.0,SUB,11.0,75,59,38,75,65,83,74,70,68,85,76,70,78,74,78,55,46,64,33,60,32,48,64,82,59,78,38,31,32,martin ødegaard,81
Frenkie de Jong,NED,MT,27,26,9,"1,143",12.7,2,2,4,2,0,0,3,0,0.7,0.7,2.0,2.6,36,120,24,0.16,0.16,0.31,0.16,0.31,0.05,0.16,0.21,0.05,0.21,frenkie de jong,Midfield,right,181.0,ES1,45000000.0,90000000.0,https://img.a.transfermarkt.technology/portrait/header/326330-1656499973.png?lm=1,https://www.transfermarkt.co.uk/frenkie-de-jong/profil/spieler/326330,frenkie de jong,F. de Jong,Frenkie de Jong,5/12/1997,21,154.94,69.9,"CM,CDM,CB",Netherlands,82,89,31000000.0,20000.0,Right,1,3,4,Lean,49600000.0,Netherlands,81.0,LDM,7.0,75,52,64,87,64,86,82,64,82,88,80,78,84,83,78,68,76,74,69,57,64,78,66,85,45,86,69,73,70,frenkie de jong,100
Marc-André ter Stegen,GER,GB,32,8,8,674,7.5,0,0,0,0,0,0,0,0,0.0,0.0,0.0,0.0,0,2,0,0.0,0.0,0.0,0.0,0.0,0.0,0.0,0.0,0.0,0.0,marc andre ter stegen,Goalkeeper,right,187.0,ES1,15000000.0,90000000.0,https://img.a.transfermarkt.technology/portrait/header/74857-1674465246.jpg?lm=1,https://www.transfermarkt.co.uk/marc-andre-ter-stegen/profil/spieler/74857,marc andre ter stegen,M. ter Stegen,Marc-André ter Stegen,4/30/1992,26,187.96,84.8,GK,Germany,89,92,58000000.0,240000.0,Right,3,4,1,Normal,123300000.0,Germany,85.0,SUB,22.0,18,14,11,42,14,17,18,12,47,18,38,50,37,86,43,22,79,35,78,10,43,22,11,70,25,70,25,13,10,marc-andré ter stegen,98
Pau Victor,ESP,AT,22,21,2,319,3.5,2,1,3,2,0,0,2,0,3.0,3.0,0.9,3.9,6,11,28,0.56,0.28,0.85,0.56,0.85,0.85,0.24,1.09,0.85,1.09,pau victor,Attack,right,184.0,ES1,5000000.0,5000000.0,https://img.a.transfermarkt.technology/portrait/header/707572-1724052852.jpg?lm=1,https://www.transfermarkt.co.uk/pau-victor/profil/spieler/707572,pau victor,Paulo Vítor,Paulo Vítor Fagundes dos Anjos,11/21/1988,30,195.58,88.9,GK,Brazil,63,63,250000.0,2000.0,Right,1,3,1,Normal,525000.0,,,,,11,10,14,19,10,13,16,13,18,14,23,25,30,58,28,17,31,26,64,8,37,19,8,42,19,57,20,12,14,paulo vítor fagundes dos anjos,80
Andreas Christensen,DEN,DF,28,5,2,254,2.8,0,0,0,0,0,0,3,0,0.0,0.0,0.0,0.1,1,15,1,0.0,0.0,0.0,0.0,0.0,0.01,0.01,0.02,0.01,0.02,andreas christensen,Defender,right,187.0,ES1,15000000.0,40000000.0,https://img.a.transfermarkt.technology/portrait/header/196948-1668183241.jpg?lm=1,https://www.transfermarkt.co.uk/andreas-christensen/profil/spieler/196948,andreas christensen,A. Christensen,Andreas Christensen,4/10/1996,22,187.96,81.2,CB,Denmark,80,87,18000000.0,85000.0,Right,2,3,2,Lean,36900000.0,Denmark,78.0,LCB,6.0,49,36,80,77,25,66,32,22,71,73,66,70,61,78,61,31,72,69,73,20,73,82,32,62,36,77,80,85,82,andreas christensen,100
Iñaki Williams,GHA,AT,30,35,29,"2,652",29.5,6,8,14,6,0,0,1,0,7.6,7.6,7.8,15.4,107,76,302,0.2,0.27,0.48,0.2,0.48,0.26,0.27,0.52,0.26,0.52,inaki williams,Attack,right,186.0,ES1,20000000.0,50000000.0,https://img.a.transfermarkt.technology/portrait/header/255508-1709676323.png?lm=1,https://www.transfermarkt.co.uk/inaki-williams/profil/spieler/255508,inaki williams,A. Williams,Andrew Williams,8/14/1986,32,187.96,78.0,ST,England,64,64,400000.0,4000.0,Right,1,3,2,Normal,700000.0,,,,,54,65,57,54,62,55,37,36,26,58,76,71,64,63,74,64,64,73,71,62,49,21,65,59,67,58,31,21,12,andrew williams,83
Yuri Berchiche,ESP,DF,34,30,22,"2,044",22.7,0,2,2,0,0,0,5,0,0.6,0.6,2.2,2.8,43,161,66,0.0,0.09,0.09,0.0,0.09,0.02,0.1,0.12,0.02,0.12,yuri berchiche,Defender,left,181.0,ES1,1500000.0,20000000.0,https://img.a.transfermarkt.technology/portrait/header/61812-1709675167.png?lm=1,https://www.transfermarkt.co.uk/yuri-berchiche/profil/spieler/61812,yuri berchiche,Yuri Berchiche,Yuri Berchiche Izeta,2/10/1990,29,154.94,79.8,LB,Spain,77,77,7000000.0,23000.0,Left,2,3,3,Normal,14700000.0,,,,,76,56,72,70,59,70,77,55,68,74,78,77,76,72,73,78,85,82,77,77,85,69,49,48,59,75,76,78,80,yuri berchiche izeta,100
Nico Williams,ESP,AT,22,29,22,"1,996",22.2,5,5,10,5,0,0,1,0,4.2,4.2,3.5,7.7,118,69,254,0.23,0.23,0.45,0.23,0.45,0.19,0.16,0.35,0.19,0.35,nico williams,Attack,right,181.0,ES1,70000000.0,70000000.0,https://img.a.transfermarkt.technology/portrait/header/709187-1709676169.png?lm=1,https://www.transfermarkt.co.uk/nico-williams/profil/spieler/709187,nico williams,C. McWilliams,Camron McWilliams,6/13/2001,17,152.4,66.2,"RB,CM",England,51,65,60000.0,1000.0,Right,1,3,2,Lean,143000.0,,,,,40,24,42,49,38,51,40,39,44,37,72,70,66,51,74,40,60,51,45,26,46,50,43,35,29,42,44,54,50,camron mcwilliams,80
Unai Simón,ESP,GB,27,21,21,"1,890",21.0,0,0,0,0,0,0,0,0,0.0,0.0,0.0,0.0,0,0,0,0.0,0.0,0.0,0.0,0.0,0.0,0.0,0.0,0.0,0.0,unai simon,Goalkeeper,right,190.0,ES1,28000000.0,30000000.0,https://img.a.transfermarkt.technology/portrait/header/262396-1709674901.png?lm=1,https://www.transfermarkt.co.uk/unai-simon/profil/spieler/262396,unai simon,Unai Simón,Unai Simón Mendibil,6/11/1997,21,190.5,88.9,GK,Spain,73,84,5500000.0,9000.0,Right,1,3,1,Normal,12700000.0,,,,,16,14,18,29,17,12,20,14,21,16,46,48,32,66,47,17,60,45,73,13,27,26,14,31,24,48,11,18,12,unai simón mendibil,95
Yeray Álvarez,ESP,DF,29,21,20,"1,781",19.8,1,0,1,1,0,0,4,0,0.5,0.5,0.2,0.7,19,105,0,0.05,0.0,0.05,0.05,0.05,0.02,0.01,0.04,0.02,0.04,yeray alvarez,Defender,right,182.0,ES1,7500000.0,30000000.0,https://img.a.transfermarkt.technology/portrait/header/255488-1709675129.png?lm=1,https://www.transfermarkt.co.uk/yeray-alvarez/profil/spieler/255488,yeray alvarez,R. Alvarez,Ricardo Abraham Álvarez Casanova,2/10/1999,20,175.26,68.9,"LM,LB",Chile,61,79,550000.0,1000.0,Left,1,3,3,Lean,1100000.0,,,,,54,52,50,61,43,64,37,30,60,63,69,69,68,51,75,54,61,67,65,44,45,18,56,49,48,51,47,51,50,ricardo abraham álvarez casanova,82
Óscar de Marcos,ESP,DF,35,26,17,"1,564",17.4,0,4,4,0,0,0,0,0,1.0,1.0,2.6,3.6,26,102,78,0.0,0.23,0.23,0.0,0.23,0.06,0.15,0.21,0.06,0.21,oscar de marcos,Defender,right,182.0,ES1,1500000.0,10000000.0,https://img.a.transfermarkt.technology/portrait/header/96718-1709675357.png?lm=1,https://www.transfermarkt.co.uk/oscar-de-marcos/profil/spieler/96718,oscar de marcos,De Marcos,Óscar de Marcos Arana,4/14/1989,29,182.88,79.8,"RB,RW",Spain,78,78,8000000.0,25000.0,Right,2,3,4,Lean,16800000.0,,,,,80,59,59,75,57,75,77,53,69,75,81,87,76,80,74,73,78,93,73,56,77,76,78,66,55,75,69,74,74,óscar de marcos arana,80
Mikel Vesga,ESP,MT,31,25,10,988,11.0,0,0,0,0,0,1,1,0,1.2,0.4,1.0,1.4,10,64,22,0.0,0.0,0.0,0.0,0.0,0.11,0.09,0.2,0.04,0.13,mikel vesga,Midfield,left,191.0,ES1,3000000.0,6000000.0,https://img.a.transfermarkt.technology/portrait/header/300168-1709675412.png?lm=1,https://www.transfermarkt.co.uk/mikel-vesga/profil/spieler/300168,mikel vesga,Maikel Mesa,Maikel Mesa Piñero,6/4/1991,27,187.96,78.9,"CAM,CM,RM,LM",Spain,71,72,2700000.0,8000.0,Right,1,3,3,Lean,4600000.0,,,,,62,68,66,72,59,73,63,56,68,72,70,71,71,66,68,70,66,71,73,68,65,64,68,71,56,66,59,65,64,maikel mesa piñero,82
Unai Núñez,ESP,DF,27,10,7,645,7.2,0,0,0,0,0,0,4,0,0.2,0.2,0.1,0.3,2,26,0,0.0,0.0,0.0,0.0,0.0,0.03,0.01,0.04,0.03,0.04,unai nunez,Defender,right,186.0,ES1,3000000.0,20000000.0,https://img.a.transfermarkt.technology/portrait/header/338285-1620308088.jpg?lm=1,https://www.transfermarkt.co.uk/unai-nunez/profil/spieler/338285,unai nunez,Unai Núñez,Unai Núñez Gestoso,1/30/1997,22,185.42,81.2,CB,Spain,75,83,8500000.0,14000.0,Right,1,3,2,Normal,19600000.0,,,,,29,16,76,74,21,35,27,22,33,71,66,68,44,65,60,39,72,67,78,17,74,79,23,30,31,56,62,77,76,unai núñez gestoso,89
Ander Herrera,ESP,MT,34,8,2,273,3.0,0,0,0,0,0,1,2,0,1.7,0.9,0.1,1.1,2,16,5,0.0,0.0,0.0,0.0,0.0,0.57,0.04,0.61,0.31,0.35,ander herrera,Midfield,right,182.0,ES1,2000000.0,30000000.0,https://img.a.transfermarkt.technology/portrait/header/99343-1709675915.png?lm=1,https://www.transfermarkt.co.uk/ander-herrera/profil/spieler/99343,ander herrera,Ander Herrera,Ander Herrera Agüera,8/14/1989,29,182.88,69.9,"CM,CDM",Spain,81,81,17500000.0,140000.0,Right,3,4,3,Lean,33300000.0,,,,,75,71,60,82,65,77,80,65,78,82,75,68,78,84,78,75,61,87,67,69,88,87,75,78,78,82,81,83,79,ander herrera agüera,100
Sergi Cardona,ESP,DF,25,35,34,"2,945",32.7,1,7,8,1,0,0,11,0,2.4,2.4,5.8,8.2,52,77,198,0.03,0.21,0.24,0.03,0.24,0.07,0.18,0.25,0.07,0.25,sergi cardona,Defender,both,186.0,ES1,8000000.0,8000000.0,https://img.a.transfermarkt.technology/portrait/header/678406-1697540707.jpg?lm=1,https://www.transfermarkt.co.uk/sergi-cardona/profil/spieler/678406,sergi cardona,S. Córdova,Sergio Córdova,8/9/1997,21,187.96,87.1,ST,Venezuela,68,78,1500000.0,8000.0,Right,1,2,3,Normal,2900000.0,Venezuela,73.0,SUB,21.0,37,67,56,59,64,71,63,40,50,64,76,78,66,62,65,71,54,53,78,64,42,18,65,61,62,58,20,19,17,sergio córdova,85
Alex Baena,ESP,"MT,AT",23,32,30,"2,595",28.8,7,9,16,7,0,1,9,0,7.1,6.3,11.7,18.1,91,189,154,0.24,0.31,0.55,0.24,0.55,0.25,0.41,0.65,0.22,0.63,alex baena,Attack,right,174.0,ES1,50000000.0,50000000.0,https://img.a.transfermarkt.technology/portrait/header/548111-1714487266.jpg?lm=1,https://www.transfermarkt.co.uk/alex-baena/profil/spieler/548111,alex baena,Alexo Baia,Alessandro Baia Marques,2/29/1988,31,175.26,71.2,"RB,RW",Brazil,76,76,5500000.0,25000.0,Right,1,3,3,Normal,10500000.0,,,,,72,51,66,77,39,77,51,52,74,71,74,77,81,75,72,34,65,80,61,51,81,71,55,56,66,73,77,76,77,alessandro baia marques,80
Santi Comesaña,ESP,MT,27,35,30,"2,560",28.4,4,2,6,4,0,0,7,0,4.6,4.6,2.0,6.6,39,154,58,0.14,0.07,0.21,0.14,0.21,0.16,0.07,0.23,0.16,0.23,santi comesana,Midfield,both,188.0,ES1,8000000.0,8000000.0,https://img.a.transfermarkt.technology/portrait/header/380598-1726231263.jpg?lm=1,https://www.transfermarkt.co.uk/santi-comesana/profil/spieler/380598,santi comesana,Santi Comesaña,Santiago Comesaña Veiga,10/5/1996,22,182.88,73.0,"CM,CDM",Spain,72,78,4200000.0,11000.0,Right,1,3,3,Lean,10200000.0,,,,,49,64,66,76,49,64,48,47,66,74,62,59,55,73,50,65,58,74,73,75,59,71,60,70,39,67,77,74,62,santiago comesaña veiga,96
Kiko Femenía,ESP,DF,33,28,27,"2,227",24.7,0,1,1,0,0,0,7,0,0.4,0.4,1.3,1.7,52,112,44,0.0,0.04,0.04,0.0,0.04,0.01,0.05,0.07,0.01,0.07,kiko femenia,Defender,right,174.0,ES1,1200000.0,6000000.0,https://img.a.transfermarkt.technology/portrait/header/76467-1726231817.jpg?lm=1,https://www.transfermarkt.co.uk/kiko-femenia/profil/spieler/76467,kiko femenia,Kiko Femenía,Francisco Femenía Far,2/2/1991,28,175.26,60.8,"RB,RWB,RM",Spain,76,76,6500000.0,44000.0,Right,1,3,3,Normal,12400000.0,,,,,78,55,52,77,54,81,65,55,54,78,77,79,82,70,85,56,69,77,65,65,70,74,69,69,60,68,72,78,77,francisco femenía far,96
Pape Gueye,SEN,MT,25,34,26,"2,224",24.7,4,0,4,4,0,0,6,2,3.4,3.4,1.1,4.5,36,156,69,0.16,0.0,0.16,0.16,0.16,0.14,0.04,0.18,0.14,0.18,pape gueye,Midfield,left,189.0,ES1,10000000.0,12000000.0,https://img.a.transfermarkt.technology/portrait/header/485963-1604255792.jpg?lm=1,https://www.transfermarkt.co.uk/pape-gueye/profil/spieler/485963,pape gueye,P. Gueye,Pape Gueye,1/24/1999,20,187.96,64.9,CDM,France,56,71,180000.0,1000.0,Left,1,3,2,Lean,428000.0,,,,,40,30,51,60,42,52,35,34,49,55,60,61,40,54,47,57,50,56,58,33,57,50,39,55,39,52,54,58,53,pape gueye,100
Ayoze Pérez,ESP,AT,31,30,22,"1,970",21.9,19,2,21,19,0,0,4,0,12.7,12.7,3.0,15.7,59,73,124,0.87,0.09,0.96,0.87,0.96,0.58,0.13,0.71,0.58,0.71,ayoze perez,Attack,right,178.0,ES1,10000000.0,30000000.0,https://img.a.transfermarkt.technology/portrait/header/246968-1716803546.jpg?lm=1,https://www.transfermarkt.co.uk/ayoze-perez/profil/spieler/246968,ayoze perez,Ayoze Pérez,Ayoze Pérez Gutiérrez,7/29/1993,25,152.4,72.1,"CF,CAM",Spain,76,81,10500000.0,42000.0,Right,1,4,4,Lean,20700000.0,,,,,48,78,66,71,77,82,79,60,51,78,77,75,83,76,78,66,71,77,53,64,70,35,80,71,73,73,45,42,28,ayoze pérez gutiérrez,95
Juan Foyth,ARG,DF,26,19,17,"1,517",16.9,1,0,1,1,0,0,4,0,2.4,2.4,0.3,2.8,13,65,11,0.06,0.0,0.06,0.06,0.06,0.14,0.02,0.16,0.14,0.16,juan foyth,Defender,right,187.0,ES1,10000000.0,25000000.0,https://img.a.transfermarkt.technology/portrait/header/480763-1662668281.jpg?lm=1,https://www.transfermarkt.co.uk/juan-foyth/profil/spieler/480763,juan foyth,J. Foyth,Juan Marcos Foyth,1/12/1998,21,187.96,68.9,CB,Argentina,73,85,6500000.0,37000.0,Right,1,3,3,Lean,13300000.0,,,,,41,43,74,73,43,66,41,47,49,73,71,71,72,73,72,56,72,65,71,39,61,72,46,52,47,57,70,75,72,juan marcos foyth,82
Raúl Albiol,ESP,DF,38,15,14,"1,188",13.2,0,0,0,0,0,0,5,0,0.1,0.1,0.0,0.1,3,34,0,0.0,0.0,0.0,0.0,0.0,0.01,0.0,0.01,0.01,0.01,raul albiol,Defender,right,190.0,ES1,1300000.0,18000000.0,https://img.a.transfermarkt.technology/portrait/header/15452-1664974689.jpg?lm=1,https://www.transfermarkt.co.uk/raul-albiol/profil/spieler/15452,raul albiol,Raúl Albiol,Raúl Albiol Tortajada,9/4/1985,33,190.5,82.1,CB,Spain,84,84,18000000.0,88000.0,Right,3,3,2,Lean,30600000.0,,,,,38,27,77,74,31,59,53,45,72,71,54,53,53,82,56,65,77,55,82,53,81,86,30,57,37,75,89,87,85,raúl albiol tortajada,95
Eric Bailly,CIV,DF,30,12,8,617,6.9,0,0,0,0,0,0,2,1,0.3,0.3,0.0,0.3,1,18,0,0.0,0.0,0.0,0.0,0.0,0.05,0.0,0.05,0.05,0.05,eric bailly,Defender,right,187.0,ES1,2500000.0,35000000.0,https://img.a.transfermarkt.technology/portrait/header/286384-1696075364.png?lm=1,https://www.transfermarkt.co.uk/eric-bailly/profil/spieler/286384,eric bailly,E. Bailly,Eric Bailly,4/12/1994,24,185.42,77.1,CB,Ivory Coast,81,85,19500000.0,105000.0,Right,2,3,2,Normal,38500000.0,Côte d'Ivoire,75.0,SUB,2.0,51,33,79,70,42,62,46,43,56,64,75,81,67,74,62,55,85,71,86,48,87,81,47,54,46,71,79,81,83,eric bailly,100
Denis Suárez,ESP,MT,30,21,7,608,6.8,1,1,2,1,0,0,0,0,0.9,0.9,1.5,2.4,27,35,24,0.15,0.15,0.3,0.15,0.3,0.14,0.22,0.36,0.14,0.36,denis suarez,Midfield,right,176.0,ES1,1300000.0,18000000.0,https://img.a.transfermarkt.technology/portrait/header/165007-1687272769.jpg?lm=1,https://www.transfermarkt.co.uk/denis-suarez/profil/spieler/165007,denis suarez,Denis Suárez,Denis Suárez Fernández,1/6/1994,25,175.26,68.9,"CM,LW,RW",Spain,79,83,16000000.0,120000.0,Right,2,3,3,Lean,,,,,,77,72,44,82,68,84,82,70,78,84,77,77,82,82,76,75,58,72,57,73,47,62,76,81,63,70,69,59,42,denis suárez fernández,96
Gerard Moreno,ESP,AT,32,17,6,721,8.0,3,2,5,0,3,3,0,0,4.2,1.8,3.6,5.5,19,53,60,0.37,0.25,0.62,0.0,0.25,0.53,0.45,0.98,0.23,0.69,gerard moreno,Attack,left,180.0,ES1,5000000.0,40000000.0,https://img.a.transfermarkt.technology/portrait/header/177467-1726231623.jpg?lm=1,https://www.transfermarkt.co.uk/gerard-moreno/profil/spieler/177467,gerard moreno,Gerard Moreno,Gerard Moreno Balagueró,4/7/1992,26,154.94,77.1,ST,Spain,81,83,22000000.0,45000.0,Left,1,4,4,Lean,47900000.0,,,,,61,78,80,75,79,78,69,56,56,80,76,79,70,81,69,80,73,77,74,77,55,40,83,58,75,72,43,41,41,gerard moreno balagueró,100
Tajon Buchanan,CAN,MT,25,13,4,416,4.6,1,2,3,1,0,0,2,0,0.9,0.9,0.5,1.4,19,5,45,0.22,0.43,0.65,0.22,0.65,0.19,0.12,0.31,0.19,0.31,tajon buchanan,Attack,right,183.0,ES1,6000000.0,12000000.0,https://img.a.transfermarkt.technology/portrait/header/638793-1673727337.jpg?lm=1,https://www.transfermarkt.co.uk/tajon-buchanan/profil/spieler/638793,tajon buchanan,T. Buchanan,Tajon Buchanan,2/8/1999,20,182.88,68.9,ST,Canada,57,72,220000.0,1000.0,Right,1,3,2,Lean,468000.0,,,,,33,57,61,46,42,55,35,25,29,55,78,76,73,51,65,55,75,60,55,50,56,20,53,40,55,55,20,15,15,tajon buchanan,100
Diego Llorente,ESP,DF,30,30,29,"2,519",28.0,2,0,2,2,0,0,4,0,1.5,1.5,0.3,1.8,7,81,3,0.07,0.0,0.07,0.07,0.07,0.05,0.01,0.06,0.05,0.06,diego llorente,Defender,right,186.0,ES1,6000000.0,25000000.0,https://img.a.transfermarkt.technology/portrait/header/246291-1675246130.jpg?lm=1,https://www.transfermarkt.co.uk/diego-llorente/profil/spieler/246291,diego llorente,Diego Llorente,Diego Javier Llorente Ríos,8/16/1993,25,185.42,74.8,CB,Spain,77,83,10500000.0,22000.0,Right,1,3,2,Lean,24200000.0,,,,,55,39,76,76,31,58,30,35,72,73,65,63,65,76,64,45,79,72,72,37,75,80,43,51,53,69,76,77,78,diego javier llorente ríos,100
Diego Llorente,ESP,DF,30,30,29,"2,519",28.0,2,0,2,2,0,0,4,0,1.5,1.5,0.3,1.8,7,81,3,0.07,0.0,0.07,0.07,0.07,0.05,0.01,0.06,0.05,0.06,diego llorente,Attack,right,180.0,PO1,100000.0,100000.0,https://img.a.transfermarkt.technology/portrait/header/default.jpg?lm=1,https://www.transfermarkt.co.uk/diego-llorente/profil/spieler/710131,diego llorente,Diego Llorente,Diego Javier Llorente Ríos,8/16/1993,25,185.42,74.8,CB,Spain,77,83,10500000.0,22000.0,Right,1,3,2,Lean,24200000.0,,,,,55,39,76,76,31,58,30,35,72,73,65,63,65,76,64,45,79,72,72,37,75,80,43,51,53,69,76,77,78,diego javier llorente ríos,100
Natan,BRA,DF,23,31,23,"2,175",24.2,1,1,2,1,0,0,5,1,0.3,0.3,0.6,1.0,12,52,6,0.04,0.04,0.08,0.04,0.08,0.01,0.03,0.04,0.01,0.04,natan,Defender,left,188.0,ES1,9000000.0,13000000.0,https://img.a.transfermarkt.technology/portrait/header/735568-1708553167.jpg?lm=1,https://www.transfermarkt.co.uk/natan/profil/spieler/735568,natan,Nathan,Nathan Raphael Pelae Cardoso,5/13/1995,23,187.96,78.0,CB,Brazil,66,73,775000.0,4000.0,Right,1,2,2,Lean,1300000.0,,,,,43,39,65,60,39,51,41,39,62,58,76,73,74,59,72,64,82,63,69,42,69,66,47,39,47,47,55,68,64,nathan raphael pelae cardoso,91
Romain Perraud,FRA,DF,26,28,22,"2,002",22.2,2,2,4,2,0,0,8,1,0.6,0.6,1.6,2.1,51,62,106,0.09,0.09,0.18,0.09,0.18,0.02,0.07,0.1,0.02,0.1,romain perraud,Defender,left,173.0,ES1,5000000.0,12000000.0,https://img.a.transfermarkt.technology/portrait/header/318523-1582538263.jpg?lm=1,https://www.transfermarkt.co.uk/romain-perraud/profil/spieler/318523,romain perraud,R. Perraud,Romain Perraud,9/22/1997,21,172.72,68.0,"LB,LM",France,67,79,1200000.0,7000.0,Left,1,3,3,Normal,,,,,,71,59,60,72,58,70,69,62,68,69,70,69,75,62,82,74,59,65,59,65,67,60,60,60,59,63,61,68,67,romain perraud,100
Pablo Fornals,ESP,"MT,AT",28,26,22,"1,827",20.3,2,0,2,2,0,0,2,0,1.8,1.8,3.3,5.1,32,146,85,0.1,0.0,0.1,0.1,0.1,0.09,0.16,0.25,0.09,0.25,pablo fornals,Midfield,right,178.0,ES1,6000000.0,30000000.0,https://img.a.transfermarkt.technology/portrait/header/357885-1714124764.jpg?lm=1,https://www.transfermarkt.co.uk/pablo-fornals/profil/spieler/357885,pablo fornals,Pablo Fornals,Pablo Fornals Malla,2/22/1996,23,152.4,67.1,"CAM,LM,RM,CM",Spain,81,87,24500000.0,36000.0,Right,1,3,4,Normal,56400000.0,,,,,74,77,50,84,72,81,65,63,81,82,71,66,77,76,76,77,59,77,67,81,69,74,77,86,55,71,72,74,73,pablo fornals malla,100
Youssouf Sabaly,SEN,DF,31,22,20,"1,581",17.6,0,1,1,0,0,0,1,0,0.2,0.2,0.8,1.0,25,62,63,0.0,0.06,0.06,0.0,0.06,0.01,0.05,0.06,0.01,0.06,youssouf sabaly,Defender,right,173.0,ES1,2000000.0,10000000.0,https://img.a.transfermarkt.technology/portrait/header/135492-1532700291.jpg?lm=1,https://www.transfermarkt.co.uk/youssouf-sabaly/profil/spieler/135492,youssouf sabaly,Y. Sabaly,Youssouf Sabaly,3/5/1993,26,172.72,67.1,"RB,LB",Senegal,76,79,8000000.0,33000.0,Right,2,4,3,Normal,16600000.0,,,,,75,33,55,76,37,74,59,38,59,74,73,76,78,76,82,43,64,77,67,34,67,77,72,45,43,70,73,80,76,youssouf sabaly,100
Adrián,ESP,GB,37,19,19,"1,710",19.0,0,0,0,0,0,0,3,0,0.0,0.0,0.0,0.0,0,0,0,0.0,0.0,0.0,0.0,0.0,0.0,0.0,0.0,0.0,0.0,adrian,Goalkeeper,right,190.0,ES1,500000.0,9000000.0,https://img.a.transfermarkt.technology/portrait/header/71271-1687166366.jpg?lm=1,https://www.transfermarkt.co.uk/adrian/profil/spieler/71271,adrian,Adriano,Adriano Correia Claro,10/26/1984,34,172.72,74.8,"LB,RB",Brazil,78,78,4000000.0,45000.0,Left,2,5,4,Normal,7600000.0,,,,,81,59,63,79,53,81,84,69,77,82,77,73,77,79,76,87,75,74,67,87,75,78,77,69,59,81,78,79,78,adriano correia claro,92
Isco,ESP,MT,32,22,17,"1,547",17.2,9,8,17,4,5,6,5,0,8.6,3.9,4.4,8.2,38,152,112,0.52,0.47,0.99,0.23,0.7,0.5,0.25,0.76,0.22,0.48,isco,Midfield,right,176.0,ES1,6000000.0,90000000.0,https://img.a.transfermarkt.technology/portrait/header/85288-1699613327.jpg?lm=1,https://www.transfermarkt.co.uk/isco/profil/spieler/85288,isco,Isco,Francisco Román Alarcón Suárez,4/21/1992,26,175.26,78.9,"CAM,CM,LW",Spain,87,90,62500000.0,260000.0,Right,3,3,4,Normal,132800000.0,Spain,85.0,LW,22.0,75,79,55,86,65,94,88,76,81,95,75,69,87,77,90,69,64,70,59,85,58,64,78,86,76,86,60,64,51,francisco román alarcón suárez,100
Giovani Lo Celso,ARG,"MT,AT",28,25,15,"1,457",16.2,8,3,11,6,2,3,4,0,4.8,2.4,4.9,7.3,26,132,66,0.49,0.19,0.68,0.37,0.56,0.29,0.3,0.59,0.15,0.45,giovani lo celso,Midfield,left,177.0,ES1,20000000.0,50000000.0,https://img.a.transfermarkt.technology/portrait/header/348795-1726734706.jpg?lm=1,https://www.transfermarkt.co.uk/giovani-lo-celso/profil/spieler/348795,giovani lo celso,G. Lo Celso,Giovani Lo Celso,4/9/1996,22,175.26,69.9,"CM,CAM,CDM",Argentina,82,88,30000000.0,83000.0,Left,1,3,4,Lean,,Argentina,82.0,RCM,20.0,75,77,59,82,69,84,82,72,84,84,77,79,82,80,81,80,64,80,69,76,65,65,79,84,60,79,61,67,67,giovani lo celso,100
Antony,BRA,AT,24,17,15,"1,362",15.1,5,2,7,5,0,0,2,1,2.9,2.9,3.5,6.3,94,67,157,0.33,0.13,0.46,0.33,0.46,0.19,0.23,0.42,0.19,0.42,antony,Attack,left,172.0,ES1,20000000.0,75000000.0,https://img.a.transfermarkt.technology/portrait/header/602105-1743410455.jpg?lm=1,https://www.transfermarkt.co.uk/antony/profil/spieler/602105,antony,Antón,Antón Escobar Tapiias,6/16/1998,20,185.42,74.8,ST,Spain,62,73,525000.0,2000.0,Right,1,3,2,Lean,945000.0,,,,,34,62,63,55,56,60,48,37,39,59,65,67,50,60,58,66,68,75,59,58,38,12,61,57,76,60,14,18,22,antón escobar tapiias,80
Rui Silva,POR,GB,30,15,15,"1,350",15.0,0,0,0,0,0,0,1,0,0.0,0.0,0.1,0.1,0,0,0,0.0,0.0,0.0,0.0,0.0,0.0,0.01,0.01,0.0,0.01,rui silva,Goalkeeper,left,191.0,PO1,6000000.0,15000000.0,https://img.a.transfermarkt.technology/portrait/header/234811-1666770953.jpg?lm=1,https://www.transfermarkt.co.uk/rui-silva/profil/spieler/234811,rui silva,Rui Silva,Rui Pedro Oliveira da Silva,6/5/1996,22,152.4,68.0,RB,Portugal,66,76,900000.0,3000.0,Right,1,3,3,Normal,,,,,,68,29,53,61,33,64,52,34,43,65,69,75,67,62,70,58,68,68,50,36,57,66,56,49,43,55,65,64,62,rui pedro oliveira da silva,100
Ricardo Rodríguez,SUI,DF,31,18,15,"1,274",14.2,0,1,1,0,0,0,0,0,0.2,0.2,0.4,0.6,19,63,32,0.0,0.07,0.07,0.0,0.07,0.01,0.03,0.04,0.01,0.04,ricardo rodriguez,Defender,left,182.0,ES1,2500000.0,28000000.0,https://img.a.transfermarkt.technology/portrait/header/86784-1718216908.jpg?lm=1,https://www.transfermarkt.co.uk/ricardo-rodriguez/profil/spieler/86784,ricardo rodriguez,R. Rodríguez,Ricardo Rodríguez,8/25/1992,26,154.94,77.1,"LB,CB",Switzerland,80,83,15500000.0,81000.0,Left,3,3,4,Normal,27500000.0,Switzerland,77.0,LB,13.0,86,59,64,78,67,76,82,84,78,78,73,73,73,80,70,78,73,77,75,72,75,80,68,74,83,80,80,78,78,ricardo rodríguez,97
Jesus Rodríguez,ESP,AT,18,21,15,"1,111",12.3,2,0,2,2,0,0,0,0,2.3,2.3,0.2,2.5,53,35,99,0.16,0.0,0.16,0.16,0.16,0.18,0.02,0.2,0.18,0.2,jesus rodriguez,Attack,right,185.0,ES1,10000000.0,10000000.0,https://img.a.transfermarkt.technology/portrait/header/1190411-1739792761.jpg?lm=1,https://www.transfermarkt.co.uk/jesus-rodriguez/profil/spieler/1190411,jesus rodriguez,J. Rodriguez,Joel Rodriguez,3/23/1999,19,152.4,78.0,CB,Chile,50,63,50000.0,1000.0,Right,1,2,2,Normal,99000.0,,,,,28,24,48,27,22,20,22,25,20,34,54,57,47,43,64,31,72,60,60,24,47,47,23,27,33,38,47,55,48,joel rodriguez,85
Marc Roca,ESP,MT,27,14,11,906,10.1,2,2,4,2,0,0,4,0,1.1,1.1,1.0,2.1,11,59,13,0.2,0.2,0.4,0.2,0.4,0.11,0.1,0.21,0.11,0.21,marc roca,Midfield,left,184.0,ES1,8000000.0,30000000.0,https://img.a.transfermarkt.technology/portrait/header/336869-1719579269.jpg?lm=1,https://www.transfermarkt.co.uk/marc-roca/profil/spieler/336869,marc roca,Marc Roca,Marc Roca Junqué,11/26/1996,22,182.88,73.9,"CDM,CM",Spain,77,87,12500000.0,18000.0,Left,1,3,3,Lean,28800000.0,,,,,66,59,42,81,44,68,66,52,77,77,64,63,67,72,64,43,59,77,66,65,69,75,60,76,55,70,77,76,74,marc roca junqué,100
Cédric Bakambu,COD,AT,33,25,6,710,7.9,2,2,4,2,0,0,4,0,3.2,3.2,0.6,3.7,9,14,43,0.25,0.25,0.51,0.25,0.51,0.4,0.07,0.47,0.4,0.47,cedric bakambu,Attack,right,182.0,ES1,1800000.0,25000000.0,https://img.a.transfermarkt.technology/portrait/header/127048-1563441766.jpg?lm=1,https://www.transfermarkt.co.uk/cedric-bakambu/profil/spieler/127048,cedric bakambu,C. Bakambu,Cédric Bakambu,4/11/1991,27,182.88,73.0,ST,DR Congo,82,83,26000000.0,33000.0,Right,2,4,3,Normal,57900000.0,,,,,74,84,71,75,80,80,78,54,66,82,88,88,80,81,72,84,79,79,76,74,72,39,85,73,69,80,32,29,21,cédric bakambu,96
Héctor Bellerín,ESP,DF,29,9,6,580,6.4,0,2,2,0,0,0,1,0,0.2,0.2,2.0,2.2,3,24,22,0.0,0.31,0.31,0.0,0.31,0.03,0.32,0.35,0.03,0.35,hector bellerin,Defender,right,178.0,ES1,3000000.0,40000000.0,https://img.a.transfermarkt.technology/portrait/header/191217-1676903202.jpg?lm=1,https://www.transfermarkt.co.uk/hector-bellerin/profil/spieler/191217,hector bellerin,Héctor Bellerín,Héctor Bellerín Moruno,3/19/1995,23,152.4,73.9,"RB,RWB",Spain,80,85,16500000.0,85000.0,Right,3,3,3,Lean,32600000.0,,,,,76,52,60,76,41,77,63,50,59,78,94,91,82,78,77,52,63,84,58,43,72,78,67,66,62,70,75,78,80,héctor bellerín moruno,93
William Carvalho,POR,MT,32,14,6,484,5.4,0,0,0,0,0,0,1,0,0.2,0.2,0.2,0.5,5,45,10,0.0,0.0,0.0,0.0,0.0,0.04,0.05,0.09,0.04,0.09,william carvalho,Midfield,right,187.0,ES1,2000000.0,30000000.0,https://img.a.transfermarkt.technology/portrait/header/100131-1662113601.jpg?lm=1,https://www.transfermarkt.co.uk/william-carvalho/profil/spieler/100131,william carvalho,William Carvalho,William Silva de Carvalho,4/7/1992,26,187.96,83.0,"CDM,CM",Portugal,83,86,27000000.0,35000.0,Right,3,4,3,Normal,58700000.0,Portugal,82.0,CDM,14.0,68,52,73,81,50,78,79,50,84,80,62,67,51,75,51,70,69,85,92,59,78,81,64,81,60,89,82,83,67,william silva de carvalho,100
Fran Vieites,ESP,GB,25,4,4,360,4.0,0,0,0,0,0,0,0,0,0.0,0.0,0.0,0.0,0,0,0,0.0,0.0,0.0,0.0,0.0,0.01,0.0,0.01,0.01,0.01,fran vieites,Goalkeeper,left,196.0,ES1,800000.0,800000.0,https://img.a.transfermarkt.technology/portrait/header/551182-1701083106.jpg?lm=1,https://www.transfermarkt.co.uk/fran-vieites/profil/spieler/551182,fran vieites,Fran Vieites,Francisco Barbosa Vieites,5/7/1999,19,185.42,78.9,GK,Spain,62,72,375000.0,1000.0,Right,1,3,1,Normal,863000.0,,,,,11,6,11,24,7,12,14,10,22,14,16,22,32,63,41,23,57,27,53,9,28,14,6,50,11,42,10,14,14,francisco barbosa vieites,100
Nabil Fekir,FRA,MT,31,2,2,180,2.0,0,1,1,0,0,0,0,0,0.7,0.7,0.6,1.2,9,10,18,0.0,0.5,0.5,0.0,0.5,0.34,0.28,0.62,0.34,0.62,nabil fekir,Midfield,left,173.0,ES1,10000000.0,70000000.0,https://img.a.transfermarkt.technology/portrait/header/203496-1653041152.jpg?lm=1,https://www.transfermarkt.co.uk/nabil-fekir/profil/spieler/203496,nabil fekir,N. Fekir,Nabil Fekir,7/18/1993,25,172.72,74.8,CAM,France,84,88,40500000.0,84000.0,Left,3,3,4,Stocky,80000000.0,,,,,83,82,49,83,77,90,81,79,75,89,79,79,84,80,91,84,69,77,82,82,73,28,81,81,76,89,31,37,25,nabil fekir,100
Rodri,ESP,AT,24,3,1,118,1.3,0,0,0,0,0,0,0,0,0.2,0.2,0.1,0.2,4,8,11,0.0,0.0,0.0,0.0,0.0,0.13,0.06,0.19,0.13,0.19,rodri,Midfield,right,191.0,GB1,130000000.0,130000000.0,https://img.a.transfermarkt.technology/portrait/header/357565-1682587890.jpg?lm=1,https://www.transfermarkt.co.uk/rodri/profil/spieler/357565,rodri,Rodri,Rodrigo Hernández Cascante,6/22/1996,22,190.5,82.1,"CM,CDM",Spain,82,87,29000000.0,59000.0,Right,1,3,4,Lean,61600000.0,Spain,85.0,SUB,16.0,63,64,75,84,59,77,65,54,80,82,70,66,69,80,72,70,69,82,75,76,63,81,75,83,46,83,71,79,74,rodrigo hernández cascante,100
Marcos Alonso,ESP,DF,33,31,29,"2,647",29.4,3,0,3,0,3,3,10,2,4.0,1.6,1.3,2.9,64,215,49,0.1,0.0,0.1,0.0,0.0,0.14,0.04,0.18,0.05,0.1,marcos alonso,Defender,left,188.0,ES1,1800000.0,45000000.0,https://img.a.transfermarkt.technology/portrait/header/112515-1694505734.jpg?lm=1,https://www.transfermarkt.co.uk/marcos-alonso/profil/spieler/112515,marcos alonso,Marcos Alonso,Marcos Alonso Mendoza,12/28/1990,28,187.96,87.1,"LB,LWB",Spain,83,83,21500000.0,130000.0,Left,2,3,3,Lean,39800000.0,,,,,85,68,83,84,70,78,85,86,73,83,69,76,64,83,58,84,71,90,76,77,75,78,79,69,64,76,79,82,79,marcos alonso mendoza,100
Fran Beltrán,ESP,MT,25,34,29,"2,421",26.9,2,1,3,2,0,0,3,0,1.0,1.0,1.8,2.8,28,152,29,0.07,0.04,0.11,0.07,0.11,0.04,0.07,0.1,0.04,0.1,fran beltran,Midfield,right,165.0,ES1,6000000.0,18000000.0,https://img.a.transfermarkt.technology/portrait/header/423444-1693921591.jpg?lm=1,https://www.transfermarkt.co.uk/fran-beltran/profil/spieler/423444,fran beltran,Fran Beltrán,Francisco José Beltrán Peinado,2/3/1999,20,170.18,64.0,"CDM,CM",Spain,75,83,8000000.0,8000.0,Right,1,3,3,Normal,18400000.0,,,,,69,47,60,75,55,75,54,55,77,73,73,72,80,71,79,61,59,69,64,55,68,76,63,76,49,66,78,75,79,francisco josé beltrán peinado,96
Javi Rodríguez,ESP,DF,21,36,26,"2,514",27.9,3,2,5,3,0,0,7,0,2.3,2.3,1.0,3.3,29,114,51,0.11,0.07,0.18,0.11,0.18,0.08,0.04,0.12,0.08,0.12,javi rodriguez,Defender,right,178.0,ES1,10000000.0,10000000.0,https://img.a.transfermarkt.technology/portrait/header/1076815-1732611843.jpg?lm=1,https://www.transfermarkt.co.uk/javi-rodriguez/profil/spieler/1076815,javi rodriguez,J. Rodriguez,Jay Rodriguez,7/29/1989,29,185.42,83.9,ST,England,76,76,8000000.0,38000.0,Right,2,4,3,Normal,15200000.0,,,,,68,76,75,70,73,72,69,39,66,73,72,77,75,76,64,74,81,76,73,72,41,44,78,69,77,75,47,28,21,jay rodriguez,89
Carl Starfelt,SWE,DF,29,28,26,"2,270",25.2,1,0,1,1,0,0,5,0,0.5,0.5,0.2,0.7,11,66,1,0.04,0.0,0.04,0.04,0.04,0.02,0.01,0.03,0.02,0.03,carl starfelt,Defender,right,187.0,ES1,6000000.0,6500000.0,https://img.a.transfermarkt.technology/portrait/header/258987-1600613124.png?lm=1,https://www.transfermarkt.co.uk/carl-starfelt/profil/spieler/258987,carl starfelt,C. Starfelt,Carl Starfelt,6/1/1995,23,185.42,81.2,CB,Sweden,65,70,625000.0,1000.0,Right,1,2,2,Normal,828000.0,,,,,27,23,64,45,26,36,30,24,38,45,68,70,55,53,61,38,65,68,78,20,67,60,32,32,39,45,66,68,67,carl starfelt,100
Borja Iglesias,ESP,AT,31,37,24,"1,952",21.7,11,3,14,11,0,0,2,0,9.3,9.3,3.2,12.6,22,28,108,0.51,0.14,0.65,0.51,0.65,0.43,0.15,0.58,0.43,0.58,borja iglesias,Attack,right,187.0,ES1,3000000.0,28000000.0,https://img.a.transfermarkt.technology/portrait/header/278359-1686661509.jpg?lm=1,https://www.transfermarkt.co.uk/borja-iglesias/profil/spieler/278359,borja iglesias,Borja Iglesias,Borja Iglesias Quintas,1/17/1993,26,187.96,86.2,ST,Spain,78,81,13000000.0,31000.0,Right,1,3,3,Normal,28300000.0,,,,,50,81,78,68,68,73,35,36,64,75,68,70,61,76,69,80,73,75,90,78,42,20,79,70,78,80,31,27,18,borja iglesias quintas,100
Sergio Carreira,ESP,"MT,DF",23,23,19,"1,656",18.4,0,4,4,0,0,0,1,0,0.6,0.6,3.1,3.7,39,53,140,0.0,0.22,0.22,0.0,0.22,0.03,0.17,0.2,0.03,0.2,sergio carreira,Defender,right,170.0,ES1,3000000.0,3000000.0,https://img.a.transfermarkt.technology/portrait/header/545647-1637743729.jpg?lm=1,https://www.transfermarkt.co.uk/sergio-carreira/profil/spieler/545647,sergio carreira,Sergio Herrera,Sergio Herrera Pirón,6/6/1993,25,193.04,79.8,GK,Spain,71,73,2000000.0,5000.0,Right,1,3,1,Lean,3400000.0,,,,,20,16,14,24,16,15,21,21,21,27,45,49,37,70,45,23,54,42,67,14,25,12,13,33,32,53,15,17,18,sergio herrera pirón,83
Hugo Álvarez,ESP,"MT,DF",21,26,16,"1,572",17.5,4,3,7,4,0,0,6,0,2.5,2.5,1.1,3.6,74,60,171,0.23,0.17,0.4,0.23,0.4,0.14,0.07,0.21,0.14,0.21,hugo alvarez,Attack,right,176.0,ES1,7500000.0,7500000.0,https://img.a.transfermarkt.technology/portrait/header/892929-1715867247.jpg?lm=1,https://www.transfermarkt.co.uk/hugo-alvarez/profil/spieler/892929,hugo alvarez,O. Álvarez,Oswal Andrés Álvarez Salazar,6/11/1995,23,152.4,78.0,ST,Colombia,64,72,675000.0,1000.0,Right,1,4,3,Stocky,1000000.0,,,,,39,62,56,63,61,68,60,34,34,70,85,79,69,60,70,58,78,46,79,52,34,15,54,57,48,54,18,15,16,oswal andrés álvarez salazar,80
Carlos Dominguez,ESP,DF,23,19,13,"1,181",13.1,0,0,0,0,0,0,1,0,0.2,0.2,0.1,0.3,15,66,4,0.0,0.0,0.0,0.0,0.0,0.02,0.0,0.02,0.02,0.02,carlos dominguez,Defender,left,187.0,ES1,2500000.0,3000000.0,https://img.a.transfermarkt.technology/portrait/header/636093-1629886975.jpg?lm=1,https://www.transfermarkt.co.uk/carlos-dominguez/profil/spieler/636093,carlos dominguez,Carlos Miguel,Carlos Miguel Coronel,12/29/1996,22,193.04,88.0,GK,Brazil,63,75,525000.0,3000.0,Right,1,3,1,Normal,,,,,,10,8,12,20,6,5,10,10,21,17,28,27,28,49,34,26,34,25,70,8,18,21,5,38,11,36,20,10,14,carlos miguel coronel,83
Damián Rodríguez,ESP,MT,21,17,10,927,10.3,0,0,0,0,0,0,3,0,0.1,0.1,0.8,0.9,8,71,12,0.0,0.0,0.0,0.0,0.0,0.01,0.08,0.09,0.01,0.09,damian rodriguez,Midfield,left,180.0,ES1,3000000.0,3000000.0,https://img.a.transfermarkt.technology/portrait/header/715628-1732612000.jpg?lm=1,https://www.transfermarkt.co.uk/damian-rodriguez/profil/spieler/715628,damian rodriguez,Dani Rodríguez,Daniel José Rodríguez Vázquez,6/6/1988,30,152.4,71.2,"CM,LM,CAM",Spain,69,69,975000.0,5000.0,Right,1,3,3,Normal,1500000.0,,,,,58,70,56,73,46,66,64,64,65,72,70,63,67,69,70,68,67,64,64,71,60,61,59,69,61,62,58,66,62,daniel josé rodríguez vázquez,83
Javier Manquillo,ESP,DF,30,10,7,515,5.7,0,0,0,0,0,0,1,0,0.0,0.0,0.0,0.0,3,24,5,0.0,0.0,0.0,0.0,0.0,0.0,0.0,0.0,0.0,0.0,javier manquillo,Defender,right,178.0,ES1,1800000.0,6000000.0,https://img.a.transfermarkt.technology/portrait/header/162029-1700647906.jpg?lm=1,https://www.transfermarkt.co.uk/javier-manquillo/profil/spieler/162029,javier manquillo,Manquillo,Javier Manquillo Gaitán,5/5/1994,24,152.4,76.2,"LB,RB",Spain,73,77,4300000.0,28000.0,Right,1,3,3,Lean,8500000.0,,,,,73,32,64,71,37,71,72,46,62,74,74,75,71,68,65,69,66,78,64,44,67,71,69,39,46,64,66,74,73,javier manquillo gaitán,84
Anastasios Douvikas,GRE,AT,24,20,6,700,7.8,3,1,4,3,0,0,2,0,4.4,4.4,0.2,4.7,6,6,43,0.39,0.13,0.51,0.39,0.51,0.57,0.03,0.6,0.57,0.6,anastasios douvikas,Attack,right,186.0,IT1,8000000.0,12000000.0,https://img.a.transfermarkt.technology/portrait/header/523318-1682331342.jpg?lm=1,https://www.transfermarkt.co.uk/anastasios-douvikas/profil/spieler/523318,anastasios douvikas,A. Donis,Anastasios Donis,8/29/1996,22,152.4,76.2,"ST,RM,LW",Greece,73,83,6500000.0,21000.0,Right,1,4,3,Normal,12400000.0,Greece,75.0,SUB,17.0,45,74,61,68,63,79,47,41,50,78,89,85,78,73,77,70,69,72,63,66,61,20,70,50,69,61,22,18,24,anastasios donis,86
Iván Villar,ESP,GB,27,4,4,360,4.0,0,0,0,0,0,0,0,0,0.0,0.0,0.0,0.0,0,0,0,0.0,0.0,0.0,0.0,0.0,0.0,0.0,0.0,0.0,0.0,ivan villar,Goalkeeper,right,186.0,ES1,900000.0,2500000.0,https://img.a.transfermarkt.technology/portrait/header/297194-1516876837.jpg?lm=1,https://www.transfermarkt.co.uk/ivan-villar/profil/spieler/297194,ivan villar,Iván Villar,Iván Villar Martínez,7/9/1997,21,187.96,78.9,GK,Spain,68,75,950000.0,4000.0,Right,1,2,1,Lean,2200000.0,,,,,13,12,16,23,12,21,20,15,22,17,32,33,38,67,37,21,52,30,52,15,18,18,12,46,23,46,10,15,15,iván villar martínez,95
Joseph Aidoo,GHA,DF,28,1,0,2,0.0,0,0,0,0,0,0,0,0,0.0,0.0,0.0,0.0,0,1,0,0.0,0.0,0.0,0.0,0.0,0.0,0.0,0.0,0.0,0.0,joseph aidoo,Defender,right,181.0,ES1,1400000.0,8000000.0,https://img.a.transfermarkt.technology/portrait/header/358250-1496923402.jpg?lm=1,https://www.transfermarkt.co.uk/joseph-aidoo/profil/spieler/358250,joseph aidoo,J. Aidoo,Joseph Aidoo,9/29/1995,23,152.4,83.0,CB,Ghana,74,81,7000000.0,12000.0,Right,1,2,2,Normal,11900000.0,,,,,29,18,74,48,21,35,24,28,42,48,75,79,63,65,71,40,86,78,88,23,90,71,25,23,31,63,70,76,72,joseph aidoo,100
Tadeo Allende,ARG,AT,25,1,0,2,0.0,0,0,0,0,0,0,1,0,0.0,0.0,0.0,0.0,0,0,0,0.0,0.0,0.0,0.0,0.0,0.0,0.0,0.0,0.0,0.0,tadeo allende,Attack,right,183.0,ES1,4000000.0,4500000.0,https://img.a.transfermarkt.technology/portrait/header/872184-1657542237.JPG?lm=1,https://www.transfermarkt.co.uk/tadeo-allende/profil/spieler/872184,tadeo allende,Diego Alende,Diego Alende López,8/25/1997,21,182.88,76.2,CB,Spain,64,74,650000.0,3000.0,Right,1,3,2,Stocky,1500000.0,,,,,26,24,66,61,21,29,26,26,35,60,53,55,32,60,65,31,78,43,59,23,62,69,28,33,33,58,50,68,71,diego alende lópez,80
Abdul Mumin,GHA,DF,26,24,24,"2,017",22.4,2,1,3,2,0,0,6,1,0.6,0.6,0.2,0.8,12,40,6,0.09,0.04,0.13,0.09,0.13,0.03,0.01,0.03,0.03,0.03,abdul mumin,Defender,right,188.0,ES1,5000000.0,5000000.0,https://img.a.transfermarkt.technology/portrait/header/451801-1631003939.jpg?lm=1,https://www.transfermarkt.co.uk/abdul-mumin/profil/spieler/451801,abdul mumin,A. Mumin,Abdul Mumin,6/6/1998,20,185.42,74.8,CB,Ghana,62,73,450000.0,2000.0,Right,1,3,3,Normal,653000.0,,,,,25,23,62,52,25,31,20,20,46,61,73,77,61,45,63,41,75,61,71,23,77,53,28,30,38,55,55,60,65,abdul mumin,100
Unai López,ESP,MT,28,32,23,"1,707",19.0,3,1,4,3,0,0,9,1,1.6,1.6,1.0,2.6,22,112,40,0.16,0.05,0.21,0.16,0.21,0.08,0.05,0.14,0.08,0.14,unai lopez,Midfield,right,170.0,ES1,2800000.0,12000000.0,https://img.a.transfermarkt.technology/portrait/header/192009-1726662500.jpg?lm=1,https://www.transfermarkt.co.uk/unai-lopez/profil/spieler/192009,unai lopez,Unai López,Unai López Cabrera,10/30/1995,23,170.18,69.9,"CM,LM,CDM",Spain,75,82,9000000.0,19000.0,Right,1,3,3,Normal,20700000.0,,,,,71,74,51,77,55,75,73,79,72,76,74,72,82,70,89,63,74,79,54,71,72,69,68,73,46,62,57,72,59,unai lópez cabrera,95
Óscar Valentín,ESP,MT,29,34,18,"1,835",20.4,0,0,0,0,0,0,5,0,0.4,0.4,0.9,1.3,13,86,8,0.0,0.0,0.0,0.0,0.0,0.02,0.04,0.06,0.02,0.06,oscar valentin,Midfield,right,177.0,ES1,3500000.0,5000000.0,https://img.a.transfermarkt.technology/portrait/header/517753-1641140471.jpg?lm=1,https://www.transfermarkt.co.uk/oscar-valentin/profil/spieler/517753,oscar valentin,Óscar Valentín,Óscar Valentín Martín Luengo,8/20/1994,24,152.4,64.9,"CDM,CM",Spain,68,74,1000000.0,3000.0,Right,1,3,2,Lean,1800000.0,,,,,51,28,60,70,35,58,38,37,65,68,64,64,63,63,70,68,69,75,63,60,71,67,65,66,40,60,68,65,67,óscar valentín martín luengo,92
Pedro Díaz,ESP,MT,26,26,12,"1,211",13.5,3,0,3,3,0,1,2,0,2.4,1.6,2.1,3.7,27,62,49,0.22,0.0,0.22,0.22,0.22,0.18,0.16,0.33,0.12,0.27,pedro diaz,Midfield,right,180.0,ES1,2500000.0,2500000.0,https://img.a.transfermarkt.technology/portrait/header/363057-1664207844.jpg?lm=1,https://www.transfermarkt.co.uk/pedro-diaz/profil/spieler/363057,pedro diaz,Pedro Díaz,Pedro Díaz Fanjul,6/5/1998,20,154.94,74.8,"CAM,CM,RM",Spain,63,74,625000.0,2000.0,Right,1,3,3,Lean,1100000.0,,,,,65,59,42,67,45,64,67,69,63,67,63,64,72,52,63,53,40,64,50,48,38,34,58,61,47,59,33,35,32,pedro díaz fanjul,95
Iván Balliu,ALB,DF,32,25,12,"1,200",13.3,0,0,0,0,0,0,3,0,0.0,0.0,0.5,0.5,8,46,21,0.0,0.0,0.0,0.0,0.0,0.0,0.04,0.04,0.0,0.04,ivan balliu,Defender,right,172.0,ES1,1500000.0,4000000.0,https://img.a.transfermarkt.technology/portrait/header/85295-1688119678.jpg?lm=1,https://www.transfermarkt.co.uk/ivan-balliu/profil/spieler/85295,ivan balliu,I. Balliu,Iván Balliu Campeny,1/1/1992,27,172.72,63.0,"RB,RWB",Albania,73,74,3800000.0,7000.0,Right,1,3,3,Normal,7100000.0,,,,,73,23,60,69,24,73,63,58,68,74,81,82,75,67,75,45,77,81,62,59,75,69,63,64,69,73,73,70,69,iván balliu campeny,84
Aridane Hernández,ESP,DF,35,14,11,"1,025",11.4,0,0,0,0,0,0,1,0,0.9,0.9,0.0,1.0,2,38,0,0.0,0.0,0.0,0.0,0.0,0.08,0.0,0.08,0.08,0.08,aridane hernandez,Defender,right,188.0,ES1,400000.0,4000000.0,https://img.a.transfermarkt.technology/portrait/header/82503-1484149571.jpg?lm=1,https://www.transfermarkt.co.uk/aridane-hernandez/profil/spieler/82503,aridane hernandez,D. Hernández,Daniel Hernández,12/1/1990,28,175.26,64.9,"RM,CAM,ST",Colombia,69,69,1100000.0,8000.0,Left,1,3,3,Lean,1700000.0,,,,,68,55,37,70,65,69,64,70,65,70,74,73,81,68,75,68,47,62,63,64,50,32,68,72,58,67,33,27,25,daniel hernández,81
Alfonso Espino,URU,DF,32,16,9,833,9.3,0,1,1,0,0,0,4,0,0.4,0.4,0.6,1.1,10,39,29,0.0,0.11,0.11,0.0,0.11,0.05,0.07,0.12,0.05,0.12,alfonso espino,Defender,left,172.0,ES1,1500000.0,6000000.0,https://img.a.transfermarkt.technology/portrait/header/311044-1635328827.jpg?lm=1,https://www.transfermarkt.co.uk/alfonso-espino/profil/spieler/311044,alfonso espino,A. Espino,Alfonso Espino,1/5/1992,27,172.72,69.9,LB,Uruguay,70,71,1700000.0,6000.0,Left,1,3,2,Normal,2800000.0,,,,,69,57,59,64,50,64,65,49,56,59,75,77,68,64,79,73,65,82,69,55,69,70,62,56,51,69,65,72,69,alfonso espino,100
Dani Cárdenas,ESP,GB,27,6,6,540,6.0,0,0,0,0,0,0,0,0,0.0,0.0,0.0,0.0,0,0,0,0.0,0.0,0.0,0.0,0.0,0.0,0.0,0.0,0.0,0.0,dani cardenas,Goalkeeper,right,186.0,ES1,1800000.0,2000000.0,https://img.a.transfermarkt.technology/portrait/header/397676-1663571879.jpg?lm=1,https://www.transfermarkt.co.uk/dani-cardenas/profil/spieler/397676,dani cardenas,Dani Cárdenas,Daniel Cárdenas Lindez,3/28/1997,21,185.42,79.8,GK,Spain,63,73,450000.0,2000.0,Right,1,3,1,Lean,1000000.0,,,,,10,5,12,23,8,13,11,13,22,16,39,33,55,65,42,22,67,26,52,5,21,6,5,34,17,42,13,13,12,daniel cárdenas lindez,96
Óscar Trejo,ARG,MT,36,19,6,496,5.5,1,0,1,1,0,0,1,0,0.6,0.6,1.0,1.6,15,37,28,0.18,0.0,0.18,0.18,0.18,0.11,0.18,0.28,0.11,0.28,oscar trejo,Midfield,right,180.0,ES1,800000.0,4000000.0,https://img.a.transfermarkt.technology/portrait/header/30321-1653039805.jpg?lm=1,https://www.transfermarkt.co.uk/oscar-trejo/profil/spieler/30321,oscar trejo,O. Trejo,Óscar Guido Trejo,4/26/1988,30,154.94,78.9,"CM,CAM",Argentina,76,76,7000000.0,20000.0,Right,1,4,4,Normal,15400000.0,,,,,73,73,64,75,72,80,74,69,70,79,67,73,85,76,76,73,63,86,71,68,70,68,74,79,73,74,66,66,55,óscar guido trejo,81
Sergi Guardiola,ESP,AT,33,16,1,362,4.0,0,0,0,0,0,0,1,0,2.4,2.4,0.1,2.5,2,3,22,0.0,0.0,0.0,0.0,0.0,0.59,0.03,0.62,0.59,0.62,sergi guardiola,Attack,left,185.0,ES1,600000.0,7500000.0,https://img.a.transfermarkt.technology/portrait/header/256429-1521447903.jpg?lm=1,https://www.transfermarkt.co.uk/sergi-guardiola/profil/spieler/256429,sergi guardiola,Sergi Guardiola,Sergio Guardiola Navarro,5/29/1991,27,187.96,77.1,ST,Spain,75,76,8000000.0,21000.0,Left,1,3,3,Normal,18200000.0,,,,,43,80,74,72,74,78,73,43,41,79,61,61,60,69,68,76,63,47,75,77,67,28,70,57,71,56,32,19,18,sergio guardiola navarro,100
Pelayo Fernandez,ESP,DF,21,2,1,98,1.1,0,0,0,0,0,0,1,0,0.0,0.0,0.0,0.0,0,1,0,0.0,0.0,0.0,0.0,0.0,0.0,0.0,0.0,0.0,0.0,pelayo fernandez,Defender,right,193.0,ES1,500000.0,500000.0,https://img.a.transfermarkt.technology/portrait/header/default.jpg?lm=1,https://www.transfermarkt.co.uk/pelayo-fernandez/profil/spieler/692208,pelayo fernandez,O. Fernandez,Omir Fernandez,2/8/1999,20,175.26,69.9,"LW,CAM",United States,58,73,270000.0,1000.0,Right,1,2,3,Normal,574000.0,,,,,49,46,46,61,43,65,49,48,58,65,70,70,69,47,76,52,60,57,51,45,46,36,50,56,46,59,39,47,46,omir fernandez,81
Sergio Herrera,ESP,GB,31,37,37,"3,330",37.0,0,0,0,0,0,0,5,0,0.0,0.0,0.0,0.0,0,2,0,0.0,0.0,0.0,0.0,0.0,0.0,0.0,0.0,0.0,0.0,sergio herrera,Goalkeeper,right,192.0,ES1,4000000.0,8000000.0,https://img.a.transfermarkt.technology/portrait/header/248738-1732220099.jpg?lm=1,https://www.transfermarkt.co.uk/sergio-herrera/profil/spieler/248738,sergio herrera,Sergio Herrera,Sergio Herrera Pirón,6/6/1993,25,193.04,79.8,GK,Spain,71,73,2000000.0,5000.0,Right,1,3,1,Lean,3400000.0,,,,,20,16,14,24,16,15,21,21,21,27,45,49,37,70,45,23,54,42,67,14,25,12,13,33,32,53,15,17,18,sergio herrera pirón,100
Lucas Torró,ESP,MT,30,35,35,"2,957",32.9,3,0,3,3,0,0,10,0,2.3,2.3,1.2,3.5,10,109,30,0.09,0.0,0.09,0.09,0.09,0.07,0.04,0.11,0.07,0.11,lucas torro,Midfield,right,190.0,ES1,3500000.0,8000000.0,https://img.a.transfermarkt.technology/portrait/header/213670-1732219931.jpg?lm=1,https://www.transfermarkt.co.uk/lucas-torro/profil/spieler/213670,lucas torro,Lucas Torró,Lucas Torró Marset,7/19/1994,24,190.5,83.0,"CDM,CM",Spain,74,81,7000000.0,22000.0,Right,1,3,2,Lean,13300000.0,,,,,49,53,75,76,46,62,58,52,72,72,65,55,65,69,39,53,43,82,81,50,66,74,53,61,57,72,71,73,68,lucas torró marset,95
Ante Budimir,CRO,AT,33,38,34,"2,952",32.8,21,4,25,13,8,8,4,0,18.3,12.3,1.7,13.9,23,24,134,0.64,0.12,0.76,0.4,0.52,0.56,0.05,0.61,0.37,0.42,ante budimir,Attack,left,190.0,ES1,5000000.0,15000000.0,https://img.a.transfermarkt.technology/portrait/header/46413-1732219707.jpg?lm=1,https://www.transfermarkt.co.uk/ante-budimir/profil/spieler/46413,ante budimir,A. Budimir,Ante Budimir,7/22/1991,27,190.5,74.8,ST,Croatia,70,70,1900000.0,3000.0,Left,2,4,3,Lean,,,,,,41,75,73,57,66,65,44,31,30,69,52,68,59,66,43,70,36,71,76,64,55,24,72,39,65,68,29,35,27,ante budimir,100
Jon Moncayola,ESP,MT,26,32,26,"2,099",23.3,0,0,0,0,0,0,8,0,1.6,1.6,3.7,5.3,25,107,51,0.0,0.0,0.0,0.0,0.0,0.07,0.16,0.23,0.07,0.23,jon moncayola,Midfield,right,182.0,ES1,7000000.0,12000000.0,https://img.a.transfermarkt.technology/portrait/header/552425-1583310847.jpg?lm=1,https://www.transfermarkt.co.uk/jon-moncayola/profil/spieler/552425,jon moncayola,Moncayola,Jon Moncayola Tollar,5/13/1998,20,182.88,73.0,"LM,CM",Spain,62,71,475000.0,1000.0,Left,1,3,3,Normal,855000.0,,,,,65,60,39,59,48,66,56,45,54,68,64,72,63,55,60,61,50,55,54,55,35,24,55,50,46,60,33,36,36,jon moncayola tollar,82
Pablo Ibáñez,ESP,MT,25,28,13,"1,294",14.4,1,1,2,1,0,0,4,0,1.6,1.6,1.6,3.2,21,51,31,0.07,0.07,0.14,0.07,0.14,0.11,0.11,0.22,0.11,0.22,pablo ibanez,Midfield,right,179.0,ES1,2300000.0,2500000.0,https://img.a.transfermarkt.technology/portrait/header/785353-1680676751.jpg?lm=1,https://www.transfermarkt.co.uk/pablo-ibanez/profil/spieler/785353,pablo ibanez,P. Martínez,Pablo Martínez,11/30/1996,22,154.94,67.1,"LW,LM",Paraguay,64,75,775000.0,3000.0,Left,1,2,3,Lean,1300000.0,,,,,62,59,42,58,51,69,55,53,50,66,81,79,75,55,65,62,50,52,53,56,32,22,56,55,58,52,24,34,25,pablo martínez,80
Moi Gómez,ESP,"MT,AT",30,26,6,796,8.8,0,0,0,0,0,0,1,0,0.5,0.5,0.8,1.2,13,49,16,0.0,0.0,0.0,0.0,0.0,0.05,0.08,0.14,0.05,0.14,moi gomez,Attack,right,176.0,ES1,3000000.0,10000000.0,https://img.a.transfermarkt.technology/portrait/header/175449-1664970613.jpg?lm=1,https://www.transfermarkt.co.uk/moi-gomez/profil/spieler/175449,moi gomez,Moi Gómez,Moisés Gómez Bordonado,6/23/1994,24,175.26,64.9,"CAM,CM,LM,CDM",Spain,74,79,7500000.0,9000.0,Right,1,5,3,Lean,,,,,,75,68,54,79,59,76,80,59,75,76,72,68,78,68,79,68,74,76,56,69,52,51,69,71,59,68,60,47,34,moisés gómez bordonado,94
Nacho Vidal,ESP,DF,29,5,1,124,1.4,0,0,0,0,0,0,0,0,0.0,0.0,0.0,0.0,3,1,5,0.0,0.0,0.0,0.0,0.0,0.0,0.0,0.0,0.0,0.0,nacho vidal,Defender,right,180.0,ES1,2000000.0,5000000.0,https://img.a.transfermarkt.technology/portrait/header/216870-1510233362.jpg?lm=1,https://www.transfermarkt.co.uk/nacho-vidal/profil/spieler/216870,nacho vidal,Nacho Vidal,Ignacio Vidal Miralles,1/24/1995,24,154.94,73.0,"RB,RWB",Spain,71,78,2800000.0,6000.0,Right,1,3,3,Lean,5000000.0,,,,,74,60,62,71,39,69,70,32,65,71,76,76,69,70,70,59,66,75,66,49,59,66,61,59,36,68,58,70,74,ignacio vidal miralles,100
Aitor Fernández,ESP,GB,33,1,1,90,1.0,0,0,0,0,0,0,0,0,0.0,0.0,0.0,0.0,0,0,0,0.0,0.0,0.0,0.0,0.0,0.0,0.0,0.0,0.0,0.0,aitor fernandez,Goalkeeper,right,182.0,ES1,1500000.0,10000000.0,https://img.a.transfermarkt.technology/portrait/header/118997-1683281584.jpg?lm=1,https://www.transfermarkt.co.uk/aitor-fernandez/profil/spieler/118997,aitor fernandez,Aitor,Aitor Fernández,5/3/1991,27,182.88,78.0,GK,Spain,73,76,3400000.0,14000.0,Right,1,2,1,Normal,7300000.0,,,,,30,12,20,21,15,22,34,14,22,14,58,53,70,66,48,32,82,42,48,12,15,24,15,45,24,50,14,13,12,aitor fernández,97
Unai García,ESP,DF,32,3,1,65,0.7,0,0,0,0,0,0,0,0,0.0,0.0,0.0,0.0,0,3,0,0.0,0.0,0.0,0.0,0.0,0.0,0.0,0.0,0.0,0.0,unai garcia,Defender,right,186.0,ES1,1000000.0,2500000.0,https://img.a.transfermarkt.technology/portrait/header/197122-1490623673.jpg?lm=1,https://www.transfermarkt.co.uk/unai-garcia/profil/spieler/197122,unai garcia,Unai García,Unai García Lugea,9/3/1992,26,185.42,81.2,CB,Spain,69,74,1200000.0,5000.0,Left,1,3,2,Normal,2000000.0,,,,,54,39,67,69,27,45,26,47,62,64,66,74,58,60,64,57,89,87,77,31,67,66,39,51,42,63,62,70,68,unai garcía lugea,95
Javi Martínez,ESP,MT,24,1,0,6,0.1,0,0,0,0,0,0,0,0,0.0,0.0,0.0,0.0,0,1,0,0.0,0.0,0.0,0.0,0.0,0.0,0.0,0.0,0.0,0.0,javi martinez,Midfield,right,181.0,ES1,1200000.0,2500000.0,https://img.a.transfermarkt.technology/portrait/header/471474-1694423354.png?lm=1,https://www.transfermarkt.co.uk/javi-martinez/profil/spieler/471474,javi martinez,Javi Martínez,Javier Martínez Aginaga,9/2/1988,30,193.04,86.2,"CDM,CB",Spain,83,83,20000000.0,94000.0,Right,3,3,2,Normal,33000000.0,,,,,60,43,87,77,58,60,46,45,74,74,49,53,53,83,48,76,85,74,84,62,90,87,51,75,52,80,85,86,86,javier martínez aginaga,96
Sergi Darder,ESP,"MT,AT",30,38,34,"2,744",30.5,2,6,8,2,0,0,4,0,2.1,2.1,3.7,5.8,37,142,83,0.07,0.2,0.26,0.07,0.26,0.07,0.12,0.19,0.07,0.19,sergi darder,Midfield,right,180.0,ES1,4000000.0,16000000.0,https://img.a.transfermarkt.technology/portrait/header/142021-1664975574.jpg?lm=1,https://www.transfermarkt.co.uk/sergi-darder/profil/spieler/142021,sergi darder,Sergi Darder,Sergi Darder Moll,12/22/1993,25,154.94,71.2,"CM,CDM",Spain,79,84,16500000.0,29000.0,Right,2,3,4,Lean,35900000.0,,,,,68,61,52,84,62,76,69,58,81,81,58,45,75,76,77,76,48,70,68,69,71,69,75,83,55,81,62,68,69,sergi darder moll,100
Martin Valjent,SVK,DF,28,31,31,"2,763",30.7,3,0,3,3,0,0,4,0,0.8,0.8,0.1,0.9,23,91,17,0.1,0.0,0.1,0.1,0.1,0.03,0.0,0.03,0.03,0.03,martin valjent,Defender,right,187.0,ES1,6000000.0,6000000.0,https://img.a.transfermarkt.technology/portrait/header/277384-1738232660.jpg?lm=1,https://www.transfermarkt.co.uk/martin-valjent/profil/spieler/277384,martin valjent,M. Valjent,Martin Valjent,12/11/1995,23,185.42,83.0,"CB,RB",Slovakia,65,71,625000.0,3000.0,Right,1,2,2,Lean,,,,,,39,25,65,61,40,59,54,30,57,63,69,63,77,61,78,49,74,84,66,47,69,60,52,53,26,56,56,68,63,martin valjent,100
Johan Mojica,COL,DF,31,36,30,"2,755",30.6,1,2,3,1,0,0,5,0,0.9,0.9,4.1,5.0,66,130,142,0.03,0.07,0.1,0.03,0.1,0.03,0.13,0.16,0.03,0.16,johan mojica,Defender,left,185.0,ES1,2200000.0,5000000.0,https://img.a.transfermarkt.technology/portrait/header/262939-1541161893.jpg?lm=1,https://www.transfermarkt.co.uk/johan-mojica/profil/spieler/262939,johan mojica,J. Mojica,Johan Andrés Mojica Palacio,8/21/1992,26,185.42,73.0,"LWB,LM,LB",Colombia,78,81,10500000.0,28000.0,Left,1,2,3,Lean,22800000.0,,,,,79,62,55,78,43,78,74,68,70,79,89,90,74,70,61,80,73,70,70,61,75,72,69,65,67,69,67,78,79,johan andrés mojica palacio,80
Pablo Maffeo,ESP,DF,27,30,28,"2,368",26.3,0,2,2,0,0,0,7,0,0.3,0.3,4.1,4.4,46,74,122,0.0,0.08,0.08,0.0,0.08,0.01,0.16,0.17,0.01,0.17,pablo maffeo,Defender,right,172.0,ES1,5000000.0,10000000.0,https://img.a.transfermarkt.technology/portrait/header/251876-1699449290.jpg?lm=1,https://www.transfermarkt.co.uk/pablo-maffeo/profil/spieler/251876,pablo maffeo,Pablo Maffeo,Pablo Maffeo Becerra,7/12/1997,21,172.72,69.9,"RWB,RM",Spain,77,84,10500000.0,22000.0,Right,1,3,3,Lean,20000000.0,,,,,78,53,68,76,21,79,71,34,63,80,87,86,82,64,84,57,61,69,65,52,65,69,67,64,37,62,76,79,79,pablo maffeo becerra,100
Dani Rodríguez,ESP,"MT,AT",36,37,26,"2,162",24.0,4,7,11,4,0,0,5,0,2.8,2.8,3.1,6.0,37,78,108,0.17,0.29,0.46,0.17,0.46,0.12,0.13,0.25,0.12,0.25,dani rodriguez,Midfield,right,178.0,ES1,900000.0,1500000.0,https://img.a.transfermarkt.technology/portrait/header/139435-1583332711.jpg?lm=1,https://www.transfermarkt.co.uk/dani-rodriguez/profil/spieler/139435,dani rodriguez,Dani Rodríguez,Daniel José Rodríguez Vázquez,6/6/1988,30,152.4,71.2,"CM,LM,CAM",Spain,69,69,975000.0,5000.0,Right,1,3,3,Normal,1500000.0,,,,,58,70,56,73,46,66,64,64,65,72,70,63,67,69,70,68,67,64,64,71,60,61,59,69,61,62,58,66,62,daniel josé rodríguez vázquez,96
Vedat Muriqi,KVX,AT,30,29,24,"2,058",22.9,7,2,9,5,2,3,1,2,9.7,7.3,2.2,9.5,23,30,103,0.31,0.09,0.39,0.22,0.31,0.42,0.1,0.52,0.32,0.41,vedat muriqi,Attack,left,194.0,ES1,8000000.0,17000000.0,https://img.a.transfermarkt.technology/portrait/header/256267-1627914833.jpg?lm=1,https://www.transfermarkt.co.uk/vedat-muriqi/profil/spieler/256267,vedat muriqi,V. Muriqi,Vedat Muriqi,4/24/1994,24,193.04,86.2,ST,Kosovo,71,77,3300000.0,9000.0,Left,1,4,3,Lean,7200000.0,,,,,35,71,76,64,61,66,58,30,42,69,53,69,49,61,42,75,54,72,88,66,51,18,74,60,67,54,20,25,22,vedat muriqi,100
Omar Mascarell,EQG,MT,31,32,21,"1,992",22.1,1,0,1,1,0,0,5,1,0.5,0.5,0.2,0.7,10,75,12,0.05,0.0,0.05,0.05,0.05,0.02,0.01,0.03,0.02,0.03,omar mascarell,Midfield,right,181.0,ES1,900000.0,14000000.0,https://img.a.transfermarkt.technology/portrait/header/142031-1531813358.jpg?lm=1,https://www.transfermarkt.co.uk/omar-mascarell/profil/spieler/142031,omar mascarell,Omar Mascarell,Omar Mascarell González,2/2/1993,26,154.94,76.2,"CDM,CM",Spain,78,80,10500000.0,29000.0,Right,1,4,3,Normal,18600000.0,,,,,50,53,56,82,54,75,61,68,83,80,65,64,76,73,68,73,73,79,75,69,72,75,62,74,68,74,77,76,71,omar mascarell gonzález,100
Cyle Larin,CAN,AT,29,32,21,"1,764",19.6,7,2,9,6,1,1,4,0,6.9,6.1,1.4,7.5,20,20,95,0.36,0.1,0.46,0.31,0.41,0.35,0.07,0.42,0.31,0.38,cyle larin,Attack,right,188.0,ES1,3500000.0,11500000.0,https://img.a.transfermarkt.technology/portrait/header/343463-1720430112.jpg?lm=1,https://www.transfermarkt.co.uk/cyle-larin/profil/spieler/343463,cyle larin,C. Larin,Cyle Larin,4/17/1995,23,187.96,89.8,ST,Canada,74,80,8000000.0,37000.0,Right,1,4,3,Normal,16800000.0,Canada,70.0,ST,9.0,35,77,76,62,60,67,43,22,21,69,70,73,61,70,44,82,63,69,84,68,63,22,73,52,63,63,21,18,20,cyle larin,100
Manu Morlanes,ESP,MT,25,23,15,"1,338",14.9,0,0,0,0,0,0,7,0,0.6,0.6,0.3,0.9,16,88,39,0.0,0.0,0.0,0.0,0.0,0.04,0.02,0.06,0.04,0.06,manu morlanes,Midfield,right,178.0,ES1,2500000.0,5000000.0,https://img.a.transfermarkt.technology/portrait/header/335225-1552044533.jpg?lm=1,https://www.transfermarkt.co.uk/manu-morlanes/profil/spieler/335225,manu morlanes,Manu Morlanes,Manuel Morlanes Ariño,1/12/1999,20,152.4,74.8,CM,Spain,71,81,3700000.0,9000.0,Right,1,3,3,Normal,8400000.0,,,,,64,56,49,78,58,72,61,71,71,75,74,64,75,69,76,62,59,65,59,59,57,66,63,72,68,55,61,54,48,manuel morlanes ariño,100
Antonio Sánchez,ESP,"MT,DF",27,33,12,"1,395",15.5,0,0,0,0,0,0,3,0,1.1,1.1,0.6,1.7,18,38,53,0.0,0.0,0.0,0.0,0.0,0.07,0.04,0.11,0.07,0.11,antonio sanchez,Midfield,right,179.0,ES1,2500000.0,2500000.0,https://img.a.transfermarkt.technology/portrait/header/513031-1576533215.jpg?lm=1,https://www.transfermarkt.co.uk/antonio-sanchez/profil/spieler/513031,antonio sanchez,A. Sánchez,Antonio Sánchez,9/19/1998,20,182.88,79.8,CB,Mexico,62,73,450000.0,2000.0,Right,1,3,2,Lean,855000.0,,,,,30,29,68,48,26,45,28,33,33,39,62,57,47,47,59,44,73,76,74,29,45,54,25,32,39,54,66,62,68,antonio sánchez,97
Leo Román,ESP,GB,24,7,7,630,7.0,0,0,0,0,0,0,0,0,0.0,0.0,0.0,0.0,0,0,0,0.0,0.0,0.0,0.0,0.0,0.0,0.0,0.0,0.0,0.0,leo roman,Goalkeeper,right,189.0,ES1,2500000.0,2500000.0,https://img.a.transfermarkt.technology/portrait/header/562742-1648453168.jpg?lm=1,https://www.transfermarkt.co.uk/leo-roman/profil/spieler/562742,leo roman,A. Rodman,Alex Rodman,2/15/1987,32,187.96,79.8,"LM,RM",England,65,65,475000.0,3000.0,Right,1,3,3,Lean,831000.0,,,,,60,60,50,61,54,66,57,58,55,65,77,70,81,59,60,61,46,68,64,54,42,32,61,64,50,58,38,19,20,alex rodman,80
David López,ESP,DF,21,2,2,169,1.9,0,0,0,0,0,0,0,0,0.0,0.0,0.0,0.0,0,4,0,0.0,0.0,0.0,0.0,0.0,0.0,0.0,0.0,0.0,0.0,david lopez,Defender,right,185.0,ES1,2000000.0,15000000.0,https://img.a.transfermarkt.technology/portrait/header/129444-1448529645.jpg?lm=1,https://www.transfermarkt.co.uk/david-lopez/profil/spieler/129444,david lopez,David López,David López Silva,10/9/1989,29,182.88,81.2,"CB,CDM",Spain,79,80,11500000.0,32000.0,Right,1,3,2,Normal,25000000.0,,,,,53,65,74,79,56,64,48,46,64,76,57,59,51,72,55,77,74,75,84,64,78,80,59,68,50,67,77,82,76,david lópez silva,95
Chiquinho,POR,"MT,AT",24,8,1,146,1.6,0,0,0,0,0,0,2,0,0.3,0.3,0.0,0.3,4,1,12,0.0,0.0,0.0,0.0,0.0,0.19,0.02,0.21,0.19,0.21,chiquinho,Midfield,right,175.0,GR1,4500000.0,9000000.0,https://img.a.transfermarkt.technology/portrait/header/334557-1728417990.png?lm=1,https://www.transfermarkt.co.uk/chiquinho/profil/spieler/334557,chiquinho,Chiquinho,Francisco Leonel Lima Silva Machado,7/19/1995,23,175.26,66.2,"CAM,CM",Portugal,73,78,5500000.0,5000.0,Right,1,3,3,Lean,12000000.0,,,,,68,56,36,72,48,76,67,68,70,75,73,69,85,72,83,72,34,74,38,70,47,49,67,75,74,70,46,53,41,francisco leonel lima silva machado,100
Chiquinho,POR,"MT,AT",24,8,1,146,1.6,0,0,0,0,0,0,2,0,0.3,0.3,0.0,0.3,4,1,12,0.0,0.0,0.0,0.0,0.0,0.19,0.02,0.21,0.19,0.21,chiquinho,Attack,right,179.0,ES1,2500000.0,3000000.0,https://img.a.transfermarkt.technology/portrait/header/695454-1641552728.png?lm=1,https://www.transfermarkt.co.uk/chiquinho/profil/spieler/695454,chiquinho,Chiquinho,Francisco Leonel Lima Silva Machado,7/19/1995,23,175.26,66.2,"CAM,CM",Portugal,73,78,5500000.0,5000.0,Right,1,3,3,Lean,12000000.0,,,,,68,56,36,72,48,76,67,68,70,75,73,69,85,72,83,72,34,74,38,70,47,49,67,75,74,70,46,53,41,francisco leonel lima silva machado,100
Daniel Luna,COL,MT,21,2,0,20,0.2,0,0,0,0,0,0,0,0,0.0,0.0,0.0,0.0,1,0,2,0.0,0.0,0.0,0.0,0.0,0.0,0.0,0.0,0.0,0.0,daniel luna,Midfield,left,178.0,ES1,300000.0,1000000.0,https://img.a.transfermarkt.technology/portrait/header/857830-1663127882.JPG?lm=1,https://www.transfermarkt.co.uk/daniel-luna/profil/spieler/857830,daniel luna,L. Daniels,Luke Daniels,1/5/1988,31,195.58,89.8,GK,England,65,65,350000.0,8000.0,Right,1,3,1,Normal,665000.0,,,,,12,12,14,38,13,11,20,18,31,25,61,52,45,54,52,23,73,37,57,12,32,24,14,37,41,44,29,12,11,luke daniels,80
Diego López,ESP,"MT,AT",22,38,35,"2,737",30.4,8,5,13,8,0,0,3,0,6.6,6.6,5.0,11.6,76,85,219,0.26,0.16,0.43,0.26,0.43,0.22,0.17,0.38,0.22,0.38,diego lopez,Attack,right,172.0,ES1,10000000.0,14000000.0,https://img.a.transfermarkt.technology/portrait/header/617081-1683211924.jpg?lm=1,https://www.transfermarkt.co.uk/diego-lopez/profil/spieler/617081,diego lopez,Diego López,Diego López Rodríguez,11/3/1981,37,195.58,88.9,GK,Spain,80,80,2000000.0,17000.0,Right,3,3,1,Lean,4200000.0,,,,,11,12,10,28,14,11,10,11,23,23,34,52,48,78,47,22,68,42,66,11,36,16,11,53,21,62,16,13,14,diego lópez rodríguez,95
Giorgi Mamardashvili,GEO,GB,23,34,34,"3,060",34.0,0,0,0,0,0,0,2,0,0.0,0.0,0.1,0.1,1,0,0,0.0,0.0,0.0,0.0,0.0,0.0,0.0,0.0,0.0,0.0,giorgi mamardashvili,Goalkeeper,left,197.0,ES1,30000000.0,45000000.0,https://img.a.transfermarkt.technology/portrait/header/502676-1716542116.jpg?lm=1,https://www.transfermarkt.co.uk/giorgi-mamardashvili/profil/spieler/502676,giorgi mamardashvili,G. Merebashvili,Giorgi Merebashvili,8/15/1986,32,152.4,74.8,LM,Georgia,67,67,675000.0,3000.0,Right,1,3,3,Stocky,911000.0,,,,,59,60,55,64,55,69,56,56,65,68,70,75,82,64,68,61,56,70,63,51,59,34,58,65,52,60,25,37,38,giorgi merebashvili,82
Luis Rioja,ESP,"MT,AT",30,36,33,"2,831",31.5,5,3,8,3,2,2,6,0,3.3,1.7,4.5,6.2,93,103,228,0.16,0.1,0.25,0.1,0.19,0.1,0.14,0.25,0.05,0.2,luis rioja,Attack,left,176.0,ES1,2000000.0,4000000.0,https://img.a.transfermarkt.technology/portrait/header/278837-1647530464.jpg?lm=1,https://www.transfermarkt.co.uk/luis-rioja/profil/spieler/278837,luis rioja,Luis Rioja,Luis Jesús Rioja González,10/16/1993,25,172.72,64.9,"LM,RM",Spain,67,70,975000.0,3000.0,Left,1,4,3,Normal,1600000.0,,,,,65,57,32,61,37,69,53,40,49,66,85,81,81,64,84,63,73,73,38,54,27,26,67,57,50,52,41,24,26,luis jesús rioja gonzález,100
Dimitri Foulquier,FRA,DF,31,32,25,"2,299",25.5,0,1,1,0,0,0,6,0,0.4,0.4,1.4,1.8,48,97,66,0.0,0.04,0.04,0.0,0.04,0.02,0.05,0.07,0.02,0.07,dimitri foulquier,Defender,right,183.0,ES1,2000000.0,4000000.0,https://img.a.transfermarkt.technology/portrait/header/170472-1447230887.jpg?lm=1,https://www.transfermarkt.co.uk/dimitri-foulquier/profil/spieler/170472,dimitri foulquier,D. Foulquier,Dimitri Foulquier,3/23/1993,25,182.88,78.0,"RB,RM,RWB",France,71,76,2600000.0,27000.0,Right,1,3,3,Lean,,,,,,69,50,60,67,45,78,58,40,59,69,70,78,64,64,63,59,70,65,76,49,67,70,65,55,49,64,65,75,77,dimitri foulquier,100
Hugo Duro,ESP,AT,24,31,25,"2,166",24.1,11,2,13,10,1,1,5,0,9.4,8.6,1.3,9.9,13,28,88,0.46,0.08,0.54,0.42,0.5,0.39,0.05,0.44,0.36,0.41,hugo duro,Attack,left,177.0,ES1,10000000.0,16000000.0,https://img.a.transfermarkt.technology/portrait/header/573775-1683213249.jpg?lm=1,https://www.transfermarkt.co.uk/hugo-duro/profil/spieler/573775,hugo duro,Hugo Duro,Hugo Duro Perales,11/10/1999,19,170.18,69.9,ST,Spain,64,80,950000.0,3000.0,Left,1,3,2,Normal,2600000.0,,,,,31,72,58,54,55,56,38,27,34,62,58,61,48,65,64,61,68,51,64,58,35,22,64,46,56,60,37,17,20,hugo duro perales,100
Jesus Vazquez,ESP,DF,21,19,10,919,10.2,0,0,0,0,0,0,3,0,0.1,0.1,0.6,0.8,32,21,48,0.0,0.0,0.0,0.0,0.0,0.01,0.06,0.08,0.01,0.08,jesus vazquez,Defender,left,182.0,ES1,3000000.0,5000000.0,https://img.a.transfermarkt.technology/portrait/header/623024-1644238446.jpg?lm=1,https://www.transfermarkt.co.uk/jesus-vazquez/profil/spieler/623024,jesus vazquez,J. Vazquez,Julian Vazquez,3/30/2001,17,154.94,66.2,ST,Mexico,53,73,120000.0,1000.0,Left,1,2,2,Lean,300000.0,,,,,29,55,50,49,42,52,38,29,30,50,63,60,58,48,65,51,69,50,54,48,33,14,54,43,49,49,16,11,16,julian vazquez,82
Umar Sadiq,NGA,AT,27,16,9,825,9.2,5,0,5,5,0,0,4,0,3.4,3.4,0.7,4.1,9,7,49,0.55,0.0,0.55,0.55,0.55,0.37,0.08,0.45,0.37,0.45,umar sadiq,Attack,right,191.0,ES1,5000000.0,18000000.0,https://img.a.transfermarkt.technology/portrait/header/337715-1728040426.jpg?lm=1,https://www.transfermarkt.co.uk/umar-sadiq/profil/spieler/337715,umar sadiq,U. Sadiq,Umar Sadiq,2/2/1997,22,193.04,79.8,ST,Nigeria,68,77,1400000.0,17000.0,Right,1,3,3,Lean,,,,,,43,70,69,60,59,67,56,41,41,63,72,77,60,64,36,70,70,64,77,57,30,19,63,55,60,61,37,14,19,umar sadiq,100
Mouctar Diakhaby,GUI,DF,27,13,7,653,7.3,2,0,2,2,0,0,0,0,1.5,1.5,0.0,1.5,5,14,2,0.28,0.0,0.28,0.28,0.28,0.2,0.0,0.21,0.2,0.21,mouctar diakhaby,Defender,right,192.0,ES1,2000000.0,30000000.0,https://img.a.transfermarkt.technology/portrait/header/346289-1709636432.jpg?lm=1,https://www.transfermarkt.co.uk/mouctar-diakhaby/profil/spieler/346289,mouctar diakhaby,M. Diakhaby,Mouctar Diakhaby,12/19/1996,22,193.04,78.0,CB,France,76,82,9000000.0,20000.0,Right,1,3,2,Lean,20700000.0,,,,,28,36,83,66,31,56,34,26,52,60,60,61,52,70,33,45,81,73,82,29,76,76,47,45,49,73,75,77,70,mouctar diakhaby,100
Stole Dimitrievski,MKD,GB,30,4,4,360,4.0,0,0,0,0,0,0,1,0,0.0,0.0,0.0,0.0,0,0,0,0.0,0.0,0.0,0.0,0.0,0.0,0.0,0.0,0.0,0.0,stole dimitrievski,Goalkeeper,right,188.0,ES1,3000000.0,4000000.0,https://img.a.transfermarkt.technology/portrait/header/165467-1541150592.jpg?lm=1,https://www.transfermarkt.co.uk/stole-dimitrievski/profil/spieler/165467,stole dimitrievski,S. Dimitrievski,Stole Dimitrievski,12/25/1993,25,187.96,81.2,GK,FYR Macedonia,73,77,3700000.0,10000.0,Right,1,2,1,Normal,8500000.0,,,,,11,20,14,23,15,18,17,17,27,19,35,38,44,62,43,20,60,40,72,17,17,21,15,51,21,53,19,19,17,stole dimitrievski,100
Sergi Canós,ESP,"MT,AT",27,17,2,370,4.1,0,1,1,0,0,0,3,0,0.5,0.5,0.2,0.7,7,9,47,0.0,0.24,0.24,0.0,0.24,0.13,0.05,0.17,0.13,0.17,sergi canos,Attack,right,177.0,ES1,1500000.0,14000000.0,https://img.a.transfermarkt.technology/portrait/header/251845-1538466933.jpg?lm=1,https://www.transfermarkt.co.uk/sergi-canos/profil/spieler/251845,sergi canos,Sergi Canós,Sergi Canós Tenés,2/2/1997,22,175.26,74.8,"RW,LW",Spain,68,74,1200000.0,14000.0,Right,1,3,3,Normal,2600000.0,,,,,64,66,51,61,56,73,51,55,50,66,74,70,77,65,84,70,52,56,65,65,75,56,68,70,55,62,45,55,50,sergi canós tenés,95
Maximiliano Caufriez,BEL,DF,27,1,1,90,1.0,0,0,0,0,0,0,0,0,0.0,0.0,0.0,0.0,0,1,0,0.0,0.0,0.0,0.0,0.0,0.0,0.0,0.0,0.0,0.0,maximiliano caufriez,Defender,right,189.0,FR1,2500000.0,3000000.0,https://img.a.transfermarkt.technology/portrait/header/369267-1679507795.jpg?lm=1,https://www.transfermarkt.co.uk/maximiliano-caufriez/profil/spieler/369267,maximiliano caufriez,M. Caufriez,Maximiliano Caufriez,2/16/1997,22,185.42,83.9,CB,Belgium,65,73,700000.0,2000.0,Right,1,3,2,Normal,1200000.0,,,,,27,18,62,59,24,37,23,25,57,59,54,59,41,62,51,42,54,65,77,21,68,63,22,52,33,67,61,66,64,maximiliano caufriez,100
David Otorbi,ESP,MT,16,1,0,14,0.2,0,0,0,0,0,0,0,0,0.0,0.0,0.0,0.0,1,0,0,0.0,0.0,0.0,0.0,0.0,0.0,0.0,0.0,0.0,0.0,david otorbi,Attack,right,180.0,ES1,500000.0,500000.0,https://img.a.transfermarkt.technology/portrait/header/1009766-1724053276.jpg?lm=1,https://www.transfermarkt.co.uk/david-otorbi/profil/spieler/1009766,david otorbi,D. Otto,David Otto,3/3/1999,20,185.42,82.1,ST,Germany,62,81,650000.0,3000.0,Right,1,3,3,Normal,1500000.0,,,,,43,68,63,54,46,54,43,34,38,55,66,65,55,56,62,60,67,60,68,56,32,13,59,49,68,53,27,16,14,david otto,82
Alberto Marí,ESP,AT,23,1,0,7,0.1,0,0,0,0,0,0,0,0,0.0,0.0,0.0,0.0,0,1,2,0.0,0.0,0.0,0.0,0.0,0.0,0.0,0.0,0.0,0.0,alberto mari,Attack,right,183.0,ES1,1500000.0,1500000.0,https://img.a.transfermarkt.technology/portrait/header/634105-1690382984.jpg?lm=1,https://www.transfermarkt.co.uk/alberto-mari/profil/spieler/634105,alberto mari,Alberto Martín,Alberto Martín Romo García-Adámez,3/31/1989,29,152.4,73.0,"CDM,CM",Spain,69,69,825000.0,5000.0,Right,1,3,2,Lean,1300000.0,,,,,52,52,57,73,40,62,49,50,68,73,52,48,62,62,64,58,73,77,69,39,66,70,52,62,58,62,59,68,64,alberto martín romo garcía-adámez,88
David Soria,ESP,GB,31,38,38,"3,420",38.0,0,0,0,0,0,0,2,0,0.0,0.0,0.0,0.0,0,1,0,0.0,0.0,0.0,0.0,0.0,0.0,0.0,0.0,0.0,0.0,david soria,Goalkeeper,right,192.0,ES1,4000000.0,18000000.0,https://img.a.transfermarkt.technology/portrait/header/226012-1696863038.jpg?lm=1,https://www.transfermarkt.co.uk/david-soria/profil/spieler/226012,david soria,David Soria,David Soria Solís,4/4/1993,25,193.04,84.8,GK,Spain,79,81,10500000.0,20000.0,Right,1,3,1,Normal,22800000.0,,,,,15,19,24,24,19,16,23,11,33,19,49,34,45,75,42,54,60,43,76,18,24,18,12,45,23,58,22,13,13,david soria solís,100
Omar Alderete,PAR,DF,27,34,34,"2,971",33.0,1,0,1,1,0,0,8,0,1.7,1.7,0.9,2.6,25,112,7,0.03,0.0,0.03,0.03,0.03,0.05,0.03,0.08,0.05,0.08,omar alderete,Defender,left,188.0,ES1,8000000.0,10000000.0,https://img.a.transfermarkt.technology/portrait/header/353032-1669365021.jpg?lm=1,https://www.transfermarkt.co.uk/omar-alderete/profil/spieler/353032,omar alderete,O. Alderete,Omar Federico Alderete Fernández,12/26/1996,22,187.96,77.1,CB,Paraguay,72,82,4400000.0,8000.0,Left,1,3,2,Normal,7500000.0,,,,,62,58,71,70,47,62,52,41,72,63,65,66,71,70,64,63,76,78,84,59,64,76,68,47,45,55,71,67,70,omar federico alderete fernández,87
Luis Milla,ESP,MT,29,33,32,"2,875",31.9,1,4,5,0,1,1,6,0,1.8,1.0,3.9,4.9,32,152,30,0.03,0.13,0.16,0.0,0.13,0.06,0.12,0.18,0.03,0.15,luis milla,Midfield,right,175.0,ES1,3500000.0,6000000.0,https://img.a.transfermarkt.technology/portrait/header/281989-1669364960.jpg?lm=1,https://www.transfermarkt.co.uk/luis-milla/profil/spieler/281989,luis milla,Luis Milla,Luis Milla Manzanares,10/7/1994,24,175.26,67.1,"CDM,CM",Spain,73,80,4800000.0,7000.0,Right,1,3,3,Lean,8600000.0,,,,,58,51,48,77,51,70,63,68,72,72,75,73,76,75,78,67,68,81,63,66,64,71,63,75,59,79,70,70,63,luis milla manzanares,100
Diego Rico,ESP,DF,31,33,32,"2,819",31.3,0,3,3,0,0,0,9,1,0.4,0.4,2.7,3.1,27,136,84,0.0,0.1,0.1,0.0,0.1,0.01,0.09,0.1,0.01,0.1,diego rico,Defender,left,183.0,ES1,1300000.0,10000000.0,https://img.a.transfermarkt.technology/portrait/header/249513-1697221474.jpg?lm=1,https://www.transfermarkt.co.uk/diego-rico/profil/spieler/249513,diego rico,Diego Rico,Diego Rico Salguero,2/23/1993,26,182.88,76.2,"LB,LWB",Spain,76,78,7500000.0,49000.0,Left,1,2,3,Normal,14800000.0,,,,,77,38,74,76,53,66,71,69,57,68,67,75,64,71,70,82,72,88,74,72,70,78,59,63,43,64,60,77,76,diego rico salguero,100
Mauro Arambarri,URU,MT,28,35,31,"2,661",29.6,10,0,10,7,3,3,10,0,8.2,5.8,0.6,6.5,17,75,55,0.34,0.0,0.34,0.24,0.24,0.28,0.02,0.3,0.2,0.22,mauro arambarri,Midfield,right,175.0,ES1,7000000.0,25000000.0,https://img.a.transfermarkt.technology/portrait/header/290249-1669365106.jpg?lm=1,https://www.transfermarkt.co.uk/mauro-arambarri/profil/spieler/290249,mauro arambarri,M. Arambarri,Mauro Wilney Arambarri Rosa,9/30/1995,23,175.26,76.2,"CDM,CM",Uruguay,76,81,8500000.0,18000.0,Right,1,3,3,Normal,18500000.0,,,,,59,49,62,79,43,69,66,46,78,79,47,53,61,70,73,64,60,68,65,55,79,73,60,68,50,63,77,79,73,mauro wilney arambarri rosa,85
Domingos Duarte,POR,DF,29,22,21,"1,859",20.7,1,0,1,1,0,0,4,2,0.2,0.2,0.1,0.3,3,47,3,0.05,0.0,0.05,0.05,0.05,0.01,0.0,0.01,0.01,0.01,domingos duarte,Defender,right,192.0,ES1,800000.0,12000000.0,https://img.a.transfermarkt.technology/portrait/header/257376-1583309064.jpg?lm=1,https://www.transfermarkt.co.uk/domingos-duarte/profil/spieler/257376,domingos duarte,Domingos Duarte,Domingos Sousa Coutinho Meneses Duarte,3/3/1995,24,190.5,78.0,CB,Portugal,72,80,3900000.0,8000.0,Right,1,3,2,Lean,,,,,,34,30,74,65,27,48,27,27,44,55,56,37,44,66,49,50,49,73,78,31,81,72,31,30,45,64,70,76,68,domingos sousa coutinho meneses duarte,100
Carles Pérez,ESP,"MT,AT",26,27,15,"1,431",15.9,3,0,3,3,0,0,2,0,2.4,2.4,1.5,3.9,31,20,77,0.19,0.0,0.19,0.19,0.19,0.15,0.1,0.24,0.15,0.24,carles perez,Attack,left,173.0,ES1,2500000.0,10000000.0,https://img.a.transfermarkt.technology/portrait/header/282810-1698852701.jpg?lm=1,https://www.transfermarkt.co.uk/carles-perez/profil/spieler/282810,carles perez,C. Pérez,Carlos Pérez,6/15/1995,23,185.42,78.9,CB,Colombia,62,73,450000.0,1000.0,Right,1,3,2,Normal,698000.0,,,,,48,22,68,56,22,33,30,25,38,51,50,52,49,49,55,32,74,61,63,23,58,56,21,32,34,54,64,65,60,carlos pérez,87
Bertuğ Yıldırım,TUR,AT,22,22,14,"1,083",12.0,1,0,1,1,0,0,7,0,2.5,2.5,1.2,3.7,8,14,48,0.08,0.0,0.08,0.08,0.08,0.21,0.1,0.31,0.21,0.31,bertuğ yıldırım,Attack,right,191.0,ES1,2500000.0,5000000.0,https://img.a.transfermarkt.technology/portrait/header/672803-1681998915.png?lm=1,https://www.transfermarkt.co.uk/bertug-yildirim/profil/spieler/672803,bertuğ yıldırım,M. Özyıldırım,Mert Özyıldırım,2/28/1995,24,154.94,74.8,"CB,CDM,CM",Turkey,64,72,575000.0,3000.0,Right,1,2,2,Lean,1300000.0,,,,,27,20,62,61,25,53,30,28,43,56,66,66,64,58,64,50,70,56,71,39,52,63,42,46,47,48,61,66,63,mert özyıldırım,83
Alex Sola,ESP,"MT,AT",25,19,13,"1,029",11.4,0,1,1,0,0,0,4,0,1.0,1.0,0.7,1.6,24,23,61,0.0,0.09,0.09,0.0,0.09,0.08,0.06,0.14,0.08,0.14,alex sola,Attack,right,178.0,ES1,3000000.0,4000000.0,https://img.a.transfermarkt.technology/portrait/header/434990-1680536108.jpg?lm=1,https://www.transfermarkt.co.uk/alex-sola/profil/spieler/434990,alex sola,Alex Sola,Alex Sola López-Ocaña,6/9/1999,19,152.4,74.8,RB,Spain,66,81,1200000.0,3000.0,Right,1,3,2,Normal,3400000.0,,,,,65,40,45,65,33,62,56,31,59,64,71,72,55,64,67,48,60,75,65,43,61,64,64,45,37,60,62,64,65,alex sola lópez-ocaña,100
Borja Mayoral,ESP,AT,27,24,7,"1,114",12.4,5,1,6,4,1,1,0,0,3.4,2.6,0.9,3.6,10,13,43,0.4,0.08,0.48,0.32,0.4,0.28,0.07,0.35,0.21,0.29,borja mayoral,Attack,right,182.0,ES1,9000000.0,15000000.0,https://img.a.transfermarkt.technology/portrait/header/298976-1669365430.jpg?lm=1,https://www.transfermarkt.co.uk/borja-mayoral/profil/spieler/298976,borja mayoral,Borja Mayoral,Borja Mayoral Moya,4/5/1997,21,182.88,73.9,ST,Spain,76,84,11500000.0,90000.0,Right,1,4,3,Lean,,,,,,59,79,68,73,71,75,34,57,47,78,68,72,73,75,66,75,74,61,72,70,27,12,77,60,69,69,43,13,20,borja mayoral moya,100
Álvaro Rodríguez,URU,AT,20,22,7,852,9.5,2,0,2,2,0,0,6,0,1.2,1.2,0.3,1.5,6,13,50,0.21,0.0,0.21,0.21,0.21,0.13,0.03,0.16,0.13,0.16,alvaro rodriguez,Attack,left,193.0,ES1,2500000.0,6000000.0,https://img.a.transfermarkt.technology/portrait/header/948275-1660124773.jpg?lm=1,https://www.transfermarkt.co.uk/alvaro-rodriguez/profil/spieler/948275,alvaro rodriguez,Alejandro Rodríguez,Alejandro Rodríguez de Miguel,7/30/1991,27,182.88,79.8,ST,Spain,71,71,2600000.0,12000.0,Right,1,2,3,Lean,,,,,,42,72,73,59,67,68,54,42,49,70,77,78,80,66,75,69,84,73,68,65,45,33,68,42,65,69,32,30,24,alejandro rodríguez de miguel,82
Marash Kumbulla,ALB,DF,24,35,34,"2,972",33.0,3,0,3,3,0,0,9,0,1.8,1.8,0.0,1.9,11,71,3,0.09,0.0,0.09,0.09,0.09,0.05,0.0,0.06,0.05,0.06,marash kumbulla,Defender,right,191.0,ES1,6000000.0,27000000.0,https://img.a.transfermarkt.technology/portrait/header/371371-1716969202.jpg?lm=1,https://www.transfermarkt.co.uk/marash-kumbulla/profil/spieler/371371,marash kumbulla,M. Kumbulla,Marash Kumbulla,2/8/2000,19,185.42,78.0,CB,Albania,58,74,240000.0,1000.0,Right,1,3,2,Lean,534000.0,,,,,30,26,60,45,28,29,30,26,31,30,60,61,45,55,56,40,68,64,62,21,54,55,22,29,30,42,58,61,62,marash kumbulla,100
Leandro Cabrera,URU,DF,33,33,32,"2,869",31.9,4,2,6,4,0,0,4,1,1.1,1.1,0.9,2.1,9,69,6,0.13,0.06,0.19,0.13,0.19,0.03,0.03,0.06,0.03,0.06,leandro cabrera,Defender,left,190.0,ES1,1000000.0,10000000.0,https://img.a.transfermarkt.technology/portrait/header/102423-1500024381.jpg?lm=1,https://www.transfermarkt.co.uk/leandro-cabrera/profil/spieler/102423,leandro cabrera,L. Cabrera,Leandro Cabrera,9/6/1991,27,187.96,79.8,"CB,LB",Uruguay,74,77,6000000.0,18000.0,Left,1,3,2,Normal,13100000.0,,,,,64,23,79,62,27,52,46,48,63,62,61,64,66,63,53,42,91,76,82,35,80,69,34,45,49,60,65,75,78,leandro cabrera,100
Alex Král,CZE,MT,26,37,29,"2,714",30.2,0,1,1,0,0,0,1,0,1.5,1.5,1.5,3.0,49,78,79,0.0,0.03,0.03,0.0,0.03,0.05,0.05,0.1,0.05,0.1,alex kral,Midfield,right,186.0,ES1,6000000.0,10000000.0,https://img.a.transfermarkt.technology/portrait/header/337333-1691614545.jpg?lm=1,https://www.transfermarkt.co.uk/alex-kral/profil/spieler/337333,alex kral,A. Král,Alex Král,5/19/1998,20,185.42,79.8,"CB,CDM",Czech Republic,68,80,1400000.0,1000.0,Right,1,3,2,Lean,3400000.0,,,,,44,59,68,69,34,64,51,35,67,64,73,70,65,68,71,69,77,70,71,58,69,67,54,65,32,61,60,67,65,alex král,94
Carlos Romero,ESP,DF,22,34,28,"2,554",28.4,2,1,3,2,0,0,7,0,2.0,2.0,2.1,4.2,50,64,113,0.07,0.04,0.11,0.07,0.11,0.07,0.07,0.15,0.07,0.15,carlos romero,Defender,left,174.0,ES1,3000000.0,3000000.0,https://img.a.transfermarkt.technology/portrait/header/709372-1698946783.jpg?lm=1,https://www.transfermarkt.co.uk/carlos-romero/profil/spieler/709372,carlos romero,Carlos Cordero,Carlos Cordero Pérez,9/26/1996,22,154.94,76.2,LB,Spain,65,74,725000.0,2000.0,Left,1,3,2,Lean,1300000.0,,,,,58,35,54,65,33,49,47,40,58,55,71,73,74,60,62,48,67,73,57,31,59,62,54,40,43,56,65,64,66,carlos cordero pérez,81
Pol Lozano,ESP,MT,24,30,27,"1,943",21.6,0,1,1,0,0,0,12,0,0.2,0.2,0.8,1.0,18,115,12,0.0,0.05,0.05,0.0,0.05,0.01,0.04,0.05,0.01,0.05,pol lozano,Midfield,right,176.0,ES1,4000000.0,4000000.0,https://img.a.transfermarkt.technology/portrait/header/412045-1568028635.jpg?lm=1,https://www.transfermarkt.co.uk/pol-lozano/profil/spieler/412045,pol lozano,Pol Lozano,Pol Lozano Vizuete,10/6/1999,19,175.26,68.0,CM,Spain,58,75,260000.0,2000.0,Right,1,3,2,Normal,709000.0,,,,,43,37,38,66,43,57,44,38,61,64,56,64,61,53,74,45,60,52,48,44,44,31,52,65,49,61,50,43,50,pol lozano vizuete,100
Álvaro Tejero,ESP,"MT,DF",28,28,13,"1,238",13.8,1,4,5,1,0,0,2,0,0.6,0.6,2.9,3.5,27,46,72,0.07,0.29,0.36,0.07,0.36,0.04,0.21,0.26,0.04,0.26,alvaro tejero,Defender,both,174.0,ES1,2000000.0,3000000.0,https://img.a.transfermarkt.technology/portrait/header/290273-1557741576.jpg?lm=1,https://www.transfermarkt.co.uk/alvaro-tejero/profil/spieler/290273,alvaro tejero,Álvaro Tejero,Álvaro Tejero Sacristán,7/20/1996,22,175.26,68.9,RB,Spain,70,80,2500000.0,39000.0,Right,1,4,3,Normal,,,,,,75,52,55,68,20,72,60,68,59,72,82,76,81,67,83,75,78,81,53,65,62,64,69,56,58,58,63,66,67,álvaro tejero sacristán,96
Edu Expósito,ESP,MT,27,19,12,"1,045",11.6,0,2,2,0,0,0,3,0,1.0,1.0,3.2,4.2,23,64,41,0.0,0.17,0.17,0.0,0.17,0.09,0.27,0.36,0.09,0.36,edu exposito,Midfield,right,178.0,ES1,1500000.0,6000000.0,https://img.a.transfermarkt.technology/portrait/header/506248-1544776296.jpg?lm=1,https://www.transfermarkt.co.uk/edu-exposito/profil/spieler/506248,edu exposito,Edu Expósito,Eduardo Expósito Jaén,8/1/1996,22,152.4,67.1,"CM,CAM",Spain,72,83,5500000.0,6000.0,Right,1,5,3,Lean,9900000.0,,,,,56,72,46,74,36,75,34,40,72,73,65,52,63,74,70,68,46,54,48,73,58,68,68,75,42,71,67,66,52,eduardo expósito jaén,96
Brian Oliván,ESP,DF,30,17,12,"1,017",11.3,0,1,1,0,0,0,2,0,0.4,0.4,1.1,1.5,21,40,57,0.0,0.09,0.09,0.0,0.09,0.03,0.1,0.13,0.03,0.13,brian olivan,Defender,left,175.0,ES1,2000000.0,6000000.0,https://img.a.transfermarkt.technology/portrait/header/166677-1626938634.jpg?lm=1,https://www.transfermarkt.co.uk/brian-olivan/profil/spieler/166677,brian olivan,Brian Oliván,Brian Oliván Herrero,4/1/1994,24,152.4,69.9,LB,Spain,69,76,1200000.0,4000.0,Left,1,3,3,Lean,2200000.0,,,,,73,55,57,63,51,69,71,41,59,72,71,75,68,66,69,63,62,91,63,48,80,69,65,49,62,61,53,65,64,brian oliván herrero,96
Sergi Gómez,ESP,DF,32,12,6,664,7.4,0,0,0,0,0,0,1,0,0.3,0.3,0.0,0.3,0,8,1,0.0,0.0,0.0,0.0,0.0,0.04,0.0,0.04,0.04,0.04,sergi gomez,Defender,right,185.0,ES1,900000.0,10000000.0,https://img.a.transfermarkt.technology/portrait/header/92947-1447159892.jpg?lm=1,https://www.transfermarkt.co.uk/sergi-gomez/profil/spieler/92947,sergi gomez,Sergi Gómez,Sergi Gómez Solà,3/28/1992,26,185.42,77.1,CB,Spain,78,83,11500000.0,17000.0,Right,1,2,2,Normal,25000000.0,,,,,45,35,74,80,37,56,49,46,77,75,49,48,52,76,50,45,69,68,78,47,70,81,52,56,41,68,80,81,78,sergi gómez solà,95
Álvaro Aguado,ESP,MT,28,16,4,443,4.9,0,1,1,0,0,0,3,0,0.6,0.6,0.6,1.2,15,37,4,0.0,0.2,0.2,0.0,0.2,0.12,0.12,0.24,0.12,0.24,alvaro aguado,Midfield,right,175.0,ES1,2000000.0,3000000.0,https://img.a.transfermarkt.technology/portrait/header/449496-1659984006.jpeg?lm=1,https://www.transfermarkt.co.uk/alvaro-aguado/profil/spieler/449496,alvaro aguado,A. Angulo,Álvaro Angulo,6/3/1997,21,172.72,68.0,LB,Colombia,66,76,900000.0,1000.0,Left,1,2,2,Normal,1400000.0,,,,,59,29,57,63,31,56,36,53,53,56,92,90,83,64,78,28,78,86,44,32,59,65,48,42,37,60,51,53,57,álvaro angulo,80
Justin Smith,CAN,MT,21,5,3,209,2.3,0,0,0,0,0,0,0,0,0.0,0.0,0.0,0.0,4,6,7,0.0,0.0,0.0,0.0,0.0,0.0,0.02,0.02,0.0,0.02,justin smith,Midfield,right,189.0,ES1,300000.0,300000.0,https://img.a.transfermarkt.technology/portrait/header/904712-1669737787.jpg?lm=1,https://www.transfermarkt.co.uk/justin-smith/profil/spieler/904712,justin smith,M. Austin,Mitch Austin,4/3/1991,27,185.42,78.0,LW,Australia,62,62,325000.0,2000.0,Left,1,3,3,Normal,406000.0,,,,,62,61,51,55,36,62,57,55,48,58,90,90,78,48,76,58,73,79,79,42,40,48,57,54,63,56,44,44,46,mitch austin,83
Pere Milla,ESP,"MT,AT",31,20,1,456,5.1,3,0,3,3,0,0,3,0,1.5,1.5,0.3,1.8,9,13,27,0.59,0.0,0.59,0.59,0.59,0.29,0.06,0.35,0.29,0.35,pere milla,Attack,left,180.0,ES1,1500000.0,3000000.0,https://img.a.transfermarkt.technology/portrait/header/225593-1541151194.jpg?lm=1,https://www.transfermarkt.co.uk/pere-milla/profil/spieler/225593,pere milla,Pere Milla,Pere Milla Peña,9/23/1992,26,152.4,69.9,"CAM,RM,LM",Spain,73,76,5000000.0,17000.0,Left,1,2,3,Normal,10900000.0,,,,,72,75,56,69,62,78,65,58,60,73,78,76,78,68,68,76,54,72,62,70,45,32,72,69,62,57,40,30,28,pere milla peña,100
Nahuel Tenaglia,ARG,DF,28,34,33,"2,922",32.5,2,1,3,2,0,0,11,0,2.2,2.2,1.6,3.7,42,103,98,0.06,0.03,0.09,0.06,0.09,0.07,0.05,0.12,0.07,0.12,nahuel tenaglia,Defender,right,181.0,ES1,3000000.0,5200000.0,https://img.a.transfermarkt.technology/portrait/header/533568-1647530141.jpg?lm=1,https://www.transfermarkt.co.uk/nahuel-tenaglia/profil/spieler/533568,nahuel tenaglia,N. Tenaglia,Nahuel Tenaglia,2/21/1996,23,182.88,71.2,"RB,CB",Argentina,60,68,260000.0,2000.0,Right,1,2,2,Lean,442000.0,,,,,54,27,54,63,34,59,31,40,31,58,60,63,61,60,60,30,60,53,58,33,66,57,51,45,40,48,42,68,69,nahuel tenaglia,100
Antonio Sivera,ESP,GB,27,32,32,"2,810",31.2,0,0,0,0,0,0,6,1,0.0,0.0,0.1,0.1,0,1,0,0.0,0.0,0.0,0.0,0.0,0.0,0.0,0.0,0.0,0.0,antonio sivera,Goalkeeper,right,185.0,ES1,6000000.0,6000000.0,https://img.a.transfermarkt.technology/portrait/header/298197-1713856039.jpg?lm=1,https://www.transfermarkt.co.uk/antonio-sivera/profil/spieler/298197,antonio sivera,Sivera,Antonio Sivera Salvá,8/11/1996,22,182.88,74.8,GK,Spain,71,78,2500000.0,7000.0,Right,1,3,1,Normal,5700000.0,,,,,22,15,14,32,16,14,34,12,34,27,59,55,60,60,46,33,65,45,58,12,25,24,16,41,24,50,11,17,12,antonio sivera salvá,85
Antonio Blanco,ESP,MT,24,35,32,"2,727",30.3,0,1,1,0,0,0,11,1,0.8,0.8,1.6,2.4,13,146,19,0.0,0.03,0.03,0.0,0.03,0.03,0.05,0.08,0.03,0.08,antonio blanco,Midfield,right,176.0,ES1,7500000.0,7500000.0,https://img.a.transfermarkt.technology/portrait/header/495621-1705337231.jpg?lm=1,https://www.transfermarkt.co.uk/antonio-blanco/profil/spieler/495621,antonio blanco,A. Balzano,Antonio Balzano,6/13/1986,32,175.26,73.9,"RB,RM",Italy,70,70,975000.0,3000.0,Right,1,3,2,Stocky,1500000.0,,,,,65,30,55,64,40,59,59,24,58,60,70,71,74,66,83,63,67,80,77,48,74,67,58,31,36,71,68,73,74,antonio balzano,90
Manu Sánchez,ESP,DF,23,33,30,"2,634",29.3,1,0,1,1,0,0,6,1,1.7,1.7,1.2,2.9,47,78,97,0.03,0.0,0.03,0.03,0.03,0.06,0.04,0.1,0.06,0.1,manu sanchez,Defender,left,171.0,ES1,6000000.0,10000000.0,https://img.a.transfermarkt.technology/portrait/header/618809-1673281847.jpg?lm=1,https://www.transfermarkt.co.uk/manu-sanchez/profil/spieler/618809,manu sanchez,Manuel Sánchez,Manuel Sánchez López,4/13/1988,30,185.42,78.0,"CDM,CM",Spain,66,66,475000.0,2000.0,Left,1,2,2,Normal,736000.0,,,,,39,38,59,62,29,47,48,49,58,54,54,56,56,62,56,62,62,81,74,36,78,71,40,51,48,54,64,67,62,manuel sánchez lópez,88
Ander Guevara,ESP,MT,27,33,20,"1,947",21.6,0,1,1,0,0,0,3,0,0.9,0.9,0.6,1.5,14,112,19,0.0,0.05,0.05,0.0,0.05,0.04,0.03,0.07,0.04,0.07,ander guevara,Midfield,right,180.0,ES1,4000000.0,7500000.0,https://img.a.transfermarkt.technology/portrait/header/465967-1705338008.jpg?lm=1,https://www.transfermarkt.co.uk/ander-guevara/profil/spieler/465967,ander guevara,Ander Guevara,Ander Guevara Lajo,7/7/1997,21,154.94,73.0,CM,Spain,66,76,1000000.0,6000.0,Right,1,3,3,Normal,2400000.0,,,,,60,61,46,70,37,66,61,59,67,69,60,56,68,60,67,47,62,53,53,63,53,53,56,70,51,63,48,63,52,ander guevara lajo,100
Moussa Diarra,MLI,DF,23,26,20,"1,866",20.7,0,0,0,0,0,0,6,0,0.0,0.0,0.1,0.2,12,70,31,0.0,0.0,0.0,0.0,0.0,0.0,0.01,0.01,0.0,0.01,moussa diarra,Defender,left,185.0,ES1,2000000.0,2000000.0,https://img.a.transfermarkt.technology/portrait/header/694509-1708555512.jpg?lm=1,https://www.transfermarkt.co.uk/moussa-diarra/profil/spieler/694509,moussa diarra,M. Diaby,Moussa Diaby,7/7/1999,19,170.18,64.9,"RW,LW,LM",France,72,85,5500000.0,25000.0,Left,1,2,4,Lean,13600000.0,,,,,66,64,36,70,60,78,64,41,67,76,87,87,84,63,86,71,62,59,39,51,50,35,68,65,42,73,39,39,38,moussa diaby,80
Santiago Mouriño,URU,DF,22,25,20,"1,849",20.5,0,1,1,0,0,0,7,0,0.9,0.9,0.9,1.8,14,46,1,0.0,0.05,0.05,0.0,0.05,0.05,0.04,0.09,0.05,0.09,santiago mourino,Defender,right,186.0,ES1,2000000.0,2000000.0,https://img.a.transfermarkt.technology/portrait/header/953901-1691396102.jpg?lm=1,https://www.transfermarkt.co.uk/santiago-mourino/profil/spieler/953901,santiago mourino,S. Montoya,Santiago Montoya,9/15/1991,27,172.72,63.0,"CAM,LM,CM",Colombia,72,73,3700000.0,4000.0,Left,1,3,3,Lean,5400000.0,,,,,67,66,46,71,61,73,63,61,67,71,76,78,79,69,76,68,68,62,38,64,56,42,68,72,65,71,48,29,27,santiago montoya,81
Joan Jordán,ESP,MT,30,25,15,"1,414",15.7,5,2,7,2,3,4,4,0,4.8,1.6,2.3,4.0,7,104,35,0.32,0.13,0.45,0.13,0.25,0.3,0.15,0.45,0.1,0.25,joan jordan,Midfield,right,185.0,ES1,2500000.0,30000000.0,https://img.a.transfermarkt.technology/portrait/header/263727-1620305031.jpg?lm=1,https://www.transfermarkt.co.uk/joan-jordan/profil/spieler/263727,joan jordan,Joan Jordán,Joan Jordán Moreno,7/6/1994,24,182.88,73.9,"CM,CDM,CAM",Spain,78,83,13500000.0,22000.0,Right,1,4,4,Lean,29400000.0,,,,,65,75,47,79,59,78,79,75,78,79,65,68,65,72,65,74,50,75,66,76,61,69,71,78,69,73,67,76,54,joan jordán moreno,95
Toni Martínez,ESP,AT,27,28,9,"1,012",11.2,4,0,4,4,0,0,1,0,3.6,3.6,0.6,4.2,13,11,57,0.36,0.0,0.36,0.36,0.36,0.32,0.05,0.37,0.32,0.37,toni martinez,Attack,right,187.0,ES1,2800000.0,7000000.0,https://img.a.transfermarkt.technology/portrait/header/302371-1606396665.png?lm=1,https://www.transfermarkt.co.uk/toni-martinez/profil/spieler/302371,toni martinez,Toni Martínez,Antonio Martínez López,6/30/1997,21,154.94,69.9,ST,Spain,67,81,1700000.0,18000.0,Right,1,3,3,Lean,,,,,,42,69,65,57,59,61,47,31,43,66,69,72,59,67,69,62,67,56,64,62,60,23,68,51,64,55,20,14,23,antonio martínez lópez,96
Aleksandar Sedlar,SRB,DF,32,9,7,594,6.6,0,0,0,0,0,0,1,1,0.0,0.0,0.0,0.0,2,12,1,0.0,0.0,0.0,0.0,0.0,0.0,0.0,0.0,0.0,0.0,aleksandar sedlar,Defender,right,180.0,ES1,400000.0,900000.0,https://img.a.transfermarkt.technology/portrait/header/237499-1583331610.jpg?lm=1,https://www.transfermarkt.co.uk/aleksandar-sedlar/profil/spieler/237499,aleksandar sedlar,A. Sedlar,Aleksandar Sedlar,12/13/1991,27,152.4,78.9,CB,Serbia,68,70,900000.0,3000.0,Right,1,3,2,Normal,1300000.0,,,,,33,25,65,61,25,31,24,22,56,43,64,35,70,61,67,38,83,75,72,26,72,66,25,30,51,58,68,70,69,aleksandar sedlar,100
Asier Villalibre,ESP,AT,26,16,2,333,3.7,1,1,2,0,1,1,2,0,1.6,0.8,1.0,1.8,4,7,18,0.27,0.27,0.54,0.0,0.27,0.43,0.27,0.69,0.21,0.48,asier villalibre,Attack,left,182.0,ES1,1800000.0,4500000.0,https://img.a.transfermarkt.technology/portrait/header/251897-1709676417.png?lm=1,https://www.transfermarkt.co.uk/asier-villalibre/profil/spieler/251897,asier villalibre,Villalibre,Asier Villalibre Molina,9/30/1997,21,182.88,87.1,ST,Spain,69,76,1500000.0,9000.0,Left,1,3,3,Stocky,3500000.0,,,,,34,69,70,55,65,66,57,36,45,66,72,75,72,60,67,78,76,65,86,57,62,31,65,52,70,60,41,19,18,asier villalibre molina,82
Adrian Rodriguez,ESP,GB,23,2,1,122,1.4,0,0,0,0,0,0,1,0,0.0,0.0,0.0,0.0,0,0,0,0.0,0.0,0.0,0.0,0.0,0.0,0.0,0.0,0.0,0.0,adrian rodriguez,Goalkeeper,right,195.0,ES1,100000.0,150000.0,https://img.a.transfermarkt.technology/portrait/header/default.jpg?lm=1,https://www.transfermarkt.co.uk/adrian-rodriguez/profil/spieler/608382,adrian rodriguez,Adrián Diéguez,Adrián Diéguez Grande,2/4/1996,23,187.96,68.9,"CB,LB",Spain,69,77,1300000.0,9000.0,Left,1,3,2,Lean,,,,,,59,23,64,60,35,44,28,32,39,59,62,62,57,63,50,45,75,62,68,27,61,68,33,32,41,55,72,73,70,adrián diéguez grande,86
Luis Rioja,ESP,AT,30,1,0,23,0.3,0,0,0,0,0,0,0,0,0.0,0.0,0.1,0.1,4,1,3,0.0,0.0,0.0,0.0,0.0,0.0,0.57,0.57,0.0,0.57,luis rioja,Attack,left,176.0,ES1,2000000.0,4000000.0,https://img.a.transfermarkt.technology/portrait/header/278837-1647530464.jpg?lm=1,https://www.transfermarkt.co.uk/luis-rioja/profil/spieler/278837,luis rioja,Luis Rioja,Luis Jesús Rioja González,10/16/1993,25,172.72,64.9,"LM,RM",Spain,67,70,975000.0,3000.0,Left,1,4,3,Normal,1600000.0,,,,,65,57,32,61,37,69,53,40,49,66,85,81,81,64,84,63,73,73,38,54,27,26,67,57,50,52,41,24,26,luis jesús rioja gonzález,100
Paulo Gazzaniga,ARG,GB,32,36,36,"3,195",35.5,0,0,0,0,0,0,4,0,0.0,0.0,0.0,0.0,0,0,0,0.0,0.0,0.0,0.0,0.0,0.0,0.0,0.0,0.0,0.0,paulo gazzaniga,Goalkeeper,right,195.0,ES1,3500000.0,4000000.0,https://img.a.transfermarkt.technology/portrait/header/195488-1544621003.jpg?lm=1,https://www.transfermarkt.co.uk/paulo-gazzaniga/profil/spieler/195488,paulo gazzaniga,P. Gazzaniga,Paulo Dino Gazzaniga,1/2/1992,27,195.58,89.8,GK,Argentina,75,78,6000000.0,50000.0,Right,1,3,1,Lean,11600000.0,,,,,21,12,14,32,8,20,33,21,49,20,63,65,64,59,49,49,66,45,67,19,32,16,13,52,41,55,23,20,11,paulo dino gazzaniga,86
Daley Blind,NED,DF,34,34,31,"2,780",30.9,0,2,2,0,0,0,2,0,0.5,0.5,1.6,2.1,71,272,61,0.0,0.06,0.06,0.0,0.06,0.02,0.05,0.07,0.02,0.07,daley blind,Defender,left,180.0,ES1,2000000.0,25000000.0,https://img.a.transfermarkt.technology/portrait/header/12282-1718096647.jpg?lm=1,https://www.transfermarkt.co.uk/daley-blind/profil/spieler/12282,daley blind,D. Blind,Daley Blind,3/9/1990,28,154.94,72.1,"CB,LB,CDM",Netherlands,80,81,13500000.0,22000.0,Left,3,4,3,Normal,19900000.0,Netherlands,81.0,LB,5.0,81,46,72,83,62,73,84,62,83,80,62,53,72,84,75,70,72,83,74,64,72,83,66,76,56,82,78,81,77,daley blind,100
David López,ESP,DF,34,29,27,"2,429",27.0,1,1,2,1,0,0,4,0,0.9,0.9,0.6,1.5,17,132,7,0.04,0.04,0.07,0.04,0.07,0.03,0.02,0.06,0.03,0.06,david lopez,Defender,right,185.0,ES1,2000000.0,15000000.0,https://img.a.transfermarkt.technology/portrait/header/129444-1448529645.jpg?lm=1,https://www.transfermarkt.co.uk/david-lopez/profil/spieler/129444,david lopez,David López,David López Silva,10/9/1989,29,182.88,81.2,"CB,CDM",Spain,79,80,11500000.0,32000.0,Right,1,3,2,Normal,25000000.0,,,,,53,65,74,79,56,64,48,46,64,76,57,59,51,72,55,77,74,75,84,64,78,80,59,68,50,67,77,82,76,david lópez silva,95
Yangel Herrera,VEN,MT,26,29,27,"2,257",25.1,4,3,7,4,0,0,10,1,3.6,3.6,1.5,5.1,31,110,99,0.16,0.12,0.28,0.16,0.28,0.14,0.06,0.2,0.14,0.2,yangel herrera,Midfield,right,184.0,ES1,20000000.0,25000000.0,https://img.a.transfermarkt.technology/portrait/header/378293-1719230693.jpg?lm=1,https://www.transfermarkt.co.uk/yangel-herrera/profil/spieler/378293,yangel herrera,Y. Herrera,Yangel Herrera,1/7/1998,21,182.88,77.1,"CDM,CM",Venezuela,68,78,1300000.0,24000.0,Right,1,3,3,Lean,,Venezuela,73.0,RM,13.0,44,49,65,68,39,64,56,51,64,67,53,61,60,63,68,64,75,69,71,51,76,64,60,62,59,53,67,71,68,yangel herrera,100
Iván Martín,ESP,MT,25,32,24,"2,039",22.7,1,1,2,1,0,0,1,0,1.8,1.8,1.9,3.6,57,131,76,0.04,0.04,0.09,0.04,0.09,0.08,0.08,0.16,0.08,0.16,ivan martin,Midfield,left,178.0,ES1,10000000.0,15000000.0,https://img.a.transfermarkt.technology/portrait/header/341278-1703177977.jpg?lm=1,https://www.transfermarkt.co.uk/ivan-martin/profil/spieler/341278,ivan martin,Iván Martín,Iván Martín Núñez,2/14/1999,20,152.4,69.9,"CAM,CM",Spain,61,74,475000.0,2000.0,Left,1,3,3,Normal,1300000.0,,,,,53,57,39,66,59,65,55,62,63,62,63,62,60,52,60,49,52,56,47,51,37,40,54,60,70,62,41,39,38,iván martín núñez,90
Oriol Romeu,ESP,MT,32,25,17,"1,356",15.1,0,0,0,0,0,0,5,0,0.1,0.1,0.3,0.4,22,73,8,0.0,0.0,0.0,0.0,0.0,0.01,0.02,0.03,0.01,0.03,oriol romeu,Midfield,right,183.0,ES1,1800000.0,12000000.0,https://img.a.transfermarkt.technology/portrait/header/66100-1701118491.jpg?lm=1,https://www.transfermarkt.co.uk/oriol-romeu/profil/spieler/66100,oriol romeu,Oriol Romeu,Oriol Romeu Vidal,9/24/1991,27,182.88,83.0,"CDM,CM",Spain,77,79,9000000.0,43000.0,Right,2,3,2,Normal,17800000.0,,,,,37,25,67,80,35,59,49,53,71,72,53,48,54,71,59,60,65,73,82,43,88,80,48,61,54,72,77,79,74,oriol romeu vidal,100
Abel Ruiz,ESP,AT,24,23,17,"1,346",15.0,4,0,4,3,1,2,3,0,4.6,3.0,0.5,3.5,21,23,71,0.27,0.0,0.27,0.2,0.2,0.31,0.03,0.34,0.2,0.23,abel ruiz,Attack,right,182.0,ES1,6000000.0,14000000.0,https://img.a.transfermarkt.technology/portrait/header/340376-1694617385.jpg?lm=1,https://www.transfermarkt.co.uk/abel-ruiz/profil/spieler/340376,abel ruiz,Abel Ruiz,Abel Ruiz Ortega,1/28/2000,19,182.88,73.0,"ST,LW",Spain,67,83,1600000.0,21000.0,Right,1,3,3,Normal,4200000.0,,,,,36,69,62,65,63,65,41,48,42,63,69,70,67,58,61,64,60,68,74,67,32,19,66,55,64,57,45,12,12,abel ruiz ortega,100
Juanpe,ESP,DF,33,12,8,727,8.1,0,0,0,0,0,0,2,0,0.1,0.1,0.2,0.2,2,26,0,0.0,0.0,0.0,0.0,0.0,0.01,0.02,0.03,0.01,0.03,juanpe,Defender,right,190.0,ES1,900000.0,7500000.0,https://img.a.transfermarkt.technology/portrait/header/115333-1510233713.jpg?lm=1,https://www.transfermarkt.co.uk/juanpe/profil/spieler/115333,juanpe,Juanpe,Juan Pedro Ramírez López,4/30/1991,27,190.5,84.8,CB,Spain,77,78,8500000.0,27000.0,Right,1,3,2,Normal,18500000.0,,,,,35,35,81,79,13,38,28,35,60,70,41,63,32,72,33,48,70,71,78,27,79,75,32,54,37,65,65,81,78,juan pedro ramírez lópez,100
Pau López,ESP,GB,29,1,0,45,0.5,0,0,0,0,0,0,0,0,0.0,0.0,0.0,0.0,0,0,0,0.0,0.0,0.0,0.0,0.0,0.0,0.0,0.0,0.0,0.0,pau lopez,Goalkeeper,left,189.0,FR1,10000000.0,24000000.0,https://img.a.transfermarkt.technology/portrait/header/286415-1666815446.jpg?lm=1,https://www.transfermarkt.co.uk/pau-lopez/profil/spieler/286415,pau lopez,Pau López,Pau López Sabata,12/13/1994,24,187.96,77.1,GK,Spain,82,87,21500000.0,21000.0,Left,1,3,1,Lean,46800000.0,Spain,85.0,SUB,23.0,24,19,15,38,17,18,23,21,41,16,45,52,40,74,57,21,71,42,52,18,39,16,20,62,25,62,19,20,11,pau lópez sabata,94
Dodi Lukebakio,BEL,AT,26,38,36,"3,092",34.4,11,2,13,10,1,1,3,1,10.1,9.3,4.5,13.8,131,93,247,0.32,0.06,0.38,0.29,0.35,0.29,0.13,0.42,0.27,0.4,dodi lukebakio,Attack,left,187.0,ES1,25000000.0,25000000.0,https://img.a.transfermarkt.technology/portrait/header/303259-1657098989.jpg?lm=1,https://www.transfermarkt.co.uk/dodi-lukebakio/profil/spieler/303259,dodi lukebakio,D. Lukebakio,Dodi Lukebakio,9/24/1997,21,187.96,77.1,"RM,ST",Belgium,75,82,9500000.0,34000.0,Left,1,4,4,Lean,,,,,,69,72,26,68,63,79,67,66,63,75,79,88,77,74,70,75,69,69,68,70,33,26,75,66,65,72,31,21,23,dodi lukebakio,100
Nemanja Gudelj,SRB,"MT,DF",32,31,27,"2,493",27.7,1,1,2,0,1,1,6,0,1.6,0.8,0.6,1.5,14,64,5,0.04,0.04,0.07,0.0,0.04,0.06,0.02,0.08,0.03,0.05,nemanja gudelj,Midfield,right,187.0,ES1,3500000.0,7000000.0,https://img.a.transfermarkt.technology/portrait/header/74294-1718893660.jpg?lm=1,https://www.transfermarkt.co.uk/nemanja-gudelj/profil/spieler/74294,nemanja gudelj,N. Gudelj,Nemanja Gudelj,11/16/1991,27,187.96,73.0,"CDM,CM",Serbia,77,79,9000000.0,18000.0,Right,2,2,3,Normal,,,,,,74,58,73,78,69,64,80,79,76,75,61,65,62,72,57,85,67,90,87,81,83,75,65,70,74,71,72,76,70,nemanja gudelj,100
Adrià Pedrosa,ESP,DF,26,31,27,"2,298",25.5,1,1,2,1,0,0,7,0,0.9,0.9,1.6,2.5,41,79,96,0.04,0.04,0.08,0.04,0.08,0.04,0.06,0.1,0.04,0.1,adria pedrosa,Defender,left,172.0,ES1,7000000.0,10000000.0,https://img.a.transfermarkt.technology/portrait/header/501418-1583506190.jpg?lm=1,https://www.transfermarkt.co.uk/adria-pedrosa/profil/spieler/501418,adria pedrosa,Adrià Pedrosa,Adrià Giner Pedrosa,5/13/1998,20,175.26,68.9,LB,Spain,63,73,525000.0,3000.0,Left,1,3,3,Normal,1200000.0,,,,,66,46,48,63,46,64,60,39,60,66,69,68,70,58,78,52,61,64,54,51,59,61,52,49,38,58,62,62,59,adrià giner pedrosa,96
Isaac Romero,ESP,AT,24,31,26,"2,156",24.0,4,2,6,4,0,1,10,1,6.8,6.0,2.1,8.1,21,29,95,0.17,0.08,0.25,0.17,0.25,0.28,0.09,0.37,0.25,0.34,isaac romero,Attack,left,183.0,ES1,10000000.0,18000000.0,https://img.a.transfermarkt.technology/portrait/header/687609-1704970459.jpg?lm=1,https://www.transfermarkt.co.uk/isaac-romero/profil/spieler/687609,isaac romero,A. Romero,Hermes Aristóteles Romero,10/18/1995,23,182.88,83.0,CM,Venezuela,63,69,500000.0,1000.0,Right,1,3,2,Stocky,,Venezuela,73.0,SUB,19.0,57,39,60,73,38,63,45,49,72,57,54,53,48,61,51,58,62,64,56,43,70,64,47,55,55,52,62,60,60,hermes aristóteles romero,80
Lucien Agoume,FRA,MT,22,35,24,"2,114",23.5,1,3,4,1,0,0,5,1,0.9,0.9,2.5,3.3,29,135,23,0.04,0.13,0.17,0.04,0.17,0.04,0.11,0.14,0.04,0.14,lucien agoume,Midfield,right,185.0,ES1,7000000.0,7000000.0,https://img.a.transfermarkt.technology/portrait/header/569384-1656577561.jpg?lm=1,https://www.transfermarkt.co.uk/lucien-agoume/profil/spieler/569384,lucien agoume,L. Agoume,Lucien Agoume,2/9/2002,17,185.42,74.8,"CAM,CM",France,61,85,550000.0,1000.0,Right,1,3,3,Normal,1500000.0,,,,,47,48,54,60,43,57,48,42,58,64,69,65,54,56,59,59,57,59,67,54,56,45,61,67,51,61,39,47,43,lucien agoume,100
Djibril Sow,SUI,MT,27,30,24,"2,062",22.9,2,1,3,2,0,0,5,0,2.4,2.4,1.6,4.0,23,100,50,0.09,0.04,0.13,0.09,0.13,0.1,0.07,0.18,0.1,0.18,djibril sow,Midfield,right,184.0,ES1,7500000.0,22000000.0,https://img.a.transfermarkt.technology/portrait/header/212723-1663065652.jpg?lm=1,https://www.transfermarkt.co.uk/djibril-sow/profil/spieler/212723,djibril sow,D. Sow,Djibril Sow,2/6/1997,22,182.88,77.1,CM,Switzerland,70,80,2800000.0,9000.0,Right,1,4,3,Lean,4800000.0,BSC Young Boys,71.0,LCM,8.0,65,48,52,74,64,67,58,48,72,72,76,78,67,64,70,63,64,78,69,66,55,59,63,68,54,64,67,62,54,djibril sow,100
Albert Sambi Lokonga,BEL,MT,24,22,16,"1,471",16.3,0,2,2,0,0,0,4,0,0.9,0.9,1.0,1.9,24,93,20,0.0,0.12,0.12,0.0,0.12,0.06,0.06,0.12,0.06,0.12,albert sambi lokonga,Midfield,right,183.0,ES1,9000000.0,16000000.0,https://img.a.transfermarkt.technology/portrait/header/381967-1678466372.jpg?lm=1,https://www.transfermarkt.co.uk/albert-sambi-lokonga/profil/spieler/381967,albert sambi lokonga,A. Sambi Lokonga,Albert Sambi Lokonga,10/22/1999,19,182.88,69.9,CM,Belgium,67,81,1600000.0,3000.0,Right,1,3,3,Lean,3300000.0,,,,,58,38,48,72,47,73,54,49,69,74,69,72,81,60,68,50,70,66,57,48,58,53,51,71,41,71,49,58,51,albert sambi lokonga,100
Chidera Ejuke,NGA,AT,26,25,9,966,10.7,2,1,3,2,0,0,0,0,1.1,1.1,1.9,3.0,75,38,101,0.19,0.09,0.28,0.19,0.28,0.1,0.17,0.28,0.1,0.28,chidera ejuke,Attack,right,176.0,ES1,6000000.0,9000000.0,https://img.a.transfermarkt.technology/portrait/header/500067-1706264992.jpg?lm=1,https://www.transfermarkt.co.uk/chidera-ejuke/profil/spieler/500067,chidera ejuke,C. Ejuke,Chidera Ejuke,1/2/1998,21,175.26,72.1,"RM,LW",Nigeria,66,80,1400000.0,1000.0,Right,1,3,4,Normal,2600000.0,,,,,61,53,40,58,47,72,52,33,47,68,93,82,92,58,88,58,51,68,59,41,40,31,58,54,49,57,41,37,31,chidera ejuke,100
Marcão,BRA,DF,28,12,6,552,6.1,0,0,0,0,0,0,6,1,0.0,0.0,0.0,0.0,0,19,1,0.0,0.0,0.0,0.0,0.0,0.0,0.0,0.0,0.0,0.0,marcao,Defender,left,185.0,ES1,3000000.0,15000000.0,https://img.a.transfermarkt.technology/portrait/header/439022-1681476532.jpg?lm=1,https://www.transfermarkt.co.uk/marcao/profil/spieler/439022,marcao,Marcano,Iván Marcano Sierra,6/23/1987,31,187.96,77.1,CB,Spain,80,80,10000000.0,63000.0,Left,3,3,2,Lean,17000000.0,,,,,49,43,82,76,34,54,39,37,67,67,67,69,58,78,56,65,90,78,77,42,81,80,30,48,45,72,82,81,78,iván marcano sierra,92
Marcão,BRA,DF,28,12,6,552,6.1,0,0,0,0,0,0,6,1,0.0,0.0,0.0,0.0,0,19,1,0.0,0.0,0.0,0.0,0.0,0.0,0.0,0.0,0.0,0.0,marcao,Attack,both,196.0,TR1,1200000.0,4500000.0,https://img.a.transfermarkt.technology/portrait/header/476102-1715595053.png?lm=1,https://www.transfermarkt.co.uk/marcao/profil/spieler/476102,marcao,Marcano,Iván Marcano Sierra,6/23/1987,31,187.96,77.1,CB,Spain,80,80,10000000.0,63000.0,Left,3,3,2,Lean,17000000.0,,,,,49,43,82,76,34,54,39,37,67,67,67,69,58,78,56,65,90,78,77,42,81,80,30,48,45,72,82,81,78,iván marcano sierra,92
Lucas Ocampos,ARG,AT,30,2,2,175,1.9,0,1,1,0,0,0,0,0,0.2,0.2,0.3,0.5,5,7,20,0.0,0.51,0.51,0.0,0.51,0.08,0.17,0.25,0.08,0.25,lucas ocampos,Attack,both,187.0,ES1,9000000.0,50000000.0,https://img.a.transfermarkt.technology/portrait/header/189441-1693305399.jpg?lm=1,https://www.transfermarkt.co.uk/lucas-ocampos/profil/spieler/189441,lucas ocampos,L. Ocampos,Lucas Ocampos,7/11/1994,24,187.96,83.9,"LM,LW",Argentina,77,82,12000000.0,38000.0,Right,2,3,4,Normal,23700000.0,,,,,75,73,75,75,75,74,69,65,70,76,78,79,77,82,58,77,76,85,78,72,83,67,71,73,70,74,63,52,48,lucas ocampos,100
Valentin Rosier,FRA,DF,27,32,28,"2,595",28.8,1,2,3,1,0,0,8,0,0.9,0.9,1.1,2.0,41,74,89,0.03,0.07,0.1,0.03,0.1,0.03,0.04,0.07,0.03,0.07,valentin rosier,Defender,right,175.0,ES1,3000000.0,8000000.0,https://img.a.transfermarkt.technology/portrait/header/441170-1666619891.png?lm=1,https://www.transfermarkt.co.uk/valentin-rosier/profil/spieler/441170,valentin rosier,V. Rosier,Valentin Rosier,8/19/1996,22,175.26,71.2,"RB,RWB",France,74,81,6500000.0,9000.0,Right,1,2,3,Normal,14300000.0,,,,,69,41,64,69,40,74,59,39,63,74,78,74,67,72,77,62,67,75,66,53,74,74,59,59,39,68,68,75,74,valentin rosier,100
Renato Tapia,PER,"MT,DF",29,34,28,"2,424",26.9,1,0,1,1,0,0,8,0,0.6,0.6,0.4,1.0,17,83,20,0.04,0.0,0.04,0.04,0.04,0.02,0.01,0.04,0.02,0.04,renato tapia,Midfield,right,185.0,ES1,3500000.0,20000000.0,https://img.a.transfermarkt.technology/portrait/header/277137-1718679726.jpg?lm=1,https://www.transfermarkt.co.uk/renato-tapia/profil/spieler/277137,renato tapia,R. Tapia,Renato Tapia,7/28/1995,23,182.88,78.0,"CDM,CM",Peru,74,79,6500000.0,10000.0,Right,1,4,3,Normal,,Peru,73.0,RDM,13.0,60,44,66,71,63,74,65,54,75,76,72,66,72,68,67,69,82,75,77,62,82,74,60,66,61,63,71,72,75,renato tapia,100
Javi Hernández,ESP,DF,26,31,27,"2,389",26.5,2,1,3,2,0,0,6,0,0.8,0.8,1.5,2.2,40,80,90,0.08,0.04,0.11,0.08,0.11,0.03,0.06,0.08,0.03,0.08,javi hernandez,Defender,left,180.0,ES1,2000000.0,3000000.0,https://img.a.transfermarkt.technology/portrait/header/422466-1601367999.jpg?lm=1,https://www.transfermarkt.co.uk/javi-hernandez/profil/spieler/422466,javi hernandez,Javi Hernández,Francisco Javier Hernández González,6/6/1989,29,182.88,79.8,"CAM,CM",Spain,68,68,875000.0,3000.0,Left,1,2,3,Normal,1200000.0,,,,,62,66,37,68,59,68,70,71,66,70,67,73,73,61,73,74,37,67,61,68,40,52,57,69,58,53,48,48,25,francisco javier hernández gonzález,96
Matija Nastasić,SRB,DF,31,26,24,"2,110",23.4,1,0,1,1,0,0,3,0,0.1,0.1,0.1,0.2,1,59,0,0.04,0.0,0.04,0.04,0.04,0.0,0.01,0.01,0.0,0.01,matija nastasić,Defender,left,187.0,ES1,1000000.0,22000000.0,https://img.a.transfermarkt.technology/portrait/header/143559-1531813376.jpg?lm=1,https://www.transfermarkt.co.uk/matija-nastasic/profil/spieler/143559,matija nastasić,M. Nastasić,Matija Nastasić,3/28/1993,25,187.96,83.0,CB,Serbia,81,84,18500000.0,36000.0,Left,2,2,2,Normal,32800000.0,,,,,46,30,77,73,32,43,72,68,69,65,65,77,65,80,59,44,81,62,78,22,78,78,30,55,52,80,83,83,87,matija nastasić,100
Jorge Sáenz,ESP,DF,27,23,19,"1,690",18.8,1,0,1,1,0,0,4,1,1.3,1.3,0.1,1.4,5,36,2,0.05,0.0,0.05,0.05,0.05,0.07,0.01,0.07,0.07,0.07,jorge saenz,Defender,right,188.0,ES1,1200000.0,3000000.0,https://img.a.transfermarkt.technology/portrait/header/340339-1544697354.jpg?lm=1,https://www.transfermarkt.co.uk/jorge-saenz/profil/spieler/340339,jorge saenz,Jorge Sáenz,Jorge Sáenz de Miera,11/17/1996,22,193.04,74.8,CB,Spain,70,80,2500000.0,4000.0,Right,1,3,2,Lean,4500000.0,,,,,52,35,67,70,46,59,32,49,60,65,64,66,57,64,65,52,80,84,78,41,70,68,49,71,45,66,64,71,65,jorge sáenz de miera,95
Miguel,ESP,AT,24,34,17,"1,724",19.2,1,3,4,0,1,2,3,0,4.9,3.3,1.4,4.8,14,16,90,0.05,0.16,0.21,0.0,0.16,0.26,0.07,0.33,0.17,0.25,miguel,Midfield,right,174.0,RU1,1200000.0,3500000.0,https://img.a.transfermarkt.technology/portrait/header/662338-1724229063.png?lm=1,https://www.transfermarkt.co.uk/miguel/profil/spieler/662338,miguel,Miguel,Miguel De la Fuente Escudero,9/3/1999,19,154.94,77.1,"ST,RW",Spain,64,78,950000.0,2000.0,Right,1,3,3,Lean,2700000.0,,,,,40,65,56,57,54,63,46,39,43,64,69,71,68,64,62,61,66,50,61,55,53,15,65,49,63,58,38,24,22,miguel de la fuente escudero,100
Juan Soriano,ESP,GB,26,6,6,540,6.0,0,0,0,0,0,0,1,1,0.0,0.0,0.0,0.0,0,0,0,0.0,0.0,0.0,0.0,0.0,0.0,0.0,0.0,0.0,0.0,juan soriano,Goalkeeper,right,185.0,ES1,1200000.0,2500000.0,https://img.a.transfermarkt.technology/portrait/header/251892-1583333927.jpg?lm=1,https://www.transfermarkt.co.uk/juan-soriano/profil/spieler/251892,juan soriano,Jonatan Soriano,Jonatan Soriano Casas,9/24/1985,33,154.94,72.1,"ST,CF",Spain,77,77,7000000.0,42000.0,Right,2,3,4,Normal,11900000.0,,,,,61,83,66,79,75,80,84,83,69,78,67,53,79,78,70,75,73,70,69,75,58,45,80,77,78,77,25,22,24,jonatan soriano casas,81
Sébastien Haller,CIV,AT,30,8,5,404,4.5,0,0,0,0,0,0,0,0,0.4,0.4,0.2,0.6,3,4,14,0.0,0.0,0.0,0.0,0.0,0.09,0.05,0.13,0.09,0.13,sebastien haller,Attack,right,190.0,NL1,3000000.0,45000000.0,https://img.a.transfermarkt.technology/portrait/header/181375-1709560699.jpg?lm=1,https://www.transfermarkt.co.uk/sebastien-haller/profil/spieler/181375,sebastien haller,S. Haller,Sébastien Haller,6/22/1994,24,190.5,91.2,ST,France,82,85,28500000.0,47000.0,Right,1,2,3,Normal,50600000.0,,,,,40,84,84,75,81,74,52,46,35,79,68,76,68,84,53,79,80,72,91,64,74,34,84,72,90,80,39,54,46,sébastien haller,97
Roberto López,ESP,MT,24,13,3,396,4.4,0,1,1,0,0,0,0,0,0.5,0.5,0.9,1.4,3,20,11,0.0,0.23,0.23,0.0,0.23,0.11,0.2,0.31,0.11,0.31,roberto lopez,Midfield,left,179.0,ES1,1500000.0,8000000.0,https://img.a.transfermarkt.technology/portrait/header/569866-1568978272.png?lm=1,https://www.transfermarkt.co.uk/roberto-lopez/profil/spieler/569866,roberto lopez,Roberto López,Roberto López Alcaide,4/24/2000,18,170.18,64.9,CAM,Spain,64,84,925000.0,3000.0,Left,1,2,3,Normal,2900000.0,,,,,63,59,21,67,42,69,58,68,62,68,57,61,63,51,79,54,47,45,34,32,35,18,63,66,46,60,15,13,15,roberto lópez alcaide,96
Julián Chicco,ARG,"MT,DF",26,14,2,302,3.4,0,1,1,0,0,0,0,0,0.5,0.5,0.2,0.6,8,16,7,0.0,0.3,0.3,0.0,0.3,0.14,0.05,0.19,0.14,0.19,julian chicco,Midfield,right,187.0,ES1,600000.0,1000000.0,https://img.a.transfermarkt.technology/portrait/header/401583-1446023137.jpg?lm=1,https://www.transfermarkt.co.uk/julian-chicco/profil/spieler/401583,julian chicco,J. Chicco,Julián Chicco,1/13/1998,21,185.42,73.0,"CDM,CM",Argentina,60,75,425000.0,2000.0,Right,1,3,2,Normal,861000.0,,,,,45,34,59,60,30,54,46,35,54,61,57,63,62,59,54,57,60,73,72,45,60,56,30,49,38,46,55,60,58,julián chicco,96
Scott McKenna,SCO,DF,27,29,28,"2,466",27.4,0,0,0,0,0,0,5,1,1.1,1.1,0.7,1.8,11,45,3,0.0,0.0,0.0,0.0,0.0,0.04,0.03,0.07,0.04,0.07,scott mckenna,Defender,left,189.0,ES1,5000000.0,10000000.0,https://img.a.transfermarkt.technology/portrait/header/255906-1718274297.jpg?lm=1,https://www.transfermarkt.co.uk/scott-mckenna/profil/spieler/255906,scott mckenna,S. McKenna,Scott McKenna,11/12/1996,22,187.96,79.8,CB,Scotland,70,83,3100000.0,4000.0,Left,1,3,2,Stocky,7300000.0,Scotland,75.0,LCB,5.0,41,22,67,53,26,40,28,31,50,45,52,64,31,58,60,43,76,68,89,32,85,65,16,31,44,58,67,68,67,scott mckenna,100
Jasper Cillessen,NED,GB,35,27,27,"2,335",25.9,0,0,0,0,0,0,1,0,0.0,0.0,0.0,0.0,0,0,0,0.0,0.0,0.0,0.0,0.0,0.0,0.0,0.0,0.0,0.0,jasper cillessen,Goalkeeper,right,187.0,ES1,900000.0,20000000.0,https://img.a.transfermarkt.technology/portrait/header/146227-1660814229.jpg?lm=1,https://www.transfermarkt.co.uk/jasper-cillessen/profil/spieler/146227,jasper cillessen,J. Cillessen,Jasper Cillessen,4/22/1989,29,185.42,83.0,GK,Netherlands,82,84,18000000.0,135000.0,Right,3,3,1,Normal,38300000.0,Netherlands,81.0,GK,1.0,17,10,12,50,19,12,10,10,35,32,54,50,48,78,50,35,71,40,67,15,25,25,11,60,21,61,18,12,11,jasper cillessen,100
Kirian Rodríguez,ESP,MT,28,21,21,"1,758",19.5,0,3,3,0,0,0,2,0,1.6,1.6,1.5,3.0,25,128,39,0.0,0.15,0.15,0.0,0.15,0.08,0.07,0.16,0.08,0.16,kirian rodriguez,Midfield,right,178.0,ES1,12000000.0,12000000.0,https://img.a.transfermarkt.technology/portrait/header/566574-1737366030.jpg?lm=1,https://www.transfermarkt.co.uk/kirian-rodriguez/profil/spieler/566574,kirian rodriguez,Fran Rodríguez,Francisco José Rodríguez Gaitán,5/22/1995,23,175.26,68.0,"RB,RM",Spain,66,72,750000.0,2000.0,Right,1,3,2,Lean,1300000.0,,,,,64,45,65,67,29,62,41,67,47,64,69,68,63,68,66,60,54,63,36,33,57,61,67,36,46,53,60,67,64,francisco josé rodríguez gaitán,83
Álex Muñoz,ESP,DF,30,21,18,"1,415",15.7,3,0,3,3,0,0,3,0,0.9,0.9,0.5,1.4,15,45,53,0.19,0.0,0.19,0.19,0.19,0.05,0.03,0.09,0.05,0.09,alex munoz,Defender,left,187.0,ES1,1200000.0,1200000.0,https://img.a.transfermarkt.technology/portrait/header/243760-1737365855.jpg?lm=1,https://www.transfermarkt.co.uk/alex-munoz/profil/spieler/243760,alex munoz,Alex Muñoz,Alejandro José Muñoz Miguel,7/30/1994,24,185.42,77.1,CB,Spain,68,74,1000000.0,4000.0,Left,1,3,2,Lean,1900000.0,,,,,56,34,67,63,37,50,55,49,67,59,68,73,59,65,61,39,73,73,73,25,59,70,55,43,45,58,64,65,69,alejandro josé muñoz miguel,95
Stefan Bajcetic,ESP,"MT,DF",19,14,12,969,10.8,1,0,1,1,0,0,4,0,0.3,0.3,0.2,0.5,8,39,9,0.09,0.0,0.09,0.09,0.09,0.03,0.02,0.05,0.03,0.05,stefan bajcetic,Midfield,right,185.0,ES1,9000000.0,13000000.0,https://img.a.transfermarkt.technology/portrait/header/864799-1661441233.jpg?lm=1,https://www.transfermarkt.co.uk/stefan-bajcetic/profil/spieler/864799,stefan bajcetic,S. Bajic,Stefan Bajic,12/23/2001,17,190.5,83.9,GK,France,56,79,160000.0,1000.0,Right,1,3,1,Lean,464000.0,,,,,9,5,12,24,8,7,12,11,20,18,28,20,35,39,42,16,51,29,41,9,21,10,5,37,11,25,5,12,9,stefan bajic,89
Enzo Loiodice,FRA,MT,23,17,7,684,7.6,0,0,0,0,0,0,3,0,0.3,0.3,0.2,0.4,3,31,3,0.0,0.0,0.0,0.0,0.0,0.04,0.02,0.06,0.04,0.06,enzo loiodice,Midfield,left,177.0,ES1,1500000.0,5500000.0,https://img.a.transfermarkt.technology/portrait/header/581781-1737366411.jpg?lm=1,https://www.transfermarkt.co.uk/enzo-loiodice/profil/spieler/581781,enzo loiodice,E. Loiodice,Enzo Loiodice,11/27/2000,18,175.26,62.1,"CM,CDM",France,64,85,975000.0,2000.0,Left,1,3,3,Lean,2900000.0,,,,,39,41,58,69,38,70,53,45,62,71,59,62,66,65,78,55,61,51,39,43,59,56,56,63,53,63,52,59,58,enzo loiodice,100
Adnan Januzaj,BEL,"MT,AT",29,18,5,598,6.6,2,1,3,2,0,0,5,0,0.8,0.8,1.1,1.9,24,41,58,0.3,0.15,0.45,0.3,0.45,0.13,0.16,0.29,0.13,0.29,adnan januzaj,Attack,left,186.0,ES1,1200000.0,15000000.0,https://img.a.transfermarkt.technology/portrait/header/177847-1685115304.png?lm=1,https://www.transfermarkt.co.uk/adnan-januzaj/profil/spieler/177847,adnan januzaj,A. Januzaj,Adnan Januzaj,2/5/1995,24,185.42,76.2,"RW,RM",Belgium,79,85,17500000.0,32000.0,Left,1,4,4,Lean,40300000.0,Belgium,85.0,SUB,23.0,82,71,42,79,67,85,80,65,74,82,84,76,85,76,71,74,61,68,59,71,41,36,76,80,60,74,30,22,22,adnan januzaj,100
Andy Pelmard,FRA,DF,24,4,2,205,2.3,0,0,0,0,0,0,1,0,0.0,0.0,0.0,0.1,1,13,5,0.0,0.0,0.0,0.0,0.0,0.0,0.02,0.03,0.0,0.03,andy pelmard,Defender,right,180.0,ES1,2500000.0,5000000.0,https://img.a.transfermarkt.technology/portrait/header/494236-1730185580.jpg?lm=1,https://www.transfermarkt.co.uk/andy-pelmard/profil/spieler/494236,andy pelmard,A. Pelmard,Andy Pelmard,3/12/2000,18,152.4,66.2,CB,France,57,77,190000.0,2000.0,Left,1,2,2,Lean,551000.0,,,,,29,26,55,53,33,31,34,27,44,47,58,65,44,48,73,49,67,58,47,24,58,56,25,33,48,53,57,61,63,andy pelmard,100
Daley Sinkgraven,NED,DF,29,2,1,91,1.0,0,0,0,0,0,0,0,0,0.0,0.0,0.0,0.0,2,3,7,0.0,0.0,0.0,0.0,0.0,0.0,0.02,0.02,0.0,0.02,daley sinkgraven,Defender,left,179.0,NL1,700000.0,9000000.0,https://img.a.transfermarkt.technology/portrait/header/215099-1658913308.jpg?lm=1,https://www.transfermarkt.co.uk/daley-sinkgraven/profil/spieler/215099,daley sinkgraven,D. Sinkgraven,Daley Sinkgraven,7/4/1995,23,152.4,64.9,"LB,CM",Netherlands,71,74,2500000.0,9000.0,Left,1,3,4,Lean,3700000.0,,,,,72,57,64,75,68,78,73,65,65,79,79,79,83,69,67,63,75,70,52,55,72,72,69,76,56,70,60,67,66,daley sinkgraven,100
Fabio González,ESP,MT,27,2,0,53,0.6,0,0,0,0,0,0,0,0,0.1,0.1,0.0,0.1,0,6,0,0.0,0.0,0.0,0.0,0.0,0.12,0.0,0.12,0.12,0.12,fabio gonzalez,Midfield,right,176.0,ES1,500000.0,600000.0,https://img.a.transfermarkt.technology/portrait/header/531062-1701789610.jpg?lm=1,https://www.transfermarkt.co.uk/fabio-gonzalez/profil/spieler/531062,fabio gonzalez,Fabio González,Fabio González Estupiñán,2/12/1997,22,175.26,64.9,"CDM,CM",Spain,65,73,700000.0,2000.0,Right,1,3,2,Normal,1300000.0,,,,,45,57,63,70,41,59,50,44,65,64,65,60,63,62,75,56,70,61,61,56,59,65,55,59,48,58,63,62,58,fabio gonzález estupiñán,96
Pejiño,ESP,AT,28,1,0,16,0.2,0,0,0,0,0,0,0,0,0.0,0.0,0.0,0.0,1,1,2,0.0,0.0,0.0,0.0,0.0,0.17,0.0,0.17,0.17,0.17,pejino,Attack,left,178.0,ES1,1200000.0,1800000.0,https://img.a.transfermarkt.technology/portrait/header/534379-1630918134.jpg?lm=1,https://www.transfermarkt.co.uk/pejino/profil/spieler/534379,pejino,Pejiño,Francisco Jesús Crespo García,7/29/1996,22,175.26,67.1,"LM,RM",Spain,68,77,1400000.0,5000.0,Left,1,2,3,Lean,3200000.0,,,,,70,61,42,65,56,73,67,56,58,70,76,69,71,64,75,59,49,62,49,59,34,39,65,62,48,58,32,36,35,francisco jesús crespo garcía,91
Luis Pérez,ESP,DF,29,30,28,"2,558",28.4,0,0,0,0,0,0,2,0,0.2,0.2,2.1,2.2,41,89,117,0.0,0.0,0.0,0.0,0.0,0.01,0.07,0.08,0.01,0.08,luis perez,Defender,right,173.0,ES1,1500000.0,2000000.0,https://img.a.transfermarkt.technology/portrait/header/358115-1544697482.jpg?lm=1,https://www.transfermarkt.co.uk/luis-perez/profil/spieler/358115,luis perez,Luis Pérez,Luis Jesús Pérez Maqueda,2/4/1995,24,172.72,68.0,"RB,RWB,RM",Spain,68,73,1000000.0,4000.0,Right,1,2,3,Lean,1700000.0,,,,,61,42,54,60,29,67,53,45,46,65,86,89,83,63,77,51,76,80,63,45,64,68,48,53,44,65,62,64,63,luis jesús pérez maqueda,95
Javi Sánchez,ESP,DF,27,25,25,"2,026",22.5,2,0,2,2,0,0,6,0,0.5,0.5,0.3,0.8,4,34,4,0.09,0.0,0.09,0.09,0.09,0.02,0.01,0.03,0.02,0.03,javi sanchez,Defender,right,189.0,ES1,1800000.0,3000000.0,https://img.a.transfermarkt.technology/portrait/header/340853-1448530734.jpg?lm=1,https://www.transfermarkt.co.uk/javi-sanchez/profil/spieler/340853,javi sanchez,Javi Sánchez,Javier Sánchez de Felipe,3/14/1997,21,187.96,77.1,CB,Spain,67,79,1200000.0,24000.0,Right,1,3,2,Lean,2700000.0,,,,,32,28,66,63,18,34,27,34,38,61,55,64,41,63,51,38,72,68,68,32,70,67,25,35,38,55,64,67,65,javier sánchez de felipe,96
Anuar,MAR,"MT,AT",29,26,21,"1,720",19.1,2,0,2,2,0,0,7,0,1.7,1.7,1.2,2.9,24,30,68,0.1,0.0,0.1,0.1,0.1,0.09,0.06,0.15,0.09,0.15,anuar,Attack,right,173.0,ES1,900000.0,1500000.0,https://img.a.transfermarkt.technology/portrait/header/327126-1541148555.jpg?lm=1,https://www.transfermarkt.co.uk/anuar/profil/spieler/327126,anuar,Anuar,Anuar Mohamed Tuhami,1/15/1995,24,172.72,63.0,"CDM,CAM,CM",Morocco,70,77,2100000.0,9000.0,Right,1,3,2,Normal,5100000.0,,,,,58,43,56,72,35,60,43,42,70,68,73,71,81,67,85,62,71,78,60,46,70,64,42,60,51,54,73,71,70,anuar mohamed tuhami,100
Mario Martín,ESP,MT,20,30,20,"1,748",19.4,0,1,1,0,0,0,8,3,1.8,1.8,1.4,3.2,18,66,22,0.0,0.05,0.05,0.0,0.05,0.09,0.07,0.16,0.09,0.16,mario martin,Midfield,right,177.0,ES1,1500000.0,1500000.0,https://img.a.transfermarkt.technology/portrait/header/948273-1707861820.jpg?lm=1,https://www.transfermarkt.co.uk/mario-martin/profil/spieler/948273,mario martin,A. Martin,Aaron Martin,9/29/1989,29,190.5,76.2,CB,England,64,64,375000.0,3000.0,Right,1,3,2,Normal,656000.0,,,,,20,29,68,53,15,34,23,45,48,49,58,46,51,56,50,67,66,69,74,45,62,61,19,24,38,59,64,65,63,aaron martin,83
Selim Amallah,MAR,MT,27,24,18,"1,376",15.3,3,1,4,2,1,1,6,0,3.5,2.7,1.1,3.8,24,57,27,0.2,0.07,0.26,0.13,0.2,0.23,0.07,0.3,0.18,0.25,selim amallah,Midfield,right,185.0,ES1,1800000.0,7000000.0,https://img.a.transfermarkt.technology/portrait/header/377219-1616872969.jpg?lm=1,https://www.transfermarkt.co.uk/selim-amallah/profil/spieler/377219,selim amallah,S. Amallah,Selim Amallah,11/15/1996,22,185.42,74.8,"RM,CAM,LM",Belgium,68,75,1300000.0,4000.0,Right,1,3,3,Lean,2100000.0,,,,,66,64,47,69,46,71,62,66,62,69,66,69,68,64,68,75,67,64,58,72,66,45,62,65,52,62,42,57,52,selim amallah,100
David Torres,ESP,DF,21,18,15,"1,387",15.4,0,0,0,0,0,0,5,0,0.3,0.3,0.0,0.3,11,37,3,0.0,0.0,0.0,0.0,0.0,0.02,0.0,0.02,0.02,0.02,david torres,Defender,left,182.0,ES1,1400000.0,1500000.0,https://img.a.transfermarkt.technology/portrait/header/857832-1702391225.jpg?lm=1,https://www.transfermarkt.co.uk/david-torres/profil/spieler/857832,david torres,A. Torres,Antonio Ignacio Torres Carrillo,5/23/1996,22,187.96,83.0,GK,Mexico,58,69,170000.0,3000.0,Right,1,2,1,Lean,323000.0,,,,,14,12,13,44,11,14,16,13,38,20,55,58,58,60,56,25,58,38,63,16,22,12,11,32,25,35,18,15,19,antonio ignacio torres carrillo,80
Kike Pérez,ESP,MT,27,19,14,"1,191",13.2,2,0,2,2,0,0,6,0,2.1,2.1,1.0,3.1,19,67,28,0.15,0.0,0.15,0.15,0.15,0.16,0.08,0.24,0.16,0.24,kike perez,Midfield,left,184.0,IT1,2800000.0,4500000.0,https://img.a.transfermarkt.technology/portrait/header/527698-1739282423.jpg?lm=1,https://www.transfermarkt.co.uk/kike-perez/profil/spieler/527698,kike perez,K. Pierie,Kik Pierie,7/20/2000,18,182.88,74.8,"CB,LB",Netherlands,69,81,1400000.0,2000.0,Left,1,3,3,Lean,2400000.0,,,,,64,30,65,69,32,63,63,24,69,65,74,72,66,70,55,45,73,65,69,19,64,68,52,67,31,68,71,69,66,kik pierie,80
Marcos André,BRA,AT,27,22,14,"1,188",13.2,1,2,3,1,0,0,5,0,2.7,2.7,0.8,3.5,11,16,39,0.08,0.15,0.23,0.08,0.23,0.2,0.06,0.27,0.2,0.27,marcos andre,Attack,right,185.0,ES1,1200000.0,8500000.0,https://img.a.transfermarkt.technology/portrait/header/481084-1601535152.jpg?lm=1,https://www.transfermarkt.co.uk/marcos-andre/profil/spieler/481084,marcos andre,De Marcos,Óscar de Marcos Arana,4/14/1989,29,182.88,79.8,"RB,RW",Spain,78,78,8000000.0,25000.0,Right,2,3,4,Lean,16800000.0,,,,,80,59,59,75,57,75,77,53,69,75,81,87,76,80,74,73,78,93,73,56,77,76,78,66,55,75,69,74,74,óscar de marcos arana,86
Antonio Candela,ITA,DF,24,12,12,906,10.1,0,0,0,0,0,0,1,0,0.0,0.0,0.8,0.9,16,22,29,0.0,0.0,0.0,0.0,0.0,0.0,0.08,0.08,0.0,0.08,antonio candela,Defender,right,185.0,ES1,2000000.0,2300000.0,https://img.a.transfermarkt.technology/portrait/header/392881-1717659772.jpg?lm=1,https://www.transfermarkt.co.uk/antonio-candela/profil/spieler/392881,antonio candela,A. Candreva,Antonio Candreva,2/28/1987,32,154.94,69.9,RM,Italy,80,80,13000000.0,69000.0,Right,3,4,4,Normal,22100000.0,,,,,81,73,55,78,75,80,74,71,73,83,75,78,74,78,76,87,35,86,69,82,66,67,79,77,83,73,61,63,53,antonio candreva,90
Iván Sánchez,ESP,"MT,AT",31,32,11,"1,404",15.6,2,1,3,2,0,0,4,0,0.7,0.7,2.9,3.5,60,77,93,0.13,0.06,0.19,0.13,0.19,0.04,0.19,0.23,0.04,0.23,ivan sanchez,Attack,left,169.0,ES1,600000.0,1200000.0,https://img.a.transfermarkt.technology/portrait/header/221311-1601023639.jpg?lm=1,https://www.transfermarkt.co.uk/ivan-sanchez/profil/spieler/221311,ivan sanchez,Iván Sánchez,Iván Sánchez Aguayo,9/23/1992,26,175.26,64.0,"RM,LM",Spain,70,71,2100000.0,4000.0,Left,1,3,3,Normal,3400000.0,,,,,68,63,40,63,47,72,72,67,50,71,91,87,80,59,84,51,75,77,35,55,56,17,62,58,65,57,57,22,25,iván sánchez aguayo,91
Darwin Machís,VEN,"MT,AT",31,18,7,639,7.1,0,1,1,0,0,0,0,0,0.9,0.9,0.5,1.4,17,19,43,0.0,0.14,0.14,0.0,0.14,0.12,0.07,0.2,0.12,0.2,darwin machis,Attack,right,171.0,ES1,1000000.0,10000000.0,https://img.a.transfermarkt.technology/portrait/header/211251-1719836851.jpg?lm=1,https://www.transfermarkt.co.uk/darwin-machis/profil/spieler/211251,darwin machis,D. Machís,Darwin Machís,2/7/1993,26,170.18,73.9,"LW,RW,CAM",Venezuela,75,76,8000000.0,26000.0,Right,1,4,4,Stocky,,Venezuela,73.0,LM,7.0,70,73,51,72,57,82,65,56,66,74,91,88,88,66,91,81,81,68,58,69,72,38,70,64,62,72,40,35,24,darwin machís,96
Florian Grillitsch,AUT,MT,28,13,7,623,6.9,0,0,0,0,0,0,1,0,0.1,0.1,0.7,0.8,9,38,7,0.0,0.0,0.0,0.0,0.0,0.01,0.1,0.11,0.01,0.11,florian grillitsch,Midfield,right,187.0,ES1,3000000.0,25000000.0,https://img.a.transfermarkt.technology/portrait/header/195736-1691269821.jpg?lm=1,https://www.transfermarkt.co.uk/florian-grillitsch/profil/spieler/195736,florian grillitsch,F. Grillitsch,Florian Grillitsch,8/7/1995,23,187.96,77.1,"CM,CDM",Austria,77,82,11500000.0,30000.0,Right,2,3,3,Lean,20400000.0,Austria,77.0,SUB,20.0,68,58,61,81,53,76,47,68,77,81,62,63,68,78,64,65,48,69,68,55,49,73,70,78,50,80,68,69,50,florian grillitsch,100
Joseph Aidoo,GHA,DF,28,8,6,583,6.5,0,0,0,0,0,0,0,0,0.0,0.0,0.0,0.0,1,14,0,0.0,0.0,0.0,0.0,0.0,0.01,0.0,0.01,0.01,0.01,joseph aidoo,Defender,right,181.0,ES1,1400000.0,8000000.0,https://img.a.transfermarkt.technology/portrait/header/358250-1496923402.jpg?lm=1,https://www.transfermarkt.co.uk/joseph-aidoo/profil/spieler/358250,joseph aidoo,J. Aidoo,Joseph Aidoo,9/29/1995,23,152.4,83.0,CB,Ghana,74,81,7000000.0,12000.0,Right,1,2,2,Normal,11900000.0,,,,,29,18,74,48,21,35,24,28,42,48,75,79,63,65,71,40,86,78,88,23,90,71,25,23,31,63,70,76,72,joseph aidoo,100
André Ferreira,POR,GB,28,6,6,540,6.0,0,0,0,0,0,0,0,0,0.0,0.0,0.0,0.0,0,0,0,0.0,0.0,0.0,0.0,0.0,0.0,0.0,0.0,0.0,0.0,andre ferreira,Goalkeeper,right,193.0,ES1,800000.0,900000.0,https://img.a.transfermarkt.technology/portrait/header/290346-1548259586.jpg?lm=1,https://www.transfermarkt.co.uk/andre-ferreira/profil/spieler/290346,andre ferreira,André Ferreira,André Filipe M. Ribeiro Ferreira,5/23/1996,22,190.5,79.8,GK,Portugal,67,75,850000.0,3000.0,Right,1,2,1,Lean,,,,,,19,17,12,24,13,18,17,12,23,24,38,39,59,63,55,20,71,33,76,17,27,19,11,41,20,35,12,14,18,andré filipe m. ribeiro ferreira,96
Jonathan Tah,GER,DF,28,33,33,"2,970",33.0,3,0,3,3,0,0,3,0,1.1,1.1,0.4,1.5,15,169,9,0.09,0.0,0.09,0.09,0.09,0.03,0.01,0.05,0.03,0.05,jonathan tah,Defender,right,195.0,L1,30000000.0,40000000.0,https://img.a.transfermarkt.technology/portrait/header/196357-1695367765.jpg?lm=1,https://www.transfermarkt.co.uk/jonathan-tah/profil/spieler/196357,jonathan tah,J. Tah,Jonathan Tah,2/11/1996,23,195.58,97.1,CB,Germany,82,87,25000000.0,61000.0,Right,2,4,2,Stocky,44400000.0,Germany,85.0,SUB,20.0,35,20,80,74,24,55,30,27,69,64,64,77,48,81,44,44,72,63,93,25,76,80,27,61,38,75,80,87,84,jonathan tah,100
Granit Xhaka,SUI,MT,31,33,33,"2,888",32.1,2,7,9,2,0,0,3,0,0.9,0.9,4.4,5.3,42,318,72,0.06,0.22,0.28,0.06,0.28,0.03,0.14,0.17,0.03,0.17,granit xhaka,Midfield,left,186.0,L1,17000000.0,50000000.0,https://img.a.transfermarkt.technology/portrait/header/111455-1689711080.jpg?lm=1,https://www.transfermarkt.co.uk/granit-xhaka/profil/spieler/111455,granit xhaka,G. Xhaka,Granit Xhaka,9/27/1992,26,185.42,82.1,"CM,CDM",Switzerland,81,84,22000000.0,115000.0,Left,3,2,3,Normal,43500000.0,Switzerland,77.0,LDM,10.0,73,49,62,86,50,70,75,77,85,80,47,49,49,76,61,90,32,81,77,79,92,71,75,81,63,74,66,72,68,granit xhaka,100
Edmond Tapsoba,BFA,DF,25,29,29,"2,507",27.9,0,0,0,0,0,0,4,0,1.1,1.1,0.2,1.3,52,164,17,0.0,0.0,0.0,0.0,0.0,0.04,0.01,0.05,0.04,0.05,edmond tapsoba,Defender,right,194.0,L1,40000000.0,45000000.0,https://img.a.transfermarkt.technology/portrait/header/564545-1695368009.jpg?lm=1,https://www.transfermarkt.co.uk/edmond-tapsoba/profil/spieler/564545,edmond tapsoba,E. Tapsoba,Edmond Tapsoba,2/2/1999,20,193.04,83.9,CB,Burkina Faso,60,70,280000.0,1000.0,Right,1,3,2,Normal,644000.0,,,,,35,20,56,46,33,34,26,32,31,42,58,58,44,49,43,47,74,64,74,28,53,56,27,32,41,47,58,67,61,edmond tapsoba,100
Florian Wirtz,GER,"MT,AT",21,31,25,"2,351",26.1,10,12,22,8,2,4,3,0,9.4,6.1,7.0,13.1,131,176,309,0.38,0.46,0.84,0.31,0.77,0.36,0.27,0.63,0.23,0.5,florian wirtz,Midfield,right,177.0,L1,140000000.0,140000000.0,https://img.a.transfermarkt.technology/portrait/header/598577-1689710503.jpg?lm=1,https://www.transfermarkt.co.uk/florian-wirtz/profil/spieler/598577,florian wirtz,F. Jungwirth,Florian Jungwirth,1/27/1989,30,154.94,79.8,"CB,CDM",Germany,70,70,1400000.0,5000.0,Right,1,4,2,Normal,2100000.0,,,,,48,41,65,68,37,61,45,25,69,65,53,53,58,71,63,52,68,81,69,34,71,70,53,52,37,67,68,70,72,florian jungwirth,80
Patrik Schick,CZE,AT,28,31,19,"1,684",18.7,21,0,21,20,1,1,4,0,12.7,11.9,0.6,12.5,7,21,107,1.12,0.0,1.12,1.07,1.07,0.68,0.03,0.71,0.63,0.67,patrik schick,Attack,left,191.0,L1,27000000.0,50000000.0,https://img.a.transfermarkt.technology/portrait/header/242086-1727378322.jpg?lm=1,https://www.transfermarkt.co.uk/patrik-schick/profil/spieler/242086,patrik schick,P. Schick,Patrik Schick,1/24/1996,23,185.42,73.0,"ST,CF,RW",Czech Republic,77,85,13500000.0,53000.0,Left,2,2,4,Lean,25700000.0,Czech Republic,75.0,SUB,10.0,64,77,74,74,72,82,78,56,59,81,74,73,83,73,67,72,69,62,70,73,59,22,77,73,58,74,50,24,19,patrik schick,100
Robert Andrich,GER,"MT,DF",29,23,19,"1,598",17.8,2,2,4,2,0,0,7,0,1.3,1.3,0.3,1.6,8,65,17,0.11,0.11,0.23,0.11,0.23,0.07,0.02,0.09,0.07,0.09,robert andrich,Midfield,right,187.0,L1,15000000.0,17000000.0,https://img.a.transfermarkt.technology/portrait/header/159088-1689710866.jpg?lm=1,https://www.transfermarkt.co.uk/robert-andrich/profil/spieler/159088,robert andrich,R. Andrich,Robert Andrich,9/22/1994,24,187.96,83.0,"CM,CDM",Germany,68,73,1200000.0,5000.0,Right,1,3,3,Normal,2000000.0,,,,,66,50,59,73,38,65,74,74,68,69,64,66,56,64,57,75,65,76,77,61,71,61,60,65,56,64,59,66,60,robert andrich,100
Aleix García,ESP,MT,27,28,17,"1,455",16.2,3,4,7,3,0,0,3,0,1.0,1.0,4.9,5.9,27,120,47,0.19,0.25,0.43,0.19,0.43,0.06,0.3,0.36,0.06,0.36,aleix garcia,Midfield,right,173.0,L1,20000000.0,25000000.0,https://img.a.transfermarkt.technology/portrait/header/261504-1727378020.jpg?lm=1,https://www.transfermarkt.co.uk/aleix-garcia/profil/spieler/261504,aleix garcia,Aleix García,Aleix García Serrano,6/28/1997,21,172.72,68.0,CM,Spain,73,85,7000000.0,55000.0,Right,1,3,3,Normal,,,,,,63,67,51,78,54,72,70,67,74,75,68,67,71,70,83,72,63,65,47,70,54,62,64,73,54,70,57,63,57,aleix garcía serrano,96
Exequiel Palacios,ARG,MT,25,24,11,"1,155",12.8,1,6,7,1,0,0,2,0,1.5,1.5,2.3,3.8,15,97,40,0.08,0.47,0.55,0.08,0.55,0.12,0.18,0.3,0.12,0.3,exequiel palacios,Midfield,right,178.0,L1,40000000.0,45000000.0,https://img.a.transfermarkt.technology/portrait/header/401578-1695368200.jpg?lm=1,https://www.transfermarkt.co.uk/exequiel-palacios/profil/spieler/401578,exequiel palacios,E. Palacios,Exequiel Palacios,10/5/1998,20,152.4,66.2,"CM,RM,CAM",Argentina,76,86,12000000.0,11000.0,Right,1,4,4,Lean,19200000.0,,,,,67,71,59,76,57,76,68,42,74,77,76,78,81,73,77,80,72,85,65,78,73,68,73,75,59,77,66,70,68,exequiel palacios,100
Nordi Mukiele,FRA,DF,26,15,10,899,10.0,1,0,1,1,0,0,4,0,1.4,1.4,1.0,2.4,20,36,28,0.1,0.0,0.1,0.1,0.1,0.14,0.1,0.24,0.14,0.24,nordi mukiele,Defender,right,187.0,L1,10000000.0,25000000.0,https://img.a.transfermarkt.technology/portrait/header/348026-1727378130.jpg?lm=1,https://www.transfermarkt.co.uk/nordi-mukiele/profil/spieler/348026,nordi mukiele,N. Mukiele,Nordi Mukiele,11/1/1997,21,185.42,73.9,"RB,CB",France,76,85,10000000.0,28000.0,Right,1,3,3,Normal,19000000.0,,,,,74,30,69,73,35,72,68,33,67,73,78,84,69,69,64,57,86,69,79,52,72,76,59,60,45,70,73,78,80,nordi mukiele,100
Arthur,BRA,DF,21,20,7,752,8.4,0,1,1,0,0,0,1,0,0.1,0.1,0.4,0.4,15,25,53,0.0,0.12,0.12,0.0,0.12,0.01,0.04,0.05,0.01,0.05,arthur,Defender,right,174.0,L1,7000000.0,7000000.0,https://img.a.transfermarkt.technology/portrait/header/977464-1689709842.jpg?lm=1,https://www.transfermarkt.co.uk/arthur/profil/spieler/977464,arthur,Arthur,Arthur Henrique Ramos Oliveira Melo,8/12/1996,22,170.18,73.0,CM,Brazil,82,90,32500000.0,125000.0,Right,1,3,4,Normal,73100000.0,,,,,70,72,58,86,63,83,68,60,80,84,68,70,79,81,90,76,78,78,62,74,73,75,77,84,69,86,65,76,70,arthur henrique ramos oliveira melo,100
Martin Terrier,FRA,"MT,AT",27,15,7,584,6.5,2,1,3,2,0,0,1,0,2.4,2.4,0.9,3.3,11,14,35,0.31,0.15,0.46,0.31,0.46,0.38,0.14,0.52,0.38,0.52,martin terrier,Attack,right,184.0,L1,17000000.0,35000000.0,https://img.a.transfermarkt.technology/portrait/header/442891-1727378397.jpg?lm=1,https://www.transfermarkt.co.uk/martin-terrier/profil/spieler/442891,martin terrier,M. Terrier,Martin Terrier,3/4/1997,22,182.88,73.0,"LW,ST,LM",France,75,85,11000000.0,41000.0,Right,1,3,4,Lean,23100000.0,,,,,67,77,60,76,66,74,65,44,69,76,82,82,74,75,66,77,66,66,66,70,51,27,75,76,60,74,34,31,34,martin terrier,100
Amine Adli,MAR,"MT,AT",24,20,6,766,8.5,2,0,2,2,0,0,3,0,2.7,2.7,0.7,3.4,37,24,100,0.23,0.0,0.23,0.23,0.23,0.32,0.08,0.4,0.32,0.4,amine adli,Attack,left,180.0,L1,22000000.0,30000000.0,https://img.a.transfermarkt.technology/portrait/header/532776-1689710574.jpg?lm=1,https://www.transfermarkt.co.uk/amine-adli/profil/spieler/532776,amine adli,Y. Adli,Yacine Adli,7/29/2000,18,185.42,73.0,"CM,CAM",France,65,84,1100000.0,5000.0,Right,1,3,3,Lean,2800000.0,,,,,62,46,60,67,50,74,60,50,65,72,62,61,65,56,57,67,59,59,63,53,53,51,59,70,55,65,59,57,55,yacine adli,86
Jonas Hofmann,GER,"MT,DF",32,11,4,356,4.0,2,1,3,2,0,0,1,0,1.0,1.0,0.4,1.4,10,14,29,0.51,0.25,0.76,0.51,0.76,0.25,0.11,0.35,0.25,0.35,jonas hofmann,Midfield,right,176.0,L1,3000000.0,16000000.0,https://img.a.transfermarkt.technology/portrait/header/7161-1689710421.jpg?lm=1,https://www.transfermarkt.co.uk/jonas-hofmann/profil/spieler/7161,jonas hofmann,J. Hofmann,Jonas Hofmann,7/14/1992,26,175.26,69.9,"CAM,RM,LM",Germany,79,80,15000000.0,32000.0,Right,2,4,3,Lean,26600000.0,,,,,81,69,40,79,62,80,69,71,72,79,78,76,78,79,77,68,61,82,60,68,43,57,78,77,68,71,49,44,40,jonas hofmann,100
Mario Hermoso,ESP,DF,29,4,3,293,3.3,0,0,0,0,0,0,0,0,0.4,0.4,0.2,0.6,2,20,3,0.0,0.0,0.0,0.0,0.0,0.11,0.06,0.17,0.11,0.17,mario hermoso,Defender,left,184.0,L1,10000000.0,35000000.0,https://img.a.transfermarkt.technology/portrait/header/281769-1666818938.jpg?lm=1,https://www.transfermarkt.co.uk/mario-hermoso/profil/spieler/281769,mario hermoso,Mario Hermoso,Mario Hermoso Canseco,6/18/1995,23,182.88,73.9,"CB,LB",Spain,77,85,11500000.0,22000.0,Left,1,4,2,Lean,26500000.0,,,,,71,29,72,70,37,61,65,55,73,72,78,88,78,76,71,61,86,77,77,32,76,77,64,52,45,68,72,80,78,mario hermoso canseco,100
Robin Koch,GER,DF,28,30,30,"2,586",28.7,3,0,3,3,0,0,3,0,1.7,1.7,0.2,2.0,9,93,4,0.1,0.0,0.1,0.1,0.1,0.06,0.01,0.07,0.06,0.07,robin koch,Defender,right,192.0,L1,18000000.0,18000000.0,https://img.a.transfermarkt.technology/portrait/header/328784-1696508822.jpg?lm=1,https://www.transfermarkt.co.uk/robin-koch/profil/spieler/328784,robin koch,R. Koch,Robin Koch,7/17/1996,22,193.04,84.8,"CDM,CB",Germany,73,79,4700000.0,13000.0,Right,1,3,2,Lean,9400000.0,,,,,40,27,76,75,29,56,31,28,69,70,53,65,55,70,49,56,53,75,77,42,68,73,53,65,38,71,69,74,69,robin koch,100
Rasmus Kristensen,DEN,DF,27,30,28,"2,513",27.9,5,3,8,5,0,0,4,0,2.5,2.5,3.1,5.6,51,172,162,0.18,0.11,0.29,0.18,0.29,0.09,0.11,0.2,0.09,0.2,rasmus kristensen,Defender,right,187.0,L1,10000000.0,15000000.0,https://img.a.transfermarkt.technology/portrait/header/369684-1725875948.jpg?lm=1,https://www.transfermarkt.co.uk/rasmus-kristensen/profil/spieler/369684,rasmus kristensen,M. Kristensen,Mathias Kristensen,3/21/1997,21,187.96,77.1,"RW,LW",Denmark,63,74,625000.0,2000.0,Right,1,3,3,Lean,906000.0,,,,,59,55,45,57,58,66,68,65,51,59,74,79,80,56,69,59,69,68,49,66,40,35,62,57,45,59,37,41,40,mathias kristensen,83
Kevin Trapp,GER,GB,34,26,26,"2,295",25.5,0,0,0,0,0,0,0,0,0.0,0.0,0.0,0.0,0,1,0,0.0,0.0,0.0,0.0,0.0,0.0,0.0,0.0,0.0,0.0,kevin trapp,Goalkeeper,right,189.0,L1,3000000.0,12000000.0,https://img.a.transfermarkt.technology/portrait/header/45672-1724772525.jpg?lm=1,https://www.transfermarkt.co.uk/kevin-trapp/profil/spieler/45672,kevin trapp,K. Trapp,Kevin Trapp,7/8/1990,28,187.96,86.2,GK,Germany,81,82,14000000.0,65000.0,Right,2,4,1,Normal,,,,,,13,13,11,25,12,10,14,12,12,24,45,52,42,80,37,22,75,45,73,13,30,22,12,46,17,62,15,14,10,kevin trapp,100
Ellyes Skhiri,TUN,MT,29,30,26,"2,231",24.8,1,2,3,1,0,0,6,0,1.4,1.4,1.4,2.8,17,105,27,0.04,0.08,0.12,0.04,0.12,0.06,0.06,0.11,0.06,0.11,ellyes skhiri,Midfield,right,185.0,L1,9000000.0,13000000.0,https://img.a.transfermarkt.technology/portrait/header/290587-1696509403.jpg?lm=1,https://www.transfermarkt.co.uk/ellyes-skhiri/profil/spieler/290587,ellyes skhiri,E. Skhiri,Ellyes Skhiri,5/10/1995,23,185.42,68.9,"CDM,CM",Tunisia,77,81,10000000.0,21000.0,Right,1,3,3,Lean,19800000.0,,,,,71,62,73,75,60,74,72,55,74,73,63,69,74,67,64,78,75,76,68,76,74,85,56,67,58,68,79,79,72,ellyes skhiri,100
Mario Götze,GER,"MT,AT",32,24,18,"1,542",17.1,3,2,5,3,0,0,1,0,2.9,2.9,3.1,6.0,29,88,96,0.18,0.12,0.29,0.18,0.29,0.17,0.18,0.35,0.17,0.35,mario gotze,Midfield,right,176.0,L1,5000000.0,55000000.0,https://img.a.transfermarkt.technology/portrait/header/74842-1663065102.jpg?lm=1,https://www.transfermarkt.co.uk/mario-gotze/profil/spieler/74842,mario gotze,M. Götze,Mario Götze,6/3/1992,26,175.26,74.8,"CF,CAM",Germany,81,84,22500000.0,68000.0,Right,4,4,4,Normal,39900000.0,,,,,78,77,53,87,86,85,81,72,82,90,75,66,83,85,85,74,58,77,71,66,58,65,83,86,77,85,63,53,57,mario götze,95
Kauã Santos,BRA,GB,21,9,8,765,8.5,0,0,0,0,0,0,0,0,0.0,0.0,0.0,0.0,0,1,0,0.0,0.0,0.0,0.0,0.0,0.0,0.0,0.0,0.0,0.0,kaua santos,Goalkeeper,right,198.0,L1,2500000.0,2500000.0,https://img.a.transfermarkt.technology/portrait/header/997861-1696509170.jpg?lm=1,https://www.transfermarkt.co.uk/kaua-santos/profil/spieler/997861,kaua santos,A. Santos,Alefe Santos,3/1/1995,24,152.4,66.2,"CM,RM",Brazil,59,64,200000.0,1000.0,Right,1,2,3,Lean,365000.0,,,,,54,45,48,59,40,62,46,35,57,60,75,75,87,55,85,52,78,74,53,47,51,50,54,59,47,54,52,55,45,alefe santos,84
Mahmoud Dahoud,GER,MT,28,9,3,364,4.0,1,1,2,1,0,0,2,0,0.5,0.5,0.7,1.2,1,17,6,0.25,0.25,0.49,0.25,0.49,0.13,0.18,0.31,0.13,0.31,mahmoud dahoud,Midfield,right,178.0,L1,5000000.0,18000000.0,https://img.a.transfermarkt.technology/portrait/header/191422-1726605307.jpg?lm=1,https://www.transfermarkt.co.uk/mahmoud-dahoud/profil/spieler/191422,mahmoud dahoud,M. Dahoud,Mahmoud Dahoud,1/1/1996,23,152.4,68.0,"CM,CDM",Germany,80,85,19500000.0,50000.0,Right,2,4,4,Lean,34600000.0,,,,,67,59,43,83,59,85,68,53,78,83,78,67,87,79,84,81,76,89,58,74,68,79,66,81,55,60,72,64,59,mahmoud dahoud,100
Michy Batshuayi,BEL,AT,30,10,3,300,3.3,3,0,3,3,0,0,2,0,1.2,1.2,0.0,1.3,3,8,15,0.9,0.0,0.9,0.9,0.9,0.36,0.01,0.38,0.36,0.38,michy batshuayi,Attack,right,185.0,L1,5000000.0,40000000.0,https://img.a.transfermarkt.technology/portrait/header/179184-1738614857.jpg?lm=1,https://www.transfermarkt.co.uk/michy-batshuayi/profil/spieler/179184,michy batshuayi,M. Batshuayi,Michy Batshuayi Tunga,10/2/1993,25,185.42,78.0,ST,Belgium,80,83,19000000.0,105000.0,Right,2,5,4,Normal,,Belgium,85.0,SUB,21.0,65,82,75,64,83,78,66,46,36,80,77,76,75,79,76,81,80,66,78,75,63,23,84,62,67,81,37,26,22,michy batshuayi tunga,85
Timothy Chandler,USA,DF,34,3,0,24,0.3,0,0,0,0,0,0,0,0,0.0,0.0,0.0,0.0,1,3,4,0.0,0.0,0.0,0.0,0.0,0.0,0.0,0.0,0.0,0.0,timothy chandler,Defender,right,187.0,L1,350000.0,5000000.0,https://img.a.transfermarkt.technology/portrait/header/49723-1663064872.jpg?lm=1,https://www.transfermarkt.co.uk/timothy-chandler/profil/spieler/49723,timothy chandler,T. Chandler,Timothy Chandler,3/29/1990,28,182.88,82.1,"RB,RWB,RM,LWB",United States,77,77,7000000.0,33000.0,Right,2,3,2,Normal,11900000.0,,,,,77,55,74,75,57,72,66,43,73,73,74,79,54,74,52,76,69,79,82,60,83,68,71,55,50,71,74,79,79,timothy chandler,100
Maximilian Eggestein,GER,MT,27,33,33,"2,845",31.6,2,0,2,2,0,0,4,0,2.0,2.0,1.5,3.5,34,141,41,0.06,0.0,0.06,0.06,0.06,0.06,0.05,0.11,0.06,0.11,maximilian eggestein,Midfield,right,181.0,L1,10000000.0,30000000.0,https://img.a.transfermarkt.technology/portrait/header/190284-1723189965.jpg?lm=1,https://www.transfermarkt.co.uk/maximilian-eggestein/profil/spieler/190284,maximilian eggestein,M. Eggestein,Maximilian Eggestein,12/8/1996,22,154.94,74.8,"CM,CAM,CDM",Germany,79,85,17000000.0,25000.0,Right,1,4,3,Lean,32300000.0,,,,,65,62,65,81,46,78,61,48,77,80,66,69,74,76,67,78,53,96,75,81,69,68,69,74,60,75,72,76,63,maximilian eggestein,100
Philipp Lienhart,AUT,DF,28,32,31,"2,770",30.8,1,0,1,1,0,0,5,0,0.5,0.5,0.8,1.2,44,138,9,0.03,0.0,0.03,0.03,0.03,0.02,0.02,0.04,0.02,0.04,philipp lienhart,Defender,right,189.0,L1,15000000.0,20000000.0,https://img.a.transfermarkt.technology/portrait/header/225657-1658411602.jpg?lm=1,https://www.transfermarkt.co.uk/philipp-lienhart/profil/spieler/225657,philipp lienhart,P. Lienhart,Philipp Lienhart,7/11/1996,22,187.96,79.8,CB,Austria,69,77,1300000.0,7000.0,Right,1,3,2,Normal,2700000.0,,,,,41,24,70,57,21,48,28,40,59,59,61,55,54,65,61,29,72,67,74,34,65,69,23,44,41,57,67,72,68,philipp lienhart,100
Matthias Ginter,GER,DF,30,32,28,"2,561",28.5,2,1,3,2,0,0,5,0,2.8,2.8,0.7,3.5,11,113,16,0.07,0.04,0.11,0.07,0.11,0.1,0.02,0.12,0.1,0.12,matthias ginter,Defender,right,189.0,L1,8000000.0,35000000.0,https://img.a.transfermarkt.technology/portrait/header/124502-1658411624.jpg?lm=1,https://www.transfermarkt.co.uk/matthias-ginter/profil/spieler/124502,matthias ginter,M. Ginter,Matthias Ginter,1/19/1994,25,187.96,83.0,"CB,CDM",Germany,81,83,18500000.0,30000.0,Right,2,3,2,Normal,32800000.0,Germany,85.0,RWB,4.0,68,55,85,77,53,62,44,42,71,72,55,69,55,79,49,74,65,74,82,46,69,80,55,69,67,71,83,84,77,matthias ginter,100
Christian Günter,GER,DF,31,29,27,"2,314",25.7,2,2,4,2,0,0,0,0,0.8,0.6,2.5,3.2,19,52,109,0.08,0.08,0.16,0.08,0.16,0.03,0.1,0.13,0.02,0.12,christian gunter,Defender,left,184.0,L1,4000000.0,12000000.0,https://img.a.transfermarkt.technology/portrait/header/93707-1658411784.jpg?lm=1,https://www.transfermarkt.co.uk/christian-gunter/profil/spieler/93707,christian gunter,C. Günter,Christian Günter,2/28/1993,26,182.88,83.0,"LB,LWB",Germany,75,76,6500000.0,20000.0,Left,2,2,3,Stocky,12200000.0,,,,,76,38,57,69,39,72,72,68,59,68,73,87,67,71,63,70,53,85,76,49,83,72,59,51,44,67,69,75,74,christian günter,97
Lukas Kübler,GER,DF,31,28,22,"1,842",20.5,5,1,6,5,0,0,5,0,2.7,2.7,0.8,3.5,24,78,49,0.24,0.05,0.29,0.24,0.29,0.13,0.04,0.17,0.13,0.17,lukas kubler,Defender,right,182.0,L1,2000000.0,3000000.0,https://img.a.transfermarkt.technology/portrait/header/93604-1658412582.jpg?lm=1,https://www.transfermarkt.co.uk/lukas-kubler/profil/spieler/93604,lukas kubler,L. Kübler,Lukas Kübler,8/30/1992,26,182.88,73.0,"RB,RWB",Germany,70,71,1700000.0,12000.0,Right,1,3,2,Lean,3200000.0,,,,,67,44,63,66,50,59,46,27,53,64,67,68,65,67,67,55,73,67,62,43,75,71,46,45,60,60,71,72,74,lukas kübler,96
Florian Müller,GER,GB,26,9,8,753,8.4,0,0,0,0,0,0,0,0,0.0,0.0,0.0,0.0,0,0,0,0.0,0.0,0.0,0.0,0.0,0.0,0.0,0.0,0.0,0.0,florian muller,Goalkeeper,left,190.0,L1,1200000.0,10000000.0,https://img.a.transfermarkt.technology/portrait/header/284769-1691998669.jpg?lm=1,https://www.transfermarkt.co.uk/florian-muller/profil/spieler/284769,florian muller,F. Müller,Florian Müller,11/13/1997,21,193.04,84.8,GK,Germany,71,84,3700000.0,8000.0,Left,1,3,1,Normal,8600000.0,,,,,12,11,11,32,10,18,13,12,28,24,43,43,42,69,41,23,56,34,65,12,25,19,11,42,19,38,20,11,12,florian müller,96
Nicolas Höfler,GER,MT,34,20,7,794,8.8,0,0,0,0,0,0,3,0,0.2,0.2,0.1,0.3,1,30,3,0.0,0.0,0.0,0.0,0.0,0.03,0.01,0.04,0.03,0.04,nicolas hofler,Midfield,right,181.0,L1,700000.0,4500000.0,https://img.a.transfermarkt.technology/portrait/header/55099-1658412737.jpg?lm=1,https://www.transfermarkt.co.uk/nicolas-hofler/profil/spieler/55099,nicolas hofler,N. Höfler,Nicolas Höfler,3/9/1990,28,154.94,78.0,"CDM,CM",Germany,72,72,2500000.0,17000.0,Right,1,3,2,Normal,4500000.0,,,,,54,41,61,76,40,64,53,50,68,69,60,54,68,69,64,62,85,74,72,49,68,75,51,64,50,76,69,70,68,nicolas höfler,96
Jordy Makengo,FRA,DF,22,19,7,745,8.3,0,0,0,0,0,0,1,0,0.0,0.0,0.2,0.2,9,15,35,0.0,0.0,0.0,0.0,0.0,0.0,0.03,0.03,0.0,0.03,jordy makengo,Defender,left,191.0,L1,3000000.0,3500000.0,https://img.a.transfermarkt.technology/portrait/header/815078-1691998545.jpg?lm=1,https://www.transfermarkt.co.uk/jordy-makengo/profil/spieler/815078,jordy makengo,J. Makengo,Jean-Victor Makengo,6/12/1998,20,152.4,74.8,CM,France,70,80,2800000.0,12000.0,Left,1,3,3,Normal,6000000.0,,,,,70,62,69,76,69,72,65,61,70,74,69,68,63,60,69,66,59,68,64,65,64,61,63,66,59,68,64,73,71,jean-victor makengo,82
Michael Gregoritsch,AUT,AT,30,20,5,639,7.1,2,1,3,2,0,0,2,0,1.8,1.8,0.4,2.2,6,19,36,0.28,0.14,0.42,0.28,0.42,0.25,0.06,0.31,0.25,0.31,michael gregoritsch,Attack,left,193.0,L1,4000000.0,20000000.0,https://img.a.transfermarkt.technology/portrait/header/120205-1658413549.jpg?lm=1,https://www.transfermarkt.co.uk/michael-gregoritsch/profil/spieler/120205,michael gregoritsch,M. Gregoritsch,Michael Gregoritsch,4/18/1994,24,193.04,87.1,"CAM,ST",Austria,79,82,16000000.0,27000.0,Left,2,3,4,Normal,30000000.0,Austria,77.0,SUB,11.0,65,79,71,77,75,75,83,78,71,78,65,68,67,78,52,84,50,69,79,80,58,33,78,74,64,65,36,40,38,michael gregoritsch,100
Maximilian Philipp,GER,"MT,AT",30,2,0,17,0.2,0,0,0,0,0,0,0,0,0.0,0.0,0.0,0.0,0,0,0,0.0,0.0,0.0,0.0,0.0,0.22,0.0,0.22,0.22,0.22,maximilian philipp,Attack,right,183.0,L1,1000000.0,20000000.0,https://img.a.transfermarkt.technology/portrait/header/143891-1723189806.jpg?lm=1,https://www.transfermarkt.co.uk/maximilian-philipp/profil/spieler/143891,maximilian philipp,M. Philipp,Maximilian Philipp,3/1/1994,25,182.88,78.9,"ST,CF,LM,CAM",Germany,78,83,14000000.0,48000.0,Right,2,4,4,Lean,24900000.0,,,,,66,80,54,78,80,84,68,65,62,82,83,79,83,79,75,82,59,68,68,79,55,39,78,74,73,67,39,48,39,maximilian philipp,100
Anthony Caci,FRA,DF,27,33,33,"2,684",29.8,1,7,8,1,0,0,6,0,3.1,3.1,6.6,9.7,45,133,152,0.03,0.23,0.27,0.03,0.27,0.1,0.22,0.32,0.1,0.32,anthony caci,Midfield,right,184.0,L1,10000000.0,10000000.0,https://img.a.transfermarkt.technology/portrait/header/453016-1657706767.jpg?lm=1,https://www.transfermarkt.co.uk/anthony-caci/profil/spieler/453016,anthony caci,A. Caci,Anthony Caci,7/1/1997,21,182.88,69.9,"CB,LWB,LB",France,70,81,2700000.0,7000.0,Right,1,4,3,Normal,5900000.0,,,,,59,49,66,70,47,67,67,48,67,65,69,70,71,67,61,58,73,69,73,34,61,71,53,61,52,62,70,71,70,anthony caci,100
Robin Zentner,GER,GB,29,32,32,"2,880",32.0,0,0,0,0,0,0,3,0,0.0,0.0,0.3,0.3,0,2,0,0.0,0.0,0.0,0.0,0.0,0.0,0.01,0.01,0.0,0.01,robin zentner,Goalkeeper,right,195.0,L1,4000000.0,5000000.0,https://img.a.transfermarkt.technology/portrait/header/160963-1676499369.jpg?lm=1,https://www.transfermarkt.co.uk/robin-zentner/profil/spieler/160963,robin zentner,R. Zentner,Robin Zentner,10/28/1994,24,193.04,96.2,GK,Germany,71,79,2600000.0,10000.0,Right,1,3,1,Stocky,5000000.0,,,,,17,14,18,30,15,13,14,16,26,19,65,65,30,69,45,23,60,28,81,13,38,18,10,22,25,32,21,17,13,robin zentner,100
Phillipp Mwene,AUT,DF,30,32,32,"2,607",29.0,1,4,5,1,0,0,7,0,1.5,1.5,1.9,3.4,62,106,144,0.03,0.14,0.17,0.03,0.17,0.05,0.06,0.12,0.05,0.12,phillipp mwene,Defender,right,170.0,L1,1800000.0,3000000.0,https://img.a.transfermarkt.technology/portrait/header/127573-1722886402.jpg?lm=1,https://www.transfermarkt.co.uk/phillipp-mwene/profil/spieler/127573,phillipp mwene,P. Mwene,Phillipp Mwene,1/29/1994,25,172.72,68.0,"RB,RM,RWB",Austria,71,75,2600000.0,13000.0,Right,1,4,3,Normal,4500000.0,,,,,70,44,37,66,34,69,53,46,53,67,85,78,84,64,91,50,72,91,52,39,59,65,57,48,42,64,65,64,74,phillipp mwene,100
Nadiem Amiri,GER,MT,27,30,30,"2,473",27.5,7,5,12,5,2,2,9,2,5.5,3.9,6.6,10.5,50,204,64,0.25,0.18,0.44,0.18,0.36,0.2,0.24,0.44,0.14,0.38,nadiem amiri,Midfield,right,180.0,L1,18000000.0,22000000.0,https://img.a.transfermarkt.technology/portrait/header/232454-1722885996.jpg?lm=1,https://www.transfermarkt.co.uk/nadiem-amiri/profil/spieler/232454,nadiem amiri,N. Amiri,Nadiem Amiri,10/27/1996,22,154.94,73.0,"CAM,CM",Germany,78,85,14500000.0,27000.0,Right,1,3,4,Normal,27600000.0,,,,,73,65,43,79,65,85,76,71,73,81,77,68,79,75,76,70,66,77,66,70,48,62,69,78,65,69,53,57,46,nadiem amiri,100
Jonathan Burkardt,GER,AT,24,29,28,"2,109",23.4,18,2,20,16,2,2,0,0,14.8,13.2,3.1,16.3,32,42,157,0.77,0.09,0.85,0.68,0.77,0.63,0.13,0.76,0.56,0.7,jonathan burkardt,Attack,right,183.0,L1,35000000.0,35000000.0,https://img.a.transfermarkt.technology/portrait/header/333647-1698840239.jpg?lm=1,https://www.transfermarkt.co.uk/jonathan-burkardt/profil/spieler/333647,jonathan burkardt,J. Burkardt,Jonathan Burkardt,7/11/2000,18,154.94,73.9,"ST,LW",Germany,61,80,500000.0,3000.0,Right,1,3,2,Lean,1200000.0,,,,,48,61,54,62,49,75,48,32,46,62,69,69,69,58,68,53,75,55,62,50,33,22,59,53,50,52,21,24,21,jonathan burkardt,100
Danny da Costa,GER,DF,31,25,25,"2,006",22.3,0,1,1,0,0,0,0,0,0.1,0.1,0.6,0.7,21,109,22,0.0,0.04,0.04,0.0,0.04,0.0,0.03,0.03,0.0,0.03,danny da costa,Defender,right,187.0,L1,1500000.0,15000000.0,https://img.a.transfermarkt.technology/portrait/header/85906-1657707067.jpg?lm=1,https://www.transfermarkt.co.uk/danny-da-costa/profil/spieler/85906,danny da costa,D. da Costa,Danny  Vieira da Costa,7/13/1993,25,187.96,88.0,"RWB,RB,RM",Germany,78,80,10500000.0,29000.0,Right,1,3,3,Normal,18600000.0,,,,,79,39,70,75,52,73,64,49,70,74,77,84,68,76,61,65,81,87,80,55,72,74,67,64,40,65,76,78,74,danny  vieira da costa,83
Stefan Bell,GER,DF,32,18,15,"1,436",16.0,0,1,1,0,0,0,4,0,0.8,0.8,1.0,1.8,8,38,5,0.0,0.06,0.06,0.0,0.06,0.05,0.06,0.11,0.05,0.11,stefan bell,Defender,right,192.0,L1,800000.0,6000000.0,https://img.a.transfermarkt.technology/portrait/header/82350-1657706740.jpg?lm=1,https://www.transfermarkt.co.uk/stefan-bell/profil/spieler/82350,stefan bell,S. Bell,Stefan Bell,8/24/1991,27,193.04,88.0,CB,Germany,76,77,7500000.0,24000.0,Right,1,2,2,Normal,13300000.0,,,,,43,34,81,66,37,49,33,40,66,54,51,55,49,76,40,65,64,62,85,30,68,81,33,47,43,75,74,81,70,stefan bell,100
Andreas Hanche-Olsen,NOR,DF,27,22,12,"1,284",14.3,1,1,2,1,0,0,4,1,0.8,0.8,0.3,1.1,2,34,5,0.07,0.07,0.14,0.07,0.14,0.06,0.02,0.08,0.06,0.08,andreas hanche olsen,Defender,right,185.0,L1,6000000.0,9000000.0,https://img.a.transfermarkt.technology/portrait/header/370683-1692000124.jpg?lm=1,https://www.transfermarkt.co.uk/andreas-hanche-olsen/profil/spieler/370683,andreas hanche olsen,A. Hanche-Olsen,Andreas Hanche-Olsen,1/17/1997,22,185.42,73.9,"CB,RB",Norway,65,73,700000.0,1000.0,Right,1,3,2,Normal,1000000.0,,,,,52,33,63,57,31,54,42,29,46,53,63,68,57,62,78,40,73,63,73,26,67,65,46,35,38,64,61,64,63,andreas hanche-olsen,100
Maxim Leitsch,GER,DF,26,14,6,674,7.5,1,0,1,1,0,0,2,0,1.2,1.2,0.2,1.4,4,25,5,0.13,0.0,0.13,0.13,0.13,0.16,0.03,0.19,0.16,0.19,maxim leitsch,Defender,left,189.0,L1,2000000.0,5000000.0,https://img.a.transfermarkt.technology/portrait/header/334207-1676499456.jpg?lm=1,https://www.transfermarkt.co.uk/maxim-leitsch/profil/spieler/334207,maxim leitsch,M. Leitsch,Maxim Leitsch,5/16/1998,20,187.96,74.8,"CB,LB",Germany,65,78,925000.0,3000.0,Left,1,2,2,Lean,2100000.0,,,,,57,29,64,62,30,55,41,35,52,61,66,71,49,56,56,56,53,69,74,35,61,58,44,40,39,53,62,69,65,maxim leitsch,100
Silvan Widmer,SUI,DF,31,27,3,504,5.6,0,1,1,0,0,0,3,0,0.3,0.3,0.4,0.7,3,23,36,0.0,0.18,0.18,0.0,0.18,0.06,0.07,0.13,0.06,0.13,silvan widmer,Defender,right,183.0,L1,1500000.0,9000000.0,https://img.a.transfermarkt.technology/portrait/header/168989-1629202510.jpg?lm=1,https://www.transfermarkt.co.uk/silvan-widmer/profil/spieler/168989,silvan widmer,S. Widmer,Silvan Widmer,3/5/1993,26,182.88,78.9,"RB,RM",Switzerland,76,78,7500000.0,23000.0,Right,2,3,3,Normal,11800000.0,,,,,79,58,70,76,48,77,68,56,72,76,77,82,76,74,65,76,81,87,78,68,66,70,69,66,58,72,73,73,72,silvan widmer,100
Lasse Rieß,GER,GB,23,2,2,180,2.0,0,0,0,0,0,0,0,0,0.0,0.0,0.0,0.0,0,0,0,0.0,0.0,0.0,0.0,0.0,0.0,0.0,0.0,0.0,0.0,lasse rieß,Goalkeeper,right,192.0,L1,200000.0,200000.0,https://img.a.transfermarkt.technology/portrait/header/490609-1720079547.png?lm=1,https://www.transfermarkt.co.uk/lasse-riess/profil/spieler/490609,lasse rieß,L. Vibe,Lasse Vibe,2/22/1987,32,154.94,73.0,"ST,RW",Denmark,71,71,2100000.0,9000.0,Right,1,3,3,Lean,4600000.0,,,,,59,71,63,66,67,65,64,45,44,66,86,85,82,75,71,71,63,76,59,66,67,34,76,70,65,71,34,36,23,lasse vibe,84
Karim Onisiwo,AUT,"MT,AT",32,6,1,110,1.2,0,0,0,0,0,0,0,0,0.1,0.1,0.3,0.4,1,0,8,0.0,0.0,0.0,0.0,0.0,0.06,0.27,0.33,0.06,0.33,karim onisiwo,Attack,right,188.0,L1,1500000.0,4500000.0,https://img.a.transfermarkt.technology/portrait/header/119234-1722886304.jpg?lm=1,https://www.transfermarkt.co.uk/karim-onisiwo/profil/spieler/119234,karim onisiwo,K. Onisiwo,Karim Onisiwo,3/17/1992,26,187.96,84.8,"RM,RW,ST",Austria,72,73,3700000.0,19000.0,Right,1,3,2,Normal,6500000.0,,,,,70,69,65,68,60,75,63,56,67,72,77,79,68,67,63,72,55,71,79,60,66,49,71,68,44,68,58,48,45,karim onisiwo,100
Aymen Barkok,MAR,MT,26,4,0,73,0.8,0,0,0,0,0,0,0,0,0.0,0.0,0.1,0.1,2,5,6,0.0,0.0,0.0,0.0,0.0,0.0,0.17,0.17,0.0,0.17,aymen barkok,Midfield,right,189.0,L1,1000000.0,3500000.0,https://img.a.transfermarkt.technology/portrait/header/315332-1657707404.jpg?lm=1,https://www.transfermarkt.co.uk/aymen-barkok/profil/spieler/315332,aymen barkok,A. Barkok,Aymen Barkok,5/21/1998,20,187.96,74.8,"RM,CAM",Germany,69,81,1900000.0,11000.0,Right,1,3,4,Lean,,,,,,56,63,61,65,50,80,63,60,59,81,70,70,75,58,68,63,55,63,67,59,56,49,62,64,53,52,47,54,55,aymen barkok,100
Lennard Maloney,USA,MT,24,5,0,26,0.3,0,0,0,0,0,0,1,0,0.0,0.0,0.0,0.0,1,0,0,0.0,0.0,0.0,0.0,0.0,0.0,0.0,0.0,0.0,0.0,lennard maloney,Midfield,right,188.0,L1,5000000.0,5000000.0,https://img.a.transfermarkt.technology/portrait/header/392710-1657874790.jpg?lm=1,https://www.transfermarkt.co.uk/lennard-maloney/profil/spieler/392710,lennard maloney,L. Maloney,Lennard Maloney,10/8/1999,19,187.96,88.9,"CDM,RM",Germany,57,77,190000.0,2000.0,Right,1,3,2,Stocky,494000.0,,,,,48,42,55,68,39,57,44,42,57,58,62,64,64,51,67,49,70,56,77,45,58,52,36,45,46,47,40,51,59,lennard maloney,100
Péter Gulácsi,HUN,GB,34,30,30,"2,631",29.2,0,0,0,0,0,0,0,0,0.0,0.0,0.0,0.0,0,0,0,0.0,0.0,0.0,0.0,0.0,0.0,0.0,0.0,0.0,0.0,peter gulacsi,Goalkeeper,right,193.0,L1,2500000.0,13000000.0,https://img.a.transfermarkt.technology/portrait/header/57071-1719214600.jpg?lm=1,https://www.transfermarkt.co.uk/peter-gulacsi/profil/spieler/57071,peter gulacsi,P. Gulácsi,Péter Gulácsi,5/6/1990,28,193.04,86.2,GK,Hungary,82,83,18000000.0,53000.0,Right,2,2,1,Normal,32000000.0,Hungary,73.0,GK,1.0,16,10,23,29,10,19,18,11,25,25,42,44,41,75,50,23,67,35,68,12,34,23,11,36,24,45,25,16,20,péter gulácsi,92
Willi Orban,HUN,DF,31,25,25,"2,222",24.7,5,0,5,5,0,0,4,2,4.0,4.0,1.0,5.0,15,106,8,0.2,0.0,0.2,0.2,0.2,0.16,0.04,0.2,0.16,0.2,willi orban,Defender,right,186.0,L1,10000000.0,20000000.0,https://img.a.transfermarkt.technology/portrait/header/93740-1724337179.jpg?lm=1,https://www.transfermarkt.co.uk/willi-orban/profil/spieler/93740,willi orban,W. Orban,Willi Orban,11/3/1992,26,185.42,83.0,CB,Hungary,79,81,13000000.0,48000.0,Right,2,3,2,Normal,23100000.0,Hungary,73.0,RCB,6.0,38,38,83,66,33,53,28,32,56,58,51,53,48,74,56,37,90,67,85,29,79,77,34,42,41,68,76,83,77,willi orban,100
Xavi Simons,NED,MT,21,25,25,"2,150",23.9,10,6,16,10,0,0,5,0,5.1,5.1,6.3,11.4,85,140,185,0.42,0.25,0.67,0.42,0.67,0.21,0.26,0.48,0.21,0.48,xavi simons,Midfield,right,179.0,L1,70000000.0,80000000.0,https://img.a.transfermarkt.technology/portrait/header/566931-1729778226.jpg?lm=1,https://www.transfermarkt.co.uk/xavi-simons/profil/spieler/566931,xavi simons,Xavi Sintes,Xavier Sintes Egea,8/5/2001,17,190.5,71.2,CDM,Spain,60,78,375000.0,1000.0,Right,1,3,2,Lean,816000.0,,,,,42,39,66,68,36,52,41,47,55,57,63,56,50,56,54,56,60,58,64,34,68,50,36,52,56,46,48,70,54,xavier sintes egea,82
David Raum,GER,DF,26,22,21,"1,783",19.8,1,5,6,1,0,0,5,0,0.5,0.5,6.5,6.9,36,71,127,0.05,0.25,0.3,0.05,0.3,0.02,0.33,0.35,0.02,0.35,david raum,Defender,left,181.0,L1,25000000.0,26000000.0,https://img.a.transfermarkt.technology/portrait/header/318204-1713945422.jpg?lm=1,https://www.transfermarkt.co.uk/david-raum/profil/spieler/318204,david raum,D. Raum,David Raum,4/22/1998,20,154.94,74.8,LM,Germany,66,77,1100000.0,2000.0,Left,1,3,3,Normal,1900000.0,,,,,64,57,39,68,48,67,66,37,53,66,84,81,73,55,74,61,58,69,59,62,41,32,58,59,49,53,44,31,32,david raum,100
Lukas Klostermann,GER,DF,28,28,20,"1,838",20.4,1,0,1,1,0,0,5,0,0.3,0.3,0.1,0.4,16,83,26,0.05,0.0,0.05,0.05,0.05,0.02,0.01,0.02,0.02,0.02,lukas klostermann,Defender,right,189.0,L1,8000000.0,38000000.0,https://img.a.transfermarkt.technology/portrait/header/215599-1724337278.jpg?lm=1,https://www.transfermarkt.co.uk/lukas-klostermann/profil/spieler/215599,lukas klostermann,L. Klostermann,Lukas Klostermann,6/3/1996,22,187.96,83.0,"RB,LB",Germany,77,83,10000000.0,37000.0,Right,1,3,2,Normal,19000000.0,,,,,68,50,72,74,36,69,37,22,57,73,79,90,63,74,60,51,82,76,74,31,65,76,65,53,26,64,76,77,75,lukas klostermann,100
Christoph Baumgartner,AUT,MT,24,31,18,"1,610",17.9,2,1,3,2,0,0,5,0,4.5,4.5,1.3,5.8,37,53,95,0.11,0.06,0.17,0.11,0.17,0.25,0.07,0.33,0.25,0.33,christoph baumgartner,Midfield,right,180.0,L1,15000000.0,24000000.0,https://img.a.transfermarkt.technology/portrait/header/324278-1716315718.jpg?lm=1,https://www.transfermarkt.co.uk/christoph-baumgartner/profil/spieler/324278,christoph baumgartner,C. Baumgartner,Christoph Baumgartner,8/1/1999,19,152.4,68.0,CAM,Austria,60,78,425000.0,2000.0,Right,1,3,3,Lean,988000.0,,,,,47,40,49,70,53,60,53,52,65,64,54,55,67,51,69,56,52,50,47,35,45,34,45,67,62,64,32,49,50,christoph baumgartner,100
Kevin Kampl,SVN,MT,33,26,18,"1,593",17.7,1,0,1,1,0,0,5,0,0.8,0.8,1.4,2.2,21,106,32,0.06,0.0,0.06,0.06,0.06,0.05,0.08,0.13,0.05,0.13,kevin kampl,Midfield,right,178.0,L1,3000000.0,22000000.0,https://img.a.transfermarkt.technology/portrait/header/53418-1742828221.jpg?lm=1,https://www.transfermarkt.co.uk/kevin-kampl/profil/spieler/53418,kevin kampl,K. Kampl,Kevin Kampl,10/9/1990,28,152.4,67.1,"CM,CAM,CDM",Slovenia,83,83,26500000.0,74000.0,Right,2,4,3,Lean,45100000.0,,,,,72,63,34,84,68,86,78,75,79,84,84,71,91,84,80,69,67,88,47,73,64,75,73,82,64,83,65,64,59,kevin kampl,100
Lutsharel Geertruida,NED,DF,24,24,17,"1,557",17.3,1,0,1,1,0,0,2,0,1.1,1.1,1.0,2.0,21,93,34,0.06,0.0,0.06,0.06,0.06,0.06,0.06,0.12,0.06,0.12,lutsharel geertruida,Defender,right,184.0,L1,27000000.0,35000000.0,https://img.a.transfermarkt.technology/portrait/header/420210-1729520430.jpg?lm=1,https://www.transfermarkt.co.uk/lutsharel-geertruida/profil/spieler/420210,lutsharel geertruida,L. Geertruida,Lutsharel Geertruida,7/18/2000,18,185.42,74.8,"CB,RB",Netherlands,64,80,800000.0,1000.0,Right,1,3,2,Normal,1600000.0,,,,,60,33,65,55,27,58,30,30,62,62,77,76,63,50,66,29,82,69,73,39,55,60,45,32,40,45,64,64,60,lutsharel geertruida,100
Antonio Nusa,NOR,"MT,DF",19,25,16,"1,558",17.3,3,3,6,3,0,0,0,0,1.6,1.6,2.8,4.4,57,52,123,0.17,0.17,0.35,0.17,0.35,0.09,0.16,0.26,0.09,0.26,antonio nusa,Attack,right,183.0,L1,28000000.0,28000000.0,https://img.a.transfermarkt.technology/portrait/header/894914-1724337096.jpg?lm=1,https://www.transfermarkt.co.uk/antonio-nusa/profil/spieler/894914,antonio nusa,S. Antonio,Signori Antonio,7/25/1994,24,185.42,84.8,GK,Switzerland,62,70,325000.0,3000.0,Right,1,3,1,Normal,553000.0,,,,,13,16,10,25,14,17,18,15,24,19,40,42,35,53,61,22,56,24,46,14,24,26,17,11,27,50,22,12,12,signori antonio,86
Amadou Haidara,MLI,MT,26,28,16,"1,320",14.7,0,1,1,0,0,0,7,0,1.4,1.4,0.9,2.2,7,65,24,0.0,0.07,0.07,0.0,0.07,0.09,0.06,0.15,0.09,0.15,amadou haidara,Midfield,right,178.0,L1,20000000.0,24000000.0,https://img.a.transfermarkt.technology/portrait/header/402008-1713945184.jpg?lm=1,https://www.transfermarkt.co.uk/amadou-haidara/profil/spieler/402008,amadou haidara,A. Haidara,Amadou Haidara,1/31/1998,21,175.26,67.1,"CM,RM",Mali,76,84,11500000.0,32000.0,Right,1,2,4,Lean,21900000.0,,,,,68,68,50,77,61,76,75,62,73,76,79,77,76,77,74,75,76,80,69,74,62,71,74,76,62,80,59,70,66,amadou haidara,100
Benjamin Henrichs,GER,DF,27,15,10,935,10.4,0,2,2,0,0,0,3,0,0.5,0.4,1.4,1.8,9,29,55,0.0,0.19,0.19,0.0,0.19,0.05,0.14,0.18,0.04,0.18,benjamin henrichs,Defender,right,185.0,L1,17000000.0,20000000.0,https://img.a.transfermarkt.technology/portrait/header/202591-1715858341.jpg?lm=1,https://www.transfermarkt.co.uk/benjamin-henrichs/profil/spieler/202591,benjamin henrichs,B. Henrichs,Benjamin Henrichs,2/23/1997,22,182.88,78.9,"RB,LB,RM",Germany,76,84,9500000.0,36000.0,Right,2,4,4,Lean,20000000.0,,,,,79,50,59,77,53,78,73,49,66,77,78,78,76,79,71,62,65,75,68,46,61,76,62,66,59,74,69,74,70,benjamin henrichs,100
Maarten Vandevoordt,BEL,GB,22,6,4,429,4.8,0,0,0,0,0,0,0,0,0.0,0.0,0.0,0.0,0,4,0,0.0,0.0,0.0,0.0,0.0,0.0,0.0,0.0,0.0,0.0,maarten vandevoordt,Goalkeeper,right,192.0,L1,8000000.0,11000000.0,https://img.a.transfermarkt.technology/portrait/header/486046-1724337345.jpg?lm=1,https://www.transfermarkt.co.uk/maarten-vandevoordt/profil/spieler/486046,maarten vandevoordt,M. Vandevoordt,Maarten Vandevoordt,2/26/2002,17,187.96,71.2,GK,Belgium,63,83,600000.0,1000.0,Right,1,2,1,Lean,1500000.0,,,,,11,3,8,12,4,5,10,8,20,12,16,15,22,53,38,18,60,23,46,5,14,11,5,20,15,22,11,10,12,maarten vandevoordt,100
Xaver Schlager,AUT,MT,26,4,2,181,2.0,0,0,0,0,0,0,1,0,0.1,0.1,0.7,0.8,5,6,2,0.0,0.0,0.0,0.0,0.0,0.03,0.35,0.38,0.03,0.38,xaver schlager,Midfield,left,174.0,L1,18000000.0,28000000.0,https://img.a.transfermarkt.technology/portrait/header/223979-1713945331.jpg?lm=1,https://www.transfermarkt.co.uk/xaver-schlager/profil/spieler/223979,xaver schlager,X. Schlager,Xaver Schlager,9/28/1997,21,175.26,73.0,"CM,CAM,CDM",Austria,76,84,11500000.0,25000.0,Left,1,3,3,Normal,19600000.0,FC Red Bull Salzburg,73.0,RCM,42.0,59,64,44,76,55,75,70,60,72,77,83,79,83,78,74,76,54,85,69,75,74,67,74,72,56,69,60,71,70,xaver schlager,100
Mohamed Simakan,FRA,DF,24,1,1,54,0.6,0,0,0,0,0,0,0,0,0.0,0.0,0.3,0.3,3,7,4,0.0,0.0,0.0,0.0,0.0,0.0,0.46,0.46,0.0,0.46,mohamed simakan,Defender,right,187.0,L1,35000000.0,35000000.0,https://img.a.transfermarkt.technology/portrait/header/666234-1713944910.jpg?lm=1,https://www.transfermarkt.co.uk/mohamed-simakan/profil/spieler/666234,mohamed simakan,M. Simakan,Mohamed Simakan,5/3/2000,18,187.96,82.1,CB,France,58,69,180000.0,1000.0,Right,1,2,2,Normal,396000.0,,,,,30,27,56,36,28,31,34,32,35,33,61,54,36,54,51,44,68,58,69,27,48,53,28,31,39,46,57,65,65,mohamed simakan,100
Michael Zetterer,GER,GB,29,34,34,"3,060",34.0,0,0,0,0,0,0,2,0,0.0,0.0,0.0,0.0,0,3,0,0.0,0.0,0.0,0.0,0.0,0.0,0.0,0.0,0.0,0.0,michael zetterer,Goalkeeper,both,187.0,L1,4500000.0,4500000.0,https://img.a.transfermarkt.technology/portrait/header/196813-1660208839.jpg?lm=1,https://www.transfermarkt.co.uk/michael-zetterer/profil/spieler/196813,michael zetterer,M. Turner,Michael Turner,11/9/1983,35,193.04,89.8,CB,England,67,67,230000.0,4000.0,Right,1,2,2,Normal,403000.0,,,,,47,30,70,52,31,22,44,30,49,52,32,34,29,59,30,58,62,69,81,21,80,64,22,53,35,67,65,66,65,michael turner,80
Romano Schmid,AUT,MT,24,32,32,"2,834",31.5,5,4,9,4,1,1,4,0,4.3,3.5,6.2,9.7,107,279,201,0.16,0.13,0.29,0.13,0.25,0.14,0.2,0.33,0.11,0.31,romano schmid,Midfield,right,168.0,L1,15000000.0,15000000.0,https://img.a.transfermarkt.technology/portrait/header/346853-1730117104.jpg?lm=1,https://www.transfermarkt.co.uk/romano-schmid/profil/spieler/346853,romano schmid,R. Schmid,Romano Schmid,1/27/2000,19,175.26,73.0,CAM,Austria,63,80,750000.0,2000.0,Right,1,3,3,Normal,,,,,,54,56,33,61,48,71,46,40,58,68,75,73,78,52,78,58,74,69,64,55,23,26,52,57,48,57,26,27,28,romano schmid,100
Marvin Ducksch,GER,AT,30,32,30,"2,418",26.9,8,8,16,7,1,2,3,0,10.1,8.5,8.5,17.0,26,86,166,0.3,0.3,0.6,0.26,0.56,0.38,0.31,0.69,0.32,0.63,marvin ducksch,Attack,right,188.0,L1,7500000.0,9000000.0,https://img.a.transfermarkt.technology/portrait/header/125103-1660206693.jpg?lm=1,https://www.transfermarkt.co.uk/marvin-ducksch/profil/spieler/125103,marvin ducksch,M. Ducksch,Marvin Ducksch,3/7/1994,25,187.96,78.9,ST,Germany,72,76,4100000.0,20000.0,Right,1,3,3,Lean,7700000.0,,,,,61,73,72,63,73,64,72,67,42,71,66,68,63,74,62,74,71,66,74,66,55,29,74,53,49,65,27,35,22,marvin ducksch,100
Jens Stage,DEN,MT,27,28,26,"2,204",24.5,10,5,15,10,0,0,10,0,7.2,7.2,2.8,10.0,28,104,89,0.41,0.2,0.61,0.41,0.61,0.29,0.12,0.41,0.29,0.41,jens stage,Midfield,right,187.0,L1,12000000.0,12000000.0,https://img.a.transfermarkt.technology/portrait/header/289835-1660208628.jpg?lm=1,https://www.transfermarkt.co.uk/jens-stage/profil/spieler/289835,jens stage,J. Stage,Jens Stage,11/8/1996,22,185.42,83.0,"RM,CM",Denmark,68,76,1300000.0,4000.0,Right,1,3,3,Normal,1900000.0,,,,,65,59,62,68,48,67,55,50,65,69,71,78,67,61,68,64,61,73,70,60,53,63,66,62,52,70,54,62,60,jens stage,100
Marco Friedl,AUT,DF,26,26,25,"2,161",24.0,0,0,0,0,0,0,10,2,0.5,0.5,0.2,0.7,4,69,1,0.0,0.0,0.0,0.0,0.0,0.02,0.01,0.03,0.02,0.03,marco friedl,Defender,left,187.0,L1,10000000.0,10000000.0,https://img.a.transfermarkt.technology/portrait/header/156990-1660207986.jpg?lm=1,https://www.transfermarkt.co.uk/marco-friedl/profil/spieler/156990,marco friedl,M. Friedl,Marco Friedl,3/16/1998,20,187.96,71.2,"CB,LB",Austria,67,78,1200000.0,13000.0,Left,1,2,2,Lean,,,,,,62,32,61,59,37,66,37,42,52,68,68,65,62,69,62,36,66,67,63,41,56,66,54,47,45,55,69,71,68,marco friedl,100
Niklas Stark,GER,DF,29,26,25,"2,106",23.4,0,1,1,0,0,0,6,1,1.1,1.1,0.1,1.2,7,62,3,0.0,0.04,0.04,0.0,0.04,0.05,0.0,0.05,0.05,0.05,niklas stark,Defender,right,190.0,L1,5000000.0,20000000.0,https://img.a.transfermarkt.technology/portrait/header/162434-1660208662.jpg?lm=1,https://www.transfermarkt.co.uk/niklas-stark/profil/spieler/162434,niklas stark,N. Stark,Niklas Stark,4/14/1995,23,190.5,81.2,"CB,CDM",Germany,78,84,12000000.0,24000.0,Right,1,3,2,Normal,22800000.0,,,,,54,50,83,76,48,65,43,35,67,70,74,79,63,73,62,63,64,70,79,55,74,79,52,71,39,69,78,79,76,niklas stark,100
Felix Agu,NGA,DF,24,22,21,"1,751",19.5,3,0,3,3,0,0,1,0,1.4,1.4,1.8,3.2,33,43,105,0.15,0.0,0.15,0.15,0.15,0.07,0.09,0.17,0.07,0.17,felix agu,Defender,right,180.0,L1,6000000.0,6000000.0,https://img.a.transfermarkt.technology/portrait/header/393512-1722887707.jpg?lm=1,https://www.transfermarkt.co.uk/felix-agu/profil/spieler/393512,felix agu,F. Agu,Felix Agu,9/27/1999,19,165.1,59.9,"LB,RB,LW",Germany,60,74,375000.0,1000.0,Right,1,3,3,Lean,778000.0,,,,,55,46,52,61,47,67,61,31,39,62,79,71,90,62,93,36,60,65,29,51,65,59,42,63,40,51,53,55,51,felix agu,100
Anthony Jung,GER,DF,32,28,20,"1,898",21.1,0,0,0,0,0,0,1,0,0.0,0.0,0.1,0.1,20,121,6,0.0,0.0,0.0,0.0,0.0,0.0,0.0,0.0,0.0,0.0,anthony jung,Defender,left,186.0,L1,1000000.0,1500000.0,https://img.a.transfermarkt.technology/portrait/header/58995-1660208184.jpg?lm=1,https://www.transfermarkt.co.uk/anthony-jung/profil/spieler/58995,anthony jung,A. Jung,Anthony Jung,11/3/1991,27,185.42,87.1,LB,Germany,67,68,725000.0,8000.0,Left,1,3,3,Normal,961000.0,,,,,64,52,63,67,60,64,68,68,64,68,72,75,63,58,66,72,74,79,73,65,67,54,48,55,50,63,63,67,66,anthony jung,100
Amos Pieper,GER,DF,26,23,16,"1,498",16.6,0,0,0,0,0,0,3,0,0.4,0.4,0.6,1.0,11,62,3,0.0,0.0,0.0,0.0,0.0,0.03,0.04,0.06,0.03,0.06,amos pieper,Defender,right,192.0,L1,3000000.0,7000000.0,https://img.a.transfermarkt.technology/portrait/header/334221-1660208427.jpg?lm=1,https://www.transfermarkt.co.uk/amos-pieper/profil/spieler/334221,amos pieper,A. Pieper,Amos Pieper,1/17/1998,21,190.5,83.9,CB,Germany,62,70,400000.0,2000.0,Right,1,3,2,Lean,720000.0,,,,,37,27,64,53,26,39,30,35,40,41,52,63,41,55,44,43,66,55,67,23,63,57,31,33,52,49,58,67,62,amos pieper,100
Leonardo Bittencourt,GER,MT,30,27,10,982,10.9,2,1,3,2,0,0,3,0,1.6,1.6,1.6,3.2,19,64,38,0.18,0.09,0.27,0.18,0.27,0.15,0.14,0.29,0.15,0.29,leonardo bittencourt,Midfield,right,171.0,L1,2000000.0,7000000.0,https://img.a.transfermarkt.technology/portrait/header/93844-1660206490.jpg?lm=1,https://www.transfermarkt.co.uk/leonardo-bittencourt/profil/spieler/93844,leonardo bittencourt,L. Bittencourt,Leonardo Bittencourt,12/19/1993,25,170.18,62.1,"CAM,CM,LM",Germany,78,81,13000000.0,32000.0,Right,2,4,4,Lean,23100000.0,,,,,73,65,45,79,66,84,77,70,72,80,90,79,92,76,90,70,72,78,48,62,72,52,70,75,61,72,56,55,55,leonardo bittencourt,100
Oliver Burke,SCO,AT,27,25,9,908,10.1,5,0,5,5,0,0,4,0,4.1,4.1,1.7,5.8,22,15,88,0.5,0.0,0.5,0.5,0.5,0.41,0.17,0.57,0.41,0.57,oliver burke,Attack,right,188.0,L1,1800000.0,12000000.0,https://img.a.transfermarkt.technology/portrait/header/341317-1660206566.jpg?lm=1,https://www.transfermarkt.co.uk/oliver-burke/profil/spieler/341317,oliver burke,O. Burke,Oliver Burke,4/7/1997,21,187.96,84.8,"RM,ST",Scotland,70,81,3100000.0,14000.0,Right,1,3,3,Normal,,,,,,63,67,44,65,48,74,62,38,55,69,85,94,70,65,69,70,50,60,79,53,59,34,64,59,42,64,34,38,27,oliver burke,100
André Silva,POR,AT,28,7,4,375,4.2,1,0,1,0,1,2,1,0,2.6,1.0,0.4,1.4,6,10,28,0.24,0.0,0.24,0.0,0.0,0.62,0.09,0.71,0.24,0.33,andre silva,Attack,right,186.0,L1,5000000.0,45000000.0,https://img.a.transfermarkt.technology/portrait/header/198008-1724336978.jpg?lm=1,https://www.transfermarkt.co.uk/andre-silva/profil/spieler/198008,andre silva,André Silva,André Miguel Valente da Silva,11/6/1995,23,185.42,78.9,ST,Portugal,80,87,21000000.0,89000.0,Right,2,3,4,Normal,,Portugal,82.0,SUB,23.0,59,83,77,69,79,77,69,33,58,80,77,78,77,81,72,76,84,77,74,60,76,55,84,68,80,75,28,40,35,andré miguel valente da silva,95
André Silva,POR,AT,28,7,4,375,4.2,1,0,1,0,1,2,1,0,2.6,1.0,0.4,1.4,6,10,28,0.24,0.0,0.24,0.0,0.0,0.62,0.09,0.71,0.24,0.33,andre silva,Attack,left,181.0,PO1,3500000.0,3500000.0,https://img.a.transfermarkt.technology/portrait/header/565232-1695208367.jpg?lm=1,https://www.transfermarkt.co.uk/andre-silva/profil/spieler/565232,andre silva,André Silva,André Miguel Valente da Silva,11/6/1995,23,185.42,78.9,ST,Portugal,80,87,21000000.0,89000.0,Right,2,3,4,Normal,,Portugal,82.0,SUB,23.0,59,83,77,69,79,77,69,33,58,80,77,78,77,81,72,76,84,77,74,60,76,55,84,68,80,75,28,40,35,andré miguel valente da silva,95
Olivier Deman,BEL,DF,24,9,0,67,0.7,0,0,0,0,0,0,1,0,0.0,0.0,0.1,0.1,2,4,1,0.0,0.0,0.0,0.0,0.0,0.0,0.15,0.15,0.0,0.15,olivier deman,Defender,left,181.0,BE1,3000000.0,6000000.0,https://img.a.transfermarkt.technology/portrait/header/621802-1722887784.jpg?lm=1,https://www.transfermarkt.co.uk/olivier-deman/profil/spieler/621802,olivier deman,O. Kemen,Olivier Kemen,7/20/1996,22,152.4,78.0,"CM,CDM",France,70,79,2700000.0,21000.0,Right,1,3,3,Normal,5700000.0,,,,,55,61,64,71,51,72,52,53,69,71,76,74,73,63,74,74,81,78,78,66,75,68,57,69,57,68,60,68,72,olivier kemen,85
Alexander Nübel,GER,GB,27,34,34,"3,060",34.0,0,1,1,0,0,0,0,0,0.0,0.0,0.3,0.3,0,0,0,0.0,0.03,0.03,0.0,0.03,0.0,0.01,0.01,0.0,0.01,alexander nubel,Goalkeeper,right,193.0,L1,12000000.0,16000000.0,https://img.a.transfermarkt.technology/portrait/header/195778-1691998861.jpg?lm=1,https://www.transfermarkt.co.uk/alexander-nubel/profil/spieler/195778,alexander nubel,A. Nübel,Alexander Nübel,9/30/1996,22,193.04,86.2,GK,Germany,68,80,1300000.0,5000.0,Right,1,5,1,Normal,2400000.0,,,,,15,18,13,29,13,18,20,20,18,20,49,46,34,64,58,18,61,39,70,18,23,20,10,22,16,32,23,14,13,alexander nübel,97
Maximilian Mittelstädt,GER,DF,27,31,28,"2,469",27.4,1,7,8,1,0,0,5,0,0.9,0.9,4.7,5.6,62,182,155,0.04,0.26,0.29,0.04,0.29,0.03,0.17,0.2,0.03,0.2,maximilian mittelstadt,Defender,left,180.0,L1,20000000.0,20000000.0,https://img.a.transfermarkt.technology/portrait/header/282660-1723707584.jpg?lm=1,https://www.transfermarkt.co.uk/maximilian-mittelstadt/profil/spieler/282660,maximilian mittelstadt,M. Mittelstädt,Maximilian Mittelstädt,3/18/1997,21,152.4,68.9,"LM,LB,LW",Germany,72,82,5000000.0,14000.0,Left,1,3,3,Lean,9500000.0,,,,,77,59,69,73,41,76,69,35,71,74,79,77,75,66,76,60,72,67,53,55,62,69,58,57,37,59,62,72,66,maximilian mittelstädt,98
Chris Führich,GER,"MT,AT",26,33,23,"1,981",22.0,2,3,5,2,0,0,1,0,2.9,2.9,3.7,6.6,114,95,202,0.09,0.14,0.23,0.09,0.23,0.13,0.17,0.3,0.13,0.3,chris fuhrich,Attack,right,181.0,L1,18000000.0,28000000.0,https://img.a.transfermarkt.technology/portrait/header/272278-1691999004.jpg?lm=1,https://www.transfermarkt.co.uk/chris-fuhrich/profil/spieler/272278,chris fuhrich,C. Führich,Chris Führich,1/9/1998,21,152.4,68.9,"CM,LM,RM",Germany,63,75,650000.0,3000.0,Right,1,3,2,Lean,1100000.0,,,,,52,42,65,72,41,60,48,49,69,65,67,69,71,66,74,60,63,56,46,43,62,43,65,54,52,50,56,59,55,chris führich,96
Anthony Rouault,FRA,DF,23,18,14,"1,212",13.5,1,0,1,1,0,0,1,0,0.5,0.5,0.3,0.8,6,52,4,0.07,0.0,0.07,0.07,0.07,0.04,0.02,0.06,0.04,0.06,anthony rouault,Defender,right,186.0,FR1,10000000.0,10000000.0,https://img.a.transfermarkt.technology/portrait/header/690799-1723707069.jpg?lm=1,https://www.transfermarkt.co.uk/anthony-rouault/profil/spieler/690799,anthony rouault,A. Ralston,Anthony Ralston,11/16/1998,20,152.4,76.2,RB,Scotland,65,75,725000.0,5000.0,Right,1,3,3,Stocky,1500000.0,,,,,61,38,54,65,28,63,59,31,38,65,73,73,55,51,67,59,76,71,74,35,74,58,47,49,38,58,69,67,66,anthony ralston,80
Fabian Rieder,SUI,"MT,AT",22,21,8,867,9.6,1,3,4,1,0,0,1,0,1.4,1.4,2.0,3.4,20,38,61,0.1,0.31,0.42,0.1,0.42,0.14,0.21,0.35,0.14,0.35,fabian rieder,Attack,left,179.0,L1,7000000.0,15000000.0,https://img.a.transfermarkt.technology/portrait/header/507341-1723707005.jpg?lm=1,https://www.transfermarkt.co.uk/fabian-rieder/profil/spieler/507341,fabian rieder,F. Giefer,Fabian Giefer,5/17/1990,28,195.58,93.0,GK,Germany,70,71,1400000.0,10000.0,Right,1,1,1,Normal,2700000.0,,,,,11,11,23,32,14,12,16,14,22,22,38,37,43,68,35,24,68,25,74,15,44,18,19,33,21,37,15,12,15,fabian giefer,85
Pascal Stenzel,GER,DF,28,10,4,290,3.2,0,0,0,0,0,0,0,0,0.3,0.3,0.6,0.9,2,12,16,0.0,0.0,0.0,0.0,0.0,0.1,0.17,0.28,0.1,0.28,pascal stenzel,Defender,right,183.0,L1,2500000.0,6500000.0,https://img.a.transfermarkt.technology/portrait/header/195246-1657181494.jpg?lm=1,https://www.transfermarkt.co.uk/pascal-stenzel/profil/spieler/195246,pascal stenzel,P. Stenzel,Pascal Stenzel,3/20/1996,22,182.88,73.9,"RB,RWB",Germany,72,77,3500000.0,14000.0,Right,1,3,3,Lean,6500000.0,,,,,70,55,58,75,39,70,58,35,66,73,63,65,66,71,63,66,64,76,60,52,73,72,58,65,49,63,69,73,72,pascal stenzel,100
Jacob Bruun Larsen,DEN,"MT,AT",25,15,3,414,4.6,1,0,1,1,0,0,1,0,0.6,0.6,1.2,1.8,19,19,40,0.22,0.0,0.22,0.22,0.22,0.13,0.27,0.39,0.13,0.39,jacob bruun larsen,Attack,right,183.0,L1,6000000.0,20000000.0,https://img.a.transfermarkt.technology/portrait/header/293281-1657201254.jpg?lm=1,https://www.transfermarkt.co.uk/jacob-bruun-larsen/profil/spieler/293281,jacob bruun larsen,J. Larsen,Jacob Bruun Larsen,9/19/1998,20,182.88,74.8,"LM,LW,RM,RW",Denmark,74,85,9500000.0,18000.0,Right,1,4,3,Normal,18100000.0,,,,,69,74,61,74,63,75,69,41,54,75,81,85,76,75,73,77,67,72,73,63,73,58,74,68,44,66,55,55,43,jacob bruun larsen,100
Nikolas Nartey,DEN,MT,24,1,0,22,0.2,0,0,0,0,0,0,0,0,0.0,0.0,0.0,0.0,0,0,0,0.0,0.0,0.0,0.0,0.0,0.0,0.0,0.0,0.0,0.0,nikolas nartey,Midfield,left,186.0,L1,400000.0,1800000.0,https://img.a.transfermarkt.technology/portrait/header/400546-1657181830.jpg?lm=1,https://www.transfermarkt.co.uk/nikolas-nartey/profil/spieler/400546,nikolas nartey,N. Nartey,Nikolas Nartey,2/22/2000,19,185.42,79.8,CM,Denmark,63,81,750000.0,2000.0,Right,1,3,3,Lean,1600000.0,,,,,44,49,37,68,32,68,45,40,63,69,68,68,74,59,77,44,74,67,56,38,34,49,49,66,41,59,54,47,42,nikolas nartey,100
Julian Weigl,GER,MT,28,33,33,"2,881",32.0,0,2,2,0,0,0,8,0,0.7,0.7,1.1,1.9,11,122,9,0.0,0.06,0.06,0.0,0.06,0.02,0.03,0.06,0.02,0.06,julian weigl,Midfield,right,186.0,L1,6000000.0,30000000.0,https://img.a.transfermarkt.technology/portrait/header/196792-1662965628.jpg?lm=1,https://www.transfermarkt.co.uk/julian-weigl/profil/spieler/196792,julian weigl,J. Weigl,Julian Weigl,9/8/1995,23,185.42,72.1,"CDM,CB",Germany,80,84,16500000.0,45000.0,Right,3,3,3,Lean,29300000.0,,,,,58,41,63,85,56,74,63,46,83,79,72,55,77,80,65,48,68,78,61,52,64,84,56,77,52,81,78,79,76,julian weigl,100
Ko Itakura,JPN,DF,27,31,31,"2,790",31.0,3,0,3,3,0,0,5,0,1.6,1.6,0.8,2.5,23,69,5,0.1,0.0,0.1,0.1,0.1,0.05,0.03,0.08,0.05,0.08,ko itakura,Defender,right,188.0,L1,12000000.0,15000000.0,https://img.a.transfermarkt.technology/portrait/header/355816-1662966245.jpg?lm=1,https://www.transfermarkt.co.uk/ko-itakura/profil/spieler/355816,ko itakura,K. Itakura,板仓 晃,1/27/1997,22,185.42,74.8,"CB,CDM",Japan,64,72,575000.0,2000.0,Right,1,2,2,Lean,978000.0,,,,,30,16,67,66,24,55,30,40,64,65,73,75,63,55,49,64,79,62,72,24,64,58,41,49,38,52,54,63,58,板仓 晃,95
Tim Kleindienst,GER,AT,28,31,31,"2,737",30.4,16,7,23,15,1,2,5,1,13.6,11.9,6.2,18.0,45,63,145,0.53,0.23,0.76,0.49,0.72,0.45,0.2,0.65,0.39,0.59,tim kleindienst,Attack,both,194.0,L1,17000000.0,17000000.0,https://img.a.transfermarkt.technology/portrait/header/193033-1722945738.jpg?lm=1,https://www.transfermarkt.co.uk/tim-kleindienst/profil/spieler/193033,tim kleindienst,T. Kleindienst,Tim Kleindienst,8/31/1995,23,193.04,83.9,ST,Germany,71,76,3200000.0,15000.0,Right,1,3,3,Lean,6000000.0,,,,,50,71,75,60,68,67,54,39,45,59,64,72,60,68,50,78,76,78,79,69,61,26,71,53,59,64,27,29,22,tim kleindienst,100
Nico Elvedi,SUI,DF,27,25,25,"2,135",23.7,1,1,2,1,0,0,1,0,2.0,2.0,0.4,2.5,20,55,5,0.04,0.04,0.08,0.04,0.08,0.09,0.02,0.1,0.09,0.1,nico elvedi,Defender,right,189.0,L1,8000000.0,35000000.0,https://img.a.transfermarkt.technology/portrait/header/192635-1691249306.jpg?lm=1,https://www.transfermarkt.co.uk/nico-elvedi/profil/spieler/192635,nico elvedi,N. Elvedi,Nico Elvedi,9/30/1996,22,187.96,78.0,"CB,RB,LB",Switzerland,78,84,12000000.0,20000.0,Right,2,3,3,Normal,22800000.0,Switzerland,77.0,RCB,4.0,65,30,79,73,30,69,45,29,55,72,73,77,66,75,54,42,73,78,77,31,69,79,53,59,37,65,76,81,76,nico elvedi,100
Alassane Pléa,FRA,"MT,AT",31,30,24,"1,902",21.1,11,4,15,10,1,1,3,0,7.4,6.6,3.1,9.8,51,116,141,0.52,0.19,0.71,0.47,0.66,0.35,0.15,0.5,0.31,0.46,alassane plea,Attack,right,181.0,L1,6000000.0,38000000.0,https://img.a.transfermarkt.technology/portrait/header/167329-1627997314.jpg?lm=1,https://www.transfermarkt.co.uk/alassane-plea/profil/spieler/167329,alassane plea,A. Plea,Alassane Plea,3/10/1993,25,154.94,78.9,"ST,LW",France,81,83,22000000.0,40000.0,Right,2,3,4,Stocky,39100000.0,,,,,78,82,73,76,81,78,78,74,68,79,78,77,79,81,78,83,75,82,77,81,63,39,83,78,65,76,29,40,30,alassane plea,100
Moritz Nicolas,GER,GB,26,19,19,"1,639",18.2,0,0,0,0,0,0,0,0,0.0,0.0,0.0,0.0,0,0,0,0.0,0.0,0.0,0.0,0.0,0.0,0.0,0.0,0.0,0.0,moritz nicolas,Goalkeeper,right,193.0,L1,5000000.0,5000000.0,https://img.a.transfermarkt.technology/portrait/header/284270-1722945496.jpg?lm=1,https://www.transfermarkt.co.uk/moritz-nicolas/profil/spieler/284270,moritz nicolas,M. Nicolas,Moritz Nicolas,10/21/1997,21,193.04,87.1,GK,Germany,62,76,550000.0,2000.0,Right,1,2,1,Normal,1300000.0,,,,,14,9,16,29,11,16,17,14,26,13,18,26,42,58,31,22,34,28,74,10,27,15,7,40,17,36,10,17,13,moritz nicolas,100
Franck Honorat,FRA,AT,27,19,18,"1,439",16.0,4,7,11,4,0,0,0,0,4.5,4.5,5.3,9.8,63,45,124,0.25,0.44,0.69,0.25,0.69,0.28,0.33,0.61,0.28,0.61,franck honorat,Attack,right,180.0,L1,12000000.0,12000000.0,https://img.a.transfermarkt.technology/portrait/header/229006-1691248904.jpg?lm=1,https://www.transfermarkt.co.uk/franck-honorat/profil/spieler/229006,franck honorat,F. Honorat,Franck Honorat,8/11/1996,22,154.94,69.9,"RM,RW",France,69,79,1700000.0,10000.0,Right,1,2,3,Lean,,,,,,74,69,57,59,60,74,53,42,45,71,82,76,74,62,68,69,75,62,45,69,31,21,67,58,68,52,24,16,15,franck honorat,100
Kevin Stöger,AUT,MT,30,31,16,"1,551",17.2,3,3,6,1,2,2,3,0,3.9,2.3,5.3,7.6,40,121,95,0.17,0.17,0.35,0.06,0.23,0.22,0.31,0.53,0.13,0.44,kevin stoger,Midfield,left,175.0,L1,4500000.0,6000000.0,https://img.a.transfermarkt.technology/portrait/header/106872-1722945684.jpg?lm=1,https://www.transfermarkt.co.uk/kevin-stoger/profil/spieler/106872,kevin stoger,K. Stöger,Kevin Stöger,8/27/1993,25,175.26,74.8,"CAM,CM,LM",Austria,76,79,10000000.0,25000.0,Left,1,3,3,Normal,18800000.0,,,,,74,67,45,78,63,77,68,63,78,76,74,67,77,75,77,69,58,79,60,71,50,35,68,79,48,72,38,29,35,kevin stöger,96
Philipp Sander,GER,MT,26,27,16,"1,400",15.6,1,0,1,1,0,0,2,0,1.2,1.2,0.6,1.8,16,60,29,0.06,0.0,0.06,0.06,0.06,0.08,0.04,0.12,0.08,0.12,philipp sander,Midfield,both,186.0,L1,4000000.0,4000000.0,https://img.a.transfermarkt.technology/portrait/header/388409-1706105305.jpg?lm=1,https://www.transfermarkt.co.uk/philipp-sander/profil/spieler/388409,philipp sander,P. Sander,Philipp Sander,2/21/1998,21,185.42,76.2,LM,Germany,58,69,220000.0,1000.0,Right,1,3,2,Lean,396000.0,,,,,54,43,49,59,49,64,58,40,57,58,68,64,69,54,73,40,53,46,43,33,40,25,52,55,39,58,38,48,43,philipp sander,100
Jonas Omlin,SUI,GB,30,12,11,978,10.9,0,0,0,0,0,0,0,1,0.0,0.0,0.0,0.0,0,0,0,0.0,0.0,0.0,0.0,0.0,0.0,0.0,0.0,0.0,0.0,jonas omlin,Goalkeeper,right,190.0,L1,2500000.0,9000000.0,https://img.a.transfermarkt.technology/portrait/header/247915-1691248651.jpg?lm=1,https://www.transfermarkt.co.uk/jonas-omlin/profil/spieler/247915,jonas omlin,J. Omlin,Jonas Omlin,1/10/1994,25,187.96,79.8,GK,Switzerland,72,78,3100000.0,11000.0,Right,1,3,1,Lean,5300000.0,FC Basel 1893,73.0,GK,1.0,24,17,24,45,15,27,21,16,35,31,49,51,32,68,51,26,70,35,72,18,19,25,17,36,27,57,20,21,24,jonas omlin,100
Marvin Friedrich,GER,DF,28,22,9,989,11.0,0,1,1,0,0,0,0,0,0.4,0.4,0.6,1.1,11,36,3,0.0,0.09,0.09,0.0,0.09,0.04,0.06,0.1,0.04,0.1,marvin friedrich,Defender,right,193.0,L1,3500000.0,10000000.0,https://img.a.transfermarkt.technology/portrait/header/196231-1662966392.jpg?lm=1,https://www.transfermarkt.co.uk/marvin-friedrich/profil/spieler/196231,marvin friedrich,M. Friedrich,Marvin Friedrich,12/13/1995,23,193.04,78.0,CB,Germany,71,79,3000000.0,15000.0,Right,1,3,2,Lean,5400000.0,,,,,43,35,71,66,35,38,39,26,68,55,55,66,54,67,51,48,69,62,76,29,61,69,29,53,38,53,68,76,72,marvin friedrich,100
Stefan Lainer,AUT,DF,31,21,6,757,8.4,1,0,1,1,0,0,2,0,0.3,0.3,1.0,1.3,25,25,32,0.12,0.0,0.12,0.12,0.12,0.04,0.12,0.15,0.04,0.15,stefan lainer,Defender,right,175.0,L1,1800000.0,18000000.0,https://img.a.transfermarkt.technology/portrait/header/85791-1627997478.jpg?lm=1,https://www.transfermarkt.co.uk/stefan-lainer/profil/spieler/85791,stefan lainer,S. Lainer,Stefan Lainer,8/27/1992,26,175.26,73.0,RB,Austria,77,79,9000000.0,32000.0,Right,1,4,3,Lean,14200000.0,FC Red Bull Salzburg,73.0,RB,22.0,74,59,64,74,59,72,65,33,70,71,85,86,75,75,75,73,68,90,72,70,86,68,66,60,45,72,65,75,79,stefan lainer,100
Florian Neuhaus,GER,MT,27,18,2,382,4.2,0,1,1,0,0,0,1,0,0.6,0.6,0.3,0.9,10,27,8,0.0,0.24,0.24,0.0,0.24,0.14,0.08,0.22,0.14,0.22,florian neuhaus,Midfield,right,185.0,L1,3500000.0,38000000.0,https://img.a.transfermarkt.technology/portrait/header/278332-1739091435.jpg?lm=1,https://www.transfermarkt.co.uk/florian-neuhaus/profil/spieler/278332,florian neuhaus,F. Neuhaus,Florian Neuhaus,3/16/1997,21,182.88,73.9,CM,Germany,76,85,12000000.0,20000.0,Right,1,3,3,Lean,22800000.0,,,,,59,60,54,79,61,77,66,41,77,79,74,67,78,78,76,68,54,77,59,74,57,59,68,78,49,75,64,59,64,florian neuhaus,100
Tobias Sippel,GER,GB,36,1,0,59,0.7,0,0,0,0,0,0,0,0,0.0,0.0,0.0,0.0,0,0,0,0.0,0.0,0.0,0.0,0.0,0.0,0.0,0.0,0.0,0.0,tobias sippel,Goalkeeper,right,183.0,L1,300000.0,3000000.0,https://img.a.transfermarkt.technology/portrait/header/31653-1662965792.jpg?lm=1,https://www.transfermarkt.co.uk/tobias-sippel/profil/spieler/31653,tobias sippel,T. Sippel,Tobias Sippel,3/22/1988,30,182.88,78.0,GK,Germany,74,75,4200000.0,17000.0,Right,1,2,1,Normal,7400000.0,,,,,14,12,13,33,12,13,15,14,22,19,50,42,48,72,41,24,64,41,65,11,36,15,16,31,18,41,12,15,12,tobias sippel,100
Kamil Grabara,POL,GB,25,29,29,"2,585",28.7,0,0,0,0,0,0,2,0,0.0,0.0,0.0,0.0,0,2,0,0.0,0.0,0.0,0.0,0.0,0.0,0.0,0.0,0.0,0.0,kamil grabara,Goalkeeper,right,195.0,L1,14000000.0,14000000.0,https://img.a.transfermarkt.technology/portrait/header/346551-1724770843.jpg?lm=1,https://www.transfermarkt.co.uk/kamil-grabara/profil/spieler/346551,kamil grabara,K. Grabara,Kamil Grabara,1/8/1999,20,190.5,74.8,GK,Poland,59,76,280000.0,1000.0,Right,1,3,1,Lean,525000.0,,,,,18,13,12,31,13,19,17,19,19,15,40,38,38,56,41,21,52,29,50,14,26,14,5,30,17,50,5,19,13,kamil grabara,100
Mohamed Amoura,ALG,AT,24,31,29,"2,467",27.4,10,9,19,8,2,2,6,0,8.7,7.2,4.0,11.2,81,61,244,0.36,0.33,0.69,0.29,0.62,0.32,0.15,0.46,0.26,0.41,mohamed amoura,Attack,right,170.0,L1,32000000.0,32000000.0,https://img.a.transfermarkt.technology/portrait/header/746910-1724771303.jpg?lm=1,https://www.transfermarkt.co.uk/mohamed-amoura/profil/spieler/746910,mohamed amoura,M. Camara,Mohamed Camara,1/6/2000,19,175.26,68.0,CM,Mali,60,76,425000.0,2000.0,Right,1,3,3,Lean,,,,,,46,46,50,62,41,61,56,46,59,63,67,69,70,63,74,60,73,69,42,43,56,52,43,61,49,59,54,52,51,mohamed camara,86
Konstantinos Koulierakis,GRE,DF,20,30,28,"2,468",27.4,0,2,2,0,0,0,4,0,1.0,1.0,1.0,1.9,20,104,8,0.0,0.07,0.07,0.0,0.07,0.03,0.04,0.07,0.03,0.07,konstantinos koulierakis,Defender,left,188.0,L1,20000000.0,20000000.0,https://img.a.transfermarkt.technology/portrait/header/669380-1694780769.png?lm=1,https://www.transfermarkt.co.uk/konstantinos-koulierakis/profil/spieler/669380,konstantinos koulierakis,K. Kotsaris,Konstantinos Kotsaris,7/25/1996,22,185.42,74.8,GK,Greece,67,77,950000.0,1000.0,Right,1,3,1,Normal,2300000.0,,,,,17,18,20,25,15,13,16,17,22,19,52,45,69,60,54,46,77,38,66,13,24,11,18,43,32,51,17,16,14,konstantinos kotsaris,80
Denis Vavro,SVK,DF,28,29,27,"2,461",27.3,2,0,2,2,0,0,4,0,1.4,1.4,0.2,1.6,9,96,3,0.07,0.0,0.07,0.07,0.07,0.05,0.01,0.06,0.05,0.06,denis vavro,Defender,right,189.0,L1,7000000.0,8000000.0,https://img.a.transfermarkt.technology/portrait/header/239962-1731920675.jpg?lm=1,https://www.transfermarkt.co.uk/denis-vavro/profil/spieler/239962,denis vavro,D. Vavro,Denis Vavro,4/10/1996,22,190.5,76.2,CB,Slovakia,72,79,3700000.0,12000.0,Right,1,3,2,Normal,5600000.0,,,,,26,37,73,69,36,52,25,30,65,63,65,74,49,56,67,69,70,66,87,58,75,68,48,48,52,66,70,69,69,denis vavro,100
Maximilian Arnold,GER,MT,30,28,27,"2,356",26.2,3,5,8,3,0,0,7,1,0.9,0.9,3.5,4.3,9,128,16,0.11,0.19,0.31,0.11,0.31,0.03,0.13,0.17,0.03,0.17,maximilian arnold,Midfield,left,184.0,L1,7000000.0,19000000.0,https://img.a.transfermarkt.technology/portrait/header/117674-1660652294.JPG?lm=1,https://www.transfermarkt.co.uk/maximilian-arnold/profil/spieler/117674,maximilian arnold,M. Arnold,Maximilian Arnold,5/27/1994,24,182.88,73.9,"CM,CDM,CAM",Germany,78,83,13500000.0,40000.0,Left,2,2,3,Normal,24000000.0,,,,,70,77,54,79,85,78,77,75,78,79,66,64,71,78,67,87,52,77,67,87,66,75,75,74,57,76,75,71,66,maximilian arnold,100
Patrick Wimmer,AUT,"MT,AT",23,29,22,"1,770",19.7,3,4,7,3,0,0,5,1,3.7,3.7,2.9,6.7,46,91,75,0.15,0.2,0.36,0.15,0.36,0.19,0.15,0.34,0.19,0.34,patrick wimmer,Attack,right,182.0,L1,15000000.0,18000000.0,https://img.a.transfermarkt.technology/portrait/header/533295-1657203456.jpg?lm=1,https://www.transfermarkt.co.uk/patrick-wimmer/profil/spieler/533295,patrick wimmer,P. Wiegers,Patrick Wiegers,4/19/1990,28,185.42,86.2,GK,Germany,64,65,375000.0,4000.0,Right,1,2,1,Normal,609000.0,,,,,12,11,16,23,7,16,12,13,16,18,47,43,36,58,50,19,70,28,74,12,28,18,11,39,27,21,15,11,19,patrick wiegers,83
Yannick Gerhardt,GER,"MT,DF",30,29,15,"1,518",16.9,1,1,2,1,0,0,5,1,1.2,1.2,0.2,1.4,27,57,63,0.06,0.06,0.12,0.06,0.12,0.07,0.01,0.08,0.07,0.08,yannick gerhardt,Midfield,left,184.0,L1,3000000.0,12000000.0,https://img.a.transfermarkt.technology/portrait/header/119277-1657203024.jpg?lm=1,https://www.transfermarkt.co.uk/yannick-gerhardt/profil/spieler/119277,yannick gerhardt,Y. Gerhardt,Yannick Gerhardt,3/13/1994,24,182.88,81.2,"CM,LB,LM",Germany,76,82,10500000.0,35000.0,Left,2,3,3,Normal,20000000.0,,,,,73,71,59,78,57,74,65,55,74,77,68,76,68,75,66,75,64,75,75,64,72,73,71,76,50,69,74,73,74,yannick gerhardt,100
Mattias Svanberg,SWE,MT,25,20,14,"1,219",13.5,3,1,4,3,0,0,4,0,3.6,3.6,1.7,5.4,11,36,39,0.22,0.07,0.3,0.22,0.3,0.27,0.13,0.4,0.27,0.4,mattias svanberg,Midfield,right,185.0,L1,12000000.0,18000000.0,https://img.a.transfermarkt.technology/portrait/header/342405-1689866072.jpg?lm=1,https://www.transfermarkt.co.uk/mattias-svanberg/profil/spieler/342405,mattias svanberg,M. Svanberg,Mattias Svanberg,1/5/1999,20,185.42,77.1,"CM,RM",Sweden,70,85,3800000.0,8000.0,Right,1,3,3,Normal,8800000.0,,,,,68,64,32,72,53,73,66,63,68,76,78,79,77,63,67,71,65,74,69,70,65,60,58,70,57,67,50,55,52,mattias svanberg,100
Sebastiaan Bornauw,BEL,DF,25,15,8,788,8.8,2,1,3,2,0,0,2,0,1.2,1.2,0.5,1.7,3,21,1,0.23,0.11,0.34,0.23,0.34,0.14,0.06,0.2,0.14,0.2,sebastiaan bornauw,Defender,right,191.0,L1,7000000.0,14000000.0,https://img.a.transfermarkt.technology/portrait/header/338629-1657202272.jpg?lm=1,https://www.transfermarkt.co.uk/sebastiaan-bornauw/profil/spieler/338629,sebastiaan bornauw,S. Bornauw,Sebastiaan Bornauw,3/22/1999,19,190.5,88.0,CB,Belgium,70,82,2700000.0,4000.0,Right,1,3,2,Normal,4600000.0,,,,,65,34,68,67,26,56,41,42,72,65,60,64,58,62,52,61,63,66,88,39,71,63,42,57,34,62,65,71,67,sebastiaan bornauw,100
Cedric Zesiger,SUI,DF,26,7,5,522,5.8,0,0,0,0,0,0,4,0,0.1,0.1,0.0,0.1,3,19,2,0.0,0.0,0.0,0.0,0.0,0.01,0.0,0.01,0.01,0.01,cedric zesiger,Defender,left,194.0,L1,5500000.0,7500000.0,https://img.a.transfermarkt.technology/portrait/header/382478-1689866125.jpg?lm=1,https://www.transfermarkt.co.uk/cedric-zesiger/profil/spieler/382478,cedric zesiger,C. Zesiger,Cédric Zesiger,6/24/1998,20,193.04,88.0,"CB,LB",Switzerland,60,76,425000.0,2000.0,Right,1,3,2,Lean,882000.0,,,,,43,33,65,43,34,32,29,22,46,47,69,71,47,57,37,40,68,71,75,18,54,56,37,34,34,54,54,60,61,cédric zesiger,96
Marius Müller,GER,GB,31,6,5,475,5.3,0,0,0,0,0,0,0,0,0.0,0.0,0.0,0.0,0,0,0,0.0,0.0,0.0,0.0,0.0,0.0,0.0,0.0,0.0,0.0,marius muller,Goalkeeper,right,192.0,L1,1500000.0,2000000.0,https://img.a.transfermarkt.technology/portrait/header/118161-1724771088.jpg?lm=1,https://www.transfermarkt.co.uk/marius-muller/profil/spieler/118161,marius muller,M. Müller,Marius Müller,7/12/1993,25,193.04,89.8,GK,Germany,70,75,1700000.0,15000.0,Right,1,2,1,Normal,3000000.0,,,,,11,10,12,22,9,10,11,13,16,20,25,38,34,67,38,23,66,35,77,12,27,14,11,48,18,26,20,13,11,marius müller,96
Lovro Majer,CRO,MT,26,9,3,304,3.4,2,1,3,1,1,1,1,0,1.4,0.6,1.1,1.7,8,17,10,0.59,0.3,0.89,0.3,0.59,0.41,0.31,0.72,0.18,0.49,lovro majer,Midfield,left,178.0,L1,20000000.0,27000000.0,https://img.a.transfermarkt.technology/portrait/header/387106-1695624038.jpg?lm=1,https://www.transfermarkt.co.uk/lovro-majer/profil/spieler/387106,lovro majer,L. Majer,Lovro Majer,1/17/1998,21,152.4,74.8,"CAM,CM",Croatia,73,84,7000000.0,1000.0,Left,1,3,4,Normal,16800000.0,,,,,75,65,42,76,58,77,79,74,75,75,75,68,81,66,72,74,50,61,47,70,42,22,60,75,78,70,31,26,31,lovro majer,100
Mads Roerslev,DEN,DF,25,7,2,298,3.3,0,0,0,0,0,0,0,0,0.0,0.0,0.0,0.0,7,13,18,0.0,0.0,0.0,0.0,0.0,0.0,0.01,0.01,0.0,0.01,mads roerslev,Defender,right,184.0,L1,8000000.0,12000000.0,https://img.a.transfermarkt.technology/portrait/header/391005-1684772936.jpg?lm=1,https://www.transfermarkt.co.uk/mads-roerslev/profil/spieler/391005,mads roerslev,M. Roerslev,Mads Roerslev Rasmussen,6/24/1999,19,154.94,67.1,RB,Denmark,58,72,240000.0,1000.0,Right,1,3,3,Lean,,,,,,60,32,42,56,37,59,53,35,51,59,75,77,70,50,69,51,69,67,59,40,49,50,55,50,35,45,53,55,54,mads roerslev rasmussen,87
David Odogu,GER,DF,18,3,2,195,2.2,0,0,0,0,0,0,0,0,0.2,0.2,0.0,0.2,1,8,0,0.0,0.0,0.0,0.0,0.0,0.1,0.0,0.1,0.1,0.1,david odogu,Defender,right,191.0,L1,700000.0,700000.0,https://img.a.transfermarkt.technology/portrait/header/897423-1724771146.jpg?lm=1,https://www.transfermarkt.co.uk/david-odogu/profil/spieler/897423,david odogu,David Rodríguez,David Rodríguez Sánchez,2/14/1986,33,152.4,74.8,ST,Spain,69,69,850000.0,6000.0,Right,1,3,3,Normal,,,,,,67,70,62,61,65,63,57,54,42,64,77,75,76,69,63,71,76,71,75,66,53,32,70,58,75,66,35,25,21,david rodríguez sánchez,80
Kevin Paredes,USA,DF,21,2,2,123,1.4,0,1,1,0,0,0,1,0,0.4,0.4,0.1,0.4,1,7,12,0.0,0.73,0.73,0.0,0.73,0.27,0.05,0.32,0.27,0.32,kevin paredes,Midfield,left,175.0,L1,7500000.0,7500000.0,https://img.a.transfermarkt.technology/portrait/header/711517-1657203115.jpg?lm=1,https://www.transfermarkt.co.uk/kevin-paredes/profil/spieler/711517,kevin paredes,E. Paredes,Esteban Paredes,8/1/1980,38,152.4,82.1,ST,Chile,75,75,2400000.0,7000.0,Left,2,3,3,Normal,3300000.0,Colo-Colo,71.0,RS,7.0,63,82,70,69,65,73,69,75,62,75,67,66,70,72,68,71,72,68,80,70,55,30,80,69,78,70,37,22,29,esteban paredes,82
Kevin Behrens,GER,AT,33,18,0,170,1.9,1,0,1,1,0,0,2,0,2.3,2.3,0.1,2.4,2,4,18,0.53,0.0,0.53,0.53,0.53,1.24,0.06,1.3,1.24,1.3,kevin behrens,Attack,both,185.0,L1,1500000.0,4000000.0,https://img.a.transfermarkt.technology/portrait/header/117432-1692707679.jpg?lm=1,https://www.transfermarkt.co.uk/kevin-behrens/profil/spieler/117432,kevin behrens,K. Behrens,Kevin Behrens,2/3/1991,28,182.88,79.8,"ST,RM",Germany,64,64,475000.0,2000.0,Right,1,3,2,Stocky,760000.0,,,,,42,65,65,49,55,56,50,33,44,58,64,67,69,62,63,72,67,66,76,60,62,24,63,54,65,56,27,20,19,kevin behrens,100
Jeffrey Gouweleeuw,NED,DF,33,33,33,"2,944",32.7,1,4,5,1,0,1,9,0,1.7,0.9,2.2,3.1,24,142,19,0.03,0.12,0.15,0.03,0.15,0.05,0.07,0.12,0.03,0.1,jeffrey gouweleeuw,Defender,right,188.0,L1,1500000.0,12000000.0,https://img.a.transfermarkt.technology/portrait/header/106405-1723534156.jpg?lm=1,https://www.transfermarkt.co.uk/jeffrey-gouweleeuw/profil/spieler/106405,jeffrey gouweleeuw,J. Gouweleeuw,Jeffrey Gouweleeuw,7/10/1991,27,187.96,78.0,CB,Netherlands,79,80,12000000.0,28000.0,Right,1,3,2,Lean,22500000.0,,,,,60,46,73,68,49,60,45,36,80,66,68,69,65,78,61,72,68,72,78,77,78,84,61,71,42,74,80,82,76,jeffrey gouweleeuw,100
Frank Onyeka,NGA,MT,26,31,30,"2,586",28.7,0,1,1,0,0,0,8,0,1.4,1.4,1.3,2.7,46,106,71,0.0,0.03,0.03,0.0,0.03,0.05,0.04,0.09,0.05,0.09,frank onyeka,Midfield,right,183.0,L1,7000000.0,10000000.0,https://img.a.transfermarkt.technology/portrait/header/421637-1726605377.jpg?lm=1,https://www.transfermarkt.co.uk/frank-onyeka/profil/spieler/421637,frank onyeka,F. Onyeka,Frank Onyeka,1/1/1998,21,182.88,69.9,"RW,ST",Nigeria,62,74,550000.0,3000.0,Right,1,3,3,Lean,825000.0,,,,,57,54,51,62,43,64,49,38,59,66,72,75,76,62,76,57,40,82,65,40,65,56,59,57,41,53,56,49,54,frank onyeka,100
Marius Wolf,GER,DF,29,32,28,"2,144",23.8,1,3,4,1,0,0,2,0,0.7,0.7,3.2,3.9,36,117,95,0.04,0.13,0.17,0.04,0.17,0.03,0.14,0.16,0.03,0.16,marius wolf,Defender,right,188.0,L1,3000000.0,10000000.0,https://img.a.transfermarkt.technology/portrait/header/193900-1723533785.jpg?lm=1,https://www.transfermarkt.co.uk/marius-wolf/profil/spieler/193900,marius wolf,M. Wolf,Marius Wolf,5/27/1995,23,187.96,82.1,"RM,CM,LM,RB",Germany,77,81,11500000.0,41000.0,Right,2,4,3,Lean,20400000.0,,,,,75,75,60,73,62,78,69,71,61,77,83,84,68,73,67,74,53,86,72,67,73,64,74,74,52,68,67,54,51,marius wolf,100
Alexis Claude-Maurice,FRA,"MT,AT",26,28,25,"2,109",23.4,9,2,11,9,0,0,4,0,4.7,4.7,1.2,5.9,59,61,102,0.38,0.09,0.47,0.38,0.47,0.2,0.05,0.25,0.2,0.25,alexis claude maurice,Midfield,right,176.0,L1,12000000.0,12000000.0,https://img.a.transfermarkt.technology/portrait/header/384593-1726605505.jpg?lm=1,https://www.transfermarkt.co.uk/alexis-claude-maurice/profil/spieler/384593,alexis claude maurice,A. Claude Maurice,Alexis Claude Maurice,6/6/1998,20,175.26,62.1,"LM,CAM",France,68,81,1700000.0,3000.0,Right,1,2,3,Normal,4100000.0,,,,,55,63,43,67,58,68,58,46,62,66,89,86,86,56,81,61,48,67,42,59,37,21,67,64,54,69,32,48,40,alexis claude maurice,100
Elvis Rexhbeçaj,KVX,MT,26,27,22,"1,785",19.8,1,1,2,1,0,0,8,0,1.4,1.4,1.1,2.5,31,94,82,0.05,0.05,0.1,0.05,0.1,0.07,0.05,0.13,0.07,0.13,elvis rexhbecaj,Midfield,left,182.0,L1,3500000.0,8000000.0,https://img.a.transfermarkt.technology/portrait/header/280575-1723534071.jpg?lm=1,https://www.transfermarkt.co.uk/elvis-rexhbecaj/profil/spieler/280575,elvis rexhbecaj,E. Rexhbeçaj,Elvis Rexhbeçaj,11/1/1997,21,182.88,73.0,"CM,LB",Kosovo,70,81,3000000.0,16000.0,Left,1,3,3,Normal,5700000.0,,,,,70,41,58,76,47,71,43,41,74,73,64,66,65,67,70,70,58,64,60,53,74,60,65,65,54,60,64,67,60,elvis rexhbeçaj,97
Samuel Essende,COD,AT,26,30,21,"1,636",18.2,7,2,9,7,0,0,4,2,4.2,4.2,1.3,5.5,33,21,118,0.39,0.11,0.5,0.39,0.5,0.23,0.07,0.3,0.23,0.3,samuel essende,Attack,right,193.0,L1,4500000.0,4500000.0,https://img.a.transfermarkt.technology/portrait/header/395522-1722849662.jpg?lm=1,https://www.transfermarkt.co.uk/samuel-essende/profil/spieler/395522,samuel essende,S. Essende,Samuel Essende,1/23/1998,21,193.04,87.1,ST,France,63,72,575000.0,10000.0,Right,1,3,2,Stocky,,,,,,31,61,66,54,52,61,38,34,30,63,68,75,53,46,43,67,64,51,82,52,61,18,56,41,61,48,22,21,18,samuel essende,100
Finn Dahmen,GER,GB,26,19,19,"1,710",19.0,0,0,0,0,0,0,0,0,0.0,0.0,0.0,0.0,0,3,0,0.0,0.0,0.0,0.0,0.0,0.0,0.0,0.0,0.0,0.0,finn dahmen,Goalkeeper,right,186.0,L1,6000000.0,6000000.0,https://img.a.transfermarkt.technology/portrait/header/251299-1722849607.jpg?lm=1,https://www.transfermarkt.co.uk/finn-dahmen/profil/spieler/251299,finn dahmen,F. Dahmen,Finn Dahmen,3/27/1998,20,185.42,79.8,GK,Germany,59,71,220000.0,2000.0,Right,1,3,1,Normal,418000.0,,,,,14,8,12,16,5,12,13,12,17,18,44,40,39,50,39,23,60,25,45,6,17,9,4,27,11,31,18,12,11,finn dahmen,100
Phillip Tietz,GER,AT,27,34,19,"1,686",18.7,7,2,9,6,1,1,4,0,6.1,5.3,1.2,6.5,8,29,113,0.37,0.11,0.48,0.32,0.43,0.33,0.07,0.39,0.28,0.35,phillip tietz,Attack,right,190.0,L1,5000000.0,5000000.0,https://img.a.transfermarkt.technology/portrait/header/288340-1723534293.jpg?lm=1,https://www.transfermarkt.co.uk/phillip-tietz/profil/spieler/288340,phillip tietz,P. Tietz,Phillip Tietz,7/9/1997,21,190.5,81.2,ST,Germany,64,71,650000.0,3000.0,Right,1,3,2,Normal,,,,,,31,65,65,62,53,61,28,25,43,64,55,55,62,62,52,62,68,59,76,54,51,25,63,58,47,51,23,36,23,phillip tietz,100
Keven Schlotterbeck,GER,DF,27,18,15,"1,297",14.4,3,1,4,3,0,0,4,1,0.8,0.8,0.6,1.4,3,59,2,0.21,0.07,0.28,0.21,0.28,0.05,0.04,0.1,0.05,0.1,keven schlotterbeck,Defender,left,188.0,L1,7000000.0,7500000.0,https://img.a.transfermarkt.technology/portrait/header/413843-1722849820.jpg?lm=1,https://www.transfermarkt.co.uk/keven-schlotterbeck/profil/spieler/413843,keven schlotterbeck,K. Schlotterbeck,Keven Schlotterbeck,4/28/1997,21,187.96,83.9,CB,Germany,58,67,170000.0,2000.0,Left,1,3,2,Normal,340000.0,,,,,24,17,57,51,15,36,29,32,45,42,52,53,54,49,54,31,58,34,70,19,53,55,21,36,39,40,56,62,58,keven schlotterbeck,100
Cedric Zesiger,SUI,DF,26,15,15,"1,221",13.6,0,2,2,0,0,0,7,1,1.2,1.2,1.3,2.5,4,40,7,0.0,0.15,0.15,0.0,0.15,0.09,0.09,0.18,0.09,0.18,cedric zesiger,Defender,left,194.0,L1,5500000.0,7500000.0,https://img.a.transfermarkt.technology/portrait/header/382478-1689866125.jpg?lm=1,https://www.transfermarkt.co.uk/cedric-zesiger/profil/spieler/382478,cedric zesiger,C. Zesiger,Cédric Zesiger,6/24/1998,20,193.04,88.0,"CB,LB",Switzerland,60,76,425000.0,2000.0,Right,1,3,2,Lean,882000.0,,,,,43,33,65,43,34,32,29,22,46,47,69,71,47,57,37,40,68,71,75,18,54,56,37,34,34,54,54,60,61,cédric zesiger,96
Fredrik Jensen,FIN,MT,26,20,9,763,8.5,0,0,0,0,0,0,0,0,0.7,0.7,0.7,1.4,16,20,58,0.0,0.0,0.0,0.0,0.0,0.08,0.08,0.16,0.08,0.16,fredrik jensen,Midfield,right,183.0,L1,3500000.0,3500000.0,https://img.a.transfermarkt.technology/portrait/header/249157-1722850499.jpg?lm=1,https://www.transfermarkt.co.uk/fredrik-jensen/profil/spieler/249157,fredrik jensen,F. Jensen,Fredrik Jensen,9/9/1997,21,182.88,79.8,CAM,Finland,71,80,3700000.0,11000.0,Right,1,3,3,Normal,7400000.0,Finland,70.0,CF,22.0,68,68,56,70,70,75,61,40,63,74,72,75,72,63,68,75,68,75,75,66,64,41,67,68,48,72,49,57,56,fredrik jensen,100
Maximilian Bauer,GER,DF,24,11,8,658,7.3,0,0,0,0,0,0,1,0,0.2,0.2,0.1,0.3,4,30,7,0.0,0.0,0.0,0.0,0.0,0.02,0.01,0.04,0.02,0.04,maximilian bauer,Defender,right,189.0,L1,3000000.0,3500000.0,https://img.a.transfermarkt.technology/portrait/header/388363-1723533985.jpg?lm=1,https://www.transfermarkt.co.uk/maximilian-bauer/profil/spieler/388363,maximilian bauer,M. Bauer,Maximilian Bauer,2/9/2000,19,187.96,78.0,CB,Germany,59,73,290000.0,1000.0,Right,1,3,2,Normal,631000.0,,,,,31,22,66,41,31,28,32,24,40,39,56,57,45,52,57,39,68,56,68,21,47,50,22,33,37,41,57,65,63,maximilian bauer,100
Arne Maier,GER,MT,25,28,7,938,10.4,0,0,0,0,0,0,0,1,1.5,1.5,1.5,3.0,19,44,56,0.0,0.0,0.0,0.0,0.0,0.15,0.14,0.29,0.15,0.29,arne maier,Midfield,right,186.0,L1,4000000.0,24000000.0,https://img.a.transfermarkt.technology/portrait/header/296397-1723534223.jpg?lm=1,https://www.transfermarkt.co.uk/arne-maier/profil/spieler/296397,arne maier,A. Maier,Arne Maier,1/8/1999,20,182.88,78.9,"CM,CDM",Germany,75,87,11500000.0,12000.0,Right,1,3,3,Normal,21900000.0,,,,,63,53,32,82,39,73,49,44,76,76,67,71,74,74,74,64,56,78,73,62,49,70,66,74,38,73,76,72,62,arne maier,100
Ruben Vargas,SUI,"MT,AT",25,8,3,305,3.4,0,0,0,0,0,0,3,0,0.7,0.7,0.7,1.4,9,13,24,0.0,0.0,0.0,0.0,0.0,0.2,0.2,0.4,0.2,0.4,ruben vargas,Attack,right,179.0,ES1,7000000.0,13000000.0,https://img.a.transfermarkt.technology/portrait/header/345886-1722850174.jpg?lm=1,https://www.transfermarkt.co.uk/ruben-vargas/profil/spieler/345886,ruben vargas,R. Vargas,Ruben Vargas,8/5/1998,20,175.26,68.0,"RM,LM,ST",Switzerland,66,84,1400000.0,2000.0,Left,1,3,3,Lean,2900000.0,,,,,55,60,47,59,52,68,51,35,60,68,82,80,89,59,86,59,52,78,39,57,34,38,57,60,54,52,59,31,30,ruben vargas,100
Robert Gumny,POL,DF,26,7,2,271,3.0,0,0,0,0,0,0,2,0,0.3,0.3,0.5,0.8,5,10,13,0.0,0.0,0.0,0.0,0.0,0.11,0.15,0.26,0.11,0.26,robert gumny,Defender,right,182.0,L1,2000000.0,5000000.0,https://img.a.transfermarkt.technology/portrait/header/353826-1723534351.jpg?lm=1,https://www.transfermarkt.co.uk/robert-gumny/profil/spieler/353826,robert gumny,R. Gumny,Robert Gumny,6/4/1998,20,152.4,60.8,RB,Poland,69,85,2100000.0,3000.0,Right,1,3,2,Lean,4100000.0,,,,,62,28,50,67,46,60,53,31,52,68,91,82,75,61,68,36,63,81,66,38,45,64,53,56,38,66,58,69,64,robert gumny,100
Mads Pedersen,DEN,DF,27,7,2,235,2.6,0,0,0,0,0,0,0,0,0.1,0.1,0.0,0.1,1,11,10,0.0,0.0,0.0,0.0,0.0,0.03,0.0,0.03,0.03,0.03,mads pedersen,Defender,left,178.0,L1,2500000.0,3500000.0,https://img.a.transfermarkt.technology/portrait/header/288429-1722849762.jpg?lm=1,https://www.transfermarkt.co.uk/mads-pedersen/profil/spieler/288429,mads pedersen,M. Pedersen,Marcus Pedersen,6/8/1990,28,154.94,79.8,ST,Norway,70,70,1800000.0,4000.0,Right,1,3,2,Stocky,2300000.0,,,,,57,72,68,55,66,61,64,59,32,62,73,67,72,70,69,74,79,68,84,67,85,36,74,56,72,67,27,38,36,marcus pedersen,87
Arne Engels,BEL,"MT,AT",20,1,1,79,0.9,0,0,0,0,0,0,1,0,0.4,0.4,0.0,0.4,1,1,5,0.0,0.0,0.0,0.0,0.0,0.45,0.0,0.45,0.45,0.45,arne engels,Midfield,right,185.0,SC1,12000000.0,12000000.0,https://img.a.transfermarkt.technology/portrait/header/565435-1722850116.jpg?lm=1,https://www.transfermarkt.co.uk/arne-engels/profil/spieler/565435,arne engels,B. Engels,Björn Engels,9/15/1994,24,193.04,83.0,CB,Belgium,75,82,8000000.0,14000.0,Right,2,3,2,Lean,17600000.0,,,,,48,54,79,70,27,53,29,36,73,65,53,65,51,74,33,46,74,69,76,26,76,75,47,61,35,75,71,76,74,björn engels,82
Mergim Berisha,GER,AT,26,2,0,40,0.4,0,0,0,0,0,0,1,0,0.2,0.2,0.0,0.2,2,0,8,0.0,0.0,0.0,0.0,0.0,0.39,0.0,0.39,0.39,0.39,mergim berisha,Attack,right,188.0,L1,5000000.0,14000000.0,https://img.a.transfermarkt.technology/portrait/header/307924-1691251216.jpg?lm=1,https://www.transfermarkt.co.uk/mergim-berisha/profil/spieler/307924,mergim berisha,M. Berisha,Mërgim Berisha,5/11/1998,20,185.42,78.9,"CF,CAM,ST",Kosovo,58,73,280000.0,4000.0,Right,1,3,3,Normal,,,,,,49,68,53,55,58,53,56,42,42,63,65,72,57,60,58,60,68,68,79,52,38,11,44,55,60,49,29,15,16,mërgim berisha,96
Niklas Dorsch,GER,MT,26,1,0,32,0.4,0,0,0,0,0,0,0,0,0.0,0.0,0.0,0.0,1,1,0,0.0,0.0,0.0,0.0,0.0,0.0,0.0,0.0,0.0,0.0,niklas dorsch,Midfield,right,178.0,L1,3500000.0,10000000.0,https://img.a.transfermarkt.technology/portrait/header/251302-1722850585.jpg?lm=1,https://www.transfermarkt.co.uk/niklas-dorsch/profil/spieler/251302,niklas dorsch,N. Dorsch,Niklas Dorsch,1/15/1998,21,152.4,72.1,"CDM,CM",Germany,68,77,1200000.0,4000.0,Right,1,3,3,Normal,2200000.0,,,,,55,49,60,74,45,68,47,41,67,72,70,61,79,65,77,55,75,67,61,46,62,63,52,59,32,58,66,67,65,niklas dorsch,100
Danilho Doekhi,NED,DF,26,34,34,"3,060",34.0,1,1,2,1,0,0,4,0,2.6,2.6,1.4,4.0,13,96,14,0.03,0.03,0.06,0.03,0.06,0.08,0.04,0.12,0.08,0.12,danilho doekhi,Defender,right,190.0,L1,13000000.0,17000000.0,https://img.a.transfermarkt.technology/portrait/header/387047-1692707468.jpg?lm=1,https://www.transfermarkt.co.uk/danilho-doekhi/profil/spieler/387047,danilho doekhi,D. Doekhi,Danilho Doekhi,6/30/1998,20,190.5,83.0,CB,Netherlands,66,75,875000.0,3000.0,Right,1,3,2,Normal,1500000.0,,,,,39,39,62,65,30,54,38,34,65,66,63,71,62,53,55,61,76,68,80,31,68,62,40,53,41,62,65,64,58,danilho doekhi,100
Rani Khedira,GER,MT,30,32,31,"2,723",30.3,1,1,2,1,0,0,7,0,1.4,1.4,0.6,2.1,12,80,34,0.03,0.03,0.07,0.03,0.07,0.05,0.02,0.07,0.05,0.07,rani khedira,Midfield,right,189.0,L1,3000000.0,10000000.0,https://img.a.transfermarkt.technology/portrait/header/124410-1692707430.jpg?lm=1,https://www.transfermarkt.co.uk/rani-khedira/profil/spieler/124410,rani khedira,R. Khedira,Rani Khedira,1/27/1994,25,187.96,83.9,"CB,CDM",Germany,75,78,7000000.0,18000.0,Right,1,3,2,Normal,13100000.0,,,,,42,34,67,75,29,57,38,41,68,68,54,59,59,68,57,58,66,79,79,51,79,79,43,59,46,66,73,76,75,rani khedira,100
Diogo Leite,POR,DF,25,30,29,"2,546",28.3,1,2,3,1,0,0,3,0,1.4,1.4,1.0,2.4,20,116,16,0.04,0.07,0.11,0.04,0.11,0.05,0.04,0.08,0.05,0.08,diogo leite,Defender,left,190.0,L1,17000000.0,17000000.0,https://img.a.transfermarkt.technology/portrait/header/357156-1691999912.jpg?lm=1,https://www.transfermarkt.co.uk/diogo-leite/profil/spieler/357156,diogo leite,Diogo Leite,Diogo Filipe Monteiro Pinto Leite,1/23/1999,20,187.96,73.0,CB,Portugal,74,85,8000000.0,5000.0,Left,1,3,2,Lean,17600000.0,,,,,29,30,75,65,32,50,35,20,55,63,61,60,52,70,55,59,66,73,75,38,80,75,30,34,38,65,74,75,75,diogo filipe monteiro pinto leite,100
Janik Haberer,GER,"MT,DF",30,28,21,"1,696",18.8,0,0,0,0,0,0,1,0,0.7,0.7,0.8,1.6,13,59,22,0.0,0.0,0.0,0.0,0.0,0.04,0.04,0.08,0.04,0.08,janik haberer,Midfield,right,187.0,L1,2500000.0,10000000.0,https://img.a.transfermarkt.technology/portrait/header/177779-1692707721.jpg?lm=1,https://www.transfermarkt.co.uk/janik-haberer/profil/spieler/177779,janik haberer,J. Haberer,Janik Haberer,4/2/1994,24,185.42,77.1,"CM,CAM,LM,RM",Germany,75,78,8500000.0,20000.0,Right,1,3,3,Lean,15900000.0,,,,,60,59,56,80,63,77,69,55,70,78,66,63,72,74,59,75,61,86,64,64,62,62,71,76,61,63,55,59,58,janik haberer,100
András Schäfer,HUN,MT,25,26,17,"1,534",17.0,1,1,2,1,0,0,3,0,0.6,0.6,0.9,1.5,23,55,42,0.06,0.06,0.12,0.06,0.12,0.04,0.05,0.09,0.04,0.09,andras schafer,Midfield,right,178.0,L1,5000000.0,5000000.0,https://img.a.transfermarkt.technology/portrait/header/454863-1726351222.jpg?lm=1,https://www.transfermarkt.co.uk/andras-schafer/profil/spieler/454863,andras schafer,A. Schäfer,András Schäfer,4/13/1999,19,152.4,67.1,"LM,CM",Hungary,62,77,650000.0,1000.0,Right,1,5,2,Lean,1600000.0,,,,,60,51,48,62,44,59,32,51,55,62,77,78,62,65,72,53,48,62,34,41,60,57,55,53,42,61,52,51,49,andrás schäfer,92
Kevin Vogt,GER,DF,32,18,16,"1,367",15.2,1,0,1,0,1,1,6,0,0.8,0.0,0.0,0.0,11,70,2,0.07,0.0,0.07,0.0,0.0,0.05,0.0,0.05,0.0,0.0,kevin vogt,Defender,right,194.0,L1,2000000.0,17000000.0,https://img.a.transfermarkt.technology/portrait/header/84435-1726350948.jpg?lm=1,https://www.transfermarkt.co.uk/kevin-vogt/profil/spieler/84435,kevin vogt,K. Vogt,Kevin Vogt,9/23/1991,27,193.04,84.8,CB,Germany,81,82,17500000.0,42000.0,Right,2,3,2,Normal,31100000.0,,,,,60,50,79,79,51,67,50,62,83,71,66,82,59,78,47,78,54,74,85,57,81,82,55,67,53,78,82,80,78,kevin vogt,100
Lucas Tousart,FRA,MT,27,15,6,561,6.2,0,1,1,0,0,0,2,0,0.4,0.4,0.5,0.8,4,18,13,0.0,0.16,0.16,0.0,0.16,0.06,0.07,0.14,0.06,0.14,lucas tousart,Midfield,right,184.0,L1,4000000.0,25000000.0,https://img.a.transfermarkt.technology/portrait/header/353948-1691614305.jpg?lm=1,https://www.transfermarkt.co.uk/lucas-tousart/profil/spieler/353948,lucas tousart,L. Tousart,Lucas Tousart,4/29/1997,21,185.42,83.0,CDM,France,79,84,14500000.0,43000.0,Right,2,3,2,Normal,28600000.0,,,,,60,42,76,76,43,66,36,45,73,73,65,61,59,76,68,73,81,85,82,54,85,82,51,67,48,71,77,82,76,lucas tousart,100
Alexander Schwolow,GER,GB,32,6,6,540,6.0,0,0,0,0,0,0,0,0,0.0,0.0,0.0,0.0,0,0,0,0.0,0.0,0.0,0.0,0.0,0.0,0.0,0.0,0.0,0.0,alexander schwolow,Goalkeeper,right,190.0,L1,700000.0,9000000.0,https://img.a.transfermarkt.technology/portrait/header/93763-1726351593.jpg?lm=1,https://www.transfermarkt.co.uk/alexander-schwolow/profil/spieler/93763,alexander schwolow,A. Schwolow,Alexander Schwolow,6/2/1992,26,187.96,83.9,GK,Germany,78,79,8500000.0,20000.0,Right,1,3,1,Normal,15900000.0,,,,,9,12,12,26,11,15,13,16,23,22,36,38,40,76,42,21,72,31,67,15,26,13,10,34,22,32,16,17,9,alexander schwolow,100
László Bénes,SVK,"MT,AT",26,23,3,589,6.5,2,1,3,2,0,0,4,0,0.9,0.9,1.0,1.9,6,28,34,0.31,0.15,0.46,0.31,0.46,0.14,0.15,0.29,0.14,0.29,laszlo benes,Midfield,left,181.0,L1,4000000.0,10000000.0,https://img.a.transfermarkt.technology/portrait/header/243188-1719585148.jpg?lm=1,https://www.transfermarkt.co.uk/laszlo-benes/profil/spieler/243188,laszlo benes,L. Bénes,László Bénes,9/9/1997,21,154.94,72.1,"CAM,CM",Slovakia,69,80,1800000.0,9000.0,Left,1,3,3,Normal,,,,,,74,62,38,76,75,68,76,72,63,71,67,64,76,58,78,69,59,58,56,72,49,28,63,69,50,56,35,33,47,lászló bénes,86
David Preu,GER,"MT,DF",19,5,1,121,1.3,0,0,0,0,0,0,1,0,0.1,0.1,0.0,0.1,1,3,9,0.0,0.0,0.0,0.0,0.0,0.1,0.0,0.1,0.1,0.1,david preu,Attack,right,172.0,L1,25000.0,50000.0,https://img.a.transfermarkt.technology/portrait/header/745075-1726351060.jpg?lm=1,https://www.transfermarkt.co.uk/david-preu/profil/spieler/745075,david preu,David López,David López Silva,10/9/1989,29,182.88,81.2,"CB,CDM",Spain,79,80,11500000.0,32000.0,Right,1,3,2,Normal,25000000.0,,,,,53,65,74,79,56,64,48,46,64,76,57,59,51,72,55,77,74,75,84,64,78,80,59,68,50,67,77,82,76,david lópez silva,80
Robin Gosens,GER,DF,30,1,1,90,1.0,0,0,0,0,0,0,1,0,0.0,0.0,0.1,0.2,1,4,5,0.0,0.0,0.0,0.0,0.0,0.02,0.13,0.15,0.02,0.15,robin gosens,Defender,left,183.0,IT1,8000000.0,35000000.0,https://img.a.transfermarkt.technology/portrait/header/273132-1686641124.jpg?lm=1,https://www.transfermarkt.co.uk/robin-gosens/profil/spieler/273132,robin gosens,R. Gosens,Robin Gosens,7/5/1994,24,182.88,76.2,"LM,LB",Germany,73,78,5500000.0,18000.0,Left,1,3,3,Normal,9800000.0,,,,,75,62,57,73,60,77,70,58,70,75,76,74,68,70,66,72,91,78,65,66,68,64,63,64,50,60,74,72,70,robin gosens,100
Oliver Baumann,GER,GB,34,28,28,"2,520",28.0,0,0,0,0,0,0,1,0,0.0,0.0,1.0,1.0,0,1,0,0.0,0.0,0.0,0.0,0.0,0.0,0.03,0.03,0.0,0.03,oliver baumann,Goalkeeper,right,187.0,L1,3000000.0,10000000.0,https://img.a.transfermarkt.technology/portrait/header/55089-1657200130.jpg?lm=1,https://www.transfermarkt.co.uk/oliver-baumann/profil/spieler/55089,oliver baumann,O. Baumann,Oliver Baumann,6/2/1990,28,187.96,82.1,GK,Germany,83,84,21000000.0,42000.0,Right,2,1,1,Normal,37300000.0,,,,,14,11,16,30,11,19,12,11,25,17,47,51,45,81,43,21,73,39,69,13,32,21,10,41,22,52,15,18,14,oliver baumann,100
Kevin Akpoguma,NGA,DF,29,32,23,"2,220",24.7,0,0,0,0,0,0,3,0,0.1,0.1,0.3,0.4,14,98,16,0.0,0.0,0.0,0.0,0.0,0.0,0.01,0.02,0.0,0.02,kevin akpoguma,Defender,right,192.0,L1,2500000.0,12000000.0,https://img.a.transfermarkt.technology/portrait/header/160241-1723920979.jpg?lm=1,https://www.transfermarkt.co.uk/kevin-akpoguma/profil/spieler/160241,kevin akpoguma,K. Akpoguma,Kevin Akpoguma,4/19/1995,23,193.04,84.8,CB,Germany,75,81,8000000.0,24000.0,Right,1,4,2,Normal,,,,,,60,45,70,65,35,59,31,27,60,63,69,78,54,73,51,70,55,67,78,38,69,74,45,38,48,60,77,78,76,kevin akpoguma,100
Alexander Prass,AUT,DF,23,23,19,"1,566",17.4,0,1,1,0,0,0,1,0,0.9,0.9,2.8,3.6,28,63,66,0.0,0.06,0.06,0.0,0.06,0.05,0.16,0.21,0.05,0.21,alexander prass,Defender,left,180.0,L1,6500000.0,12000000.0,https://img.a.transfermarkt.technology/portrait/header/434116-1723921044.jpg?lm=1,https://www.transfermarkt.co.uk/alexander-prass/profil/spieler/434116,alexander prass,A. Fransson,Alexander Fransson,4/2/1994,24,154.94,73.9,"CM,CDM",Sweden,72,77,4100000.0,5000.0,Right,1,3,3,Lean,5400000.0,,,,,59,59,60,71,60,69,62,56,71,73,66,70,76,75,78,70,68,83,71,71,73,70,67,66,47,73,68,68,65,alexander fransson,85
Valentin Gendrey,FRA,DF,24,22,14,"1,414",15.7,1,1,2,1,0,0,1,0,1.1,1.1,1.8,2.9,24,49,86,0.06,0.06,0.13,0.06,0.13,0.07,0.12,0.19,0.07,0.19,valentin gendrey,Defender,right,179.0,L1,8500000.0,8500000.0,https://img.a.transfermarkt.technology/portrait/header/569387-1663745931.jpg?lm=1,https://www.transfermarkt.co.uk/valentin-gendrey/profil/spieler/569387,valentin gendrey,V. Gendrey,Valentin Gendrey,6/21/2000,18,152.4,74.8,RB,France,58,70,180000.0,1000.0,Right,1,2,2,Normal,396000.0,,,,,51,34,48,35,26,64,36,34,35,57,64,61,58,57,66,32,63,62,55,28,74,56,46,40,45,40,54,63,66,valentin gendrey,100
Florian Grillitsch,AUT,MT,28,8,8,601,6.7,0,0,0,0,0,0,1,0,0.2,0.2,0.2,0.3,4,44,4,0.0,0.0,0.0,0.0,0.0,0.02,0.03,0.05,0.02,0.05,florian grillitsch,Midfield,right,187.0,ES1,3000000.0,25000000.0,https://img.a.transfermarkt.technology/portrait/header/195736-1691269821.jpg?lm=1,https://www.transfermarkt.co.uk/florian-grillitsch/profil/spieler/195736,florian grillitsch,F. Grillitsch,Florian Grillitsch,8/7/1995,23,187.96,77.1,"CM,CDM",Austria,77,82,11500000.0,30000.0,Right,2,3,3,Lean,20400000.0,Austria,77.0,SUB,20.0,68,58,61,81,53,76,47,68,77,81,62,63,68,78,64,65,48,69,68,55,49,73,70,78,50,80,68,69,50,florian grillitsch,100
Dennis Geiger,GER,"MT,AT",26,20,7,734,8.2,0,0,0,0,0,0,4,0,0.2,0.2,0.5,0.6,12,37,21,0.0,0.0,0.0,0.0,0.0,0.02,0.06,0.08,0.02,0.08,dennis geiger,Midfield,right,173.0,L1,3000000.0,13000000.0,https://img.a.transfermarkt.technology/portrait/header/251309-1723921207.jpg?lm=1,https://www.transfermarkt.co.uk/dennis-geiger/profil/spieler/251309,dennis geiger,D. Geiger,Dennis Geiger,6/10/1998,20,172.72,64.9,CM,Germany,70,84,3900000.0,13000.0,Right,1,3,3,Lean,9000000.0,,,,,46,38,29,79,45,72,50,48,72,79,67,63,85,69,82,54,57,76,41,55,63,61,46,72,40,57,60,47,44,dennis geiger,100
Diadie Samassékou,MLI,MT,28,8,6,290,3.2,0,0,0,0,0,0,0,0,0.1,0.1,0.0,0.1,3,11,2,0.0,0.0,0.0,0.0,0.0,0.02,0.0,0.02,0.02,0.02,diadie samassekou,Midfield,right,177.0,L1,1000000.0,20000000.0,https://img.a.transfermarkt.technology/portrait/header/315604-1657200749.jpg?lm=1,https://www.transfermarkt.co.uk/diadie-samassekou/profil/spieler/315604,diadie samassekou,D. Samassékou,Diadie Samassékou,1/11/1996,23,152.4,68.0,CDM,Mali,78,86,13000000.0,31000.0,Right,1,3,3,Lean,22100000.0,,,,,57,42,59,76,37,69,55,34,72,74,68,77,77,78,77,60,74,81,72,54,75,79,55,72,56,79,77,80,77,diadie samassékou,97
Patrick Mainka,GER,DF,29,34,34,"3,060",34.0,1,1,2,1,0,0,3,0,1.9,1.9,0.3,2.3,21,102,12,0.03,0.03,0.06,0.03,0.06,0.06,0.01,0.07,0.06,0.07,patrick mainka,Defender,right,194.0,L1,3000000.0,3000000.0,https://img.a.transfermarkt.technology/portrait/header/133731-1657874688.jpg?lm=1,https://www.transfermarkt.co.uk/patrick-mainka/profil/spieler/133731,patrick mainka,P. Mainka,Patrick Mainka,11/6/1994,24,193.04,86.2,CB,Germany,68,72,975000.0,5000.0,Right,1,3,2,Lean,1600000.0,,,,,38,30,71,58,33,43,36,37,52,50,51,59,53,63,41,64,42,62,79,37,65,66,35,44,40,57,71,69,63,patrick mainka,100
Kevin Müller,GER,GB,33,33,33,"2,939",32.7,0,0,0,0,0,0,0,0,0.0,0.0,0.0,0.0,0,1,0,0.0,0.0,0.0,0.0,0.0,0.0,0.0,0.0,0.0,0.0,kevin muller,Goalkeeper,right,190.0,L1,1000000.0,1200000.0,https://img.a.transfermarkt.technology/portrait/header/43824-1657874601.jpg?lm=1,https://www.transfermarkt.co.uk/kevin-muller/profil/spieler/43824,kevin muller,K. Müller,Kevin Müller,3/15/1991,27,190.5,89.8,GK,Germany,71,72,1800000.0,7000.0,Right,1,3,1,Stocky,3100000.0,,,,,12,13,13,21,11,17,13,16,20,18,49,46,48,69,43,18,67,31,76,15,41,20,11,10,20,52,12,10,10,kevin müller,96
Benedikt Gimber,GER,DF,27,32,32,"2,671",29.7,0,0,0,0,0,0,9,0,0.7,0.7,0.3,1.0,7,46,8,0.0,0.0,0.0,0.0,0.0,0.02,0.01,0.03,0.02,0.03,benedikt gimber,Defender,left,187.0,L1,3000000.0,3000000.0,https://img.a.transfermarkt.technology/portrait/header/227084-1657099906.jpg?lm=1,https://www.transfermarkt.co.uk/benedikt-gimber/profil/spieler/227084,benedikt gimber,B. Gimber,Benedikt Gimber,2/19/1997,22,185.42,83.0,"CB,CDM",Germany,69,79,1500000.0,8000.0,Left,1,3,2,Normal,2700000.0,,,,,47,37,65,67,28,49,30,24,64,52,57,55,65,68,65,56,67,58,77,48,74,66,26,50,25,49,70,69,67,benedikt gimber,100
Omar Traoré,GER,DF,26,30,30,"2,616",29.1,0,1,1,0,0,0,7,0,0.5,0.5,1.6,2.2,103,117,115,0.0,0.03,0.03,0.0,0.03,0.02,0.06,0.07,0.02,0.07,omar traore,Defender,right,187.0,L1,4000000.0,4000000.0,https://img.a.transfermarkt.technology/portrait/header/388294-1690186175.jpg?lm=1,https://www.transfermarkt.co.uk/omar-traore/profil/spieler/388294,omar traore,M. Traore,Mamadou Traore,10/3/1994,24,190.5,79.8,CDM,Mali,63,67,400000.0,2000.0,Right,1,2,2,Lean,870000.0,,,,,44,27,64,65,33,45,36,30,55,52,41,48,41,64,31,42,40,66,81,28,70,60,30,49,37,45,62,68,62,mamadou traore,84
Jonas Föhrenbach,GER,DF,28,27,22,"1,832",20.4,0,1,1,0,0,0,3,0,0.3,0.3,1.3,1.6,36,59,50,0.0,0.05,0.05,0.0,0.05,0.01,0.06,0.08,0.01,0.08,jonas fohrenbach,Defender,left,184.0,L1,2000000.0,2000000.0,https://img.a.transfermarkt.technology/portrait/header/192169-1657874815.jpg?lm=1,https://www.transfermarkt.co.uk/jonas-fohrenbach/profil/spieler/192169,jonas fohrenbach,J. Föhrenbach,Jonas Föhrenbach,1/26/1996,23,182.88,81.2,"LB,CB",Germany,68,74,1000000.0,7000.0,Left,1,3,2,Normal,,,,,,62,29,65,64,27,60,46,39,54,63,66,68,62,66,59,41,84,68,69,34,58,67,38,45,42,54,69,68,69,jonas föhrenbach,97
Paul Wanner,GER,"MT,AT",18,29,20,"1,771",19.7,3,2,5,2,1,1,2,0,3.7,2.9,1.3,4.1,28,64,65,0.15,0.1,0.25,0.1,0.2,0.19,0.06,0.25,0.15,0.21,paul wanner,Midfield,left,185.0,L1,18000000.0,18000000.0,https://img.a.transfermarkt.technology/portrait/header/900909-1736762820.jpg?lm=1,https://www.transfermarkt.co.uk/paul-wanner/profil/spieler/900909,paul wanner,P. Wade,Paul Wade,4/17/2000,18,152.4,66.2,"CDM,CM",France,59,76,290000.0,2000.0,Right,1,3,2,Lean,732000.0,,,,,43,34,57,65,42,55,45,41,61,56,63,68,54,56,73,63,56,64,48,39,67,55,60,62,53,62,49,57,61,paul wade,80
Niklas Dorsch,GER,MT,26,22,19,"1,335",14.8,2,2,4,2,0,0,5,1,1.0,1.0,1.1,2.1,13,57,21,0.13,0.13,0.27,0.13,0.27,0.07,0.07,0.14,0.07,0.14,niklas dorsch,Midfield,right,178.0,L1,3500000.0,10000000.0,https://img.a.transfermarkt.technology/portrait/header/251302-1722850585.jpg?lm=1,https://www.transfermarkt.co.uk/niklas-dorsch/profil/spieler/251302,niklas dorsch,N. Dorsch,Niklas Dorsch,1/15/1998,21,152.4,72.1,"CDM,CM",Germany,68,77,1200000.0,4000.0,Right,1,3,3,Normal,2200000.0,,,,,55,49,60,74,45,68,47,41,67,72,70,61,79,65,77,55,75,67,61,46,62,63,52,59,32,58,66,67,65,niklas dorsch,100
Lennard Maloney,USA,MT,24,11,10,760,8.4,0,0,0,0,0,0,1,0,0.3,0.3,0.0,0.4,1,14,0,0.0,0.0,0.0,0.0,0.0,0.04,0.0,0.04,0.04,0.04,lennard maloney,Midfield,right,188.0,L1,5000000.0,5000000.0,https://img.a.transfermarkt.technology/portrait/header/392710-1657874790.jpg?lm=1,https://www.transfermarkt.co.uk/lennard-maloney/profil/spieler/392710,lennard maloney,L. Maloney,Lennard Maloney,10/8/1999,19,187.96,88.9,"CDM,RM",Germany,57,77,190000.0,2000.0,Right,1,3,2,Stocky,494000.0,,,,,48,42,55,68,39,57,44,42,57,58,62,64,64,51,67,49,70,56,77,45,58,52,36,45,46,47,40,51,59,lennard maloney,100
Mikkel Kaufmann,DEN,AT,23,9,3,372,4.1,0,0,0,0,0,0,2,0,0.5,0.5,0.1,0.6,4,10,21,0.0,0.0,0.0,0.0,0.0,0.13,0.03,0.15,0.13,0.15,mikkel kaufmann,Attack,right,189.0,L1,2700000.0,2700000.0,https://img.a.transfermarkt.technology/portrait/header/545332-1691614182.jpg?lm=1,https://www.transfermarkt.co.uk/mikkel-kaufmann/profil/spieler/545332,mikkel kaufmann,M. Kaufmann,Mikkel Kaufmann,1/3/2001,18,190.5,79.8,ST,Denmark,53,72,120000.0,1000.0,Right,1,3,2,Normal,225000.0,,,,,28,54,54,34,34,45,32,25,28,48,64,66,52,47,50,56,61,60,64,46,36,10,50,36,52,45,12,13,15,mikkel kaufmann,100
Norman Theuerkauf,GER,MT,37,1,0,22,0.2,0,0,0,0,0,0,0,0,0.0,0.0,0.0,0.0,0,2,0,0.0,0.0,0.0,0.0,0.0,0.14,0.0,0.14,0.14,0.14,norman theuerkauf,Midfield,left,183.0,L1,175000.0,1500000.0,https://img.a.transfermarkt.technology/portrait/header/31599-1657874835.jpg?lm=1,https://www.transfermarkt.co.uk/norman-theuerkauf/profil/spieler/31599,norman theuerkauf,N. Theuerkauf,Norman Theuerkauf,1/24/1987,32,182.88,79.8,"LB,CB,CDM",Germany,69,69,700000.0,6000.0,Left,1,3,2,Normal,1100000.0,,,,,65,45,60,68,44,58,57,55,65,63,60,54,68,68,65,73,68,84,72,62,70,70,56,58,64,65,69,70,68,norman theuerkauf,100
Denis Thomalla,GER,MT,31,1,0,4,0.0,0,0,0,0,0,0,0,0,0.0,0.0,0.0,0.0,0,0,0,0.0,0.0,0.0,0.0,0.0,0.0,0.0,0.0,0.0,0.0,denis thomalla,Midfield,right,186.0,L1,750000.0,750000.0,https://img.a.transfermarkt.technology/portrait/header/94030-1657875455.jpg?lm=1,https://www.transfermarkt.co.uk/denis-thomalla/profil/spieler/94030,denis thomalla,D. Thomalla,Denis Thomalla,8/16/1992,26,185.42,74.8,"ST,LM",Germany,67,69,950000.0,5000.0,Right,1,3,3,Lean,1600000.0,,,,,56,68,61,62,66,65,58,57,48,66,68,71,69,68,62,68,52,70,62,58,53,32,68,53,58,58,24,27,30,denis thomalla,100
Timon Weiner,GER,GB,25,25,25,"2,250",25.0,0,0,0,0,0,0,4,0,0.0,0.0,0.0,0.0,0,0,0,0.0,0.0,0.0,0.0,0.0,0.0,0.0,0.0,0.0,0.0,timon weiner,Goalkeeper,both,191.0,L1,1500000.0,1500000.0,https://img.a.transfermarkt.technology/portrait/header/296428-1721851050.jpg?lm=1,https://www.transfermarkt.co.uk/timon-weiner/profil/spieler/296428,timon weiner,T. Weiner,Timon Weiner,1/18/1999,20,190.5,83.0,GK,Germany,59,72,230000.0,1000.0,Right,1,4,1,Normal,512000.0,,,,,26,17,20,30,14,24,21,17,30,29,50,51,30,53,35,30,60,45,64,15,18,12,9,40,15,44,12,20,11,timon weiner,100
Magnus Knudsen,NOR,MT,23,31,22,"1,850",20.6,0,1,1,0,0,0,7,0,0.7,0.7,1.3,2.0,16,54,25,0.0,0.05,0.05,0.0,0.05,0.03,0.06,0.1,0.03,0.1,magnus knudsen,Midfield,right,186.0,L1,2500000.0,2500000.0,https://img.a.transfermarkt.technology/portrait/header/651735-1721850811.jpg?lm=1,https://www.transfermarkt.co.uk/magnus-knudsen/profil/spieler/651735,magnus knudsen,M. Andersen,Magnus Andersen,5/28/1986,32,152.4,71.2,"RM,CM",Norway,63,63,290000.0,1000.0,Right,1,3,2,Lean,363000.0,,,,,57,59,44,66,63,59,44,57,56,62,72,67,71,64,71,58,59,73,72,56,57,37,59,58,44,66,39,55,53,magnus andersen,83
David Zec,SVN,DF,24,18,18,"1,541",17.1,2,0,2,2,0,0,5,0,1.2,1.2,0.5,1.8,3,34,2,0.12,0.0,0.12,0.12,0.12,0.07,0.03,0.1,0.07,0.1,david zec,Defender,right,190.0,L1,2500000.0,2500000.0,https://img.a.transfermarkt.technology/portrait/header/469709-1612035337.png?lm=1,https://www.transfermarkt.co.uk/david-zec/profil/spieler/469709,david zec,D. Stec,David Stec,5/10/1994,24,152.4,69.9,RB,Austria,64,69,500000.0,1000.0,Right,1,3,3,Lean,713000.0,,,,,70,47,48,58,23,64,67,32,51,63,73,72,64,55,71,58,59,69,59,47,55,54,57,42,40,50,60,63,65,david stec,84
Marco Komenda,CRO,DF,27,19,17,"1,307",14.5,0,0,0,0,0,0,3,0,0.1,0.1,0.8,0.9,13,53,16,0.0,0.0,0.0,0.0,0.0,0.01,0.06,0.06,0.01,0.06,marco komenda,Defender,left,184.0,L1,800000.0,900000.0,https://img.a.transfermarkt.technology/portrait/header/335631-1657791801.jpg?lm=1,https://www.transfermarkt.co.uk/marco-komenda/profil/spieler/335631,marco komenda,M. Komenda,Marco Komenda,11/26/1996,22,182.88,76.2,CB,Germany,63,71,475000.0,1000.0,Left,1,4,2,Normal,784000.0,,,,,61,37,49,58,37,53,45,42,45,57,78,83,68,61,71,46,67,78,74,35,68,52,49,41,42,59,64,63,62,marco komenda,100
Steven Skrzybski,GER,"MT,AT",31,24,15,"1,323",14.7,6,3,9,5,1,1,0,0,3.5,2.7,2.9,5.6,17,64,71,0.41,0.2,0.61,0.34,0.54,0.24,0.2,0.44,0.19,0.38,steven skrzybski,Midfield,right,174.0,L1,1000000.0,3500000.0,https://img.a.transfermarkt.technology/portrait/header/93827-1657792592.jpg?lm=1,https://www.transfermarkt.co.uk/steven-skrzybski/profil/spieler/93827,steven skrzybski,S. Skrzybski,Steven Skrzybski,11/18/1992,26,175.26,69.9,"ST,RM",Germany,73,74,4800000.0,25000.0,Right,1,3,3,Normal,8600000.0,,,,,67,74,58,70,72,75,71,59,52,74,85,84,83,72,82,73,79,78,55,72,58,35,71,64,68,63,32,28,21,steven skrzybski,100
Lewis Holtby,GER,MT,33,25,13,"1,238",13.8,0,1,1,0,0,0,1,1,0.5,0.5,1.5,2.1,14,47,34,0.0,0.07,0.07,0.0,0.07,0.04,0.11,0.15,0.04,0.15,lewis holtby,Midfield,left,176.0,L1,500000.0,11000000.0,https://img.a.transfermarkt.technology/portrait/header/55508-1721850987.jpg?lm=1,https://www.transfermarkt.co.uk/lewis-holtby/profil/spieler/55508,lewis holtby,L. Holtby,Lewis Harry Holtby,9/18/1990,28,175.26,72.1,"CM,CAM",Germany,75,75,7000000.0,15000.0,Left,2,4,3,Lean,11200000.0,,,,,76,65,46,80,69,76,81,76,76,79,74,66,82,74,78,71,90,85,63,67,69,67,68,76,66,74,51,44,61,lewis harry holtby,80
Patrick Erras,GER,DF,29,10,10,832,9.2,1,0,1,1,0,0,2,0,0.9,0.9,0.1,1.0,3,25,1,0.11,0.0,0.11,0.11,0.11,0.1,0.01,0.11,0.1,0.11,patrick erras,Midfield,right,196.0,L1,1000000.0,3000000.0,https://img.a.transfermarkt.technology/portrait/header/193859-1657792157.jpg?lm=1,https://www.transfermarkt.co.uk/patrick-erras/profil/spieler/193859,patrick erras,P. Erras,Patrick Erras,1/21/1995,24,195.58,84.8,CDM,Germany,69,74,1200000.0,9000.0,Right,1,3,2,Lean,2200000.0,,,,,44,40,57,73,18,38,24,32,66,62,33,37,31,72,29,49,34,65,79,47,63,68,43,67,31,75,70,72,59,patrick erras,100
Thomas Dähne,GER,GB,30,9,9,810,9.0,0,0,0,0,0,0,0,0,0.0,0.0,0.0,0.0,0,0,0,0.0,0.0,0.0,0.0,0.0,0.0,0.0,0.0,0.0,0.0,thomas dahne,Goalkeeper,both,193.0,L1,400000.0,600000.0,https://img.a.transfermarkt.technology/portrait/header/115979-1657791709.jpg?lm=1,https://www.transfermarkt.co.uk/thomas-dahne/profil/spieler/115979,thomas dahne,T. Dähne,Thomas Dähne,1/4/1994,25,193.04,83.9,GK,Germany,63,68,350000.0,1000.0,Right,1,4,1,Normal,499000.0,,,,,14,14,17,29,16,12,20,15,24,25,57,58,36,59,41,20,54,38,72,20,27,20,17,16,26,50,10,16,13,thomas dähne,96
Benedikt Pichler,AUT,AT,27,18,7,785,8.7,1,2,3,1,0,0,1,0,2.3,2.3,1.1,3.4,18,19,58,0.11,0.23,0.34,0.11,0.34,0.26,0.13,0.39,0.26,0.39,benedikt pichler,Attack,right,188.0,L1,2000000.0,2000000.0,https://img.a.transfermarkt.technology/portrait/header/331362-1657792864.jpg?lm=1,https://www.transfermarkt.co.uk/benedikt-pichler/profil/spieler/331362,benedikt pichler,B. Röcker,Benedikt Röcker,11/19/1989,29,198.12,92.1,CB,Germany,70,71,1600000.0,14000.0,Left,1,3,2,Normal,2100000.0,,,,,32,20,74,60,26,29,24,21,45,54,29,42,32,57,32,62,50,66,90,25,69,66,23,39,36,61,73,70,68,benedikt röcker,80
Carl Johansson,SWE,DF,30,10,7,568,6.3,0,0,0,0,0,0,0,1,0.0,0.0,0.4,0.5,0,12,0,0.0,0.0,0.0,0.0,0.0,0.01,0.06,0.07,0.01,0.07,carl johansson,Defender,right,194.0,L1,700000.0,1200000.0,https://img.a.transfermarkt.technology/portrait/header/225043-1688646720.jpg?lm=1,https://www.transfermarkt.co.uk/carl-johansson/profil/spieler/225043,carl johansson,A. Jóhannsson,Aron Jóhannsson,11/10/1990,28,182.88,69.9,ST,United States,72,72,3300000.0,21000.0,Right,2,4,3,Lean,5600000.0,,,,,44,73,69,70,67,74,59,46,71,73,72,68,68,70,65,73,67,62,64,69,50,27,72,67,78,71,46,25,21,aron jóhannsson,80
Marvin Schulz,GER,"MT,DF",29,12,3,306,3.4,0,0,0,0,0,0,3,0,0.0,0.0,0.7,0.7,5,11,2,0.0,0.0,0.0,0.0,0.0,0.01,0.19,0.2,0.01,0.2,marvin schulz,Midfield,right,186.0,L1,700000.0,2000000.0,https://img.a.transfermarkt.technology/portrait/header/168678-1721851183.jpg?lm=1,https://www.transfermarkt.co.uk/marvin-schulz/profil/spieler/168678,marvin schulz,M. Schulz,Marvin Schulz,1/15/1995,24,185.42,77.1,"CB,CDM,CM",Germany,65,74,725000.0,3000.0,Right,1,3,2,Lean,1200000.0,,,,,51,50,60,64,45,62,55,45,62,62,50,61,62,61,60,66,60,64,71,67,66,64,45,57,54,52,65,64,64,marvin schulz,100
Maximilian Wittek,GER,DF,28,33,32,"2,706",30.1,0,0,0,0,0,0,8,0,1.4,1.4,4.4,5.7,47,141,83,0.0,0.0,0.0,0.0,0.0,0.04,0.14,0.19,0.04,0.19,maximilian wittek,Defender,left,173.0,L1,2000000.0,2500000.0,https://img.a.transfermarkt.technology/portrait/header/196793-1721851854.jpg?lm=1,https://www.transfermarkt.co.uk/maximilian-wittek/profil/spieler/196793,maximilian wittek,M. Wittek,Maximilian Wittek,8/21/1995,23,172.72,69.9,LB,Germany,70,78,2200000.0,5000.0,Left,1,2,3,Normal,3900000.0,,,,,78,56,58,67,56,66,80,78,57,69,79,77,80,63,84,77,67,82,59,70,72,64,59,49,42,66,65,65,69,maximilian wittek,100
Ibrahima Sissoko,MLI,MT,26,32,30,"2,610",29.0,2,1,3,2,0,0,11,1,1.7,1.7,1.6,3.3,35,105,69,0.07,0.03,0.1,0.07,0.1,0.06,0.05,0.11,0.06,0.11,ibrahima sissoko,Midfield,right,193.0,L1,6000000.0,8000000.0,https://img.a.transfermarkt.technology/portrait/header/372712-1721851302.jpg?lm=1,https://www.transfermarkt.co.uk/ibrahima-sissoko/profil/spieler/372712,ibrahima sissoko,I. Sissoko,Ibrahima Sissoko,10/27/1997,21,193.04,88.0,"CM,CDM",France,70,83,3400000.0,8000.0,Right,1,4,3,Normal,8900000.0,,,,,45,41,58,77,43,65,48,40,70,69,50,53,50,69,35,68,59,79,87,56,71,70,63,65,49,68,70,70,68,ibrahima sissoko,100
Philipp Hofmann,GER,AT,31,32,27,"2,277",25.3,3,3,6,3,0,0,4,0,5.5,5.5,3.3,8.8,8,53,112,0.12,0.12,0.24,0.12,0.24,0.22,0.13,0.35,0.22,0.35,philipp hofmann,Attack,left,195.0,L1,1500000.0,2800000.0,https://img.a.transfermarkt.technology/portrait/header/119037-1657284242.jpg?lm=1,https://www.transfermarkt.co.uk/philipp-hofmann/profil/spieler/119037,philipp hofmann,P. Hofmann,Philipp Hofmann,3/30/1993,25,195.58,89.8,ST,Germany,68,73,1200000.0,3000.0,Left,1,2,2,Normal,1800000.0,,,,,28,63,76,63,60,58,46,31,47,64,45,65,46,65,34,80,54,60,91,62,67,23,67,53,59,71,24,34,21,philipp hofmann,100
Tim Oermann,GER,DF,20,29,26,"2,213",24.6,0,2,2,0,0,0,0,0,0.2,0.2,0.6,0.8,15,61,16,0.0,0.08,0.08,0.0,0.08,0.01,0.02,0.03,0.01,0.03,tim oermann,Defender,right,189.0,L1,5000000.0,5000000.0,https://img.a.transfermarkt.technology/portrait/header/696164-1657283257.jpg?lm=1,https://www.transfermarkt.co.uk/tim-oermann/profil/spieler/696164,tim oermann,T. Beermann,Timo Beermann,12/10/1990,28,187.96,84.8,CB,Germany,69,69,875000.0,6000.0,Left,1,3,2,Normal,1400000.0,,,,,28,37,73,58,24,36,31,30,54,41,48,55,63,67,52,53,76,66,81,33,67,65,28,36,28,61,68,69,68,timo beermann,83
Patrick Drewes,GER,GB,31,21,21,"1,890",21.0,0,0,0,0,0,0,2,0,0.0,0.0,0.0,0.0,0,0,0,0.0,0.0,0.0,0.0,0.0,0.0,0.0,0.0,0.0,0.0,patrick drewes,Goalkeeper,right,194.0,L1,800000.0,1000000.0,https://img.a.transfermarkt.technology/portrait/header/94192-1721851751.jpg?lm=1,https://www.transfermarkt.co.uk/patrick-drewes/profil/spieler/94192,patrick drewes,P. Drewes,Patrick Drewes,2/4/1993,26,193.04,87.1,GK,Germany,65,70,525000.0,2000.0,Right,1,2,1,Normal,801000.0,,,,,15,14,15,23,15,12,18,14,26,18,30,29,29,60,34,36,33,41,75,12,35,21,13,23,26,32,16,15,16,patrick drewes,100
Ivan Ordets,UKR,DF,32,22,21,"1,861",20.7,0,0,0,0,0,0,6,0,0.7,0.7,0.7,1.5,2,48,4,0.0,0.0,0.0,0.0,0.0,0.04,0.04,0.07,0.04,0.07,ivan ordets,Defender,right,195.0,L1,1800000.0,5000000.0,https://img.a.transfermarkt.technology/portrait/header/118850-1721851592.jpg?lm=1,https://www.transfermarkt.co.uk/ivan-ordets/profil/spieler/118850,ivan ordets,I. Ordets,Ivan Ordets,7/8/1992,26,193.04,88.0,CB,Ukraine,76,81,8500000.0,1000.0,Right,1,3,2,Normal,18500000.0,,,,,41,46,74,66,59,38,39,46,61,61,61,69,48,71,38,73,56,79,88,57,70,76,38,34,34,68,78,77,73,ivan ordets,100
Bernardo,BRA,DF,29,21,19,"1,782",19.8,0,0,0,0,0,0,5,0,0.7,0.7,0.7,1.4,14,100,14,0.0,0.0,0.0,0.0,0.0,0.04,0.04,0.07,0.04,0.07,bernardo,Defender,left,186.0,L1,5500000.0,9000000.0,https://img.a.transfermarkt.technology/portrait/header/364258-1691250245.jpg?lm=1,https://www.transfermarkt.co.uk/bernardo/profil/spieler/364258,bernardo,Bernardo,Bernardo Víctor Cruz Torres,7/17/1993,25,190.5,84.8,CB,Spain,70,77,2100000.0,5000.0,Right,1,3,2,Normal,3800000.0,,,,,26,36,76,69,18,31,41,37,57,59,32,46,59,59,34,56,76,63,89,37,74,66,33,42,32,61,67,67,61,bernardo víctor cruz torres,100
Timo Horn,GER,GB,31,13,13,"1,170",13.0,0,0,0,0,0,0,2,0,0.0,0.0,0.0,0.0,0,1,0,0.0,0.0,0.0,0.0,0.0,0.0,0.0,0.0,0.0,0.0,timo horn,Goalkeeper,left,192.0,L1,800000.0,12000000.0,https://img.a.transfermarkt.technology/portrait/header/84938-1657109580.jpg?lm=1,https://www.transfermarkt.co.uk/timo-horn/profil/spieler/84938,timo horn,T. Horn,Timo Horn,5/12/1993,25,193.04,89.8,GK,Germany,83,86,23000000.0,25000.0,Left,2,3,1,Normal,36200000.0,,,,,19,13,14,35,14,20,12,15,32,22,45,51,50,79,31,22,64,31,67,17,41,22,15,55,21,25,14,13,12,timo horn,100
Anthony Losilla,FRA,MT,38,21,13,"1,137",12.6,0,0,0,0,0,0,1,0,0.1,0.1,0.4,0.5,3,45,11,0.0,0.0,0.0,0.0,0.0,0.01,0.03,0.04,0.01,0.04,anthony losilla,Midfield,right,185.0,L1,500000.0,900000.0,https://img.a.transfermarkt.technology/portrait/header/111266-1657283817.jpg?lm=1,https://www.transfermarkt.co.uk/anthony-losilla/profil/spieler/111266,anthony losilla,A. Losilla,Anthony Losilla,3/10/1986,32,185.42,79.8,"CDM,CM,CB",France,72,72,1800000.0,13000.0,Right,1,3,3,Lean,2900000.0,,,,,53,52,72,74,64,72,52,47,63,75,58,62,67,72,69,62,82,83,73,58,69,73,41,66,49,74,72,70,63,anthony losilla,100
Tom Krauß,GER,MT,23,14,13,"1,077",12.0,0,0,0,0,0,0,2,0,0.4,0.4,0.7,1.1,16,84,20,0.0,0.0,0.0,0.0,0.0,0.03,0.06,0.09,0.03,0.09,tom krauß,Midfield,right,182.0,L1,4000000.0,7000000.0,https://img.a.transfermarkt.technology/portrait/header/405687-1738138216.jpg?lm=1,https://www.transfermarkt.co.uk/tom-krauss/profil/spieler/405687,tom krauß,M. Krauß,Maximilian Krauß,11/24/1996,22,170.18,66.2,"RW,ST",Germany,61,68,350000.0,1000.0,Right,1,3,3,Normal,578000.0,,,,,60,59,33,56,44,66,39,35,33,64,77,74,89,46,85,48,75,68,43,41,37,23,49,48,53,44,37,22,24,maximilian krauß,86
Dani de Wit,NED,"MT,AT",26,28,11,"1,153",12.8,2,1,3,2,0,0,1,0,2.1,2.1,0.5,2.7,5,33,37,0.16,0.08,0.23,0.16,0.23,0.17,0.04,0.21,0.17,0.21,dani de wit,Midfield,right,184.0,L1,3000000.0,5000000.0,https://img.a.transfermarkt.technology/portrait/header/340459-1721851359.jpg?lm=1,https://www.transfermarkt.co.uk/dani-de-wit/profil/spieler/340459,dani de wit,D. de Wit,Dani de Wit,1/28/1998,21,182.88,74.8,"CM,CAM",Netherlands,66,75,975000.0,4000.0,Right,1,3,3,Normal,1600000.0,,,,,59,68,77,70,59,63,54,53,66,65,65,67,67,60,68,72,72,74,70,65,74,62,66,65,58,66,50,54,56,dani de wit,100
Myron Boadu,NED,AT,23,19,11,"1,042",11.6,9,1,10,8,1,1,2,0,7.7,6.9,1.1,8.0,12,18,70,0.78,0.09,0.86,0.69,0.78,0.67,0.1,0.76,0.6,0.69,myron boadu,Attack,right,181.0,L1,7000000.0,20000000.0,https://img.a.transfermarkt.technology/portrait/header/412932-1666692057.jpg?lm=1,https://www.transfermarkt.co.uk/myron-boadu/profil/spieler/412932,myron boadu,M. Boadu,Myron Boadu,1/14/2001,18,154.94,64.9,ST,Netherlands,66,85,1300000.0,3000.0,Right,1,4,3,Normal,2700000.0,,,,,37,66,59,56,54,71,43,39,45,70,84,80,78,61,65,68,91,59,64,57,28,23,57,48,65,50,29,22,18,myron boadu,100
Lukas Daschner,GER,"MT,AT",25,14,3,412,4.6,1,1,2,1,0,1,0,0,2.7,1.9,0.7,2.6,8,11,19,0.22,0.22,0.44,0.22,0.44,0.6,0.15,0.74,0.42,0.57,lukas daschner,Midfield,both,185.0,L1,1200000.0,1500000.0,https://img.a.transfermarkt.technology/portrait/header/334213-1721851417.jpg?lm=1,https://www.transfermarkt.co.uk/lukas-daschner/profil/spieler/334213,lukas daschner,L. Daschner,Lukas Daschner,10/1/1998,20,182.88,68.0,"CAM,RM",Germany,63,77,800000.0,1000.0,Right,1,4,2,Normal,1800000.0,,,,,52,52,46,65,50,62,44,38,57,63,73,72,74,57,77,53,69,63,63,51,53,58,57,63,35,55,60,44,38,lukas daschner,100
Cristian Gamboa,CRC,DF,34,12,1,226,2.5,1,0,1,1,0,0,1,0,0.2,0.2,0.2,0.3,2,5,9,0.4,0.0,0.4,0.4,0.4,0.06,0.07,0.14,0.06,0.14,cristian gamboa,Defender,right,175.0,L1,500000.0,2000000.0,https://img.a.transfermarkt.technology/portrait/header/121686-1657283791.jpg?lm=1,https://www.transfermarkt.co.uk/cristian-gamboa/profil/spieler/121686,cristian gamboa,C. Moya,Cristian Moya,2/2/1998,21,154.94,69.9,CB,Colombia,55,68,150000.0,1000.0,Right,1,3,2,Normal,304000.0,,,,,28,22,57,42,21,24,29,23,32,36,56,57,43,47,68,36,69,60,70,20,49,47,21,29,37,39,55,55,58,cristian moya,86
Amir Rrahmani,KVX,DF,30,38,38,"3,406",37.8,1,3,4,1,0,0,2,0,2.9,2.9,1.1,4.0,30,188,2,0.03,0.08,0.11,0.03,0.11,0.08,0.03,0.11,0.08,0.11,amir rrahmani,Defender,right,192.0,IT1,12000000.0,25000000.0,https://img.a.transfermarkt.technology/portrait/header/257732-1663579350.jpg?lm=1,https://www.transfermarkt.co.uk/amir-rrahmani/profil/spieler/257732,amir rrahmani,A. Rrahmani,Amir Rrahmani,2/24/1994,25,193.04,87.1,"CB,LB,RB",Kosovo,69,72,1100000.0,1000.0,Right,1,4,2,Normal,2600000.0,,,,,42,21,74,48,26,34,24,21,22,51,51,70,41,61,47,33,70,74,84,31,78,65,34,39,34,56,60,72,70,amir rrahmani,100
Giovanni Di Lorenzo,ITA,DF,30,37,37,"3,330",37.0,3,2,5,3,0,0,6,0,2.8,2.8,3.9,6.7,50,224,163,0.08,0.05,0.14,0.08,0.14,0.08,0.1,0.18,0.08,0.18,giovanni di lorenzo,Defender,right,183.0,IT1,15000000.0,25000000.0,https://img.a.transfermarkt.technology/portrait/header/169880-1730126691.jpg?lm=1,https://www.transfermarkt.co.uk/giovanni-di-lorenzo/profil/spieler/169880,giovanni di lorenzo,G. Di Lorenzo,Giovanni Di Lorenzo,8/4/1993,25,182.88,82.1,"RB,CB,RWB,RM",Italy,73,78,4500000.0,10000.0,Right,1,3,3,Stocky,8400000.0,,,,,74,61,70,73,62,74,68,67,71,72,71,72,73,70,70,72,74,73,73,69,70,70,62,54,59,68,71,73,71,giovanni di lorenzo,100
Romelu Lukaku,BEL,AT,31,36,35,"2,843",31.6,14,10,24,11,3,4,4,0,13.0,9.8,4.0,13.8,31,36,219,0.44,0.32,0.76,0.35,0.66,0.41,0.13,0.54,0.31,0.44,romelu lukaku,Attack,left,191.0,IT1,22000000.0,100000000.0,https://img.a.transfermarkt.technology/portrait/header/96341-1661780981.jpg?lm=1,https://www.transfermarkt.co.uk/romelu-lukaku/profil/spieler/96341,romelu lukaku,R. Lukaku,Romelu Lukaku,5/13/1993,25,190.5,93.9,ST,Belgium,86,88,55000000.0,215000.0,Left,3,3,3,Stocky,108600000.0,Belgium,85.0,ST,9.0,72,86,85,76,77,78,74,66,73,71,75,90,60,86,46,88,71,81,94,74,71,27,87,73,78,83,30,30,30,romelu lukaku,100
Alex Meret,ITA,GB,27,34,34,"3,005",33.4,0,0,0,0,0,0,0,0,0.0,0.0,0.0,0.0,0,1,0,0.0,0.0,0.0,0.0,0.0,0.0,0.0,0.0,0.0,0.0,alex meret,Goalkeeper,left,190.0,IT1,12000000.0,40000000.0,https://img.a.transfermarkt.technology/portrait/header/240414-1695025886.jpg?lm=1,https://www.transfermarkt.co.uk/alex-meret/profil/spieler/240414,alex meret,A. Meret,Alex Meret,3/22/1997,21,190.5,83.0,GK,Italy,76,89,12000000.0,25000.0,Left,1,3,1,Lean,27900000.0,,,,,15,17,19,29,20,16,20,21,22,22,41,48,37,73,48,21,68,29,65,17,22,22,20,21,21,67,10,21,12,alex meret,100
Scott McTominay,SCO,MT,27,34,33,"2,938",32.6,12,4,16,12,0,0,3,0,7.4,7.4,2.7,10.1,56,112,131,0.37,0.12,0.49,0.37,0.49,0.23,0.08,0.31,0.23,0.31,scott mctominay,Midfield,right,191.0,IT1,40000000.0,40000000.0,https://img.a.transfermarkt.technology/portrait/header/315969-1718626681.jpg?lm=1,https://www.transfermarkt.co.uk/scott-mctominay/profil/spieler/315969,scott mctominay,S. McTominay,Scott McTominay,12/8/1996,22,193.04,88.0,"CM,CDM",Scotland,71,81,3800000.0,43000.0,Right,1,3,3,Lean,8000000.0,Scotland,75.0,SUB,17.0,66,58,72,74,53,65,54,34,69,73,62,65,64,67,51,71,66,73,78,61,72,73,61,71,59,76,71,71,65,scott mctominay,100
Stanislav Lobotka,SVK,MT,29,32,31,"2,636",29.3,0,1,1,0,0,0,3,0,0.3,0.3,1.2,1.5,30,118,32,0.0,0.03,0.03,0.0,0.03,0.01,0.04,0.05,0.01,0.05,stanislav lobotka,Midfield,right,168.0,IT1,25000000.0,40000000.0,https://img.a.transfermarkt.technology/portrait/header/192735-1661509021.jpg?lm=1,https://www.transfermarkt.co.uk/stanislav-lobotka/profil/spieler/192735,stanislav lobotka,S. Lobotka,Stanislav Lobotka,11/25/1994,24,170.18,64.0,"CM,CDM",Slovakia,78,84,14000000.0,22000.0,Right,1,4,4,Normal,32200000.0,,,,,68,59,45,84,43,77,68,55,76,82,70,66,78,74,84,62,82,86,59,65,57,74,67,76,56,74,69,74,68,stanislav lobotka,100
Mathías Olivera,URU,DF,26,32,26,"2,370",26.3,0,2,2,0,0,0,4,0,1.1,1.1,1.7,2.8,46,126,62,0.0,0.08,0.08,0.0,0.08,0.04,0.07,0.11,0.04,0.11,mathias olivera,Defender,left,185.0,IT1,18000000.0,18000000.0,https://img.a.transfermarkt.technology/portrait/header/376514-1681910576.jpg?lm=1,https://www.transfermarkt.co.uk/mathias-olivera/profil/spieler/376514,mathias olivera,Mattheus Oliveira,Mattheus Andrade Gama de Oliveira,7/7/1994,24,182.88,76.2,"CAM,CM",Brazil,73,78,5500000.0,9000.0,Left,1,4,3,Lean,,,,,,68,62,57,77,65,74,74,70,74,80,65,64,67,66,67,71,55,72,69,72,50,56,66,73,67,64,50,58,44,mattheus andrade gama de oliveira,81
Alessandro Buongiorno,ITA,DF,25,22,22,"1,924",21.4,1,0,1,1,0,0,2,0,0.8,0.8,0.6,1.4,27,82,8,0.05,0.0,0.05,0.05,0.05,0.04,0.03,0.07,0.04,0.07,alessandro buongiorno,Defender,left,190.0,IT1,45000000.0,45000000.0,https://img.a.transfermarkt.technology/portrait/header/386446-1663596475.jpg?lm=1,https://www.transfermarkt.co.uk/alessandro-buongiorno/profil/spieler/386446,alessandro buongiorno,A. Buongiorno,Alessandro Buongiorno,6/6/1999,19,190.5,79.8,"LB,CB",Italy,60,74,400000.0,2000.0,Left,1,2,2,Lean,,,,,,48,26,61,56,31,46,34,29,35,58,58,60,49,58,47,48,71,65,68,30,60,55,31,36,47,51,62,62,62,alessandro buongiorno,100
David Neres,BRA,AT,27,28,13,"1,283",14.3,2,4,6,2,0,0,1,0,2.7,2.7,3.5,6.2,73,32,143,0.14,0.28,0.42,0.14,0.42,0.19,0.25,0.44,0.19,0.44,david neres,Attack,left,176.0,IT1,30000000.0,45000000.0,https://img.a.transfermarkt.technology/portrait/header/469822-1701334470.jpg?lm=1,https://www.transfermarkt.co.uk/david-neres/profil/spieler/469822,david neres,David Neres,David Neres Campos,3/3/1997,22,175.26,66.2,"RW,CAM,LW",Brazil,78,85,14500000.0,17000.0,Left,2,3,5,Normal,23200000.0,,,,,64,75,50,75,72,87,65,52,65,84,85,86,91,72,84,72,58,73,63,65,52,37,72,79,69,78,32,32,32,david neres campos,100
Billy Gilmour,SCO,MT,23,26,13,"1,177",13.1,0,1,1,0,0,0,0,0,0.5,0.5,1.8,2.3,11,67,18,0.0,0.08,0.08,0.0,0.08,0.04,0.14,0.18,0.04,0.18,billy gilmour,Midfield,right,170.0,IT1,16000000.0,18000000.0,https://img.a.transfermarkt.technology/portrait/header/423744-1701544195.jpg?lm=1,https://www.transfermarkt.co.uk/billy-gilmour/profil/spieler/423744,billy gilmour,B. Gilmour,Billy Gilmour,6/11/2001,17,172.72,68.0,"CM,CAM",Scotland,61,84,550000.0,7000.0,Right,1,3,3,Lean,1600000.0,,,,,56,48,50,69,59,64,58,54,70,62,66,56,75,51,82,48,60,50,32,50,54,46,55,66,49,64,41,45,47,billy gilmour,100
Juan Jesus,BRA,DF,33,15,12,"1,074",11.9,0,1,1,0,0,0,2,0,0.3,0.3,0.0,0.4,3,50,2,0.0,0.08,0.08,0.0,0.08,0.03,0.0,0.03,0.03,0.03,juan jesus,Defender,left,185.0,IT1,1500000.0,14000000.0,https://img.a.transfermarkt.technology/portrait/header/121985-1630496408.jpg?lm=1,https://www.transfermarkt.co.uk/juan-jesus/profil/spieler/121985,juan jesus,Juan Jesus,Juan Guilherme Nunes Jesus,6/10/1991,27,185.42,83.0,"CB,LB",Brazil,77,77,7500000.0,51000.0,Left,2,2,2,Normal,12800000.0,,,,,66,20,74,58,17,60,48,36,56,55,76,78,68,72,58,62,88,75,77,35,88,77,35,34,37,72,77,79,76,juan guilherme nunes jesus,100
Giovanni Simeone,ARG,AT,29,30,1,419,4.7,1,1,2,1,0,0,1,0,2.6,2.6,0.8,3.4,11,7,30,0.21,0.21,0.43,0.21,0.43,0.56,0.17,0.73,0.56,0.73,giovanni simeone,Attack,right,180.0,IT1,8000000.0,25000000.0,https://img.a.transfermarkt.technology/portrait/header/282388-1690294694.jpg?lm=1,https://www.transfermarkt.co.uk/giovanni-simeone/profil/spieler/282388,giovanni simeone,G. Sio,Giovanni Sio,3/31/1989,29,154.94,79.8,ST,Ivory Coast,77,77,,,Left,2,3,3,Normal,,,,,,68,77,71,73,73,76,73,69,67,76,78,85,79,71,73,77,70,78,74,74,77,18,76,73,72,72,40,18,12,giovanni sio,86
Cyril Ngonge,BEL,AT,24,18,1,216,2.4,0,0,0,0,0,0,2,0,0.7,0.7,0.4,1.1,7,8,36,0.0,0.0,0.0,0.0,0.0,0.29,0.15,0.44,0.29,0.44,cyril ngonge,Attack,left,180.0,IT1,10000000.0,12000000.0,https://img.a.transfermarkt.technology/portrait/header/358032-1674197416.jpg?lm=1,https://www.transfermarkt.co.uk/cyril-ngonge/profil/spieler/358032,cyril ngonge,C. Ngonge,Cyril Ngonge,5/26/2000,18,152.4,64.9,"ST,LW,RW,LM",Belgium,64,80,950000.0,3000.0,Left,1,4,3,Lean,1900000.0,,,,,42,62,55,60,37,75,53,30,38,70,78,78,75,60,74,65,63,62,60,64,50,40,58,43,60,60,11,35,35,cyril ngonge,100
Philip Billing,DEN,MT,28,10,1,197,2.2,1,0,1,1,0,0,1,0,1.5,1.5,0.1,1.7,1,5,8,0.46,0.0,0.46,0.46,0.46,0.71,0.05,0.76,0.71,0.76,philip billing,Midfield,left,193.0,IT1,12000000.0,22000000.0,https://img.a.transfermarkt.technology/portrait/header/320411-1674468252.jpg?lm=1,https://www.transfermarkt.co.uk/philip-billing/profil/spieler/320411,philip billing,P. Billing,Philip Billing,6/11/1996,22,198.12,79.8,"CDM,CM",Denmark,74,83,7500000.0,30000.0,Left,1,3,2,Lean,15800000.0,,,,,64,64,72,76,68,72,74,73,77,75,58,61,56,72,58,84,61,62,75,78,65,74,63,69,52,74,73,77,73,philip billing,100
Rafa Marín,ESP,DF,22,4,1,142,1.6,0,0,0,0,0,0,1,0,0.2,0.2,0.0,0.2,2,5,0,0.0,0.0,0.0,0.0,0.0,0.14,0.0,0.14,0.14,0.14,rafa marin,Defender,right,191.0,IT1,7000000.0,9000000.0,https://img.a.transfermarkt.technology/portrait/header/662261-1725529332.jpg?lm=1,https://www.transfermarkt.co.uk/rafa-marin/profil/spieler/662261,rafa marin,R. Marin,Răzvan Marin,5/23/1996,22,175.26,69.9,"CM,CDM",Romania,76,82,10500000.0,15000.0,Right,1,4,4,Normal,17900000.0,Romania,72.0,SUB,5.0,76,68,55,77,73,76,78,76,81,76,71,68,73,67,70,84,65,79,65,78,66,70,75,76,68,71,65,59,57,răzvan marin,82
Simone Scuffet,ITA,GB,28,1,1,90,1.0,0,0,0,0,0,0,0,0,0.0,0.0,0.0,0.0,0,0,0,0.0,0.0,0.0,0.0,0.0,0.0,0.0,0.0,0.0,0.0,simone scuffet,Goalkeeper,right,193.0,IT1,2000000.0,6000000.0,https://img.a.transfermarkt.technology/portrait/header/238993-1692963456.jpg?lm=1,https://www.transfermarkt.co.uk/simone-scuffet/profil/spieler/238993,simone scuffet,S. Scuffet,Simone Scuffet,5/31/1996,22,190.5,78.0,GK,Italy,72,82,3800000.0,11000.0,Right,2,2,1,Lean,,,,,,20,20,18,30,20,13,20,22,34,21,50,50,60,68,45,19,70,40,65,16,35,18,12,33,18,61,15,24,18,simone scuffet,100
Marten de Roon,NED,"MT,DF",33,36,34,"3,058",34.0,4,4,8,4,0,0,5,0,0.9,0.9,2.3,3.2,37,242,32,0.12,0.12,0.24,0.12,0.24,0.03,0.07,0.09,0.03,0.09,marten de roon,Midfield,right,185.0,IT1,7000000.0,24000000.0,https://img.a.transfermarkt.technology/portrait/header/133179-1663582942.jpg?lm=1,https://www.transfermarkt.co.uk/marten-de-roon/profil/spieler/133179,marten de roon,M. de Roon,Marten de Roon,3/29/1991,27,185.42,76.2,"CM,CDM",Netherlands,76,76,8000000.0,26000.0,Right,2,3,3,Normal,13600000.0,Netherlands,81.0,RDM,18.0,64,60,70,76,62,68,57,43,74,74,68,68,62,79,70,74,79,90,75,68,79,81,69,72,60,76,79,78,76,marten de roon,100
Éderson,BRA,MT,25,37,32,"2,881",32.0,4,1,5,4,0,0,5,1,4.1,4.1,4.3,8.4,40,216,79,0.12,0.03,0.16,0.12,0.16,0.13,0.14,0.26,0.13,0.26,ederson,Goalkeeper,left,188.0,GB1,25000000.0,70000000.0,https://img.a.transfermarkt.technology/portrait/header/238223-1713391842.jpg?lm=1,https://www.transfermarkt.co.uk/ederson/profil/spieler/238223,ederson,Ederson,Ederson Santana de Moraes,8/17/1993,25,187.96,86.2,GK,Brazil,86,90,41500000.0,125000.0,Left,2,3,1,Normal,79900000.0,,,,,20,14,14,56,18,23,15,20,58,37,64,63,60,87,48,42,66,41,68,18,38,27,20,70,17,70,29,15,8,ederson santana de moraes,100
Éderson,BRA,MT,25,37,32,"2,881",32.0,4,1,5,4,0,0,5,1,4.1,4.1,4.3,8.4,40,216,79,0.12,0.03,0.16,0.12,0.16,0.13,0.14,0.26,0.13,0.26,ederson,Midfield,right,183.0,IT1,50000000.0,50000000.0,https://img.a.transfermarkt.technology/portrait/header/607854-1646648856.jpg?lm=1,https://www.transfermarkt.co.uk/ederson/profil/spieler/607854,ederson,Ederson,Ederson Santana de Moraes,8/17/1993,25,187.96,86.2,GK,Brazil,86,90,41500000.0,125000.0,Left,2,3,1,Normal,79900000.0,,,,,20,14,14,56,18,23,15,20,58,37,64,63,60,87,48,42,66,41,68,18,38,27,20,70,17,70,29,15,8,ederson santana de moraes,100
Berat Djimsiti,ALB,DF,31,34,32,"2,640",29.3,1,2,3,1,0,0,6,0,2.7,2.7,1.3,3.9,32,109,42,0.03,0.07,0.1,0.03,0.1,0.09,0.04,0.13,0.09,0.13,berat djimsiti,Defender,right,190.0,IT1,8000000.0,22000000.0,https://img.a.transfermarkt.technology/portrait/header/165513-1718627443.jpg?lm=1,https://www.transfermarkt.co.uk/berat-djimsiti/profil/spieler/165513,berat djimsiti,B. Djimsiti,Berat  Djimsiti,2/19/1993,26,190.5,83.0,CB,Albania,67,71,825000.0,8000.0,Right,1,3,2,Lean,1500000.0,,,,,53,36,70,68,32,34,42,30,66,65,39,33,44,59,49,52,33,61,76,30,72,69,55,56,38,63,61,70,68,berat  djimsiti,100
Mateo Retegui,ITA,AT,25,36,32,"2,383",26.5,25,8,33,21,4,5,3,0,18.9,14.9,4.9,19.8,21,46,199,0.94,0.3,1.25,0.79,1.1,0.71,0.18,0.9,0.56,0.75,mateo retegui,Attack,right,186.0,IT1,45000000.0,45000000.0,https://img.a.transfermarkt.technology/portrait/header/554903-1681311414.jpg?lm=1,https://www.transfermarkt.co.uk/mateo-retegui/profil/spieler/554903,mateo retegui,M. Retegui,Mateo Retegui,4/29/1999,19,185.42,81.2,ST,Argentina,57,72,220000.0,2000.0,Right,1,3,2,Normal,,,,,,29,60,70,53,48,53,40,31,26,57,46,56,46,47,56,52,66,55,62,53,53,18,52,51,66,53,15,25,22,mateo retegui,100
Ademola Lookman,NGA,"MT,AT",26,31,28,"2,247",25.0,15,5,20,14,1,1,4,0,10.3,9.5,7.1,16.7,142,73,316,0.6,0.2,0.8,0.56,0.76,0.41,0.29,0.7,0.38,0.67,ademola lookman,Attack,right,174.0,IT1,60000000.0,60000000.0,https://img.a.transfermarkt.technology/portrait/header/406040-1682076571.jpg?lm=1,https://www.transfermarkt.co.uk/ademola-lookman/profil/spieler/406040,ademola lookman,A. Lookman,Ademola Lookman,10/20/1997,21,175.26,78.0,"LM,LW,RM",England,75,86,11500000.0,54000.0,Right,1,4,3,Lean,24200000.0,,,,,69,74,49,72,58,85,67,52,44,80,86,80,88,66,85,78,65,68,51,71,65,33,75,70,65,75,24,24,25,ademola lookman,100
Davide Zappacosta,ITA,DF,32,30,26,"2,067",23.0,4,2,6,4,0,0,3,0,2.2,2.2,2.1,4.3,67,107,139,0.17,0.09,0.26,0.17,0.26,0.1,0.09,0.19,0.1,0.19,davide zappacosta,Midfield,right,182.0,IT1,6000000.0,20000000.0,https://img.a.transfermarkt.technology/portrait/header/173859-1661268432.jpg?lm=1,https://www.transfermarkt.co.uk/davide-zappacosta/profil/spieler/173859,davide zappacosta,D. Zappacosta,Davide Zappacosta,6/11/1992,26,182.88,72.1,"RB,RWB",Italy,79,81,12500000.0,94000.0,Right,2,3,3,Lean,24100000.0,,,,,81,59,69,74,69,76,74,59,68,74,76,81,72,76,73,75,67,86,68,72,75,76,71,64,59,73,76,78,79,davide zappacosta,100
Odilon Kossounou,CIV,DF,23,18,12,"1,125",12.5,0,0,0,0,0,0,1,0,0.5,0.5,0.0,0.6,13,46,14,0.0,0.0,0.0,0.0,0.0,0.04,0.0,0.04,0.04,0.04,odilon kossounou,Defender,right,191.0,IT1,25000000.0,35000000.0,https://img.a.transfermarkt.technology/portrait/header/644771-1730183693.jpg?lm=1,https://www.transfermarkt.co.uk/odilon-kossounou/profil/spieler/644771,odilon kossounou,K. Odilon,Kossounou Odilon,1/4/2001,18,187.96,79.8,CB,Ivory Coast,57,79,210000.0,1000.0,Right,1,3,2,Normal,473000.0,,,,,38,19,58,57,28,29,23,23,54,34,63,65,50,45,51,35,66,62,69,24,55,50,26,38,32,39,56,58,57,kossounou odilon,100
Stefan Posch,AUT,DF,27,5,4,387,4.3,0,0,0,0,0,0,0,0,0.2,0.2,0.0,0.2,5,23,5,0.0,0.0,0.0,0.0,0.0,0.05,0.0,0.05,0.05,0.05,stefan posch,Defender,right,190.0,IT1,10000000.0,14000000.0,https://img.a.transfermarkt.technology/portrait/header/223974-1725531246.jpg?lm=1,https://www.transfermarkt.co.uk/stefan-posch/profil/spieler/223974,stefan posch,S. Posch,Stefan Posch,5/14/1997,21,187.96,76.2,CB,Austria,70,78,2300000.0,11000.0,Right,1,3,2,Lean,4300000.0,,,,,25,23,66,62,28,28,26,24,45,44,54,55,42,64,58,42,72,63,72,25,57,72,29,32,38,66,71,76,73,stefan posch,100
Ibrahim Sulemana,GHA,MT,21,9,3,283,3.1,2,0,2,2,0,0,1,0,0.6,0.6,0.0,0.6,2,12,2,0.64,0.0,0.64,0.64,0.64,0.18,0.01,0.19,0.18,0.19,ibrahim sulemana,Midfield,right,180.0,IT1,6000000.0,6000000.0,https://img.a.transfermarkt.technology/portrait/header/982267-1695033715.jpg?lm=1,https://www.transfermarkt.co.uk/ibrahim-sulemana/profil/spieler/982267,ibrahim sulemana,I. Sangaré,Ibrahim Sangaré,12/2/1997,21,190.5,77.1,"CDM,CM",Ivory Coast,74,85,8500000.0,16000.0,Right,1,4,3,Lean,18700000.0,,,,,74,61,74,73,62,71,62,62,73,74,69,69,66,72,69,71,74,78,83,64,74,73,72,71,59,78,72,71,73,ibrahim sangaré,80
Rui Patrício,POR,GB,36,3,3,270,3.0,0,0,0,0,0,0,0,0,0.0,0.0,0.0,0.0,0,0,0,0.0,0.0,0.0,0.0,0.0,0.0,0.0,0.0,0.0,0.0,rui patricio,Goalkeeper,left,190.0,IT1,1000000.0,20000000.0,https://img.a.transfermarkt.technology/portrait/header/45026-1716296132.jpg?lm=1,https://www.transfermarkt.co.uk/rui-patricio/profil/spieler/45026,rui patricio,Rui Patrício,Rui Pedro dos Santos Patrício,2/15/1988,31,190.5,83.9,GK,Portugal,83,83,16500000.0,74000.0,Left,3,2,1,Normal,31400000.0,Portugal,82.0,GK,1.0,12,12,11,31,17,20,10,16,30,23,53,57,61,79,54,38,79,45,77,11,39,22,13,64,32,66,14,13,11,rui pedro dos santos patrício,96
Rafael Tolói,ITA,DF,33,11,2,468,5.2,0,0,0,0,0,0,1,0,0.1,0.1,0.2,0.3,5,26,5,0.0,0.0,0.0,0.0,0.0,0.01,0.04,0.05,0.01,0.05,rafael toloi,Defender,right,185.0,IT1,1500000.0,16000000.0,https://img.a.transfermarkt.technology/portrait/header/72441-1663583172.jpg?lm=1,https://www.transfermarkt.co.uk/rafael-toloi/profil/spieler/72441,rafael toloi,Rafael Tolói,Rafael Tolói,10/10/1990,28,185.42,74.8,CB,Brazil,78,80,10000000.0,27000.0,Right,2,2,2,Lean,17800000.0,,,,,44,28,76,66,30,58,41,70,68,66,66,68,63,78,66,75,76,53,69,62,78,82,40,50,64,74,77,82,80,rafael tolói,96
Juan Musso,ARG,GB,30,1,1,90,1.0,0,0,0,0,0,0,0,0,0.0,0.0,0.0,0.0,0,0,0,0.0,0.0,0.0,0.0,0.0,0.0,0.0,0.0,0.0,0.0,juan musso,Goalkeeper,right,191.0,ES1,4000000.0,20000000.0,https://img.a.transfermarkt.technology/portrait/header/242359-1663583047.jpg?lm=1,https://www.transfermarkt.co.uk/juan-musso/profil/spieler/242359,juan musso,J. Musso,Juan Musso,5/6/1994,24,190.5,93.0,GK,Argentina,74,80,5500000.0,14000.0,Right,1,3,1,Stocky,10500000.0,,,,,20,18,15,31,15,16,16,12,24,20,46,42,32,59,39,18,51,35,70,14,27,18,19,48,25,67,12,14,16,juan musso,100
Ben Godfrey,ENG,DF,26,1,0,23,0.3,0,0,0,0,0,0,0,0,0.0,0.0,0.0,0.0,0,1,1,0.0,0.0,0.0,0.0,0.0,0.0,0.0,0.0,0.0,0.0,ben godfrey,Defender,right,184.0,GB1,8000000.0,25000000.0,https://img.a.transfermarkt.technology/portrait/header/343475-1700739275.jpg?lm=1,https://www.transfermarkt.co.uk/ben-godfrey/profil/spieler/343475,ben godfrey,B. Godfrey,Ben Godfrey,1/15/1998,21,182.88,73.9,"CB,CDM,CM",England,67,79,1200000.0,6000.0,Right,1,3,2,Normal,2500000.0,,,,,47,35,57,68,40,59,39,33,61,66,74,69,72,60,70,53,75,78,81,55,62,61,46,58,44,68,70,66,65,ben godfrey,100
Mitchel Bakker,NED,MT,24,1,0,22,0.2,0,0,0,0,0,0,0,0,0.0,0.0,0.0,0.0,0,1,1,0.0,0.0,0.0,0.0,0.0,0.0,0.0,0.0,0.0,0.0,mitchel bakker,Defender,left,189.0,FR1,7000000.0,14000000.0,https://img.a.transfermarkt.technology/portrait/header/361065-1658913284.jpg?lm=1,https://www.transfermarkt.co.uk/mitchel-bakker/profil/spieler/361065,mitchel bakker,M. Bakker,Mitchell Bakker,6/20/2000,18,182.88,72.1,LB,Netherlands,65,79,1000000.0,2000.0,Left,1,3,3,Normal,2000000.0,,,,,60,36,63,58,38,63,42,40,66,64,76,79,74,60,64,44,73,62,66,34,60,62,50,48,48,60,63,66,61,mitchell bakker,97
Gianluca Scamacca,ITA,AT,25,1,0,6,0.1,0,0,0,0,0,0,0,0,0.1,0.1,0.0,0.1,0,0,0,0.0,0.0,0.0,0.0,0.0,1.29,0.0,1.29,1.29,1.29,gianluca scamacca,Attack,right,195.0,IT1,24000000.0,35000000.0,https://img.a.transfermarkt.technology/portrait/header/315867-1659354755.jpg?lm=1,https://www.transfermarkt.co.uk/gianluca-scamacca/profil/spieler/315867,gianluca scamacca,G. Scamacca,Gianluca Scamacca,1/1/1999,20,195.58,79.8,ST,Italy,64,74,725000.0,6000.0,Right,1,3,3,Normal,1500000.0,,,,,22,66,69,60,57,64,51,70,40,69,54,54,58,56,37,68,70,54,74,64,47,24,56,59,55,59,50,17,18,gianluca scamacca,100
Mile Svilar,SRB,GB,24,38,38,"3,420",38.0,0,0,0,0,0,0,1,0,0.0,0.0,0.0,0.0,0,2,0,0.0,0.0,0.0,0.0,0.0,0.0,0.0,0.0,0.0,0.0,mile svilar,Goalkeeper,right,189.0,IT1,17000000.0,17000000.0,https://img.a.transfermarkt.technology/portrait/header/338670-1725532174.jpg?lm=1,https://www.transfermarkt.co.uk/mile-svilar/profil/spieler/338670,mile svilar,M. Svilar,Mile Svilar,8/27/1999,19,187.96,81.2,GK,Belgium,68,84,1500000.0,1000.0,Right,1,3,1,Normal,4000000.0,,,,,18,14,22,37,16,19,23,22,32,22,60,58,66,69,54,26,71,32,61,18,28,13,9,48,37,41,12,21,18,mile svilar,100
Angeliño,ESP,DF,27,38,36,"3,177",35.3,2,1,3,2,0,0,1,0,1.4,1.4,3.7,5.1,66,172,172,0.06,0.03,0.08,0.06,0.08,0.04,0.1,0.15,0.04,0.15,angelino,Defender,left,171.0,IT1,15000000.0,35000000.0,https://img.a.transfermarkt.technology/portrait/header/277179-1706626191.jpg?lm=1,https://www.transfermarkt.co.uk/angelino/profil/spieler/277179,angelino,Angeliño,José Ángel Esmoris Tasende,1/4/1997,22,175.26,68.9,LB,Spain,77,83,10500000.0,11000.0,Left,1,3,4,Stocky,16800000.0,,,,,83,57,53,76,62,81,83,75,74,79,87,85,75,74,82,80,80,87,72,66,77,73,74,77,55,67,68,74,72,josé ángel esmoris tasende,93
Gianluca Mancini,ITA,DF,28,37,36,"3,143",34.9,2,0,2,2,0,0,8,0,1.7,1.7,0.9,2.6,45,139,23,0.06,0.0,0.06,0.06,0.06,0.05,0.03,0.07,0.05,0.07,gianluca mancini,Defender,right,190.0,IT1,18000000.0,30000000.0,https://img.a.transfermarkt.technology/portrait/header/256448-1663581060.jpg?lm=1,https://www.transfermarkt.co.uk/gianluca-mancini/profil/spieler/256448,gianluca mancini,G. Mancini,Gianluca Mancini,4/17/1996,22,190.5,77.1,CB,Italy,72,81,4200000.0,15000.0,Right,1,3,2,Lean,7900000.0,,,,,34,32,72,53,40,41,38,34,40,53,52,52,37,62,57,51,68,53,76,34,76,72,32,39,47,55,73,75,72,gianluca mancini,100
Manu Koné,FRA,MT,23,34,31,"2,572",28.6,2,1,3,2,0,0,6,0,3.4,3.4,1.7,5.0,70,144,50,0.07,0.03,0.1,0.07,0.1,0.12,0.06,0.18,0.12,0.18,manu kone,Midfield,right,185.0,IT1,35000000.0,40000000.0,https://img.a.transfermarkt.technology/portrait/header/624690-1691248968.jpg?lm=1,https://www.transfermarkt.co.uk/manu-kone/profil/spieler/624690,manu kone,E. Manu,Elvis Manu,8/13/1993,25,172.72,69.9,"LW,LM,ST",Netherlands,68,70,1100000.0,7000.0,Right,1,4,3,Stocky,2300000.0,,,,,61,59,59,58,67,73,65,52,44,71,91,91,79,66,80,77,67,70,77,70,74,22,65,46,52,67,32,26,23,elvis manu,80
Artem Dovbyk,UKR,AT,27,32,27,"2,418",26.9,12,2,14,10,2,2,0,0,11.9,10.3,2.4,12.7,24,16,175,0.45,0.07,0.52,0.37,0.45,0.44,0.09,0.53,0.38,0.47,artem dovbyk,Attack,left,189.0,IT1,30000000.0,35000000.0,https://img.a.transfermarkt.technology/portrait/header/343537-1719215184.jpg?lm=1,https://www.transfermarkt.co.uk/artem-dovbyk/profil/spieler/343537,artem dovbyk,A. Dovbyk,Artem Dovbyk,6/21/1997,21,185.42,76.2,"ST,RW",Ukraine,62,72,500000.0,3000.0,Left,1,3,2,Normal,750000.0,,,,,39,63,54,54,51,64,44,35,36,61,70,72,62,56,66,68,65,62,76,51,45,19,57,39,53,46,32,19,13,artem dovbyk,100
Bryan Cristante,ITA,MT,29,30,23,"2,045",22.7,4,2,6,4,0,0,8,0,2.1,2.1,1.4,3.5,25,145,41,0.18,0.09,0.26,0.18,0.26,0.09,0.06,0.15,0.09,0.15,bryan cristante,Midfield,right,186.0,IT1,7000000.0,25000000.0,https://img.a.transfermarkt.technology/portrait/header/199248-1724827920.jpg?lm=1,https://www.transfermarkt.co.uk/bryan-cristante/profil/spieler/199248,bryan cristante,B. Cristante,Bryan Cristante,3/3/1995,24,185.42,79.8,"CM,CDM,CAM",Italy,78,84,14000000.0,51000.0,Right,2,3,4,Lean,26600000.0,,,,,68,68,73,81,67,76,65,62,78,80,63,60,64,75,54,80,58,69,75,77,72,72,76,74,58,74,74,77,72,bryan cristante,100
Lorenzo Pellegrini,ITA,MT,28,25,20,"1,626",18.1,2,1,3,1,1,1,4,0,4.7,3.9,2.5,6.4,27,61,82,0.11,0.06,0.17,0.06,0.11,0.26,0.14,0.4,0.22,0.35,lorenzo pellegrini,Midfield,right,186.0,IT1,14000000.0,45000000.0,https://img.a.transfermarkt.technology/portrait/header/286297-1692962972.jpg?lm=1,https://www.transfermarkt.co.uk/lorenzo-pellegrini/profil/spieler/286297,lorenzo pellegrini,L. Pellegrini,Lorenzo Pellegrini,6/19/1996,22,185.42,77.1,"CM,CAM,CDM",Italy,79,87,18500000.0,57000.0,Right,2,3,3,Normal,35200000.0,Italy,83.0,SUB,7.0,74,60,71,84,69,77,70,58,80,80,77,74,68,73,69,76,67,76,69,72,71,70,74,79,53,79,70,74,72,lorenzo pellegrini,100
Leandro Paredes,ARG,MT,30,22,15,"1,373",15.3,3,1,4,1,2,2,4,0,2.3,0.7,1.5,2.2,17,106,14,0.2,0.07,0.26,0.07,0.13,0.15,0.1,0.25,0.05,0.15,leandro paredes,Midfield,right,180.0,IT1,5000000.0,40000000.0,https://img.a.transfermarkt.technology/portrait/header/166237-1692881087.jpg?lm=1,https://www.transfermarkt.co.uk/leandro-paredes/profil/spieler/166237,leandro paredes,L. Paredes,Leandro Paredes,6/29/1994,24,154.94,74.8,"CM,CDM",Argentina,80,85,19500000.0,72000.0,Right,2,4,4,Normal,37500000.0,Argentina,82.0,CM,5.0,76,55,60,84,73,78,79,78,82,82,75,69,77,74,77,82,61,79,69,80,79,72,74,82,57,74,73,75,72,leandro paredes,100
Mats Hummels,GER,DF,35,14,11,915,10.2,0,0,0,0,0,0,1,0,0.5,0.5,0.1,0.5,4,26,1,0.0,0.0,0.0,0.0,0.0,0.05,0.01,0.05,0.05,0.05,mats hummels,Defender,right,191.0,IT1,2500000.0,60000000.0,https://img.a.transfermarkt.technology/portrait/header/39728-1709560545.jpg?lm=1,https://www.transfermarkt.co.uk/mats-hummels/profil/spieler/39728,mats hummels,M. Hummels,Mats  Hummels,12/16/1988,30,190.5,92.1,CB,Germany,88,88,46000000.0,160000.0,Right,4,3,3,Normal,75900000.0,Germany,85.0,LCB,5.0,64,55,87,81,60,68,65,53,85,81,53,62,63,87,60,71,68,66,84,51,69,92,56,79,68,91,88,90,88,mats  hummels,100
Enzo Le Fée,FRA,MT,24,6,4,318,3.5,0,0,0,0,0,0,1,0,0.2,0.2,0.1,0.3,15,28,3,0.0,0.0,0.0,0.0,0.0,0.06,0.03,0.1,0.06,0.1,enzo le fee,Midfield,right,173.0,FR1,18000000.0,20000000.0,https://img.a.transfermarkt.technology/portrait/header/633992-1623749409.jpg?lm=1,https://www.transfermarkt.co.uk/enzo-le-fee/profil/spieler/633992,enzo le fee,E. Le Fée,Enzo Le Fée,2/3/2000,19,170.18,58.1,CM,France,56,73,180000.0,1000.0,Right,1,3,2,Lean,428000.0,,,,,48,38,42,66,42,54,54,42,62,61,62,64,57,50,88,52,58,42,32,39,43,37,45,54,51,58,43,51,47,enzo le fée,95
Mario Hermoso,ESP,DF,29,8,2,251,2.8,0,0,0,0,0,0,2,1,0.1,0.1,0.0,0.1,3,14,5,0.0,0.0,0.0,0.0,0.0,0.02,0.0,0.02,0.02,0.02,mario hermoso,Defender,left,184.0,L1,10000000.0,35000000.0,https://img.a.transfermarkt.technology/portrait/header/281769-1666818938.jpg?lm=1,https://www.transfermarkt.co.uk/mario-hermoso/profil/spieler/281769,mario hermoso,Mario Hermoso,Mario Hermoso Canseco,6/18/1995,23,182.88,73.9,"CB,LB",Spain,77,85,11500000.0,22000.0,Left,1,4,2,Lean,26500000.0,,,,,71,29,72,70,37,61,65,55,73,72,78,88,78,76,71,61,86,77,77,32,76,77,64,52,45,68,72,80,78,mario hermoso canseco,100
Saud Abdulhamid,KSA,DF,25,4,2,205,2.3,0,1,1,0,0,0,0,0,0.0,0.0,0.2,0.2,6,9,26,0.0,0.44,0.44,0.0,0.44,0.01,0.08,0.09,0.01,0.09,saud abdulhamid,Defender,right,175.0,IT1,4000000.0,4000000.0,https://img.a.transfermarkt.technology/portrait/header/631927-1730124451.jpg?lm=1,https://www.transfermarkt.co.uk/saud-abdulhamid/profil/spieler/631927,saud abdulhamid,S. Abdulhamid,Saud Abdulhamid,7/18/1999,19,165.1,59.9,RB,Saudi Arabia,56,68,130000.0,2000.0,Right,1,3,2,Lean,247000.0,,,,,54,38,50,40,36,58,28,44,43,46,72,68,58,52,84,35,57,59,44,34,50,50,51,44,44,48,52,59,56,saud abdulhamid,100
Victor Nelsson,DEN,DF,25,4,1,187,2.1,0,0,0,0,0,0,0,0,0.0,0.0,0.0,0.0,0,4,0,0.0,0.0,0.0,0.0,0.0,0.02,0.0,0.02,0.02,0.02,victor nelsson,Defender,right,185.0,IT1,14000000.0,19000000.0,https://img.a.transfermarkt.technology/portrait/header/422951-1739281438.jpg?lm=1,https://www.transfermarkt.co.uk/victor-nelsson/profil/spieler/422951,victor nelsson,V. Nelsson,Victor Nelsson,10/14/1998,20,185.42,78.0,"CB,CM",Denmark,71,82,3500000.0,4000.0,Right,1,3,2,Normal,5000000.0,,,,,49,33,68,68,36,56,41,35,66,64,64,66,58,63,68,52,70,75,80,41,65,67,38,62,37,68,72,72,67,victor nelsson,100
Tammy Abraham,ENG,AT,26,1,0,1,0.0,0,0,0,0,0,0,0,0,0.0,0.0,0.0,0.0,0,1,2,0.0,0.0,0.0,0.0,0.0,0.0,0.0,0.0,0.0,0.0,tammy abraham,Attack,right,194.0,IT1,15000000.0,50000000.0,https://img.a.transfermarkt.technology/portrait/header/331726-1725531680.jpg?lm=1,https://www.transfermarkt.co.uk/tammy-abraham/profil/spieler/331726,tammy abraham,T. Abraham,Tammy Abraham,10/2/1997,21,190.5,79.8,ST,England,75,85,11000000.0,64000.0,Right,1,3,3,Lean,,,,,,47,78,76,64,62,68,50,42,41,73,71,81,65,74,56,75,69,66,79,64,41,22,77,61,72,73,35,23,15,tammy abraham,100
Dodô,BRA,DF,25,35,35,"3,115",34.6,0,5,5,0,0,0,8,0,1.4,1.4,4.2,5.6,143,128,193,0.0,0.14,0.14,0.0,0.14,0.04,0.12,0.16,0.04,0.16,dodo,Defender,right,166.0,IT1,22000000.0,22000000.0,https://img.a.transfermarkt.technology/portrait/header/401529-1663591985.jpg?lm=1,https://www.transfermarkt.co.uk/dodo/profil/spieler/401529,dodo,Dodô,Domilson Cordeiro dos Santos,11/17/1998,20,165.1,68.0,RB,Brazil,70,81,2600000.0,2000.0,Right,1,3,3,Lean,5900000.0,,,,,66,59,50,68,45,72,42,52,59,71,91,89,90,73,90,58,83,69,60,49,55,65,58,42,50,67,65,69,64,domilson cordeiro dos santos,86
Luca Ranieri,ITA,DF,25,36,35,"3,071",34.1,1,3,4,1,0,0,7,0,1.1,1.1,1.7,2.7,25,80,11,0.03,0.09,0.12,0.03,0.12,0.03,0.05,0.08,0.03,0.08,luca ranieri,Defender,left,187.0,IT1,12000000.0,12000000.0,https://img.a.transfermarkt.technology/portrait/header/346561-1692962464.jpg?lm=1,https://www.transfermarkt.co.uk/luca-ranieri/profil/spieler/346561,luca ranieri,L. Ranieri,Luca Ranieri,4/23/1999,19,185.42,73.9,"CB,LB",Italy,60,76,400000.0,3000.0,Left,1,3,2,Normal,,,,,,49,31,56,38,35,68,38,41,36,47,58,64,59,57,73,33,61,54,48,34,61,60,50,39,44,41,59,71,66,luca ranieri,100
Moise Kean,ITA,AT,24,32,31,"2,704",30.0,19,3,22,18,1,2,6,0,19.4,17.9,1.9,19.7,42,26,143,0.63,0.1,0.73,0.6,0.7,0.65,0.06,0.71,0.59,0.66,moise kean,Attack,right,183.0,IT1,40000000.0,40000000.0,https://img.a.transfermarkt.technology/portrait/header/364135-1725532147.jpg?lm=1,https://www.transfermarkt.co.uk/moise-kean/profil/spieler/364135,moise kean,M. Kean,Moise Kean,2/28/2000,19,182.88,78.9,ST,Italy,72,87,6500000.0,32000.0,Right,1,3,3,Lean,14800000.0,,,,,42,75,65,59,64,73,62,43,38,74,75,79,75,68,69,71,68,69,73,58,45,21,72,51,65,68,27,28,16,moise kean,100
Robin Gosens,GER,DF,30,32,29,"2,521",28.0,5,5,10,5,0,0,6,0,1.8,1.8,2.4,4.1,31,102,91,0.18,0.18,0.36,0.18,0.36,0.06,0.08,0.15,0.06,0.15,robin gosens,Defender,left,183.0,IT1,8000000.0,35000000.0,https://img.a.transfermarkt.technology/portrait/header/273132-1686641124.jpg?lm=1,https://www.transfermarkt.co.uk/robin-gosens/profil/spieler/273132,robin gosens,R. Gosens,Robin Gosens,7/5/1994,24,182.88,76.2,"LM,LB",Germany,73,78,5500000.0,18000.0,Left,1,3,3,Normal,9800000.0,,,,,75,62,57,73,60,77,70,58,70,75,76,74,68,70,66,72,91,78,65,66,68,64,63,64,50,60,74,72,70,robin gosens,100
Danilo Cataldi,ITA,MT,29,25,23,"1,728",19.2,3,0,3,3,0,0,1,0,1.1,1.1,0.8,1.9,18,90,16,0.16,0.0,0.16,0.16,0.16,0.06,0.04,0.1,0.06,0.1,danilo cataldi,Midfield,right,180.0,IT1,4000000.0,10000000.0,https://img.a.transfermarkt.technology/portrait/header/199733-1661513736.jpg?lm=1,https://www.transfermarkt.co.uk/danilo-cataldi/profil/spieler/199733,danilo cataldi,D. Cataldi,Danilo Cataldi,8/6/1994,24,154.94,69.9,"CM,CDM",Italy,75,79,8500000.0,35000.0,Right,2,3,3,Lean,15100000.0,,,,,70,66,60,79,65,72,67,70,76,77,74,69,73,70,75,75,55,68,65,75,74,71,67,73,52,68,67,69,68,danilo cataldi,100
Rolando Mandragora,ITA,MT,27,29,22,"1,931",21.5,4,3,7,3,1,1,7,0,2.7,1.9,4.8,6.6,11,92,34,0.19,0.14,0.33,0.14,0.28,0.12,0.22,0.35,0.09,0.31,rolando mandragora,Midfield,left,183.0,IT1,10000000.0,15000000.0,https://img.a.transfermarkt.technology/portrait/header/308279-1663591807.jpg?lm=1,https://www.transfermarkt.co.uk/rolando-mandragora/profil/spieler/308279,rolando mandragora,R. Mandragora,Rolando Mandragora,6/29/1997,21,182.88,76.2,"CM,CDM",Italy,75,85,10500000.0,18000.0,Left,1,3,3,Lean,20000000.0,,,,,65,59,65,77,55,76,66,57,74,75,54,67,73,74,74,66,68,76,77,65,67,74,62,75,52,69,77,75,69,rolando mandragora,100
Yacine Adli,FRA,MT,24,26,15,"1,234",13.7,4,6,10,4,0,0,3,1,1.0,1.0,2.4,3.4,24,103,30,0.29,0.44,0.73,0.29,0.73,0.08,0.17,0.25,0.08,0.25,yacine adli,Midfield,right,186.0,IT1,15000000.0,15000000.0,https://img.a.transfermarkt.technology/portrait/header/395236-1725531271.jpg?lm=1,https://www.transfermarkt.co.uk/yacine-adli/profil/spieler/395236,yacine adli,Y. Adli,Yacine Adli,7/29/2000,18,185.42,73.0,"CM,CAM",France,65,84,1100000.0,5000.0,Right,1,3,3,Lean,2800000.0,,,,,62,46,60,67,50,74,60,50,65,72,62,61,65,56,57,67,59,59,63,53,53,51,59,70,55,65,59,57,55,yacine adli,100
Marin Pongračić,CRO,DF,26,20,14,"1,367",15.2,0,0,0,0,0,0,3,1,0.2,0.2,0.2,0.4,7,34,5,0.0,0.0,0.0,0.0,0.0,0.01,0.01,0.03,0.01,0.03,marin pongračić,Defender,right,193.0,IT1,10000000.0,10000000.0,https://img.a.transfermarkt.technology/portrait/header/282144-1657202331.jpg?lm=1,https://www.transfermarkt.co.uk/marin-pongracic/profil/spieler/282144,marin pongračić,M. Pongračić,Marin Pongračić,9/11/1997,21,187.96,84.8,CB,Croatia,72,83,4700000.0,16000.0,Right,1,3,2,Normal,8000000.0,,,,,27,18,70,65,20,62,28,25,63,66,55,69,65,66,46,40,75,68,84,22,75,70,28,59,30,63,65,75,67,marin pongračić,100
Pablo Marí,ESP,DF,30,13,12,"1,098",12.2,0,0,0,0,0,0,2,0,0.1,0.1,0.0,0.1,2,27,0,0.0,0.0,0.0,0.0,0.0,0.01,0.0,0.01,0.01,0.01,pablo mari,Defender,left,193.0,IT1,3500000.0,7000000.0,https://img.a.transfermarkt.technology/portrait/header/210178-1739282325.jpg?lm=1,https://www.transfermarkt.co.uk/pablo-mari/profil/spieler/210178,pablo mari,Pablo Marí,Pablo Marí Villar,8/31/1993,25,190.5,87.1,CB,Spain,72,78,3600000.0,51000.0,Left,1,3,2,Lean,,,,,,32,38,73,66,28,41,27,30,63,62,54,50,51,70,37,53,64,66,85,40,59,71,34,37,31,62,72,74,66,pablo marí villar,95
Amir Richardson,MAR,MT,22,27,10,"1,099",12.2,1,1,2,1,0,0,6,0,0.9,0.9,0.6,1.5,19,47,31,0.08,0.08,0.16,0.08,0.16,0.07,0.05,0.12,0.07,0.12,amir richardson,Midfield,left,197.0,IT1,9000000.0,9000000.0,https://img.a.transfermarkt.technology/portrait/header/893675-1725529481.jpg?lm=1,https://www.transfermarkt.co.uk/amir-richardson/profil/spieler/893675,amir richardson,I. Richards,Isaac Richards,4/9/1999,19,190.5,79.8,GK,Australia,51,66,70000.0,1000.0,Left,1,2,1,Lean,131000.0,,,,,11,5,12,36,5,13,11,12,18,17,24,32,31,35,25,17,32,26,62,7,20,10,5,31,16,33,6,11,13,isaac richards,80
Cristiano Biraghi,ITA,DF,31,8,5,433,4.8,1,0,1,1,0,0,1,0,0.2,0.2,0.3,0.5,3,15,17,0.21,0.0,0.21,0.21,0.21,0.03,0.06,0.1,0.03,0.1,cristiano biraghi,Defender,left,185.0,IT1,2000000.0,12000000.0,https://img.a.transfermarkt.technology/portrait/header/124555-1724827712.jpg?lm=1,https://www.transfermarkt.co.uk/cristiano-biraghi/profil/spieler/124555,cristiano biraghi,C. Biraghi,Cristiano Biraghi,9/1/1992,26,185.42,78.0,"LB,LM",Italy,76,78,7500000.0,42000.0,Left,1,3,3,Normal,13300000.0,Italy,83.0,LB,4.0,78,40,65,72,46,71,68,50,69,71,77,78,73,74,72,79,70,77,69,65,74,75,58,56,64,70,75,77,73,cristiano biraghi,100
Lucas Martínez Quarta,ARG,DF,28,8,4,351,3.9,1,0,1,1,0,0,1,0,0.7,0.7,0.0,0.7,3,14,2,0.26,0.0,0.26,0.26,0.26,0.19,0.01,0.19,0.19,0.19,lucas martinez quarta,Defender,right,183.0,IT1,15000000.0,15000000.0,https://img.a.transfermarkt.technology/portrait/header/373373-1663591880.jpg?lm=1,https://www.transfermarkt.co.uk/lucas-martinez-quarta/profil/spieler/373373,lucas martinez quarta,L. Martínez Quarta,Lucas Martínez Quarta,5/10/1996,22,182.88,78.0,CB,Argentina,74,83,7500000.0,16000.0,Right,1,3,3,Lean,12000000.0,,,,,59,49,77,71,49,65,46,43,74,69,73,74,68,71,66,63,78,69,75,51,72,70,59,61,54,74,72,72,72,lucas martínez quarta,98
Nicolò Zaniolo,ITA,AT,25,9,4,343,3.8,0,0,0,0,0,0,2,1,0.7,0.6,0.2,0.9,8,5,20,0.0,0.0,0.0,0.0,0.0,0.16,0.06,0.22,0.15,0.21,nicolo zaniolo,Midfield,left,190.0,IT1,16000000.0,55000000.0,https://img.a.transfermarkt.technology/portrait/header/392085-1713472570.jpg?lm=1,https://www.transfermarkt.co.uk/nicolo-zaniolo/profil/spieler/392085,nicolo zaniolo,N. Zaniolo,Nicolò Zaniolo,7/2/1999,19,190.5,78.9,"CAM,CM,RW",Italy,70,87,3700000.0,14000.0,Left,1,3,3,Normal,8500000.0,,,,,45,62,59,71,39,70,59,51,68,74,69,65,53,67,65,62,46,74,68,64,74,44,70,70,49,62,56,50,40,nicolò zaniolo,96
Pietro Terracciano,ITA,GB,34,3,3,270,3.0,0,0,0,0,0,0,0,0,0.0,0.0,0.0,0.0,0,0,0,0.0,0.0,0.0,0.0,0.0,0.0,0.0,0.0,0.0,0.0,pietro terracciano,Goalkeeper,right,193.0,IT1,1500000.0,2500000.0,https://img.a.transfermarkt.technology/portrait/header/96254-1595853091.jpg?lm=1,https://www.transfermarkt.co.uk/pietro-terracciano/profil/spieler/96254,pietro terracciano,P. Terracciano,Pietro Terracciano,3/8/1990,29,193.04,78.0,GK,Italy,71,72,1900000.0,8000.0,Right,1,2,1,Lean,,,,,,13,11,15,27,16,15,12,12,21,22,40,42,41,68,45,17,55,33,60,11,19,16,12,42,22,63,20,11,19,pietro terracciano,100
Sofyan Amrabat,MAR,MT,27,2,2,180,2.0,0,0,0,0,0,0,0,0,0.0,0.0,0.1,0.1,2,14,1,0.0,0.0,0.0,0.0,0.0,0.0,0.03,0.03,0.0,0.03,sofyan amrabat,Midfield,right,185.0,TR1,20000000.0,30000000.0,https://img.a.transfermarkt.technology/portrait/header/287579-1728392547.jpg?lm=1,https://www.transfermarkt.co.uk/sofyan-amrabat/profil/spieler/287579,sofyan amrabat,S. Amrabat,Sofyan Amrabat,8/21/1996,22,182.88,77.1,"CM,RB,CB",Morocco,73,79,5500000.0,13000.0,Right,1,3,3,Normal,8800000.0,,,,,70,49,65,77,58,75,65,53,76,75,68,72,70,66,75,76,74,80,77,57,77,70,60,70,50,71,66,69,64,sofyan amrabat,100
Antonín Barák,CZE,MT,29,1,1,54,0.6,0,0,0,0,0,0,0,0,0.1,0.1,0.3,0.4,2,2,5,0.0,0.0,0.0,0.0,0.0,0.13,0.47,0.6,0.13,0.6,antonin barak,Midfield,left,190.0,TR1,3000000.0,20000000.0,https://img.a.transfermarkt.technology/portrait/header/272261-1727699332.jpg?lm=1,https://www.transfermarkt.co.uk/antonin-barak/profil/spieler/272261,antonin barak,A. Barák,Antonín Barák,12/3/1994,24,190.5,86.2,"CM,CAM",Czech Republic,77,84,12500000.0,24000.0,Left,1,3,4,Lean,23800000.0,,,,,72,68,60,80,64,78,62,66,78,80,66,68,63,72,63,81,58,77,78,78,58,64,74,76,66,76,25,66,62,antonín barák,92
Alessandro Bianco,ITA,MT,21,1,0,18,0.2,0,0,0,0,0,0,0,0,0.0,0.0,0.0,0.0,0,0,1,0.0,0.0,0.0,0.0,0.0,0.0,0.0,0.0,0.0,0.0,alessandro bianco,Midfield,right,173.0,IT1,5000000.0,5000000.0,https://img.a.transfermarkt.technology/portrait/header/602124-1725528350.jpg?lm=1,https://www.transfermarkt.co.uk/alessandro-bianco/profil/spieler/602124,alessandro bianco,A. Bruno,Alessandro Bruno,7/4/1983,35,154.94,69.9,"CM,CDM",Italy,64,64,220000.0,1000.0,Right,1,3,2,Normal,341000.0,,,,,56,39,56,63,44,58,52,49,66,66,54,32,60,68,72,58,43,70,72,57,63,65,51,65,51,68,66,61,56,alessandro bruno,85
Mattéo Guendouzi,FRA,MT,25,37,37,"3,270",36.3,1,3,4,1,0,0,7,0,1.4,1.4,3.2,4.6,89,316,64,0.03,0.08,0.11,0.03,0.11,0.04,0.09,0.13,0.04,0.13,matteo guendouzi,Midfield,right,185.0,IT1,32000000.0,50000000.0,https://img.a.transfermarkt.technology/portrait/header/465830-1730125468.jpg?lm=1,https://www.transfermarkt.co.uk/matteo-guendouzi/profil/spieler/465830,matteo guendouzi,M. Guendouzi,Mattéo Guendouzi,4/14/1999,19,185.42,68.0,"CM,CDM",France,72,85,6000000.0,28000.0,Right,1,3,3,Lean,15200000.0,,,,,67,56,67,76,49,72,70,55,77,69,72,70,66,69,66,69,68,78,70,65,76,71,56,72,49,76,67,71,66,mattéo guendouzi,97
Mattia Zaccagni,ITA,AT,29,34,33,"2,686",29.8,8,6,14,6,2,2,10,0,6.4,4.9,4.6,9.5,91,114,264,0.27,0.2,0.47,0.2,0.4,0.22,0.15,0.37,0.16,0.32,mattia zaccagni,Attack,right,177.0,IT1,20000000.0,30000000.0,https://img.a.transfermarkt.technology/portrait/header/283735-1695026445.jpg?lm=1,https://www.transfermarkt.co.uk/mattia-zaccagni/profil/spieler/283735,mattia zaccagni,M. Zaccagni,Mattia Zaccagni,6/16/1995,23,152.4,63.0,CM,Italy,68,74,1200000.0,2000.0,Right,1,2,3,Lean,2200000.0,,,,,59,48,46,74,44,64,48,48,72,74,61,52,67,60,66,64,47,55,37,63,67,47,69,68,55,65,62,62,59,mattia zaccagni,100
Alessio Romagnoli,ITA,DF,29,32,31,"2,672",29.7,2,0,2,2,0,0,4,2,2.4,2.4,0.3,2.6,8,90,4,0.07,0.0,0.07,0.07,0.07,0.08,0.01,0.09,0.08,0.09,alessio romagnoli,Defender,left,185.0,IT1,12000000.0,50000000.0,https://img.a.transfermarkt.technology/portrait/header/197747-1730125586.jpg?lm=1,https://www.transfermarkt.co.uk/alessio-romagnoli/profil/spieler/197747,alessio romagnoli,A. Romagnoli,Alessio Romagnoli,1/12/1995,24,187.96,78.0,CB,Italy,83,90,31000000.0,92000.0,Left,2,3,2,Normal,58900000.0,,,,,36,30,77,72,28,65,36,24,71,70,63,69,60,78,53,64,78,75,81,46,85,86,31,45,34,76,88,86,82,alessio romagnoli,100
Ivan Provedel,ITA,GB,30,29,29,"2,610",29.0,0,0,0,0,0,0,0,0,0.0,0.0,0.3,0.3,0,4,0,0.0,0.0,0.0,0.0,0.0,0.0,0.01,0.01,0.0,0.01,ivan provedel,Goalkeeper,right,194.0,IT1,7000000.0,14000000.0,https://img.a.transfermarkt.technology/portrait/header/197929-1695160944.jpg?lm=1,https://www.transfermarkt.co.uk/ivan-provedel/profil/spieler/197929,ivan provedel,I. Provedel,Ivan Provedel,3/17/1994,24,193.04,83.9,GK,Italy,71,77,2400000.0,6000.0,Right,1,2,1,Lean,4700000.0,,,,,21,17,17,29,14,16,13,13,23,18,44,40,38,64,44,17,56,28,56,20,27,22,16,48,22,58,22,22,21,ivan provedel,100
Boulaye Dia,SEN,"MT,AT",27,35,27,"2,177",24.2,9,3,12,9,0,0,2,0,7.1,7.1,4.2,11.3,23,51,114,0.37,0.12,0.5,0.37,0.5,0.29,0.17,0.47,0.29,0.47,boulaye dia,Attack,right,180.0,IT1,15000000.0,25000000.0,https://img.a.transfermarkt.technology/portrait/header/626913-1730127040.jpg?lm=1,https://www.transfermarkt.co.uk/boulaye-dia/profil/spieler/626913,boulaye dia,B. Dia,Boulaye Dia,11/16/1996,22,154.94,74.8,ST,France,65,75,875000.0,4000.0,Right,1,3,2,Normal,1900000.0,,,,,36,69,65,56,51,60,46,42,40,61,69,70,58,56,53,69,64,54,74,60,48,22,63,45,62,48,28,17,14,boulaye dia,100
Nuno Tavares,POR,DF,24,23,22,"1,686",18.7,0,8,8,0,0,0,4,1,1.1,1.1,4.8,5.9,98,111,100,0.0,0.43,0.43,0.0,0.43,0.06,0.26,0.32,0.06,0.32,nuno tavares,Defender,left,183.0,IT1,25000000.0,25000000.0,https://img.a.transfermarkt.technology/portrait/header/535955-1730127360.jpg?lm=1,https://www.transfermarkt.co.uk/nuno-tavares/profil/spieler/535955,nuno tavares,Júnior Tavares,Carlos Eugenio Tavares dos Santos,8/7/1996,22,152.4,68.9,LB,Brazil,65,74,725000.0,5000.0,Left,1,2,3,Normal,1400000.0,,,,,64,31,54,54,34,65,35,36,52,69,79,75,78,59,71,34,58,78,54,29,59,58,52,41,48,59,64,63,60,carlos eugenio tavares dos santos,80
Manuel Lazzari,ITA,DF,30,25,16,"1,406",15.6,0,1,1,0,0,0,3,0,0.1,0.1,1.3,1.4,72,66,96,0.0,0.06,0.06,0.0,0.06,0.01,0.08,0.09,0.01,0.09,manuel lazzari,Midfield,right,174.0,IT1,4000000.0,23000000.0,https://img.a.transfermarkt.technology/portrait/header/331401-1707947147.jpg?lm=1,https://www.transfermarkt.co.uk/manuel-lazzari/profil/spieler/331401,manuel lazzari,M. Lazzari,Manuel Lazzari,11/29/1993,25,175.26,67.1,RM,Italy,78,79,12500000.0,15000.0,Right,1,3,3,Lean,23400000.0,,,,,78,66,44,78,58,79,65,57,74,79,84,79,75,75,70,53,36,78,49,57,53,53,73,72,58,73,58,51,42,manuel lazzari,100
Fisayo Dele-Bashiru,NGA,"MT,AT",23,20,12,947,10.5,3,1,4,3,0,0,0,0,1.1,1.1,0.8,1.9,23,26,57,0.29,0.1,0.38,0.29,0.38,0.1,0.08,0.18,0.1,0.18,fisayo dele bashiru,Midfield,right,186.0,IT1,8000000.0,8000000.0,https://img.a.transfermarkt.technology/portrait/header/530742-1683029896.jpg?lm=1,https://www.transfermarkt.co.uk/fisayo-dele-bashiru/profil/spieler/530742,fisayo dele bashiru,T. Dele-Bashiru,Tom Dele-Bashiru,9/17/1999,19,152.4,68.0,CM,England,57,76,210000.0,6000.0,Right,1,2,2,Normal,520000.0,,,,,39,49,48,60,47,59,42,49,56,56,70,71,73,54,71,53,66,59,61,43,57,51,57,54,55,49,52,53,49,tom dele-bashiru,80
Luca Pellegrini,ITA,DF,25,22,10,"1,067",11.9,0,4,4,0,0,0,5,0,0.7,0.7,1.8,2.4,21,72,61,0.0,0.34,0.34,0.0,0.34,0.06,0.15,0.2,0.06,0.2,luca pellegrini,Defender,left,178.0,IT1,2500000.0,15000000.0,https://img.a.transfermarkt.technology/portrait/header/346567-1663065246.jpg?lm=1,https://www.transfermarkt.co.uk/luca-pellegrini/profil/spieler/346567,luca pellegrini,L. Pellegrini,Luca Pellegrini,3/7/1999,20,152.4,72.1,LB,Italy,65,79,1000000.0,5000.0,Left,1,3,2,Normal,,,,,,69,30,57,56,33,64,39,39,40,60,75,72,54,60,69,36,59,53,50,35,56,60,66,36,49,54,64,66,68,luca pellegrini,100
Matías Vecino,URU,MT,32,20,7,877,9.7,2,3,5,2,0,0,7,0,2.3,2.3,2.4,4.6,4,29,14,0.21,0.31,0.51,0.21,0.51,0.23,0.24,0.47,0.23,0.47,matias vecino,Midfield,right,187.0,IT1,2500000.0,25000000.0,https://img.a.transfermarkt.technology/portrait/header/143812-1695026891.jpg?lm=1,https://www.transfermarkt.co.uk/matias-vecino/profil/spieler/143812,matias vecino,M. Vecino,Matias Vecino,8/24/1991,27,187.96,81.2,"CDM,CM",Uruguay,80,81,14500000.0,63000.0,Right,2,3,4,Lean,25700000.0,Uruguay,81.0,LM,15.0,71,61,75,83,62,84,64,58,79,84,74,69,66,83,56,78,67,81,75,77,72,76,74,81,56,81,76,77,73,matias vecino,100
Samuel Gigot,FRA,DF,30,15,7,683,7.6,2,0,2,2,0,0,2,0,1.3,1.3,0.0,1.3,7,12,5,0.26,0.0,0.26,0.26,0.26,0.17,0.0,0.17,0.17,0.17,samuel gigot,Defender,right,187.0,IT1,4000000.0,11000000.0,https://img.a.transfermarkt.technology/portrait/header/276896-1703066101.jpg?lm=1,https://www.transfermarkt.co.uk/samuel-gigot/profil/spieler/276896,samuel gigot,S. Gigot,Samuel Gigot,10/12/1993,25,187.96,83.0,CB,France,76,81,8500000.0,1000.0,Right,1,2,2,Normal,18500000.0,,,,,68,20,73,67,25,53,34,33,71,63,60,69,61,75,57,44,63,73,83,27,79,76,39,51,56,67,77,73,75,samuel gigot,100
Patric,ESP,DF,31,10,5,607,6.7,1,0,1,1,0,0,2,0,1.1,1.1,0.0,1.1,4,30,5,0.15,0.0,0.15,0.15,0.15,0.16,0.0,0.16,0.16,0.16,patric,Defender,right,184.0,IT1,4000000.0,9000000.0,https://img.a.transfermarkt.technology/portrait/header/126729-1695026786.jpg?lm=1,https://www.transfermarkt.co.uk/patric/profil/spieler/126729,patric,Patric,Patricio Gabarrón Gil,4/17/1993,25,182.88,72.1,RB,Spain,72,75,3200000.0,26000.0,Right,1,3,2,Lean,5700000.0,,,,,65,49,69,72,25,60,46,48,55,70,67,64,64,68,57,63,67,69,66,57,62,74,55,62,51,67,73,76,74,patricio gabarrón gil,100
Elseid Hysaj,ALB,DF,30,11,4,424,4.7,0,3,3,0,0,0,2,1,0.2,0.2,1.6,1.8,4,14,18,0.0,0.64,0.64,0.0,0.64,0.04,0.35,0.38,0.04,0.38,elseid hysaj,Defender,right,182.0,IT1,2000000.0,25000000.0,https://img.a.transfermarkt.technology/portrait/header/200056-1661350737.jpg?lm=1,https://www.transfermarkt.co.uk/elseid-hysaj/profil/spieler/200056,elseid hysaj,E. Hysaj,Elseid Hysaj,2/2/1994,25,182.88,69.9,RB,Albania,80,85,16500000.0,54000.0,Right,2,3,3,Normal,29300000.0,,,,,75,47,66,77,40,73,40,30,70,77,79,82,76,79,69,68,69,87,69,43,79,80,63,59,40,76,77,81,80,elseid hysaj,100
Gaetano Castrovilli,ITA,"MT,AT",27,9,1,148,1.6,0,0,0,0,0,0,0,0,0.1,0.1,0.7,0.8,5,10,6,0.0,0.0,0.0,0.0,0.0,0.05,0.44,0.49,0.05,0.49,gaetano castrovilli,Midfield,right,187.0,IT1,3500000.0,25000000.0,https://img.a.transfermarkt.technology/portrait/header/303116-1730126731.jpg?lm=1,https://www.transfermarkt.co.uk/gaetano-castrovilli/profil/spieler/303116,gaetano castrovilli,G. Castrovilli,Gaetano Castrovilli,2/17/1997,22,152.4,72.1,"CAM,CM,LW",Italy,65,75,875000.0,9000.0,Right,1,2,2,Lean,,,,,,58,55,49,70,48,62,56,41,67,70,73,68,92,55,78,62,55,33,30,39,40,48,62,62,55,62,41,45,54,gaetano castrovilli,100
Mike Maignan,FRA,GB,29,37,37,"3,294",36.6,0,0,0,0,0,0,1,0,0.0,0.0,0.8,0.8,0,4,0,0.0,0.0,0.0,0.0,0.0,0.0,0.02,0.02,0.0,0.02,mike maignan,Goalkeeper,right,191.0,IT1,25000000.0,45000000.0,https://img.a.transfermarkt.technology/portrait/header/182906-1681459155.jpg?lm=1,https://www.transfermarkt.co.uk/mike-maignan/profil/spieler/182906,mike maignan,M. Maignan,Mike Maignan,7/3/1995,23,190.5,88.9,GK,France,76,84,8500000.0,18000.0,Right,1,3,1,Normal,17900000.0,,,,,18,13,17,36,16,22,14,16,27,24,47,46,39,72,55,19,72,28,76,20,17,24,14,50,15,55,14,12,19,mike maignan,100
Theo Hernández,FRA,DF,26,33,30,"2,696",30.0,4,3,7,4,0,1,4,1,2.7,1.9,4.7,6.6,93,132,148,0.13,0.1,0.23,0.13,0.23,0.09,0.16,0.25,0.06,0.22,theo hernandez,Defender,left,184.0,IT1,40000000.0,60000000.0,https://img.a.transfermarkt.technology/portrait/header/339808-1725532072.jpg?lm=1,https://www.transfermarkt.co.uk/theo-hernandez/profil/spieler/339808,theo hernandez,T. Hernández,Theo Bernard François Hernández,10/6/1997,21,182.88,82.1,LB,France,77,85,11000000.0,76000.0,Left,1,3,3,Normal,,,,,,75,50,72,76,62,78,63,64,52,72,90,90,76,66,61,75,62,75,79,56,75,69,58,47,41,65,72,76,79,theo bernard françois hernández,83
Youssouf Fofana,FRA,MT,25,35,29,"2,504",27.8,1,6,7,1,0,0,5,0,1.3,1.3,3.4,4.7,44,176,32,0.04,0.22,0.25,0.04,0.25,0.05,0.12,0.17,0.05,0.17,youssouf fofana,Midfield,right,185.0,IT1,30000000.0,30000000.0,https://img.a.transfermarkt.technology/portrait/header/569598-1725528517.jpg?lm=1,https://www.transfermarkt.co.uk/youssouf-fofana/profil/spieler/569598,youssouf fofana,Y. Fofana,Youssouf Fofana,1/10/1999,20,175.26,68.9,CM,France,66,81,1400000.0,3000.0,Right,1,3,3,Normal,3600000.0,,,,,50,50,58,70,39,67,49,42,66,69,76,76,74,63,73,58,57,68,73,53,64,65,58,63,64,69,61,62,65,youssouf fofana,100
Rafael Leão,POR,AT,25,34,25,"2,323",25.8,8,8,16,8,0,0,5,0,7.6,7.6,8.4,15.9,123,93,262,0.31,0.31,0.62,0.31,0.62,0.29,0.32,0.62,0.29,0.62,rafael leao,Attack,right,188.0,IT1,75000000.0,90000000.0,https://img.a.transfermarkt.technology/portrait/header/357164-1730126553.jpg?lm=1,https://www.transfermarkt.co.uk/rafael-leao/profil/spieler/357164,rafael leao,Rafael Leão,Rafael da Conceição Leão,6/10/1999,19,187.96,81.2,"ST,LM",Portugal,74,86,10000000.0,15000.0,Right,1,4,4,Normal,21000000.0,,,,,62,76,56,64,65,75,72,58,52,73,87,85,75,72,59,77,64,70,77,59,59,21,73,66,63,76,25,24,21,rafael da conceição leão,95
Fikayo Tomori,ENG,DF,26,22,19,"1,593",17.7,0,1,1,0,0,0,4,1,0.1,0.1,0.7,0.8,8,63,3,0.0,0.06,0.06,0.0,0.06,0.0,0.04,0.05,0.0,0.05,fikayo tomori,Defender,right,185.0,IT1,20000000.0,50000000.0,https://img.a.transfermarkt.technology/portrait/header/303254-1684856117.jpg?lm=1,https://www.transfermarkt.co.uk/fikayo-tomori/profil/spieler/303254,fikayo tomori,F. Tomori,Fikayo Tomori,12/19/1997,21,185.42,74.8,CB,England,71,83,3800000.0,17000.0,Right,1,3,2,Lean,7900000.0,,,,,56,33,62,71,32,65,29,40,57,62,81,83,83,64,61,41,71,66,73,36,67,73,33,36,27,73,69,75,69,fikayo tomori,100
Emerson,BRA,DF,25,17,16,"1,377",15.3,0,0,0,0,0,0,5,0,0.4,0.4,0.7,1.1,23,68,71,0.0,0.0,0.0,0.0,0.0,0.03,0.05,0.07,0.03,0.07,emerson,Defender,left,176.0,GB1,12000000.0,30000000.0,https://img.a.transfermarkt.technology/portrait/header/181778-1660636930.jpg?lm=1,https://www.transfermarkt.co.uk/emerson/profil/spieler/181778,emerson,Emerson,Emerson Palmieri dos Santos,8/3/1994,24,175.26,77.1,"LB,LM",Italy,76,82,9000000.0,64000.0,Left,2,3,3,Lean,18500000.0,,,,,78,43,60,75,44,78,53,71,66,80,83,78,75,77,72,80,67,74,52,77,65,76,75,45,55,72,75,70,70,emerson palmieri dos santos,100
Tammy Abraham,ENG,AT,26,28,12,"1,183",13.1,3,4,7,2,1,2,1,0,7.1,5.4,2.2,7.6,8,26,69,0.23,0.3,0.53,0.15,0.46,0.54,0.16,0.7,0.41,0.58,tammy abraham,Attack,right,194.0,IT1,15000000.0,50000000.0,https://img.a.transfermarkt.technology/portrait/header/331726-1725531680.jpg?lm=1,https://www.transfermarkt.co.uk/tammy-abraham/profil/spieler/331726,tammy abraham,T. Abraham,Tammy Abraham,10/2/1997,21,190.5,79.8,ST,England,75,85,11000000.0,64000.0,Right,1,3,3,Lean,,,,,,47,78,76,64,62,68,50,42,41,73,71,81,65,74,56,75,69,66,79,64,41,22,77,61,72,73,35,23,15,tammy abraham,100
Ruben Loftus-Cheek,ENG,MT,28,19,10,"1,037",11.5,0,0,0,0,0,0,3,0,0.7,0.7,1.9,2.6,27,51,32,0.0,0.0,0.0,0.0,0.0,0.06,0.16,0.22,0.06,0.22,ruben loftus cheek,Midfield,right,191.0,IT1,16000000.0,30000000.0,https://img.a.transfermarkt.technology/portrait/header/202886-1692879593.jpg?lm=1,https://www.transfermarkt.co.uk/ruben-loftus-cheek/profil/spieler/202886,ruben loftus cheek,R. Loftus-Cheek,Ruben Loftus-Cheek,1/23/1996,23,190.5,88.0,"CM,LM",England,78,85,14500000.0,81000.0,Right,1,3,4,Normal,29700000.0,,,,,62,65,58,83,54,82,58,57,81,81,68,74,76,67,70,65,59,75,80,62,79,57,79,79,45,80,59,67,61,ruben loftus-cheek,100
João Félix,POR,MT,24,15,8,760,8.4,2,0,2,2,0,0,3,0,2.7,2.7,1.2,3.8,20,40,56,0.24,0.0,0.24,0.24,0.24,0.32,0.14,0.46,0.32,0.46,joao felix,Attack,right,181.0,IT1,25000000.0,100000000.0,https://img.a.transfermarkt.technology/portrait/header/462250-1668165358.jpg?lm=1,https://www.transfermarkt.co.uk/joao-felix/profil/spieler/462250,joao felix,João Félix,João Félix Sequeira,11/10/1999,19,154.94,69.9,"CF,LW",Portugal,76,89,14000000.0,7000.0,Right,1,3,4,Lean,36800000.0,,,,,65,74,68,70,69,81,75,51,67,78,78,83,84,78,78,74,78,82,64,72,58,38,76,72,62,80,28,42,35,joão félix sequeira,89
Santiago Giménez,MEX,AT,23,14,7,669,7.4,5,2,7,5,0,1,3,1,4.8,4.0,0.9,4.9,13,6,38,0.67,0.27,0.94,0.67,0.94,0.64,0.13,0.77,0.54,0.66,santiago gimenez,Attack,left,183.0,IT1,37000000.0,50000000.0,https://img.a.transfermarkt.technology/portrait/header/552955-1739903736.jpg?lm=1,https://www.transfermarkt.co.uk/santiago-gimenez/profil/spieler/552955,santiago gimenez,S. Jiménez,Santiago Jiménez,3/1/1998,21,175.26,69.9,RB,Colombia,57,74,200000.0,1000.0,Right,1,2,2,Normal,395000.0,,,,,47,25,57,56,23,50,33,33,30,46,72,74,60,55,76,20,60,58,59,27,48,56,52,36,30,37,62,52,49,santiago jiménez,90
Kyle Walker,ENG,DF,34,11,7,659,7.3,0,0,0,0,0,0,1,0,0.0,0.0,0.9,1.0,11,32,19,0.0,0.0,0.0,0.0,0.0,0.01,0.13,0.13,0.01,0.13,kyle walker,Defender,right,183.0,IT1,6000000.0,50000000.0,https://img.a.transfermarkt.technology/portrait/header/95424-1668090663.jpg?lm=1,https://www.transfermarkt.co.uk/kyle-walker/profil/spieler/95424,kyle walker,K. Walker,Kyle Walker,5/28/1990,28,182.88,69.9,RB,England,84,84,24500000.0,165000.0,Right,3,2,2,Normal,45300000.0,England,82.0,RB,2.0,81,51,74,78,57,79,76,71,75,78,86,93,67,83,72,86,83,89,77,69,78,81,67,69,63,75,78,84,83,kyle walker,100
Noah Okafor,SUI,AT,24,11,5,414,4.6,1,0,1,1,0,0,0,0,1.5,1.5,0.3,1.9,21,12,48,0.22,0.0,0.22,0.22,0.22,0.33,0.07,0.41,0.33,0.41,noah okafor,Attack,right,185.0,IT1,15000000.0,25000000.0,https://img.a.transfermarkt.technology/portrait/header/346890-1692879855.jpg?lm=1,https://www.transfermarkt.co.uk/noah-okafor/profil/spieler/346890,noah okafor,N. Okafor,Noah Okafor,5/24/2000,18,185.42,84.8,"LM,RM",Switzerland,61,81,525000.0,2000.0,Left,1,3,3,Normal,1300000.0,,,,,60,58,60,52,51,67,62,43,43,64,78,81,79,49,60,65,65,60,79,56,53,20,59,46,54,54,40,25,20,noah okafor,100
Davide Calabria,ITA,DF,27,7,4,316,3.5,0,0,0,0,0,0,0,0,0.3,0.3,0.2,0.5,8,24,31,0.0,0.0,0.0,0.0,0.0,0.08,0.05,0.14,0.08,0.14,davide calabria,Defender,right,176.0,IT1,7500000.0,25000000.0,https://img.a.transfermarkt.technology/portrait/header/262523-1684856316.jpg?lm=1,https://www.transfermarkt.co.uk/davide-calabria/profil/spieler/262523,davide calabria,D. Calabria,Davide Calabria,12/6/1996,22,175.26,69.9,RB,Italy,78,88,14500000.0,52000.0,Right,1,3,3,Normal,27600000.0,,,,,79,30,64,75,58,73,76,48,68,74,81,77,83,74,78,62,69,81,64,48,78,77,42,50,48,74,78,78,77,davide calabria,100
Ismaël Bennacer,ALG,MT,26,6,4,300,3.3,0,0,0,0,0,0,2,0,0.1,0.1,0.1,0.2,8,23,12,0.0,0.0,0.0,0.0,0.0,0.02,0.04,0.07,0.02,0.07,ismaël bennacer,Midfield,left,175.0,FR1,15000000.0,40000000.0,https://img.a.transfermarkt.technology/portrait/header/351816-1663575089.jpg?lm=1,https://www.transfermarkt.co.uk/ismael-bennacer/profil/spieler/351816,ismaël bennacer,I. Bennacer,Ismaël Bennacer,12/1/1997,21,172.72,64.0,"CM,CDM",Algeria,73,83,6500000.0,9000.0,Left,1,3,3,Lean,13000000.0,,,,,70,69,70,75,69,73,69,71,71,74,70,72,73,74,79,73,72,77,59,70,58,62,69,71,68,70,62,64,63,ismaël bennacer,100
Marco Sportiello,ITA,GB,32,2,1,126,1.4,0,0,0,0,0,0,0,0,0.0,0.0,0.0,0.0,0,0,0,0.0,0.0,0.0,0.0,0.0,0.0,0.0,0.0,0.0,0.0,marco sportiello,Goalkeeper,right,192.0,IT1,1500000.0,10000000.0,https://img.a.transfermarkt.technology/portrait/header/199976-1661351013.jpg?lm=1,https://www.transfermarkt.co.uk/marco-sportiello/profil/spieler/199976,marco sportiello,M. Sportiello,Marco Sportiello,5/10/1992,26,193.04,87.1,GK,Italy,78,80,8500000.0,22000.0,Right,2,2,1,Lean,,,,,,13,18,18,32,12,19,14,21,19,22,48,38,55,74,58,19,68,37,66,17,23,29,18,44,21,59,26,17,13,marco sportiello,100
Alessandro Florenzi,ITA,AT,33,1,0,5,0.1,0,0,0,0,0,0,0,0,0.0,0.0,0.0,0.0,0,0,0,0.0,0.0,0.0,0.0,0.0,0.0,0.0,0.0,0.0,0.0,alessandro florenzi,Defender,right,173.0,IT1,1500000.0,30000000.0,https://img.a.transfermarkt.technology/portrait/header/130365-1663574873.jpg?lm=1,https://www.transfermarkt.co.uk/alessandro-florenzi/profil/spieler/130365,alessandro florenzi,A. Florenzi,Alessandro  Florenzi,3/11/1991,27,172.72,67.1,"RB,RW,LW",Italy,82,83,20500000.0,73000.0,Right,3,3,4,Lean,36400000.0,Italy,83.0,RB,16.0,77,70,72,77,87,78,73,79,75,79,86,84,87,80,82,82,74,90,67,82,79,79,82,76,76,80,76,79,78,alessandro  florenzi,100
Remo Freuler,SUI,MT,32,37,37,"3,204",35.6,1,2,3,1,0,0,6,0,1.3,1.3,1.5,2.7,39,208,56,0.03,0.06,0.08,0.03,0.08,0.04,0.04,0.08,0.04,0.08,remo freuler,Midfield,right,180.0,IT1,6500000.0,25000000.0,https://img.a.transfermarkt.technology/portrait/header/148252-1688044464.jpg?lm=1,https://www.transfermarkt.co.uk/remo-freuler/profil/spieler/148252,remo freuler,R. Freuler,Remo Freuler,4/15/1992,26,154.94,77.1,CM,Switzerland,77,78,10500000.0,28000.0,Right,2,3,4,Normal,18600000.0,Switzerland,77.0,RDM,8.0,70,65,41,78,68,75,60,70,76,77,69,69,71,77,61,70,58,78,66,72,60,73,76,74,61,76,76,72,68,remo freuler,100
Jhon Lucumí,COL,DF,26,32,29,"2,614",29.0,0,1,1,0,0,0,8,1,0.6,0.6,0.4,1.0,34,108,7,0.0,0.03,0.03,0.0,0.03,0.02,0.01,0.03,0.02,0.03,jhon lucumi,Defender,left,187.0,IT1,18000000.0,18000000.0,https://img.a.transfermarkt.technology/portrait/header/413565-1663657119.jpg?lm=1,https://www.transfermarkt.co.uk/jhon-lucumi/profil/spieler/413565,jhon lucumi,J. Lucumi,Jhon Lucumi,6/26/1998,20,185.42,78.0,"CB,LB",Colombia,72,83,4700000.0,8000.0,Left,1,3,2,Normal,8000000.0,,,,,52,23,68,65,23,54,32,31,64,64,65,75,58,69,53,38,65,70,75,28,60,74,33,36,36,64,71,76,72,jhon lucumi,100
Santiago Castro,ARG,AT,19,36,27,"2,294",25.5,8,4,12,8,0,1,7,0,7.7,6.9,2.9,9.8,17,39,136,0.31,0.16,0.47,0.31,0.47,0.3,0.11,0.41,0.27,0.38,santiago castro,Attack,right,179.0,IT1,35000000.0,35000000.0,https://img.a.transfermarkt.technology/portrait/header/849520-1724827267.jpg?lm=1,https://www.transfermarkt.co.uk/santiago-castro/profil/spieler/849520,santiago castro,Tiago Castro,Tiago Augusto Oliveira Castro,1/31/1996,23,175.26,68.9,"RW,CM",Portugal,66,72,875000.0,2000.0,Left,1,2,3,Normal,2000000.0,,,,,70,54,53,72,48,69,72,67,69,70,66,65,69,67,74,67,54,52,46,56,44,38,57,70,65,59,36,48,45,tiago augusto oliveira castro,89
Juan Miranda,ESP,DF,24,31,25,"2,277",25.3,0,6,6,0,0,0,4,1,0.7,0.7,6.1,6.8,34,163,88,0.0,0.24,0.24,0.0,0.24,0.03,0.24,0.27,0.03,0.27,juan miranda,Defender,left,185.0,IT1,11000000.0,11000000.0,https://img.a.transfermarkt.technology/portrait/header/341227-1689338510.jpg?lm=1,https://www.transfermarkt.co.uk/juan-miranda/profil/spieler/341227,juan miranda,B. Miranda,Bruno Miranda,2/10/1998,21,154.94,66.2,ST,Bolivia,63,73,,,Right,1,3,2,Lean,,,,,,28,66,56,43,46,57,48,33,33,60,79,82,84,62,50,64,57,35,60,50,28,16,64,47,52,54,23,17,18,bruno miranda,80
Jens Odgaard,DEN,"MT,AT",25,29,24,"1,952",21.7,6,1,7,6,0,0,1,0,3.6,3.6,1.8,5.4,35,50,99,0.28,0.05,0.32,0.28,0.32,0.17,0.08,0.25,0.17,0.25,jens odgaard,Midfield,left,188.0,IT1,12000000.0,12000000.0,https://img.a.transfermarkt.technology/portrait/header/345590-1706697621.jpg?lm=1,https://www.transfermarkt.co.uk/jens-odgaard/profil/spieler/345590,jens odgaard,J. Odgaard,Jens Odgaard,3/31/1999,19,187.96,79.8,"ST,RM",Denmark,62,80,650000.0,4000.0,Left,1,3,3,Normal,1600000.0,,,,,42,59,54,56,44,63,49,34,38,65,68,66,64,56,73,64,60,40,67,55,39,22,63,54,59,64,55,31,22,jens odgaard,100
Riccardo Orsolini,ITA,AT,27,30,23,"1,878",20.9,15,4,19,12,3,3,2,0,10.1,7.8,3.7,11.5,61,69,186,0.72,0.19,0.91,0.58,0.77,0.49,0.18,0.66,0.37,0.55,riccardo orsolini,Attack,left,183.0,IT1,20000000.0,25000000.0,https://img.a.transfermarkt.technology/portrait/header/368482-1724827463.jpg?lm=1,https://www.transfermarkt.co.uk/riccardo-orsolini/profil/spieler/368482,riccardo orsolini,R. Orsolini,Riccardo Orsolini,1/24/1997,22,182.88,73.0,"RW,RM",Italy,73,85,7000000.0,52000.0,Left,1,4,4,Normal,,,,,,76,58,52,76,68,79,76,66,60,80,79,77,78,64,68,76,50,64,66,68,44,40,62,68,56,74,52,26,24,riccardo orsolini,100
Nikola Moro,CRO,MT,26,22,15,"1,208",13.4,0,2,2,0,0,0,1,0,0.5,0.5,0.8,1.3,17,93,21,0.0,0.15,0.15,0.0,0.15,0.04,0.06,0.1,0.04,0.1,nikola moro,Midfield,right,184.0,IT1,5000000.0,9000000.0,https://img.a.transfermarkt.technology/portrait/header/316934-1692964241.jpg?lm=1,https://www.transfermarkt.co.uk/nikola-moro/profil/spieler/316934,nikola moro,N. Moro,Nikola Moro,3/12/1998,20,182.88,77.1,"CDM,CM",Croatia,71,82,3600000.0,1000.0,Right,1,4,3,Normal,8600000.0,,,,,65,63,37,77,52,74,60,68,81,75,72,68,64,72,56,72,47,66,68,71,59,69,62,74,56,73,60,65,67,nikola moro,100
Lorenzo De Silvestri,ITA,DF,36,18,13,"1,060",11.8,1,0,1,1,0,0,1,0,0.8,0.8,0.3,1.1,4,46,30,0.08,0.0,0.08,0.08,0.08,0.07,0.02,0.09,0.07,0.09,lorenzo de silvestri,Defender,right,187.0,IT1,400000.0,6000000.0,https://img.a.transfermarkt.technology/portrait/header/33571-1595929290.jpg?lm=1,https://www.transfermarkt.co.uk/lorenzo-de-silvestri/profil/spieler/33571,lorenzo de silvestri,L. De Silvestri,Lorenzo De Silvestri,5/23/1988,30,185.42,83.9,"RM,RB",Italy,75,75,6500000.0,37000.0,Right,2,3,4,Normal,11100000.0,,,,,80,64,83,76,61,74,68,62,71,76,75,75,68,78,58,74,78,77,78,74,71,74,71,62,52,72,74,77,75,lorenzo de silvestri,100
Emil Holm,SWE,DF,24,21,12,"1,137",12.6,1,1,2,1,0,0,3,0,0.6,0.6,0.7,1.3,29,49,43,0.08,0.08,0.16,0.08,0.16,0.05,0.06,0.1,0.05,0.1,emil holm,Defender,right,191.0,IT1,8000000.0,12000000.0,https://img.a.transfermarkt.technology/portrait/header/496745-1688450376.jpg?lm=1,https://www.transfermarkt.co.uk/emil-holm/profil/spieler/496745,emil holm,E. Holm,Emil Holm,5/13/2000,18,190.5,83.0,CB,Sweden,50,67,50000.0,1000.0,Right,1,3,2,Lean,94000.0,,,,,48,21,51,44,28,54,34,31,41,32,65,61,53,50,48,29,62,59,68,32,48,43,38,35,33,40,41,53,48,emil holm,100
Federico Ravaglia,ITA,GB,24,12,11,"1,056",11.7,0,0,0,0,0,0,0,0,0.0,0.0,0.0,0.0,0,0,0,0.0,0.0,0.0,0.0,0.0,0.0,0.0,0.0,0.0,0.0,federico ravaglia,Goalkeeper,right,196.0,IT1,1000000.0,1000000.0,https://img.a.transfermarkt.technology/portrait/header/390304-1701253429.jpg?lm=1,https://www.transfermarkt.co.uk/federico-ravaglia/profil/spieler/390304,federico ravaglia,F. Varela,Federico Varela,5/7/1996,22,175.26,64.0,"CM,CAM,RM",Argentina,68,77,1400000.0,5000.0,Right,1,3,3,Normal,,,,,,53,52,48,72,63,70,72,46,68,71,73,72,71,68,79,74,59,71,51,61,58,47,68,68,57,66,40,59,53,federico varela,81
Lewis Ferguson,SCO,MT,24,16,10,983,10.9,1,1,2,0,1,1,0,0,1.0,0.2,1.1,1.3,20,53,26,0.09,0.09,0.18,0.0,0.09,0.09,0.1,0.19,0.02,0.12,lewis ferguson,Midfield,right,181.0,IT1,24000000.0,24000000.0,https://img.a.transfermarkt.technology/portrait/header/428563-1663656344.jpg?lm=1,https://www.transfermarkt.co.uk/lewis-ferguson/profil/spieler/428563,lewis ferguson,L. Ferguson,Lewis Ferguson,8/24/1999,19,154.94,74.8,"CM,CAM,CDM",Scotland,67,83,1600000.0,2000.0,Right,1,3,3,Normal,3700000.0,,,,,42,62,51,68,59,66,49,56,66,68,73,72,79,61,76,62,63,69,69,59,60,55,62,70,44,51,53,63,57,lewis ferguson,100
Giovanni Fabbian,ITA,MT,21,30,9,"1,023",11.4,3,1,4,3,0,0,2,0,2.3,2.3,1.3,3.7,14,17,43,0.26,0.09,0.35,0.26,0.35,0.21,0.12,0.32,0.21,0.32,giovanni fabbian,Midfield,right,186.0,IT1,13000000.0,14000000.0,https://img.a.transfermarkt.technology/portrait/header/633668-1695027735.jpg?lm=1,https://www.transfermarkt.co.uk/giovanni-fabbian/profil/spieler/633668,giovanni fabbian,G. Fabiano,Gianni Fabiano,7/9/1984,34,167.64,68.0,"LW,RW",Italy,63,63,220000.0,1000.0,Right,1,3,2,Normal,341000.0,,,,,62,61,49,58,53,63,58,51,51,60,74,80,82,62,92,69,50,70,47,55,32,31,61,53,58,54,35,17,15,gianni fabiano,87
Michel Aebischer,SUI,MT,27,14,9,724,8.0,0,0,0,0,0,0,2,0,0.4,0.4,0.4,0.8,8,33,17,0.0,0.0,0.0,0.0,0.0,0.05,0.04,0.09,0.05,0.09,michel aebischer,Midfield,right,183.0,IT1,10000000.0,11000000.0,https://img.a.transfermarkt.technology/portrait/header/237658-1669289063.jpg?lm=1,https://www.transfermarkt.co.uk/michel-aebischer/profil/spieler/237658,michel aebischer,M. Aebischer,Michel Aebischer,1/6/1997,22,182.88,73.9,"CM,CDM",Switzerland,64,75,775000.0,4000.0,Right,1,4,2,Lean,1300000.0,,,,,58,62,54,65,41,61,44,39,63,67,68,65,66,61,66,56,64,74,58,54,58,55,58,66,45,56,53,58,54,michel aebischer,100
Stefan Posch,AUT,DF,27,14,7,714,7.9,0,0,0,0,0,0,1,0,0.3,0.3,0.7,1.0,11,36,35,0.0,0.0,0.0,0.0,0.0,0.04,0.09,0.13,0.04,0.13,stefan posch,Defender,right,190.0,IT1,10000000.0,14000000.0,https://img.a.transfermarkt.technology/portrait/header/223974-1725531246.jpg?lm=1,https://www.transfermarkt.co.uk/stefan-posch/profil/spieler/223974,stefan posch,S. Posch,Stefan Posch,5/14/1997,21,187.96,76.2,CB,Austria,70,78,2300000.0,11000.0,Right,1,3,2,Lean,4300000.0,,,,,25,23,66,62,28,28,26,24,45,44,54,55,42,64,58,42,72,63,72,25,57,72,29,32,38,66,71,76,73,stefan posch,100
Davide Calabria,ITA,DF,27,11,7,632,7.0,0,1,1,0,0,0,3,0,0.1,0.1,1.3,1.4,7,40,20,0.0,0.14,0.14,0.0,0.14,0.01,0.18,0.19,0.01,0.19,davide calabria,Defender,right,176.0,IT1,7500000.0,25000000.0,https://img.a.transfermarkt.technology/portrait/header/262523-1684856316.jpg?lm=1,https://www.transfermarkt.co.uk/davide-calabria/profil/spieler/262523,davide calabria,D. Calabria,Davide Calabria,12/6/1996,22,175.26,69.9,RB,Italy,78,88,14500000.0,52000.0,Right,1,3,3,Normal,27600000.0,,,,,79,30,64,75,58,73,76,48,68,74,81,77,83,74,78,62,69,81,64,48,78,77,42,50,48,74,78,78,77,davide calabria,100
Jesper Karlsson,SWE,AT,26,7,3,298,3.3,1,0,1,1,0,0,1,0,0.7,0.7,0.1,0.8,6,6,31,0.3,0.0,0.3,0.3,0.3,0.22,0.03,0.25,0.22,0.25,jesper karlsson,Attack,right,179.0,IT1,4500000.0,18000000.0,https://img.a.transfermarkt.technology/portrait/header/367992-1739281929.jpg?lm=1,https://www.transfermarkt.co.uk/jesper-karlsson/profil/spieler/367992,jesper karlsson,J. Karlsson,Jesper Karlsson,7/25/1998,20,170.18,69.9,"ST,RM",Sweden,63,67,475000.0,1000.0,Right,1,2,3,Lean,629000.0,,,,,46,63,44,55,59,74,47,36,40,67,82,77,92,65,90,64,84,60,40,55,35,25,65,53,58,55,29,21,35,jesper karlsson,100
Marc-Oliver Kempf,GER,DF,29,31,30,"2,615",29.1,0,0,0,0,0,0,6,1,1.6,1.6,1.2,2.7,17,85,4,0.0,0.0,0.0,0.0,0.0,0.05,0.04,0.09,0.05,0.09,marc oliver kempf,Defender,left,186.0,IT1,2500000.0,8000000.0,https://img.a.transfermarkt.technology/portrait/header/160938-1657098066.jpg?lm=1,https://www.transfermarkt.co.uk/marc-oliver-kempf/profil/spieler/160938,marc oliver kempf,M. Kempf,Marc-Oliver Kempf,1/28/1995,24,185.42,87.1,CB,Germany,74,80,6500000.0,22000.0,Left,1,3,2,Normal,12400000.0,,,,,41,31,75,65,30,56,36,39,67,61,65,68,64,69,59,52,90,61,80,38,76,75,33,54,52,65,70,74,73,marc-oliver kempf,100
Edoardo Goldaniga,ITA,DF,30,32,28,"2,532",28.1,1,0,1,1,0,0,12,1,2.5,2.5,0.3,2.8,20,81,8,0.04,0.0,0.04,0.04,0.04,0.09,0.01,0.1,0.09,0.1,edoardo goldaniga,Defender,right,193.0,IT1,2000000.0,3000000.0,https://img.a.transfermarkt.technology/portrait/header/242940-1725530007.jpg?lm=1,https://www.transfermarkt.co.uk/edoardo-goldaniga/profil/spieler/242940,edoardo goldaniga,E. Goldaniga,Edoardo Goldaniga,11/2/1993,25,187.96,82.1,CB,Italy,73,74,4000000.0,29000.0,Right,1,3,2,Normal,,,,,,27,22,71,57,26,48,29,33,56,59,43,55,42,70,35,55,79,56,78,41,73,74,13,19,34,64,74,73,72,edoardo goldaniga,100
Patrick Cutrone,ITA,AT,26,33,23,"2,047",22.7,7,4,11,7,0,1,1,0,7.1,6.3,2.1,8.4,53,31,155,0.31,0.18,0.48,0.31,0.48,0.31,0.09,0.41,0.28,0.37,patrick cutrone,Attack,right,183.0,IT1,7000000.0,30000000.0,https://img.a.transfermarkt.technology/portrait/header/265078-1714818222.jpg?lm=1,https://www.transfermarkt.co.uk/patrick-cutrone/profil/spieler/265078,patrick cutrone,P. Cutrone,Patrick Cutrone,1/3/1998,21,182.88,78.0,ST,Italy,77,89,16000000.0,62000.0,Right,1,3,3,Normal,30400000.0,,,,,48,80,76,70,72,74,68,42,34,76,75,77,69,74,76,74,75,69,74,62,60,14,80,56,68,72,36,20,18,patrick cutrone,100
Alberto Moreno,ESP,DF,32,24,21,"1,727",19.2,0,0,0,0,0,0,4,0,0.4,0.4,1.2,1.6,23,81,58,0.0,0.0,0.0,0.0,0.0,0.02,0.06,0.08,0.02,0.08,alberto moreno,Defender,left,171.0,IT1,1800000.0,15000000.0,https://img.a.transfermarkt.technology/portrait/header/207917-1687268193.jpg?lm=1,https://www.transfermarkt.co.uk/alberto-moreno/profil/spieler/207917,alberto moreno,Alberto Moreno,Alberto Moreno Pérez,7/5/1992,26,170.18,64.9,LB,Spain,76,78,7500000.0,71000.0,Left,2,3,3,Normal,14400000.0,,,,,78,59,61,74,35,76,59,40,64,79,85,87,84,72,87,80,86,81,61,74,83,70,69,58,54,63,67,73,76,alberto moreno pérez,100
Jean Butez,FRA,GB,29,19,18,"1,666",18.5,0,0,0,0,0,0,0,0,0.0,0.0,0.0,0.0,0,1,0,0.0,0.0,0.0,0.0,0.0,0.0,0.0,0.0,0.0,0.0,jean butez,Goalkeeper,right,189.0,IT1,3000000.0,8000000.0,https://img.a.transfermarkt.technology/portrait/header/290537-1704961364.jpg?lm=1,https://www.transfermarkt.co.uk/jean-butez/profil/spieler/290537,jean butez,J. Butez,Jean Butez,6/8/1995,23,190.5,83.0,GK,France,68,74,900000.0,3000.0,Right,1,3,1,Lean,1500000.0,,,,,14,17,20,24,17,25,13,14,17,26,49,40,37,62,54,20,58,42,58,11,21,17,20,38,21,27,13,12,13,jean butez,100
Maxence Caqueret,FRA,MT,24,18,15,"1,087",12.1,2,3,5,2,0,0,4,0,0.8,0.8,1.5,2.4,15,76,46,0.17,0.25,0.41,0.17,0.41,0.07,0.13,0.2,0.07,0.2,maxence caqueret,Midfield,right,174.0,IT1,15000000.0,25000000.0,https://img.a.transfermarkt.technology/portrait/header/395237-1739281407.jpg?lm=1,https://www.transfermarkt.co.uk/maxence-caqueret/profil/spieler/395237,maxence caqueret,M. Caqueret,Maxence Caqueret,2/15/2000,19,175.26,63.0,"CM,CDM",France,65,85,1100000.0,6000.0,Right,1,4,3,Lean,3200000.0,,,,,52,50,42,70,49,63,62,52,72,66,72,69,84,56,85,62,52,61,56,52,64,58,48,71,53,66,61,55,54,maxence caqueret,100
Pepe Reina,ESP,GB,41,12,12,"1,034",11.5,0,0,0,0,0,0,0,1,0.0,0.0,0.0,0.0,0,0,0,0.0,0.0,0.0,0.0,0.0,0.0,0.0,0.0,0.0,0.0,pepe reina,Goalkeeper,right,188.0,IT1,600000.0,22000000.0,https://img.a.transfermarkt.technology/portrait/header/7825-1724826388.jpg?lm=1,https://www.transfermarkt.co.uk/pepe-reina/profil/spieler/7825,pepe reina,Pepe Reina,José Manuel  Reina Páez,8/31/1982,36,187.96,92.1,GK,Spain,82,82,5000000.0,52000.0,Right,3,3,1,Normal,8500000.0,,,,,11,14,13,19,11,10,11,11,22,23,50,63,50,82,60,24,73,34,72,15,32,22,13,65,24,64,20,22,24,josé manuel  reina páez,100
Álex Valle,ESP,DF,20,15,12,"1,030",11.4,0,0,0,0,0,0,2,0,0.3,0.3,0.7,1.0,19,44,30,0.0,0.0,0.0,0.0,0.0,0.03,0.06,0.08,0.03,0.08,alex valle,Defender,left,178.0,IT1,4500000.0,4500000.0,https://img.a.transfermarkt.technology/portrait/header/709957-1667341728.jpg?lm=1,https://www.transfermarkt.co.uk/alex-valle/profil/spieler/709957,alex valle,Alex Vallejo,Alejandro Vallejo Mínguez,1/26/1992,27,187.96,73.9,"CDM,CM,CB",Spain,65,68,550000.0,2000.0,Right,1,3,2,Lean,894000.0,,,,,54,39,49,69,42,49,40,39,67,70,33,34,68,63,41,47,72,30,82,48,61,64,49,62,48,55,60,67,63,alejandro vallejo mínguez,91
Yannik Engelhardt,GER,"MT,DF",23,26,11,"1,164",12.9,1,1,2,1,0,0,4,0,0.6,0.6,1.5,2.0,18,54,18,0.08,0.08,0.15,0.08,0.15,0.04,0.11,0.16,0.04,0.16,yannik engelhardt,Midfield,right,184.0,IT1,7000000.0,7000000.0,https://img.a.transfermarkt.technology/portrait/header/405670-1658504058.jpg?lm=1,https://www.transfermarkt.co.uk/yannik-engelhardt/profil/spieler/405670,yannik engelhardt,Y. Gerhardt,Yannick Gerhardt,3/13/1994,24,182.88,81.2,"CM,LB,LM",Germany,76,82,10500000.0,35000.0,Left,2,3,3,Normal,20000000.0,,,,,73,71,59,78,57,74,65,55,74,77,68,76,68,75,66,75,64,75,75,64,72,73,71,76,50,69,74,73,74,yannick gerhardt,85
Emil Audero,IDN,GB,27,8,8,720,8.0,0,0,0,0,0,0,0,0,0.0,0.0,0.0,0.0,0,0,0,0.0,0.0,0.0,0.0,0.0,0.0,0.0,0.0,0.0,0.0,emil audero,Goalkeeper,right,192.0,IT1,5000000.0,15000000.0,https://img.a.transfermarkt.technology/portrait/header/256339-1663679682.jpg?lm=1,https://www.transfermarkt.co.uk/emil-audero/profil/spieler/256339,emil audero,E. Audero,Emil Audero,1/18/1997,22,190.5,79.8,GK,Italy,75,87,9500000.0,15000.0,Right,1,2,1,Normal,18100000.0,,,,,13,16,19,29,18,19,12,12,19,18,55,49,53,60,51,23,65,25,55,19,24,11,9,30,22,56,10,10,10,emil audero,100
Mërgim Vojvoda,KVX,DF,29,11,8,717,8.0,1,2,3,1,0,0,2,0,0.2,0.2,2.0,2.3,16,43,40,0.13,0.25,0.38,0.13,0.38,0.03,0.25,0.28,0.03,0.28,mërgim vojvoda,Defender,right,187.0,IT1,3000000.0,5500000.0,https://img.a.transfermarkt.technology/portrait/header/336125-1661351703.jpg?lm=1,https://www.transfermarkt.co.uk/mergim-vojvoda/profil/spieler/336125,mërgim vojvoda,M. Vojvoda,Mërgim Vojvoda,2/1/1995,24,185.42,78.9,RB,Kosovo,68,73,1000000.0,4000.0,Right,1,4,2,Normal,1500000.0,,,,,72,35,55,65,47,67,62,58,67,62,69,68,66,66,67,62,65,72,67,49,67,65,62,64,35,60,64,66,68,mërgim vojvoda,100
Sergi Roberto,ESP,MT,32,13,8,696,7.7,0,1,1,0,0,0,4,0,0.7,0.7,0.7,1.4,10,36,19,0.0,0.13,0.13,0.0,0.13,0.09,0.09,0.18,0.09,0.18,sergi roberto,Midfield,right,178.0,IT1,2000000.0,60000000.0,https://img.a.transfermarkt.technology/portrait/header/85370-1662585931.jpg?lm=1,https://www.transfermarkt.co.uk/sergi-roberto/profil/spieler/85370,sergi roberto,Sergi Roberto,Sergio Roberto Carnicer,2/7/1992,27,152.4,68.0,"RB,RM,CM",Spain,83,84,24500000.0,170000.0,Right,3,3,4,Normal,52100000.0,Spain,85.0,RB,20.0,85,63,72,85,50,80,78,60,78,83,78,79,69,80,74,65,47,88,69,66,68,81,69,83,57,76,75,82,82,sergio roberto carnicer,100
Andrea Belotti,ITA,AT,30,18,7,593,6.6,2,0,2,2,0,0,1,0,2.5,2.5,0.4,2.8,9,9,33,0.3,0.0,0.3,0.3,0.3,0.37,0.05,0.43,0.37,0.43,andrea belotti,Attack,right,181.0,PO1,2000000.0,40000000.0,https://img.a.transfermarkt.technology/portrait/header/167727-1663581136.jpg?lm=1,https://www.transfermarkt.co.uk/andrea-belotti/profil/spieler/167727,andrea belotti,A. Belotti,Andrea Belotti,12/20/1993,25,154.94,72.1,ST,Italy,82,87,30000000.0,58000.0,Right,3,5,3,Normal,53300000.0,,,,,42,88,84,68,80,78,64,56,42,75,78,79,79,76,75,81,83,83,84,67,83,31,85,61,77,75,55,23,32,andrea belotti,100
Anastasios Douvikas,GRE,AT,24,13,6,580,6.4,2,2,4,2,0,0,1,0,2.5,2.5,1.1,3.7,8,6,36,0.31,0.31,0.62,0.31,0.62,0.4,0.17,0.57,0.4,0.57,anastasios douvikas,Attack,right,186.0,IT1,8000000.0,12000000.0,https://img.a.transfermarkt.technology/portrait/header/523318-1682331342.jpg?lm=1,https://www.transfermarkt.co.uk/anastasios-douvikas/profil/spieler/523318,anastasios douvikas,A. Donis,Anastasios Donis,8/29/1996,22,152.4,76.2,"ST,RM,LW",Greece,73,83,6500000.0,21000.0,Right,1,4,3,Normal,12400000.0,Greece,75.0,SUB,17.0,45,74,61,68,63,79,47,41,50,78,89,85,78,73,77,70,69,72,63,66,61,20,70,50,69,61,22,18,24,anastasios donis,86
Jonathan Ikone,FRA,AT,26,13,5,540,6.0,2,0,2,2,0,0,1,0,1.8,1.8,0.2,1.9,23,17,55,0.33,0.0,0.33,0.33,0.33,0.29,0.03,0.32,0.29,0.32,jonathan ikone,Attack,left,175.0,IT1,8000000.0,40000000.0,https://img.a.transfermarkt.technology/portrait/header/324690-1697179025.jpg?lm=1,https://www.transfermarkt.co.uk/jonathan-ikone/profil/spieler/324690,jonathan ikone,J. Bond,Jonathan Bond,5/19/1993,25,193.04,83.9,GK,England,64,69,425000.0,5000.0,Right,1,2,1,Lean,839000.0,,,,,11,13,13,33,14,11,14,13,35,19,54,42,56,61,55,21,71,38,64,15,37,23,13,43,17,61,14,14,17,jonathan bond,81
Luca Mazzitelli,ITA,MT,28,11,3,335,3.7,1,1,2,1,0,0,1,0,0.2,0.2,0.6,0.8,2,27,14,0.27,0.27,0.54,0.27,0.54,0.06,0.15,0.21,0.06,0.21,luca mazzitelli,Midfield,right,184.0,IT1,4000000.0,4000000.0,https://img.a.transfermarkt.technology/portrait/header/226025-1686152719.jpg?lm=1,https://www.transfermarkt.co.uk/luca-mazzitelli/profil/spieler/226025,luca mazzitelli,L. Mazzitelli,Luca Mazzitelli,11/15/1995,23,187.96,76.2,"CM,CDM",Italy,73,78,5500000.0,32000.0,Right,1,4,3,Normal,,,,,,68,40,60,76,65,71,66,45,75,76,66,55,61,71,68,73,61,67,64,70,70,70,65,75,44,69,56,70,68,luca mazzitelli,100
Matthias Braunöder,AUT,MT,22,8,3,268,3.0,0,0,0,0,0,0,3,1,0.1,0.1,0.0,0.1,2,18,0,0.0,0.0,0.0,0.0,0.0,0.03,0.0,0.03,0.03,0.03,matthias braunoder,Midfield,right,174.0,IT1,1600000.0,3500000.0,https://img.a.transfermarkt.technology/portrait/header/488052-1692968166.png?lm=1,https://www.transfermarkt.co.uk/matthias-braunoder/profil/spieler/488052,matthias braunoder,M. Bader,Matthias Bader,6/17/1997,21,175.26,73.0,"RB,RM",Germany,67,75,975000.0,5000.0,Right,1,3,3,Lean,1700000.0,,,,,63,26,48,66,23,63,49,36,45,66,75,70,78,65,78,45,75,79,59,29,62,64,42,44,40,57,63,65,65,matthias bader,88
Marco Sala,ITA,DF,25,8,3,261,2.9,0,0,0,0,0,0,3,0,0.0,0.0,0.1,0.1,10,16,16,0.0,0.0,0.0,0.0,0.0,0.0,0.04,0.04,0.0,0.04,marco sala,Defender,left,182.0,IT1,1000000.0,3000000.0,https://img.a.transfermarkt.technology/portrait/header/392570-1730185794.jpg?lm=1,https://www.transfermarkt.co.uk/marco-sala/profil/spieler/392570,marco sala,M. Sau,Marco Sau,11/3/1987,31,170.18,64.9,ST,Italy,72,72,3000000.0,25000.0,Right,2,4,4,Normal,5100000.0,,,,,68,69,49,73,74,77,75,70,59,76,87,84,93,80,94,66,73,74,52,64,38,14,83,74,76,75,48,22,22,marco sau,84
Simone Verdi,ITA,"MT,AT",32,9,0,115,1.3,0,0,0,0,0,0,1,0,0.1,0.1,0.5,0.6,3,5,13,0.0,0.0,0.0,0.0,0.0,0.09,0.39,0.47,0.09,0.47,simone verdi,Midfield,both,174.0,IT1,2500000.0,25000000.0,https://img.a.transfermarkt.technology/portrait/header/130360-1663671979.jpg?lm=1,https://www.transfermarkt.co.uk/simone-verdi/profil/spieler/130360,simone verdi,S. Verdi,Simone Verdi,7/12/1992,26,170.18,60.8,"RW,CAM",Italy,81,81,19500000.0,77000.0,Left,2,5,4,Lean,33200000.0,,,,,82,67,42,82,74,84,84,84,76,86,88,86,92,78,90,81,51,75,48,77,48,36,76,82,68,78,55,48,60,simone verdi,100
Alberto Cerri,ITA,AT,28,5,0,87,1.0,0,0,0,0,0,0,0,0,1.0,1.0,0.0,1.0,0,0,11,0.0,0.0,0.0,0.0,0.0,1.05,0.0,1.05,1.05,1.05,alberto cerri,Attack,right,194.0,IT1,1700000.0,7500000.0,https://img.a.transfermarkt.technology/portrait/header/197751-1686210523.jpg?lm=1,https://www.transfermarkt.co.uk/alberto-cerri/profil/spieler/197751,alberto cerri,A. Cerri,Alberto Cerri,4/16/1996,22,193.04,91.2,ST,Italy,72,80,4600000.0,21000.0,Right,1,3,3,Normal,8800000.0,,,,,40,75,75,65,68,68,64,34,45,73,54,69,60,60,66,75,73,68,94,68,42,13,70,57,64,68,51,34,30,alberto cerri,100
Vanja Milinković-Savić,SRB,GB,27,37,37,"3,330",37.0,0,0,0,0,0,0,3,0,0.0,0.0,0.1,0.1,0,0,0,0.0,0.0,0.0,0.0,0.0,0.0,0.0,0.0,0.0,0.0,vanja milinković savić,Goalkeeper,right,202.0,IT1,12000000.0,12000000.0,https://img.a.transfermarkt.technology/portrait/header/257474-1730125139.jpg?lm=1,https://www.transfermarkt.co.uk/vanja-milinkovic-savic/profil/spieler/257474,vanja milinković savić,V. Milinković-Savić,Vanja Milinković-Savić,2/20/1997,22,203.2,92.1,GK,Serbia,71,79,2600000.0,12000.0,Right,1,3,1,Normal,,,,,,18,20,12,31,16,15,55,59,30,18,40,45,37,66,38,62,58,33,73,45,34,21,12,50,24,65,11,15,19,vanja milinković-savić,100
Che Adams,SCO,AT,28,36,30,"2,652",29.5,9,3,12,9,0,1,2,0,9.0,8.2,2.0,10.2,23,40,153,0.31,0.1,0.41,0.31,0.41,0.31,0.07,0.37,0.28,0.35,che adams,Attack,right,179.0,IT1,15000000.0,22000000.0,https://img.a.transfermarkt.technology/portrait/header/346779-1716381473.jpg?lm=1,https://www.transfermarkt.co.uk/che-adams/profil/spieler/346779,che adams,C. Adams,Che Adams,7/13/1996,22,152.4,66.2,ST,England,73,80,5500000.0,19000.0,Right,1,4,3,Stocky,11600000.0,,,,,55,76,54,66,58,72,63,59,53,73,87,87,79,68,74,78,76,75,77,72,74,36,73,62,67,67,33,42,36,che adams,100
Guillermo Maripán,CHI,DF,30,28,27,"2,340",26.0,1,1,2,1,0,0,4,1,0.9,0.9,1.0,2.0,14,96,9,0.04,0.04,0.08,0.04,0.08,0.04,0.04,0.08,0.04,0.08,guillermo maripan,Defender,right,193.0,IT1,4000000.0,15000000.0,https://img.a.transfermarkt.technology/portrait/header/249730-1730123458.jpg?lm=1,https://www.transfermarkt.co.uk/guillermo-maripan/profil/spieler/249730,guillermo maripan,G. Sara,Guillermo Sara,9/30/1987,31,182.88,82.1,GK,Argentina,70,70,1100000.0,8000.0,Right,1,3,1,Normal,1700000.0,,,,,14,15,23,28,19,20,24,21,21,16,40,44,30,67,53,23,68,26,64,17,23,24,15,43,30,36,15,12,16,guillermo sara,84
Nikola Vlašić,CRO,"MT,AT",26,30,23,"2,117",23.5,5,4,9,3,2,2,0,0,3.4,1.8,2.4,4.2,53,94,110,0.21,0.17,0.38,0.13,0.3,0.14,0.1,0.25,0.08,0.18,nikola vlašić,Midfield,right,179.0,IT1,8000000.0,30000000.0,https://img.a.transfermarkt.technology/portrait/header/293200-1695028630.jpg?lm=1,https://www.transfermarkt.co.uk/nikola-vlasic/profil/spieler/293200,nikola vlašić,N. Vlašić,Nikola Vlašić,10/4/1997,21,152.4,78.9,"RM,CAM",Croatia,75,84,10500000.0,1000.0,Right,1,4,3,Normal,25200000.0,,,,,71,68,65,75,66,83,66,58,68,76,77,80,78,73,74,73,55,71,66,69,63,26,64,76,66,66,54,55,37,nikola vlašić,100
Adam Masina,MAR,DF,30,28,20,"1,919",21.3,1,2,3,1,0,0,5,0,0.7,0.7,0.3,1.0,15,73,10,0.05,0.09,0.14,0.05,0.14,0.03,0.01,0.05,0.03,0.05,adam masina,Defender,left,191.0,IT1,1500000.0,7000000.0,https://img.a.transfermarkt.technology/portrait/header/286949-1658130450.jpg?lm=1,https://www.transfermarkt.co.uk/adam-masina/profil/spieler/286949,adam masina,A. Masina,Adam Masina,1/2/1994,25,190.5,87.1,LB,Italy,74,79,6500000.0,33000.0,Left,1,3,3,Normal,12800000.0,,,,,78,26,70,69,37,68,64,35,68,69,63,75,63,69,43,59,64,81,76,41,66,73,58,58,31,72,69,74,74,adam masina,100
Sebastian Walukiewicz,POL,DF,24,29,20,"1,661",18.5,0,0,0,0,0,0,6,0,0.4,0.4,0.3,0.7,25,80,31,0.0,0.0,0.0,0.0,0.0,0.02,0.02,0.04,0.02,0.04,sebastian walukiewicz,Defender,right,188.0,IT1,5000000.0,10000000.0,https://img.a.transfermarkt.technology/portrait/header/345458-1716985042.jpg?lm=1,https://www.transfermarkt.co.uk/sebastian-walukiewicz/profil/spieler/345458,sebastian walukiewicz,S. Walukiewicz,Sebastian Walukiewicz,4/5/2000,18,187.96,79.8,CB,Poland,62,76,575000.0,1000.0,Right,1,2,2,Normal,1100000.0,,,,,23,36,61,57,28,31,27,22,50,47,66,56,40,52,51,50,70,67,74,45,53,61,21,31,38,53,60,66,61,sebastian walukiewicz,100
Karol Linetty,POL,MT,29,28,18,"1,540",17.1,1,0,1,1,0,0,6,0,1.1,1.1,0.9,2.0,18,47,19,0.06,0.0,0.06,0.06,0.06,0.06,0.06,0.12,0.06,0.12,karol linetty,Midfield,right,175.0,IT1,2500000.0,15000000.0,https://img.a.transfermarkt.technology/portrait/header/225873-1663596553.jpg?lm=1,https://www.transfermarkt.co.uk/karol-linetty/profil/spieler/225873,karol linetty,K. Linetty,Karol Linetty,2/2/1995,24,175.26,73.0,CM,Poland,76,83,10500000.0,28000.0,Right,2,3,3,Normal,20000000.0,,,,,60,64,56,78,38,74,62,36,74,76,76,69,76,74,79,70,79,79,66,64,79,76,68,76,50,70,72,74,70,karol linetty,100
Antonio Sanabria,PAR,AT,28,26,16,"1,318",14.6,2,1,3,2,0,1,2,0,2.9,2.1,0.5,2.6,6,18,54,0.14,0.07,0.2,0.14,0.2,0.2,0.03,0.23,0.14,0.18,antonio sanabria,Attack,right,180.0,IT1,4000000.0,10000000.0,https://img.a.transfermarkt.technology/portrait/header/234523-1692963077.jpg?lm=1,https://www.transfermarkt.co.uk/antonio-sanabria/profil/spieler/234523,antonio sanabria,A. Sanabria,Antonio Sanabria,3/4/1996,23,154.94,73.9,ST,Paraguay,78,85,15000000.0,25000.0,Right,1,4,4,Normal,,Paraguay,73.0,ST,11.0,67,78,78,75,67,78,73,64,63,79,77,78,76,74,75,75,76,69,77,65,32,21,79,73,69,76,50,20,15,antonio sanabria,100
Marcus Pedersen,NOR,DF,24,29,15,"1,362",15.1,0,0,0,0,0,0,3,0,0.6,0.6,0.4,1.0,44,19,77,0.0,0.0,0.0,0.0,0.0,0.04,0.03,0.06,0.04,0.06,marcus pedersen,Midfield,right,184.0,IT1,3500000.0,7000000.0,https://img.a.transfermarkt.technology/portrait/header/583404-1660759624.jpg?lm=1,https://www.transfermarkt.co.uk/marcus-pedersen/profil/spieler/583404,marcus pedersen,M. Pedersen,Marcus Pedersen,6/8/1990,28,154.94,79.8,ST,Norway,70,70,1800000.0,4000.0,Right,1,3,2,Stocky,2300000.0,,,,,57,72,68,55,66,61,64,59,32,62,73,67,72,70,69,74,79,68,84,67,85,36,74,56,72,67,27,38,36,marcus pedersen,100
Borna Sosa,CRO,DF,26,19,14,"1,181",13.1,0,0,0,0,0,0,0,0,0.3,0.3,0.7,1.0,13,51,49,0.0,0.0,0.0,0.0,0.0,0.02,0.05,0.07,0.02,0.07,borna sosa,Midfield,left,187.0,IT1,6000000.0,23000000.0,https://img.a.transfermarkt.technology/portrait/header/293194-1716241200.jpg?lm=1,https://www.transfermarkt.co.uk/borna-sosa/profil/spieler/293194,borna sosa,B. Sosa,Borna Sosa,1/21/1998,21,185.42,77.1,LB,Croatia,69,80,1600000.0,10000.0,Left,1,3,3,Normal,3000000.0,,,,,73,29,65,71,30,70,57,29,63,71,77,75,73,66,66,41,64,67,69,26,60,63,41,49,31,59,64,67,66,borna sosa,100
Cristiano Biraghi,ITA,DF,31,15,13,"1,158",12.9,0,0,0,0,0,0,0,0,0.5,0.5,2.7,3.1,24,36,49,0.0,0.0,0.0,0.0,0.0,0.04,0.21,0.24,0.04,0.24,cristiano biraghi,Defender,left,185.0,IT1,2000000.0,12000000.0,https://img.a.transfermarkt.technology/portrait/header/124555-1724827712.jpg?lm=1,https://www.transfermarkt.co.uk/cristiano-biraghi/profil/spieler/124555,cristiano biraghi,C. Biraghi,Cristiano Biraghi,9/1/1992,26,185.42,78.0,"LB,LM",Italy,76,78,7500000.0,42000.0,Left,1,3,3,Normal,13300000.0,Italy,83.0,LB,4.0,78,40,65,72,46,71,68,50,69,71,77,78,73,74,72,79,70,77,69,65,74,75,58,56,64,70,75,77,73,cristiano biraghi,100
Mërgim Vojvoda,KVX,DF,29,17,12,"1,105",12.3,0,0,0,0,0,0,4,0,0.4,0.4,0.4,0.8,18,64,34,0.0,0.0,0.0,0.0,0.0,0.03,0.03,0.07,0.03,0.07,mërgim vojvoda,Defender,right,187.0,IT1,3000000.0,5500000.0,https://img.a.transfermarkt.technology/portrait/header/336125-1661351703.jpg?lm=1,https://www.transfermarkt.co.uk/mergim-vojvoda/profil/spieler/336125,mërgim vojvoda,M. Vojvoda,Mërgim Vojvoda,2/1/1995,24,185.42,78.9,RB,Kosovo,68,73,1000000.0,4000.0,Right,1,4,2,Normal,1500000.0,,,,,72,35,55,65,47,67,62,58,67,62,69,68,66,66,67,62,65,72,67,49,67,65,62,64,35,60,64,66,68,mërgim vojvoda,100
Yann Karamoh,FRA,"MT,AT",26,29,10,"1,046",11.6,0,1,1,0,0,0,2,0,1.2,1.2,0.9,2.2,37,28,80,0.0,0.09,0.09,0.0,0.09,0.11,0.08,0.18,0.11,0.18,yann karamoh,Attack,right,184.0,IT1,2200000.0,10000000.0,https://img.a.transfermarkt.technology/portrait/header/324804-1663596515.jpg?lm=1,https://www.transfermarkt.co.uk/yann-karamoh/profil/spieler/324804,yann karamoh,Y. Karamoh,Yann Karamoh,7/8/1998,20,185.42,77.1,"RM,RW",France,76,85,11500000.0,25000.0,Right,1,4,4,Lean,,,,,,67,69,65,73,66,82,67,44,65,79,84,79,73,70,65,69,68,72,61,70,50,29,72,73,65,73,23,31,26,yann karamoh,100
Ivan Ilić,SRB,MT,23,19,9,920,10.2,1,0,1,1,0,0,4,0,0.9,0.9,1.1,2.1,24,45,41,0.1,0.0,0.1,0.1,0.1,0.09,0.11,0.2,0.09,0.2,ivan ilić,Midfield,left,186.0,IT1,18000000.0,19000000.0,https://img.a.transfermarkt.technology/portrait/header/470794-1716239802.jpg?lm=1,https://www.transfermarkt.co.uk/ivan-ilic/profil/spieler/470794,ivan ilić,I. Fiolić,Ivan Fiolić,4/29/1996,22,175.26,69.9,"CAM,RW,LW",Croatia,71,78,3300000.0,9000.0,Left,1,3,3,Lean,5700000.0,,,,,69,62,32,71,53,71,42,42,66,73,81,73,77,73,74,57,48,50,51,65,38,36,66,68,43,71,40,42,41,ivan fiolić,90
Adrien Tameze,CMR,"MT,DF",30,20,9,649,7.2,0,0,0,0,0,0,3,0,0.4,0.4,0.8,1.2,16,23,21,0.0,0.0,0.0,0.0,0.0,0.05,0.12,0.17,0.05,0.17,adrien tameze,Midfield,right,182.0,IT1,3500000.0,10000000.0,https://img.a.transfermarkt.technology/portrait/header/157507-1663672063.jpg?lm=1,https://www.transfermarkt.co.uk/adrien-tameze/profil/spieler/157507,adrien tameze,A. Tameze,Adrien Tameze,2/4/1994,25,154.94,78.0,"CM,CDM",France,74,78,7000000.0,23000.0,Right,1,3,3,Normal,13800000.0,,,,,50,59,69,76,35,70,52,43,72,79,69,69,73,69,70,65,69,79,71,59,69,72,68,70,54,70,67,78,75,adrien tameze,100
Duván Zapata,COL,AT,33,7,7,587,6.5,3,0,3,3,0,0,1,0,3.4,3.4,0.5,3.9,6,7,36,0.46,0.0,0.46,0.46,0.46,0.52,0.08,0.59,0.52,0.59,duvan zapata,Attack,right,188.0,IT1,4000000.0,45000000.0,https://img.a.transfermarkt.technology/portrait/header/73794-1730126644.jpg?lm=1,https://www.transfermarkt.co.uk/duvan-zapata/profil/spieler/73794,duvan zapata,D. Zapata,Duván Zapata,4/1/1991,27,187.96,88.0,ST,Colombia,79,80,14500000.0,45000.0,Right,2,4,4,Normal,,,,,,44,84,80,64,76,75,48,62,38,76,68,75,64,74,58,86,79,66,91,64,60,20,78,46,68,76,52,24,22,duván zapata,96
Alberto Paleari,ITA,GB,31,1,1,90,1.0,0,0,0,0,0,0,0,0,0.0,0.0,0.0,0.0,0,0,0,0.0,0.0,0.0,0.0,0.0,0.0,0.0,0.0,0.0,0.0,alberto paleari,Goalkeeper,right,193.0,IT1,500000.0,1100000.0,https://img.a.transfermarkt.technology/portrait/header/163048-1602149171.jpg?lm=1,https://www.transfermarkt.co.uk/alberto-paleari/profil/spieler/163048,alberto paleari,A. Paleari,Alberto Paleari,8/29/1992,26,193.04,88.0,GK,Italy,68,70,750000.0,1000.0,Right,1,3,1,Normal,1200000.0,,,,,14,8,16,33,12,11,10,13,29,19,31,33,49,50,22,23,31,30,58,7,19,11,8,38,15,55,17,13,12,alberto paleari,100
Jesper Karlström,SWE,MT,29,37,36,"3,186",35.4,0,3,3,0,0,0,9,0,0.7,0.7,1.1,1.8,23,135,46,0.0,0.08,0.08,0.0,0.08,0.02,0.03,0.05,0.02,0.05,jesper karlstrom,Midfield,right,185.0,IT1,3500000.0,3500000.0,https://img.a.transfermarkt.technology/portrait/header/222855-1730184243.jpg?lm=1,https://www.transfermarkt.co.uk/jesper-karlstrom/profil/spieler/222855,jesper karlstrom,J. Karlström,Jesper Karlström,6/21/1995,23,182.88,81.2,CM,Sweden,62,68,400000.0,1000.0,Right,1,3,2,Normal,580000.0,,,,,53,48,48,62,58,58,60,57,65,60,68,60,63,60,66,58,62,73,71,61,60,61,55,62,48,61,62,57,52,jesper karlström,97
Jaka Bijol,SVN,DF,25,34,34,"2,963",32.9,1,0,1,1,0,0,13,1,2.0,2.0,0.6,2.6,22,98,10,0.03,0.0,0.03,0.03,0.03,0.06,0.02,0.08,0.06,0.08,jaka bijol,Defender,right,190.0,IT1,15000000.0,15000000.0,https://img.a.transfermarkt.technology/portrait/header/371851-1695029407.jpg?lm=1,https://www.transfermarkt.co.uk/jaka-bijol/profil/spieler/371851,jaka bijol,J. Bijol,Jaka Bijol,2/5/1999,20,190.5,84.8,"CDM,CM",Slovenia,65,78,900000.0,1000.0,Right,1,3,2,Stocky,2500000.0,,,,,45,49,68,65,52,56,45,47,58,58,57,69,53,58,45,58,72,65,75,46,66,68,41,66,49,54,64,64,65,jaka bijol,100
Sandi Lovrić,SVN,MT,26,36,31,"2,308",25.6,2,3,5,2,0,0,5,0,2.6,2.6,3.4,6.0,60,120,71,0.08,0.12,0.19,0.08,0.19,0.1,0.13,0.24,0.1,0.24,sandi lovrić,Midfield,right,180.0,IT1,8000000.0,10000000.0,https://img.a.transfermarkt.technology/portrait/header/268429-1725531957.jpg?lm=1,https://www.transfermarkt.co.uk/sandi-lovric/profil/spieler/268429,sandi lovrić,S. Lovric,Sandi Lovric,3/28/1998,20,154.94,69.9,"CM,CDM",Austria,65,74,825000.0,4000.0,Right,1,3,2,Normal,1400000.0,,,,,41,44,51,66,41,59,38,41,60,66,54,41,59,71,63,64,58,76,66,60,64,64,59,60,40,66,58,64,58,sandi lovric,92
Kingsley Ehizibue,NED,DF,29,33,30,"2,498",27.8,0,1,1,0,0,0,5,0,1.2,1.2,2.2,3.5,54,55,116,0.0,0.04,0.04,0.0,0.04,0.04,0.08,0.12,0.04,0.12,kingsley ehizibue,Defender,right,189.0,IT1,3000000.0,3000000.0,https://img.a.transfermarkt.technology/portrait/header/272812-1657109971.jpg?lm=1,https://www.transfermarkt.co.uk/kingsley-ehizibue/profil/spieler/272812,kingsley ehizibue,K. Ehizibue,Kingsley Ehizibue,5/25/1995,23,187.96,82.1,RB,Netherlands,70,75,2000000.0,5000.0,Right,1,2,3,Normal,3000000.0,,,,,60,61,65,65,42,74,52,38,66,72,85,87,70,66,56,72,74,86,80,60,82,64,66,62,44,70,64,65,67,kingsley ehizibue,100
Hassane Kamara,CIV,DF,30,30,25,"2,001",22.2,1,4,5,1,0,0,8,1,0.9,0.9,2.7,3.6,52,61,103,0.04,0.18,0.22,0.04,0.22,0.04,0.12,0.16,0.04,0.16,hassane kamara,Defender,left,170.0,IT1,3500000.0,8000000.0,https://img.a.transfermarkt.technology/portrait/header/290017-1730126484.jpg?lm=1,https://www.transfermarkt.co.uk/hassane-kamara/profil/spieler/290017,hassane kamara,H. Kamara,Hassane Kamara,3/5/1994,25,167.64,67.1,"LB,LM,RM",France,67,73,875000.0,5000.0,Left,1,3,3,Normal,1900000.0,,,,,64,61,36,70,44,65,60,41,66,69,79,75,83,61,86,66,52,70,53,51,65,63,62,63,46,62,64,63,67,hassane kamara,100
Jurgen Ekkelenkamp,NED,MT,24,34,20,"1,892",21.0,3,2,5,3,0,0,2,0,2.8,2.8,1.3,4.1,34,72,86,0.14,0.1,0.24,0.14,0.24,0.13,0.06,0.19,0.13,0.19,jurgen ekkelenkamp,Midfield,right,188.0,IT1,7500000.0,7500000.0,https://img.a.transfermarkt.technology/portrait/header/361068-1657098697.jpg?lm=1,https://www.transfermarkt.co.uk/jurgen-ekkelenkamp/profil/spieler/361068,jurgen ekkelenkamp,J. Ekkelenkamp,Jurgen Ekkelenkamp,4/5/2000,18,182.88,74.8,"CM,CDM",Netherlands,65,78,950000.0,2000.0,Right,1,3,3,Normal,1900000.0,,,,,54,65,58,63,55,64,54,48,66,68,65,65,68,70,64,62,62,61,59,52,45,57,68,59,55,58,54,62,55,jurgen ekkelenkamp,100
Thomas Kristensen,DEN,DF,22,24,19,"1,754",19.5,1,0,1,1,0,0,5,0,0.9,0.9,0.3,1.2,19,76,19,0.05,0.0,0.05,0.05,0.05,0.05,0.02,0.06,0.05,0.06,thomas kristensen,Defender,right,198.0,IT1,6000000.0,6000000.0,https://img.a.transfermarkt.technology/portrait/header/698259-1696837568.jpg?lm=1,https://www.transfermarkt.co.uk/thomas-kristensen/profil/spieler/698259,thomas kristensen,M. Kristensen,Mathias Kristensen,3/21/1997,21,187.96,77.1,"RW,LW",Denmark,63,74,625000.0,2000.0,Right,1,3,3,Lean,906000.0,,,,,59,55,45,57,58,66,68,65,51,59,74,79,80,56,69,59,69,68,49,66,40,35,62,57,45,59,37,41,40,mathias kristensen,86
Oumar Solet,FRA,DF,24,19,19,"1,672",18.6,1,2,3,1,0,0,3,1,0.8,0.8,1.2,2.0,20,65,6,0.05,0.11,0.16,0.05,0.16,0.04,0.07,0.11,0.04,0.11,oumar solet,Defender,right,192.0,IT1,14000000.0,17000000.0,https://img.a.transfermarkt.technology/portrait/header/463665-1739281800.jpg?lm=1,https://www.transfermarkt.co.uk/oumar-solet/profil/spieler/463665,oumar solet,O. Solet,Oumar Solet,2/7/2000,19,193.04,81.2,CB,France,65,84,1000000.0,5000.0,Right,1,4,2,Normal,2500000.0,,,,,31,25,71,68,33,61,35,34,52,55,69,68,63,59,41,42,72,67,78,29,61,60,30,56,42,56,54,67,61,oumar solet,100
Jordan Zemura,ZIM,DF,24,23,13,"1,415",15.7,1,2,3,1,0,0,2,0,1.0,1.0,1.0,2.0,25,42,76,0.06,0.13,0.19,0.06,0.19,0.07,0.06,0.13,0.07,0.13,jordan zemura,Defender,left,173.0,IT1,5000000.0,6000000.0,https://img.a.transfermarkt.technology/portrait/header/633530-1730184134.jpg?lm=1,https://www.transfermarkt.co.uk/jordan-zemura/profil/spieler/633530,jordan zemura,J. Murray,Jordan Murray,10/2/1995,23,154.94,73.9,ST,Australia,62,69,425000.0,1000.0,Right,1,3,3,Normal,616000.0,,,,,31,65,59,53,53,60,31,28,39,59,70,68,53,49,65,60,61,58,65,62,50,11,62,45,64,57,15,11,16,jordan murray,85
Christian Kabasele,BEL,DF,33,16,12,"1,161",12.9,2,0,2,2,0,0,0,0,1.5,1.5,0.4,1.9,9,44,7,0.16,0.0,0.16,0.16,0.16,0.12,0.03,0.14,0.12,0.14,christian kabasele,Defender,right,187.0,IT1,1000000.0,9000000.0,https://img.a.transfermarkt.technology/portrait/header/81512-1692277533.jpg?lm=1,https://www.transfermarkt.co.uk/christian-kabasele/profil/spieler/81512,christian kabasele,C. Klem,Christian Klem,4/21/1991,27,172.72,71.2,"LB,LM",Austria,65,66,500000.0,3000.0,Left,1,2,2,Normal,763000.0,,,,,60,40,38,58,40,55,61,54,52,63,84,79,85,61,85,52,61,92,55,41,64,60,54,55,45,58,63,61,57,christian klem,81
Keinan Davis,ENG,AT,26,23,10,"1,066",11.8,2,1,3,2,0,0,2,0,2.9,2.9,2.1,5.0,26,22,77,0.17,0.08,0.25,0.17,0.25,0.24,0.18,0.42,0.24,0.42,keinan davis,Attack,left,189.0,IT1,4000000.0,4000000.0,https://img.a.transfermarkt.technology/portrait/header/412660-1707127382.jpg?lm=1,https://www.transfermarkt.co.uk/keinan-davis/profil/spieler/412660,keinan davis,K. Davis,Keinan Davis,2/13/1998,21,187.96,74.8,ST,England,65,76,950000.0,4000.0,Right,1,2,3,Lean,2000000.0,,,,,45,61,65,56,48,72,45,37,40,61,68,72,70,54,76,62,68,68,81,55,68,44,68,59,47,52,44,34,23,keinan davis,100
Alexis Sánchez,CHI,AT,35,13,6,437,4.9,0,0,0,0,0,0,0,0,0.8,0.8,0.2,1.0,2,19,19,0.0,0.0,0.0,0.0,0.0,0.16,0.04,0.2,0.16,0.2,alexis sanchez,Attack,right,169.0,IT1,2000000.0,70000000.0,https://img.a.transfermarkt.technology/portrait/header/40433-1660118147.jpg?lm=1,https://www.transfermarkt.co.uk/alexis-sanchez/profil/spieler/40433,alexis sanchez,L. Sanchez,Luis Sanchez,9/18/2000,18,175.26,76.2,CAM,Colombia,54,74,130000.0,1000.0,Right,1,3,2,Lean,306000.0,,,,,48,36,33,60,39,44,52,40,54,54,70,70,75,43,69,48,52,72,60,33,48,22,55,58,55,52,32,39,41,luis sanchez,85
Brenner,BRA,"MT,AT",24,9,5,386,4.3,1,2,3,1,0,0,0,0,0.6,0.6,0.5,1.1,5,7,16,0.23,0.47,0.7,0.23,0.7,0.15,0.11,0.26,0.15,0.26,brenner,Attack,right,175.0,IT1,4500000.0,9000000.0,https://img.a.transfermarkt.technology/portrait/header/412366-1692880573.jpg?lm=1,https://www.transfermarkt.co.uk/brenner/profil/spieler/412366,brenner,R. Renner,Rene Renner,11/29/1993,25,154.94,68.9,"LM,LB",Austria,64,66,550000.0,4000.0,Left,1,3,2,Lean,839000.0,,,,,64,57,51,61,45,66,65,43,56,64,72,72,69,58,67,51,34,69,40,49,38,42,54,56,55,45,51,45,43,rene renner,80
Brenner,BRA,"MT,AT",24,9,5,386,4.3,1,2,3,1,0,0,0,0,0.6,0.6,0.5,1.1,5,7,16,0.23,0.47,0.7,0.23,0.7,0.15,0.11,0.26,0.15,0.26,brenner,Attack,right,171.0,PO1,125000.0,125000.0,https://img.a.transfermarkt.technology/portrait/header/default.jpg?lm=1,https://www.transfermarkt.co.uk/brenner/profil/spieler/973703,brenner,R. Renner,Rene Renner,11/29/1993,25,154.94,68.9,"LM,LB",Austria,64,66,550000.0,4000.0,Left,1,3,2,Lean,839000.0,,,,,64,57,51,61,45,66,65,43,56,64,72,72,69,58,67,51,34,69,40,49,38,42,54,56,55,45,51,45,43,rene renner,80
Nehuén Pérez,ARG,DF,24,2,2,180,2.0,0,0,0,0,0,0,0,0,0.0,0.0,0.0,0.0,2,4,2,0.0,0.0,0.0,0.0,0.0,0.0,0.0,0.0,0.0,0.0,nehuen perez,Defender,right,186.0,PO1,13000000.0,13000000.0,https://img.a.transfermarkt.technology/portrait/header/491693-1695029359.jpg?lm=1,https://www.transfermarkt.co.uk/nehuen-perez/profil/spieler/491693,nehuen perez,N. Pérez,Nehuén Pérez,6/24/2000,18,185.42,74.8,CB,Argentina,70,84,3300000.0,9000.0,Right,1,3,2,Lean,8800000.0,,,,,21,21,66,65,22,18,21,32,42,58,67,61,52,75,55,42,69,54,62,16,72,71,18,22,40,51,65,75,72,nehuén pérez,91
Daniele Padelli,ITA,GB,38,1,1,90,1.0,0,0,0,0,0,0,0,0,0.0,0.0,0.0,0.0,0,0,0,0.0,0.0,0.0,0.0,0.0,0.0,0.0,0.0,0.0,0.0,daniele padelli,Goalkeeper,right,191.0,IT1,150000.0,2000000.0,https://img.a.transfermarkt.technology/portrait/header/27807-1630653305.jpg?lm=1,https://www.transfermarkt.co.uk/daniele-padelli/profil/spieler/27807,daniele padelli,D. Padelli,Daniele Padelli,10/25/1985,33,190.5,82.1,GK,Italy,74,74,3200000.0,34000.0,Left,2,2,1,Normal,5500000.0,,,,,11,10,10,26,10,10,13,10,29,21,49,39,38,70,27,23,65,30,45,11,12,13,10,30,22,69,8,12,12,daniele padelli,100
Simone Pafundi,ITA,"MT,DF",18,9,0,116,1.3,0,0,0,0,0,0,0,0,0.1,0.1,0.7,0.7,3,0,7,0.0,0.0,0.0,0.0,0.0,0.05,0.52,0.57,0.05,0.57,simone pafundi,Midfield,left,166.0,IT1,6000000.0,10000000.0,https://img.a.transfermarkt.technology/portrait/header/876400-1660805372.jpg?lm=1,https://www.transfermarkt.co.uk/simone-pafundi/profil/spieler/876400,simone pafundi,S. Padoin,Simone Padoin,3/18/1984,34,152.4,73.0,"LB,LM,CM",Italy,71,71,675000.0,18000.0,Right,2,3,3,Normal,1100000.0,,,,,73,51,68,75,63,74,73,68,72,75,68,68,69,68,79,74,69,59,65,73,70,70,72,72,70,73,70,74,71,simone padoin,81
Morten Frendrup,DEN,MT,23,35,35,"3,103",34.5,2,0,2,2,0,0,5,0,1.6,1.6,0.9,2.5,24,106,29,0.06,0.0,0.06,0.06,0.06,0.05,0.03,0.07,0.05,0.07,morten frendrup,Midfield,right,178.0,IT1,20000000.0,20000000.0,https://img.a.transfermarkt.technology/portrait/header/503871-1707815910.jpg?lm=1,https://www.transfermarkt.co.uk/morten-frendrup/profil/spieler/503871,morten frendrup,M. Frendrup,Morten Frendrup,4/7/2001,17,152.4,63.0,CM,Denmark,53,73,120000.0,2000.0,Right,1,2,2,Lean,270000.0,,,,,33,30,50,63,26,45,39,37,60,58,66,67,66,52,78,44,63,55,34,30,58,51,38,45,39,45,44,51,51,morten frendrup,100
Aarón Martín,ESP,DF,27,36,35,"3,085",34.3,0,8,8,0,0,0,5,0,0.9,0.9,5.5,6.4,50,90,108,0.0,0.23,0.23,0.0,0.23,0.03,0.16,0.19,0.03,0.19,aaron martin,Defender,left,178.0,IT1,6500000.0,20000000.0,https://img.a.transfermarkt.technology/portrait/header/251878-1730126148.jpg?lm=1,https://www.transfermarkt.co.uk/aaron-martin/profil/spieler/251878,aaron martin,A. Martin,Aaron Martin,9/29/1989,29,190.5,76.2,CB,England,64,64,375000.0,3000.0,Right,1,3,2,Normal,656000.0,,,,,20,29,68,53,15,34,23,45,48,49,58,46,51,56,50,67,66,69,74,45,62,61,19,24,38,59,64,65,63,aaron martin,100
Johan Vásquez,MEX,DF,25,36,34,"3,041",33.8,3,0,3,3,0,0,9,0,2.4,2.4,0.3,2.7,37,96,12,0.09,0.0,0.09,0.09,0.09,0.07,0.01,0.08,0.07,0.08,johan vasquez,Defender,left,185.0,IT1,12000000.0,12000000.0,https://img.a.transfermarkt.technology/portrait/header/532937-1742929864.jpg?lm=1,https://www.transfermarkt.co.uk/johan-vasquez/profil/spieler/532937,johan vasquez,J. Vásquez,Johan Vásquez,10/22/1998,20,182.88,72.1,CB,Mexico,62,76,600000.0,3000.0,Left,1,2,2,Lean,1300000.0,,,,,55,30,56,60,28,44,40,40,58,59,65,55,50,55,67,38,65,60,65,25,55,57,33,39,45,45,65,65,63,johan vásquez,96
Andrea Pinamonti,ITA,AT,25,36,33,"2,850",31.7,10,1,11,10,0,1,4,0,7.7,7.0,1.7,8.7,20,46,132,0.32,0.03,0.35,0.32,0.35,0.24,0.05,0.3,0.22,0.27,andrea pinamonti,Attack,right,185.0,IT1,16000000.0,20000000.0,https://img.a.transfermarkt.technology/portrait/header/315865-1692883161.jpg?lm=1,https://www.transfermarkt.co.uk/andrea-pinamonti/profil/spieler/315865,andrea pinamonti,A. Pinamonti,Andrea Pinamonti,5/19/1999,19,187.96,72.1,ST,Italy,66,81,1400000.0,8000.0,Right,1,3,3,Lean,,,,,,40,70,69,53,62,64,43,43,36,70,54,53,64,59,64,65,65,55,66,60,52,16,66,45,66,60,15,19,19,andrea pinamonti,100
Nicola Leali,ITA,GB,31,29,29,"2,610",29.0,0,0,0,0,0,0,1,0,0.0,0.0,0.0,0.0,0,0,0,0.0,0.0,0.0,0.0,0.0,0.0,0.0,0.0,0.0,0.0,nicola leali,Goalkeeper,right,193.0,IT1,1500000.0,6000000.0,https://img.a.transfermarkt.technology/portrait/header/136111-1692963337.jpg?lm=1,https://www.transfermarkt.co.uk/nicola-leali/profil/spieler/136111,nicola leali,N. Leali,Nicola Leali,2/17/1993,26,193.04,82.1,GK,Italy,70,73,1600000.0,2000.0,Right,1,2,1,Lean,,,,,,14,13,11,12,16,13,18,17,13,23,33,32,34,64,32,24,70,27,65,17,30,25,12,35,17,60,20,13,19,nicola leali,100
Stefano Sabelli,ITA,DF,31,34,23,"2,058",22.9,0,2,2,0,0,0,3,0,0.1,0.1,1.9,2.1,36,88,43,0.0,0.09,0.09,0.0,0.09,0.01,0.08,0.09,0.01,0.09,stefano sabelli,Defender,right,176.0,IT1,1500000.0,2000000.0,https://img.a.transfermarkt.technology/portrait/header/167491-1595930293.jpg?lm=1,https://www.transfermarkt.co.uk/stefano-sabelli/profil/spieler/167491,stefano sabelli,S. Sabelli,Stefano Sabelli,1/13/1993,26,154.94,73.9,RB,Italy,68,71,925000.0,2000.0,Right,1,3,2,Lean,1500000.0,,,,,58,35,59,60,37,59,46,40,55,58,73,82,72,68,79,35,66,86,71,50,71,67,37,45,42,68,64,66,68,stefano sabelli,100
Morten Thorsby,NOR,"MT,AT",28,30,22,"1,898",21.1,0,1,1,0,0,0,6,0,2.8,2.8,2.1,4.9,24,58,76,0.0,0.05,0.05,0.0,0.05,0.13,0.1,0.23,0.13,0.23,morten thorsby,Midfield,right,188.0,IT1,3000000.0,7000000.0,https://img.a.transfermarkt.technology/portrait/header/226524-1725529624.jpg?lm=1,https://www.transfermarkt.co.uk/morten-thorsby/profil/spieler/226524,morten thorsby,M. Thorsby,Morten Thorsby,5/5/1996,22,185.42,72.1,"CM,CAM",Norway,71,77,3200000.0,6000.0,Right,1,3,2,Normal,5400000.0,,,,,62,58,75,72,51,68,51,48,68,69,66,67,67,72,68,65,82,93,74,58,78,70,71,64,49,70,64,68,62,morten thorsby,100
Milan Badelj,CRO,MT,35,23,21,"1,472",16.4,1,0,1,1,0,0,2,0,1.0,1.0,1.1,2.1,8,83,14,0.06,0.0,0.06,0.06,0.06,0.06,0.07,0.13,0.06,0.13,milan badelj,Midfield,right,186.0,IT1,800000.0,15000000.0,https://img.a.transfermarkt.technology/portrait/header/40633-1692277462.jpg?lm=1,https://www.transfermarkt.co.uk/milan-badelj/profil/spieler/40633,milan badelj,M. Badelj,Milan Badelj,2/25/1989,30,185.42,79.8,"CDM,CM",Croatia,79,79,10000000.0,50000.0,Right,2,4,3,Lean,17000000.0,,,,,69,54,66,82,66,72,64,58,82,79,55,56,68,78,64,72,58,79,71,74,76,78,62,77,68,72,77,76,76,milan badelj,100
Mattia Bani,ITA,DF,30,20,19,"1,507",16.7,0,0,0,0,0,0,3,0,1.2,1.2,0.2,1.4,6,25,3,0.0,0.0,0.0,0.0,0.0,0.07,0.01,0.08,0.07,0.08,mattia bani,Defender,right,188.0,IT1,2000000.0,3200000.0,https://img.a.transfermarkt.technology/portrait/header/176139-1595917932.jpg?lm=1,https://www.transfermarkt.co.uk/mattia-bani/profil/spieler/176139,mattia bani,M. Bani,Mattia Bani,12/10/1993,25,187.96,78.0,CB,Italy,70,75,2000000.0,8000.0,Right,1,2,2,Normal,3800000.0,,,,,17,12,68,55,17,50,13,17,49,52,58,62,54,65,48,23,75,66,79,11,67,67,12,15,19,59,65,75,71,mattia bani,100
Junior Messias,BRA,"MT,AT",33,17,8,847,9.4,1,1,2,1,0,1,1,0,2.4,1.4,0.7,2.1,32,32,49,0.11,0.11,0.21,0.11,0.21,0.25,0.07,0.33,0.15,0.23,junior messias,Attack,left,174.0,IT1,2000000.0,6500000.0,https://img.a.transfermarkt.technology/portrait/header/449151-1663575000.jpg?lm=1,https://www.transfermarkt.co.uk/junior-messias/profil/spieler/449151,junior messias,J. Morias,Junior Morias,7/4/1995,23,172.72,88.0,ST,Jamaica,61,70,400000.0,3000.0,Right,1,3,2,Stocky,780000.0,,,,,49,62,51,48,55,64,46,22,26,60,73,74,63,57,85,69,60,65,87,57,63,25,47,43,58,56,24,25,28,junior morias,81
Pierluigi Gollini,ITA,GB,29,7,7,630,7.0,0,0,0,0,0,0,1,0,0.0,0.0,0.0,0.0,0,0,0,0.0,0.0,0.0,0.0,0.0,0.0,0.0,0.0,0.0,0.0,pierluigi gollini,Goalkeeper,right,194.0,IT1,1000000.0,17000000.0,https://img.a.transfermarkt.technology/portrait/header/244192-1695026486.jpg?lm=1,https://www.transfermarkt.co.uk/pierluigi-gollini/profil/spieler/244192,pierluigi gollini,P. Gollini,Pierluigi Gollini,3/18/1995,23,187.96,79.8,GK,Italy,71,79,2600000.0,10000.0,Right,1,3,1,Lean,5000000.0,,,,,17,14,19,31,20,18,13,15,25,24,46,48,56,72,52,23,52,40,68,17,19,18,12,30,21,63,20,12,19,pierluigi gollini,100
Ruslan Malinovskyi,UKR,"MT,AT",31,9,4,383,4.3,0,2,2,0,0,0,2,0,0.2,0.2,1.5,1.7,3,32,10,0.0,0.47,0.47,0.0,0.47,0.06,0.35,0.41,0.06,0.41,ruslan malinovskyi,Midfield,left,181.0,IT1,3500000.0,30000000.0,https://img.a.transfermarkt.technology/portrait/header/207877-1663583019.jpg?lm=1,https://www.transfermarkt.co.uk/ruslan-malinovskyi/profil/spieler/207877,ruslan malinovskyi,R. Malinovskyi,Ruslan Malinovskyi,5/4/1993,25,154.94,84.8,CM,Ukraine,78,82,13000000.0,18000.0,Left,1,4,4,Stocky,20500000.0,,,,,79,70,69,82,70,75,84,87,77,80,69,73,71,74,65,90,68,81,69,84,79,64,69,78,66,75,54,68,58,ruslan malinovskyi,100
Caleb Ekuban,GHA,AT,30,18,3,555,6.2,1,3,4,1,0,0,1,0,2.8,2.8,0.8,3.5,7,8,42,0.16,0.49,0.65,0.16,0.65,0.45,0.12,0.57,0.45,0.57,caleb ekuban,Attack,right,182.0,IT1,1500000.0,7000000.0,https://img.a.transfermarkt.technology/portrait/header/199953-1707213734.jpg?lm=1,https://www.transfermarkt.co.uk/caleb-ekuban/profil/spieler/199953,caleb ekuban,C. Ekuban,Caleb Ekuban,3/23/1994,24,154.94,79.8,ST,Italy,65,71,750000.0,10000.0,Right,1,3,3,Normal,,,,,,40,62,60,60,54,66,54,42,50,67,81,78,64,53,59,64,80,78,78,50,70,29,64,59,64,54,22,17,17,caleb ekuban,100
Sebastian Otoa,DEN,DF,20,3,3,179,2.0,0,0,0,0,0,0,1,1,0.0,0.0,0.0,0.0,0,0,0,0.0,0.0,0.0,0.0,0.0,0.0,0.0,0.0,0.0,0.0,sebastian otoa,Defender,right,198.0,IT1,2000000.0,2000000.0,https://img.a.transfermarkt.technology/portrait/header/890385-1736924404.jpg?lm=1,https://www.transfermarkt.co.uk/sebastian-otoa/profil/spieler/890385,sebastian otoa,S. Mai,Sebastian Mai,12/10/1993,25,195.58,93.0,"CB,ST,CM",Germany,64,69,500000.0,1000.0,Right,1,2,2,Stocky,763000.0,,,,,23,30,73,38,35,25,22,24,39,33,34,34,29,59,29,50,31,52,92,33,87,57,36,31,23,48,62,65,59,sebastian mai,81
Jean Onana,CMR,MT,24,9,2,304,3.4,0,0,0,0,0,0,1,0,0.0,0.0,0.1,0.1,1,11,4,0.0,0.0,0.0,0.0,0.0,0.0,0.03,0.03,0.0,0.03,jean onana,Midfield,right,189.0,IT1,3000000.0,6000000.0,https://img.a.transfermarkt.technology/portrait/header/656441-1727356174.png?lm=1,https://www.transfermarkt.co.uk/jean-onana/profil/spieler/656441,jean onana,A. Onana,André Onana,4/2/1996,22,187.96,93.0,GK,Cameroon,80,85,14500000.0,14000.0,Right,2,3,1,Stocky,21400000.0,Cameroon,75.0,GK,1.0,15,12,20,33,13,26,30,17,26,38,64,62,68,78,53,21,80,39,67,17,29,15,11,62,27,57,12,18,14,andré onana,82
Emil Bohinen,NOR,MT,25,3,1,166,1.8,0,0,0,0,0,0,0,0,0.1,0.1,0.1,0.2,6,5,2,0.0,0.0,0.0,0.0,0.0,0.06,0.04,0.09,0.06,0.09,emil bohinen,Midfield,left,189.0,IT1,1800000.0,4000000.0,https://img.a.transfermarkt.technology/portrait/header/406806-1663667682.jpg?lm=1,https://www.transfermarkt.co.uk/emil-bohinen/profil/spieler/406806,emil bohinen,E. Bohinen,Emil Bohinen,3/12/1999,19,175.26,74.8,CM,Norway,57,76,220000.0,1000.0,Left,1,3,2,Lean,413000.0,,,,,46,42,42,60,39,61,46,44,61,61,69,64,68,56,74,47,67,55,58,45,42,50,49,53,49,56,51,46,50,emil bohinen,100
Filippo Melegoni,ITA,"MT,AT",25,3,1,89,1.0,0,1,1,0,0,0,0,0,0.0,0.0,0.5,0.5,0,1,2,0.0,1.01,1.01,0.0,1.01,0.04,0.51,0.55,0.04,0.55,filippo melegoni,Midfield,right,186.0,IT1,1200000.0,2000000.0,https://img.a.transfermarkt.technology/portrait/header/315862-1697615947.jpg?lm=1,https://www.transfermarkt.co.uk/filippo-melegoni/profil/spieler/315862,filippo melegoni,F. Melegoni,Filippo Melegoni,2/18/1999,20,185.42,73.9,CM,Italy,63,80,775000.0,2000.0,Right,1,3,2,Lean,,,,,,59,53,49,68,50,60,59,57,70,66,62,48,66,60,73,66,48,47,52,47,53,40,55,69,64,59,57,58,58,filippo melegoni,100
Alessandro Marcandalli,ITA,DF,21,2,1,46,0.5,0,0,0,0,0,0,0,0,0.0,0.0,0.0,0.0,0,1,0,0.0,0.0,0.0,0.0,0.0,0.0,0.0,0.0,0.0,0.0,alessandro marcandalli,Defender,right,190.0,IT1,2000000.0,2000000.0,https://img.a.transfermarkt.technology/portrait/header/818448-1739282452.jpg?lm=1,https://www.transfermarkt.co.uk/alessandro-marcandalli/profil/spieler/818448,alessandro marcandalli,A. Martinelli,Alessandro Martinelli,5/30/1993,25,175.26,68.9,"CDM,CM",Switzerland,67,70,800000.0,2000.0,Left,1,3,3,Normal,1300000.0,,,,,51,36,55,68,49,66,60,60,64,67,65,66,66,65,81,53,72,77,68,58,70,66,54,63,50,63,65,62,58,alessandro martinelli,84
Lorenzo Montipò,ITA,GB,28,36,36,"3,240",36.0,0,0,0,0,0,0,0,0,0.0,0.0,0.0,0.0,0,1,0,0.0,0.0,0.0,0.0,0.0,0.0,0.0,0.0,0.0,0.0,lorenzo montipo,Goalkeeper,right,191.0,IT1,3000000.0,4500000.0,https://img.a.transfermarkt.technology/portrait/header/241923-1724828092.jpg?lm=1,https://www.transfermarkt.co.uk/lorenzo-montipo/profil/spieler/241923,lorenzo montipo,L. Montipó,Lorenzo Montipó,2/20/1996,23,190.5,82.1,GK,Italy,68,77,1000000.0,2000.0,Right,1,1,1,Normal,1900000.0,,,,,15,20,17,17,18,19,17,15,16,20,40,42,46,65,49,24,54,35,49,14,24,18,15,20,29,50,10,19,11,lorenzo montipó,97
Ondrej Duda,SVK,MT,29,28,27,"2,395",26.6,1,3,4,1,0,0,12,1,1.0,1.0,3.2,4.2,23,117,26,0.04,0.11,0.15,0.04,0.15,0.04,0.12,0.16,0.04,0.16,ondrej duda,Midfield,right,180.0,IT1,4000000.0,17000000.0,https://img.a.transfermarkt.technology/portrait/header/232418-1716967836.jpg?lm=1,https://www.transfermarkt.co.uk/ondrej-duda/profil/spieler/232418,ondrej duda,O. Duda,Ondrej Duda,12/5/1994,24,154.94,73.9,"CAM,CM",Slovakia,76,82,10500000.0,23000.0,Right,1,4,4,Lean,20000000.0,,,,,62,78,49,76,70,79,74,76,69,81,70,67,76,75,75,75,70,78,55,64,60,26,71,75,56,81,63,65,59,ondrej duda,100
Amin Sarr,SWE,AT,23,32,25,"1,907",21.2,4,1,5,4,0,0,1,0,3.2,3.2,2.1,5.4,31,41,103,0.19,0.05,0.24,0.19,0.24,0.15,0.1,0.25,0.15,0.25,amin sarr,Attack,right,188.0,IT1,4000000.0,9000000.0,https://img.a.transfermarkt.technology/portrait/header/748382-1695624167.jpg?lm=1,https://www.transfermarkt.co.uk/amin-sarr/profil/spieler/748382,amin sarr,M. Sarr,Malang Sarr,1/23/1999,20,182.88,73.0,"CB,LB",France,75,84,8500000.0,11000.0,Left,1,4,2,Stocky,17900000.0,,,,,68,49,73,74,37,62,68,40,69,67,74,72,74,72,70,50,78,79,79,40,68,74,59,63,44,78,72,77,75,malang sarr,80
Suat Serdar,GER,MT,27,22,16,"1,376",15.3,2,1,3,2,0,0,4,1,1.9,1.9,1.0,2.9,18,56,35,0.13,0.07,0.2,0.13,0.2,0.13,0.06,0.19,0.13,0.19,suat serdar,Midfield,right,184.0,IT1,5000000.0,25000000.0,https://img.a.transfermarkt.technology/portrait/header/261905-1744314720.jpg?lm=1,https://www.transfermarkt.co.uk/suat-serdar/profil/spieler/261905,suat serdar,S. Serdar,Suat Serdar,4/11/1997,21,182.88,74.8,"CM,CDM,CAM",Germany,75,82,9500000.0,20000.0,Right,1,3,3,Normal,18100000.0,,,,,60,56,68,77,50,75,42,45,70,77,67,72,68,75,67,73,68,76,76,68,80,73,68,74,49,70,68,73,67,suat serdar,100
Nicolás Valentini,ARG,DF,23,14,13,"1,129",12.5,0,0,0,0,0,0,5,1,0.3,0.3,0.8,1.2,4,42,1,0.0,0.0,0.0,0.0,0.0,0.03,0.07,0.09,0.03,0.09,nicolas valentini,Defender,left,187.0,IT1,4500000.0,6000000.0,https://img.a.transfermarkt.technology/portrait/header/860992-1711028718.jpg?lm=1,https://www.transfermarkt.co.uk/nicolas-valentini/profil/spieler/860992,nicolas valentini,E. Valentini,Enrico Valentini,2/20/1989,30,182.88,78.0,"RB,RM",Germany,71,71,1800000.0,15000.0,Right,1,3,3,Normal,3200000.0,,,,,78,55,55,71,51,72,70,71,62,71,78,76,71,69,70,69,68,78,71,62,77,63,55,61,61,67,67,67,68,enrico valentini,85
Daniel Mosquera,COL,AT,24,35,12,"1,375",15.3,5,1,6,5,0,0,4,0,6.6,6.6,1.3,7.9,17,25,83,0.33,0.07,0.39,0.33,0.39,0.44,0.08,0.52,0.44,0.52,daniel mosquera,Attack,right,180.0,IT1,1500000.0,1500000.0,https://img.a.transfermarkt.technology/portrait/header/651569-1722324016.jpg?lm=1,https://www.transfermarkt.co.uk/daniel-mosquera/profil/spieler/651569,daniel mosquera,E. Mosquera,Elvis David Mosquera Valdés,1/22/1991,28,182.88,77.1,LB,Colombia,67,67,625000.0,1000.0,Left,1,3,2,Normal,844000.0,,,,,71,36,69,56,34,57,59,34,55,58,68,72,58,60,57,59,74,78,75,47,60,65,51,57,49,59,61,67,68,elvis david mosquera valdés,80
Giangiacomo Magnani,ITA,DF,28,17,11,"1,065",11.8,1,0,1,1,0,0,2,0,1.1,1.1,0.0,1.2,4,31,7,0.08,0.0,0.08,0.08,0.08,0.1,0.0,0.1,0.1,0.1,giangiacomo magnani,Defender,right,192.0,IT1,3000000.0,5000000.0,https://img.a.transfermarkt.technology/portrait/header/310458-1630660856.jpg?lm=1,https://www.transfermarkt.co.uk/giangiacomo-magnani/profil/spieler/310458,giangiacomo magnani,G. Magnani,Giangiacomo Magnani,10/4/1995,23,190.5,87.1,CB,Italy,70,80,2500000.0,20000.0,Left,1,3,2,Lean,5000000.0,,,,,40,33,73,54,35,40,30,30,55,60,55,61,54,61,52,52,71,65,75,25,65,63,21,34,38,60,75,73,73,giangiacomo magnani,100
Antoine Bernede,FRA,MT,25,14,7,594,6.6,1,0,1,1,0,0,2,0,0.8,0.8,0.5,1.2,7,29,22,0.15,0.0,0.15,0.15,0.15,0.12,0.07,0.19,0.12,0.19,antoine bernede,Midfield,right,178.0,IT1,3500000.0,6000000.0,https://img.a.transfermarkt.technology/portrait/header/395512-1739282210.jpg?lm=1,https://www.transfermarkt.co.uk/antoine-bernede/profil/spieler/395512,antoine bernede,A. Bernede,Antoine Bernede,5/26/1999,19,152.4,73.9,"CAM,CM",France,64,75,750000.0,4000.0,Left,1,3,3,Normal,1300000.0,,,,,51,49,47,73,52,66,59,58,64,72,63,55,68,45,66,62,34,48,56,44,52,40,55,66,59,65,57,58,46,antoine bernede,100
Martin Frese,DEN,DF,26,11,5,549,6.1,0,0,0,0,0,0,0,0,0.1,0.1,0.2,0.2,7,19,12,0.0,0.0,0.0,0.0,0.0,0.01,0.03,0.04,0.01,0.04,martin frese,Defender,left,179.0,IT1,2000000.0,2000000.0,https://img.a.transfermarkt.technology/portrait/header/488785-1701443446.jpg?lm=1,https://www.transfermarkt.co.uk/martin-frese/profil/spieler/488785,martin frese,M. Frese,Martin Frese,1/4/1998,21,152.4,74.8,"LW,LM",Denmark,54,65,120000.0,2000.0,Left,1,3,3,Lean,174000.0,,,,,45,50,43,45,44,58,42,33,40,58,71,62,60,52,70,61,48,67,49,40,45,31,57,48,53,42,39,20,28,martin frese,100
Davide Faraoni,ITA,DF,32,8,3,260,2.9,0,0,0,0,0,0,1,0,0.2,0.2,0.1,0.3,2,3,13,0.0,0.0,0.0,0.0,0.0,0.07,0.05,0.12,0.07,0.12,davide faraoni,Defender,right,180.0,IT1,1000000.0,7000000.0,https://img.a.transfermarkt.technology/portrait/header/73926-1663671695.jpg?lm=1,https://www.transfermarkt.co.uk/davide-faraoni/profil/spieler/73926,davide faraoni,M. Faraoni,Marco Davide Faraoni,10/25/1991,27,154.94,71.2,"RB,RM",Italy,70,70,1500000.0,3000.0,Right,1,3,3,Normal,,,,,,73,43,65,70,69,71,69,68,67,70,72,69,67,70,74,76,71,79,69,69,77,63,64,64,66,71,63,66,71,marco davide faraoni,82
Simone Perilli,ITA,GB,29,2,2,180,2.0,0,0,0,0,0,0,0,0,0.0,0.0,0.0,0.0,0,0,0,0.0,0.0,0.0,0.0,0.0,0.0,0.0,0.0,0.0,0.0,simone perilli,Goalkeeper,right,196.0,IT1,200000.0,300000.0,https://img.a.transfermarkt.technology/portrait/header/240675-1659601467.jpg?lm=1,https://www.transfermarkt.co.uk/simone-perilli/profil/spieler/240675,simone perilli,S. Perilli,Simone Perilli,1/7/1995,24,195.58,84.8,GK,Italy,59,67,170000.0,1000.0,Right,1,1,1,Normal,306000.0,,,,,18,17,12,25,14,14,16,17,27,20,46,45,36,56,56,21,52,30,65,17,24,23,13,14,26,54,25,15,18,simone perilli,100
Sebastiano Luperto,ITA,DF,27,36,36,"3,240",36.0,1,3,4,1,0,0,4,0,2.2,2.2,1.3,3.4,22,96,11,0.03,0.08,0.11,0.03,0.11,0.06,0.04,0.1,0.06,0.1,sebastiano luperto,Defender,left,191.0,IT1,3500000.0,5000000.0,https://img.a.transfermarkt.technology/portrait/header/278531-1730125275.jpg?lm=1,https://www.transfermarkt.co.uk/sebastiano-luperto/profil/spieler/278531,sebastiano luperto,S. Luperto,Sebastiano Luperto,9/6/1996,22,190.5,74.8,CB,Italy,70,80,2500000.0,19000.0,Left,1,3,2,Lean,4800000.0,,,,,65,45,70,65,45,52,47,42,54,63,54,54,56,66,61,72,70,68,70,68,64,68,52,43,44,62,70,72,72,sebastiano luperto,100
Yerry Mina,COL,DF,29,31,31,"2,569",28.5,1,0,1,1,0,0,6,1,2.3,2.3,0.3,2.6,17,76,9,0.04,0.0,0.04,0.04,0.04,0.08,0.01,0.09,0.08,0.09,yerry mina,Defender,right,195.0,IT1,3000000.0,30000000.0,https://img.a.transfermarkt.technology/portrait/header/289446-1730186402.jpg?lm=1,https://www.transfermarkt.co.uk/yerry-mina/profil/spieler/289446,yerry mina,Y. Mina,Yerry Mina,9/23/1994,24,195.58,93.9,CB,Colombia,78,85,12500000.0,68000.0,Right,1,2,2,Normal,26300000.0,,,,,43,51,86,73,41,60,38,30,52,53,45,62,53,72,34,70,70,79,87,50,80,75,48,54,53,80,77,80,75,yerry mina,100
Tommaso Augello,ITA,DF,29,38,30,"2,713",30.1,0,7,7,0,0,0,3,0,0.3,0.3,4.6,4.9,58,118,113,0.0,0.23,0.23,0.0,0.23,0.01,0.15,0.16,0.01,0.16,tommaso augello,Defender,left,180.0,IT1,1800000.0,4000000.0,https://img.a.transfermarkt.technology/portrait/header/284595-1663679538.jpg?lm=1,https://www.transfermarkt.co.uk/tommaso-augello/profil/spieler/284595,tommaso augello,T. Augello,Tommaso Augello,8/30/1994,24,154.94,69.9,LB,Italy,67,71,825000.0,1000.0,Left,1,2,2,Normal,1300000.0,,,,,64,31,54,61,36,61,46,31,51,63,74,77,74,64,77,32,66,73,49,35,59,68,58,49,38,59,65,64,63,tommaso augello,100
Alessandro Deiola,ITA,MT,28,29,16,"1,432",15.9,2,1,3,2,0,0,6,0,1.7,1.7,0.6,2.4,11,40,36,0.13,0.06,0.19,0.13,0.19,0.11,0.04,0.15,0.11,0.15,alessandro deiola,Midfield,right,190.0,IT1,1600000.0,2000000.0,https://img.a.transfermarkt.technology/portrait/header/235931-1692964002.jpg?lm=1,https://www.transfermarkt.co.uk/alessandro-deiola/profil/spieler/235931,alessandro deiola,A. Deiola,Alessandro Deiola,8/1/1995,23,187.96,84.8,CM,Italy,64,73,675000.0,6000.0,Right,1,3,2,Lean,1300000.0,,,,,48,58,46,66,68,60,52,42,64,66,67,68,53,55,34,73,61,65,74,68,74,55,62,60,34,56,64,65,53,alessandro deiola,100
Răzvan Marin,ROU,MT,28,33,13,"1,406",15.6,3,2,5,1,2,2,4,0,2.4,0.8,3.6,4.5,22,84,29,0.19,0.13,0.32,0.06,0.19,0.15,0.23,0.39,0.05,0.29,răzvan marin,Midfield,right,178.0,IT1,3500000.0,15000000.0,https://img.a.transfermarkt.technology/portrait/header/295183-1719665338.jpg?lm=1,https://www.transfermarkt.co.uk/razvan-marin/profil/spieler/295183,răzvan marin,R. Marin,Răzvan Marin,5/23/1996,22,175.26,69.9,"CM,CDM",Romania,76,82,10500000.0,15000.0,Right,1,4,4,Normal,17900000.0,Romania,72.0,SUB,5.0,76,68,55,77,73,76,78,76,81,76,71,68,73,67,70,84,65,79,65,78,66,70,75,76,68,71,65,59,57,răzvan marin,100
Simone Scuffet,ITA,GB,28,13,13,"1,170",13.0,0,0,0,0,0,0,0,0,0.0,0.0,0.0,0.0,0,0,0,0.0,0.0,0.0,0.0,0.0,0.0,0.0,0.0,0.0,0.0,simone scuffet,Goalkeeper,right,193.0,IT1,2000000.0,6000000.0,https://img.a.transfermarkt.technology/portrait/header/238993-1692963456.jpg?lm=1,https://www.transfermarkt.co.uk/simone-scuffet/profil/spieler/238993,simone scuffet,S. Scuffet,Simone Scuffet,5/31/1996,22,190.5,78.0,GK,Italy,72,82,3800000.0,11000.0,Right,2,2,1,Lean,,,,,,20,20,18,30,20,13,20,22,34,21,50,50,60,68,45,19,70,40,65,16,35,18,12,33,18,61,15,24,18,simone scuffet,100
José Luis Palomino,ARG,DF,34,18,10,"1,081",12.0,1,0,1,1,0,0,3,0,0.5,0.5,0.0,0.5,4,35,1,0.08,0.0,0.08,0.08,0.08,0.04,0.0,0.04,0.04,0.04,jose luis palomino,Defender,left,188.0,IT1,700000.0,10000000.0,https://img.a.transfermarkt.technology/portrait/header/125020-1663582906.jpg?lm=1,https://www.transfermarkt.co.uk/jose-luis-palomino/profil/spieler/125020,jose luis palomino,J. Palomino,José Luis Palomino,1/5/1990,29,187.96,87.1,CB,Argentina,76,76,6000000.0,25000.0,Left,1,3,2,Normal,10200000.0,,,,,60,26,77,66,32,56,55,36,60,64,63,49,46,74,44,48,33,69,83,29,78,80,28,30,44,64,74,78,78,josé luis palomino,97
Gianluca Gaetano,ITA,"MT,AT",24,28,8,"1,009",11.2,2,4,6,2,0,0,0,0,4.9,4.9,2.2,7.1,11,41,82,0.18,0.36,0.54,0.18,0.54,0.43,0.2,0.63,0.43,0.63,gianluca gaetano,Midfield,right,183.0,IT1,4000000.0,6000000.0,https://img.a.transfermarkt.technology/portrait/header/358008-1656581154.jpg?lm=1,https://www.transfermarkt.co.uk/gianluca-gaetano/profil/spieler/358008,gianluca gaetano,G. Gaetano,Gianluca Gaetano,5/5/2000,18,175.26,69.9,"CAM,ST",Italy,61,81,525000.0,4000.0,Right,1,4,3,Lean,1400000.0,,,,,65,60,50,58,56,66,57,42,55,65,65,67,60,51,81,73,47,60,45,47,40,34,52,62,65,54,20,37,36,gianluca gaetano,100
Mateusz Wieteska,POL,DF,27,5,1,184,2.0,0,0,0,0,0,0,1,0,0.2,0.2,0.2,0.4,1,5,0,0.0,0.0,0.0,0.0,0.0,0.1,0.07,0.18,0.1,0.18,mateusz wieteska,Defender,right,187.0,GR1,2200000.0,4000000.0,https://img.a.transfermarkt.technology/portrait/header/208172-1668091600.jpg?lm=1,https://www.transfermarkt.co.uk/mateusz-wieteska/profil/spieler/208172,mateusz wieteska,M. Wieteska,Mateusz Wieteska,2/11/1997,22,187.96,77.1,"CB,RB",Poland,64,72,575000.0,2000.0,Right,1,2,2,Lean,920000.0,,,,,33,36,68,55,32,34,29,24,48,41,55,63,65,54,56,38,80,63,70,19,65,66,41,40,39,61,51,68,64,mateusz wieteska,100
Simon Sohm,SUI,MT,23,37,36,"2,989",33.2,4,0,4,4,0,0,6,0,3.1,3.1,2.1,5.2,69,140,67,0.12,0.0,0.12,0.12,0.12,0.09,0.06,0.16,0.09,0.16,simon sohm,Midfield,right,188.0,IT1,5000000.0,5000000.0,https://img.a.transfermarkt.technology/portrait/header/507486-1686211320.jpg?lm=1,https://www.transfermarkt.co.uk/simon-sohm/profil/spieler/507486,simon sohm,S. Sohm,Simon Sohm,4/11/2001,17,187.96,84.8,"CDM,CM",Switzerland,57,83,210000.0,1000.0,Right,1,3,2,Lean,515000.0,,,,,55,35,47,58,32,60,40,40,60,58,72,74,68,55,65,60,60,68,74,41,61,48,40,46,44,60,50,53,58,simon sohm,100
Botond Balogh,HUN,DF,22,29,23,"2,053",22.8,0,1,1,0,0,0,5,0,0.4,0.4,0.1,0.5,7,37,1,0.0,0.04,0.04,0.0,0.04,0.02,0.0,0.02,0.02,0.02,botond balogh,Defender,right,189.0,IT1,2500000.0,2500000.0,https://img.a.transfermarkt.technology/portrait/header/543727-1712348148.jpg?lm=1,https://www.transfermarkt.co.uk/botond-balogh/profil/spieler/543727,botond balogh,B. Baráth,Botond Baráth,4/21/1992,26,187.96,74.8,"RB,CB,LB",Hungary,67,69,750000.0,3000.0,Right,1,3,2,Normal,1200000.0,Hungary,73.0,SUB,23.0,68,38,68,62,39,48,33,22,54,61,68,77,65,66,62,39,68,69,77,48,75,58,34,25,20,47,71,65,67,botond baráth,80
Lautaro Valenti,ARG,DF,25,20,18,"1,556",17.3,1,0,1,1,0,0,6,1,0.2,0.2,0.2,0.4,3,28,3,0.06,0.0,0.06,0.06,0.06,0.01,0.01,0.02,0.01,0.02,lautaro valenti,Defender,left,188.0,IT1,1500000.0,5000000.0,https://img.a.transfermarkt.technology/portrait/header/625202-1725530168.jpg?lm=1,https://www.transfermarkt.co.uk/lautaro-valenti/profil/spieler/625202,lautaro valenti,L. Valenti,Lautaro Valenti,1/14/1999,20,187.96,79.8,CB,Argentina,62,76,600000.0,1000.0,Right,1,3,2,Normal,1300000.0,,,,,31,26,62,57,29,33,30,35,36,51,60,64,56,55,51,40,70,63,71,25,50,65,25,30,46,52,57,64,63,lautaro valenti,100
Adrian Bernabe,ESP,MT,23,21,18,"1,453",16.1,1,1,2,1,0,0,1,0,1.3,1.3,1.1,2.4,37,115,20,0.06,0.06,0.12,0.06,0.12,0.08,0.07,0.15,0.08,0.15,adrian bernabe,Midfield,left,174.0,IT1,15000000.0,15000000.0,https://img.a.transfermarkt.technology/portrait/header/466802-1714503707.jpg?lm=1,https://www.transfermarkt.co.uk/adrian-bernabe/profil/spieler/466802,adrian bernabe,Adrián Burnabão,Adrián Guto Negrão Bastos,2/29/1984,35,175.26,73.0,"CAM,CF",Brazil,72,72,1600000.0,16000.0,Right,1,4,4,Normal,3000000.0,,,,,73,58,42,76,70,75,68,74,71,75,53,72,75,71,74,72,68,64,58,72,48,30,60,76,75,73,15,23,21,adrián guto negrão bastos,81
Hernani,BRA,MT,30,25,15,"1,327",14.7,3,3,6,0,3,3,7,0,2.8,0.5,1.5,2.0,29,78,40,0.2,0.2,0.41,0.0,0.2,0.19,0.1,0.3,0.03,0.14,hernani,Midfield,both,188.0,IT1,2000000.0,6500000.0,https://img.a.transfermarkt.technology/portrait/header/181768-1686211173.jpg?lm=1,https://www.transfermarkt.co.uk/hernani/profil/spieler/181768,hernani,Hernâni,Hernâni Jorge Santos Fortes,8/20/1991,27,152.4,68.9,"RM,LM",Portugal,75,75,7000000.0,13000.0,Left,2,2,4,Lean,14000000.0,,,,,72,64,55,70,67,80,74,59,55,77,92,92,86,73,70,68,62,60,59,65,42,21,75,67,68,78,38,19,23,hernâni jorge santos fortes,92
Giovanni Leoni,ITA,DF,17,17,14,"1,199",13.3,1,0,1,1,0,0,3,1,0.1,0.1,0.0,0.1,0,21,5,0.08,0.0,0.08,0.08,0.08,0.01,0.0,0.01,0.01,0.01,giovanni leoni,Defender,right,193.0,IT1,6000000.0,6000000.0,https://img.a.transfermarkt.technology/portrait/header/1086619-1742206782.jpg?lm=1,https://www.transfermarkt.co.uk/giovanni-leoni/profil/spieler/1086619,giovanni leoni,G. León,Giovanny León,2/8/2000,19,175.26,60.8,ST,Mexico,59,74,325000.0,2000.0,Right,1,4,2,Lean,756000.0,,,,,35,69,61,47,46,58,48,38,35,55,67,65,56,55,81,53,63,57,35,55,32,17,59,47,71,47,19,14,19,giovanny león,85
Woyo Coulibaly,MLI,DF,25,14,12,"1,084",12.0,0,1,1,0,0,0,1,1,0.1,0.1,0.9,1.1,36,41,23,0.0,0.08,0.08,0.0,0.08,0.01,0.08,0.09,0.01,0.09,woyo coulibaly,Defender,both,182.0,GB1,2000000.0,2000000.0,https://img.a.transfermarkt.technology/portrait/header/592975-1725530223.jpg?lm=1,https://www.transfermarkt.co.uk/woyo-coulibaly/profil/spieler/592975,woyo coulibaly,Y. Coulibaly,Yacouba Coulibaly,10/2/1994,24,175.26,68.0,LB,Burkina Faso,68,74,1000000.0,3000.0,Left,1,3,3,Normal,2000000.0,,,,,62,41,44,61,31,67,30,31,55,63,81,80,85,58,86,43,60,90,60,45,70,63,46,37,40,52,63,68,65,yacouba coulibaly,88
Mateo Pellegrino,ARG,AT,23,13,8,737,8.2,3,1,4,3,0,0,2,0,3.3,3.3,0.7,4.0,6,15,37,0.37,0.12,0.49,0.37,0.49,0.4,0.09,0.49,0.4,0.49,mateo pellegrino,Attack,left,192.0,IT1,3500000.0,3500000.0,https://img.a.transfermarkt.technology/portrait/header/856530-1724877495.jpg?lm=1,https://www.transfermarkt.co.uk/mateo-pellegrino/profil/spieler/856530,mateo pellegrino,A. Pellegrino,Amahl Pellegrino,6/18/1990,28,190.5,68.0,"ST,LM,RM",Norway,63,63,375000.0,1000.0,Right,1,3,3,Lean,469000.0,,,,,51,62,65,57,61,68,55,54,34,64,70,77,73,48,55,59,67,62,62,59,45,20,62,47,63,58,27,21,17,amahl pellegrino,86
Nahuel Estévez,ARG,MT,28,14,7,657,7.3,0,0,0,0,0,0,3,0,0.1,0.1,0.8,0.8,3,30,4,0.0,0.0,0.0,0.0,0.0,0.01,0.1,0.12,0.01,0.12,nahuel estevez,Midfield,right,181.0,IT1,3500000.0,3500000.0,https://img.a.transfermarkt.technology/portrait/header/552472-1739284138.jpg?lm=1,https://www.transfermarkt.co.uk/nahuel-estevez/profil/spieler/552472,nahuel estevez,N. Estévez,Nahuel Estévez,11/14/1995,23,154.94,74.8,"RM,CM",Argentina,63,71,550000.0,3000.0,Right,1,3,2,Normal,935000.0,,,,,56,59,43,63,55,62,52,46,62,67,71,69,72,55,66,66,61,64,57,47,41,62,55,57,66,53,63,58,57,nahuel estévez,96
Alessandro Circati,AUS,DF,20,6,6,540,6.0,0,0,0,0,0,0,1,0,0.3,0.3,0.0,0.3,1,10,0,0.0,0.0,0.0,0.0,0.0,0.05,0.0,0.06,0.05,0.06,alessandro circati,Defender,right,190.0,IT1,8500000.0,8500000.0,https://img.a.transfermarkt.technology/portrait/header/867137-1712749046.jpeg?lm=1,https://www.transfermarkt.co.uk/alessandro-circati/profil/spieler/867137,alessandro circati,A. Ciranni,Alessandro Ciranni,6/28/1996,22,175.26,69.9,RB,Belgium,65,72,650000.0,2000.0,Right,1,3,3,Lean,1100000.0,,,,,69,49,39,64,49,66,78,73,63,67,71,73,58,60,65,44,48,62,41,65,52,62,51,52,54,59,66,65,62,alessandro ciranni,89
Drissa Camara,CIV,"MT,AT",22,21,1,447,5.0,0,0,0,0,0,0,3,0,1.2,1.2,0.8,2.0,18,27,35,0.0,0.0,0.0,0.0,0.0,0.25,0.16,0.4,0.25,0.4,drissa camara,Midfield,right,179.0,IT1,1800000.0,1800000.0,https://img.a.transfermarkt.technology/portrait/header/614742-1714503149.jpg?lm=1,https://www.transfermarkt.co.uk/drissa-camara/profil/spieler/614742,drissa camara,I. Camara,Ismaël Camara,11/11/2000,18,152.4,73.0,ST,France,60,76,425000.0,1000.0,Right,1,3,2,Normal,1000000.0,,,,,40,62,58,59,55,60,45,45,39,59,60,64,58,52,69,59,71,57,59,59,50,18,59,50,65,58,24,20,18,ismaël camara,80
Nikola Krstović,MNE,AT,24,37,37,"3,057",34.0,11,5,16,9,2,3,6,0,12.1,9.7,2.9,12.6,42,56,149,0.32,0.15,0.47,0.26,0.41,0.36,0.08,0.44,0.29,0.37,nikola krstović,Attack,right,185.0,IT1,14000000.0,14000000.0,https://img.a.transfermarkt.technology/portrait/header/434433-1730126208.jpg?lm=1,https://www.transfermarkt.co.uk/nikola-krstovic/profil/spieler/434433,nikola krstović,N. Maksimović,Nikola Maksimović,11/25/1991,27,193.04,87.1,CB,Serbia,78,81,11000000.0,54000.0,Right,2,3,2,Lean,19500000.0,,,,,45,22,79,59,28,49,29,23,59,61,62,68,49,71,58,39,67,67,86,29,78,80,29,31,26,70,79,80,79,nikola maksimović,81
Antonino Gallo,ITA,DF,24,31,31,"2,609",29.0,0,2,2,0,0,0,3,1,0.3,0.3,2.7,3.0,57,107,110,0.0,0.07,0.07,0.0,0.07,0.01,0.09,0.1,0.01,0.1,antonino gallo,Defender,left,183.0,IT1,4500000.0,5500000.0,https://img.a.transfermarkt.technology/portrait/header/392516-1663745734.jpg?lm=1,https://www.transfermarkt.co.uk/antonino-gallo/profil/spieler/392516,antonino gallo,A. Gallo,Antonino Gallo,1/5/2000,19,182.88,73.0,"LM,LB,CM",Italy,62,82,625000.0,1000.0,Left,1,3,2,Lean,1600000.0,,,,,61,47,49,61,47,61,60,59,56,58,80,80,67,60,66,59,65,58,56,50,50,52,49,58,48,57,55,60,60,antonino gallo,100
Frederic Guilbert,FRA,DF,29,31,31,"2,435",27.1,0,1,1,0,0,0,3,2,0.3,0.3,1.8,2.1,48,88,45,0.0,0.04,0.04,0.0,0.04,0.01,0.07,0.08,0.01,0.08,frederic guilbert,Defender,right,178.0,IT1,2500000.0,9000000.0,https://img.a.transfermarkt.technology/portrait/header/354352-1673963895.jpg?lm=1,https://www.transfermarkt.co.uk/frederic-guilbert/profil/spieler/354352,frederic guilbert,F. Guilbert,Frédéric Guilbert,12/24/1994,24,152.4,69.9,"RB,RM,RWB",France,76,82,9000000.0,16000.0,Right,1,2,3,Normal,,,,,,73,40,74,72,32,66,58,42,64,71,70,75,61,68,73,65,80,78,76,45,62,77,63,56,44,69,68,80,79,frédéric guilbert,94
Lassana Coulibaly,MLI,MT,28,38,30,"2,667",29.6,1,0,1,1,0,0,3,0,0.8,0.8,0.9,1.7,21,93,49,0.03,0.0,0.03,0.03,0.03,0.03,0.03,0.06,0.03,0.06,lassana coulibaly,Midfield,right,183.0,IT1,2500000.0,5000000.0,https://img.a.transfermarkt.technology/portrait/header/386552-1725529617.jpg?lm=1,https://www.transfermarkt.co.uk/lassana-coulibaly/profil/spieler/386552,lassana coulibaly,L. Coulibaly,Lassana Coulibaly,4/10/1996,22,175.26,67.1,"CM,CDM",Mali,68,77,1400000.0,8000.0,Right,1,3,3,Normal,,,,,,52,52,64,70,43,71,54,42,66,68,77,77,71,69,77,62,65,80,71,53,75,71,60,61,49,62,70,72,69,lassana coulibaly,100
Ylber Ramadani,ALB,MT,28,29,21,"1,807",20.1,1,1,2,1,0,0,4,0,0.6,0.6,1.1,1.7,9,60,7,0.05,0.05,0.1,0.05,0.1,0.03,0.06,0.09,0.03,0.09,ylber ramadani,Midfield,right,185.0,IT1,2200000.0,4000000.0,https://img.a.transfermarkt.technology/portrait/header/442703-1691151579.jpg?lm=1,https://www.transfermarkt.co.uk/ylber-ramadani/profil/spieler/442703,ylber ramadani,Y. Ramadani,Ylber Ramadani,4/12/1996,22,182.88,69.9,"CDM,CM",Albania,67,75,975000.0,3000.0,Right,1,3,2,Normal,1400000.0,,,,,54,40,60,68,39,61,41,42,66,64,62,68,65,55,62,65,66,81,71,56,62,68,63,66,35,66,67,66,61,ylber ramadani,100
Medon Berisha,ALB,MT,20,17,7,716,8.0,0,1,1,0,0,0,5,0,0.7,0.7,0.6,1.3,13,42,17,0.0,0.13,0.13,0.0,0.13,0.09,0.07,0.17,0.09,0.17,medon berisha,Midfield,right,186.0,IT1,1000000.0,1000000.0,https://img.a.transfermarkt.technology/portrait/header/583046-1662114572.jpg?lm=1,https://www.transfermarkt.co.uk/medon-berisha/profil/spieler/583046,medon berisha,V. Berisha,Veton Berisha,4/13/1994,24,175.26,71.2,"LM,ST,RM",Norway,67,70,975000.0,6000.0,Right,1,4,3,Stocky,1500000.0,,,,,59,60,54,61,59,67,63,44,49,66,83,82,80,67,82,72,89,85,74,62,81,37,66,60,67,63,32,29,24,veton berisha,85
Jesper Karlsson,SWE,AT,26,13,6,495,5.5,1,0,1,0,1,1,2,0,1.5,0.7,0.6,1.3,11,12,32,0.18,0.0,0.18,0.0,0.0,0.26,0.12,0.38,0.12,0.24,jesper karlsson,Attack,right,179.0,IT1,4500000.0,18000000.0,https://img.a.transfermarkt.technology/portrait/header/367992-1739281929.jpg?lm=1,https://www.transfermarkt.co.uk/jesper-karlsson/profil/spieler/367992,jesper karlsson,J. Karlsson,Jesper Karlsson,7/25/1998,20,170.18,69.9,"ST,RM",Sweden,63,67,475000.0,1000.0,Right,1,2,3,Lean,629000.0,,,,,46,63,44,55,59,74,47,36,40,67,82,77,92,65,90,64,84,60,40,55,35,25,65,53,58,55,29,21,35,jesper karlsson,100
Remi Oudin,FRA,"MT,AT",27,11,3,299,3.3,0,0,0,0,0,0,1,0,0.1,0.1,0.6,0.7,2,13,16,0.0,0.0,0.0,0.0,0.0,0.04,0.18,0.22,0.04,0.22,remi oudin,Midfield,left,186.0,IT1,3500000.0,11000000.0,https://img.a.transfermarkt.technology/portrait/header/399543-1662015046.jpg?lm=1,https://www.transfermarkt.co.uk/remi-oudin/profil/spieler/399543,remi oudin,R. Oudin,Rémi Oudin,11/18/1996,22,185.42,78.9,"RM,RW",France,71,80,3700000.0,9000.0,Left,1,3,3,Lean,8100000.0,,,,,74,72,68,72,59,69,77,76,58,73,71,73,71,67,55,72,72,70,73,66,42,19,69,71,66,62,28,21,15,rémi oudin,95
Mohamed Kaba,FRA,MT,22,15,2,452,5.0,0,0,0,0,0,0,1,0,0.3,0.3,0.0,0.4,3,18,8,0.0,0.0,0.0,0.0,0.0,0.07,0.01,0.08,0.07,0.08,mohamed kaba,Midfield,right,185.0,IT1,2300000.0,3500000.0,https://img.a.transfermarkt.technology/portrait/header/911328-1695033138.jpg?lm=1,https://www.transfermarkt.co.uk/mohamed-kaba/profil/spieler/911328,mohamed kaba,M. Abu,Mohammed Abu,11/14/1991,27,170.18,68.0,"CDM,CM",Ghana,69,71,1100000.0,3000.0,Left,1,2,3,Lean,1400000.0,,,,,53,48,54,72,53,65,69,59,70,68,71,69,75,66,69,69,74,76,65,59,73,67,55,62,50,67,56,68,65,mohammed abu,83
Valentin Gendrey,FRA,DF,24,2,2,180,2.0,0,0,0,0,0,0,0,0,0.2,0.2,0.1,0.3,7,5,4,0.0,0.0,0.0,0.0,0.0,0.09,0.05,0.14,0.09,0.14,valentin gendrey,Defender,right,179.0,L1,8500000.0,8500000.0,https://img.a.transfermarkt.technology/portrait/header/569387-1663745931.jpg?lm=1,https://www.transfermarkt.co.uk/valentin-gendrey/profil/spieler/569387,valentin gendrey,V. Gendrey,Valentin Gendrey,6/21/2000,18,152.4,74.8,RB,France,58,70,180000.0,1000.0,Right,1,2,2,Normal,396000.0,,,,,51,34,48,35,26,64,36,34,35,57,64,61,58,57,66,32,63,62,55,28,74,56,46,40,45,40,54,63,66,valentin gendrey,100
Andy Pelmard,FRA,DF,24,3,1,129,1.4,0,0,0,0,0,0,1,0,0.0,0.0,0.0,0.0,1,1,0,0.0,0.0,0.0,0.0,0.0,0.0,0.0,0.0,0.0,0.0,andy pelmard,Defender,right,180.0,ES1,2500000.0,5000000.0,https://img.a.transfermarkt.technology/portrait/header/494236-1730185580.jpg?lm=1,https://www.transfermarkt.co.uk/andy-pelmard/profil/spieler/494236,andy pelmard,A. Pelmard,Andy Pelmard,3/12/2000,18,152.4,66.2,CB,France,57,77,190000.0,2000.0,Left,1,2,2,Lean,551000.0,,,,,29,26,55,53,33,31,34,27,44,47,58,65,44,48,73,49,67,58,47,24,58,56,25,33,48,53,57,61,63,andy pelmard,100
Marco Sala,ITA,DF,25,2,0,72,0.8,0,0,0,0,0,0,0,0,0.0,0.0,0.4,0.4,5,6,9,0.0,0.0,0.0,0.0,0.0,0.0,0.46,0.46,0.0,0.46,marco sala,Defender,left,182.0,IT1,1000000.0,3000000.0,https://img.a.transfermarkt.technology/portrait/header/392570-1730185794.jpg?lm=1,https://www.transfermarkt.co.uk/marco-sala/profil/spieler/392570,marco sala,M. Sau,Marco Sau,11/3/1987,31,170.18,64.9,ST,Italy,72,72,3000000.0,25000.0,Right,2,4,4,Normal,5100000.0,,,,,68,69,49,73,74,77,75,70,59,76,87,84,93,80,94,66,73,74,52,64,38,14,83,74,76,75,48,22,22,marco sau,84
Kevin Bonifazi,ITA,DF,28,3,0,65,0.7,0,0,0,0,0,0,0,0,0.0,0.0,0.0,0.0,0,1,1,0.0,0.0,0.0,0.0,0.0,0.0,0.0,0.0,0.0,0.0,kevin bonifazi,Defender,right,187.0,IT1,1800000.0,7000000.0,https://img.a.transfermarkt.technology/portrait/header/247377-1663656615.jpg?lm=1,https://www.transfermarkt.co.uk/kevin-bonifazi/profil/spieler/247377,kevin bonifazi,K. Bonifazi,Kevin Bonifazi,5/19/1996,22,187.96,84.8,CB,Italy,71,79,3000000.0,19000.0,Right,1,2,2,Normal,,,,,,34,30,61,56,36,46,29,34,36,59,59,56,49,65,65,43,72,53,74,30,70,72,33,37,44,65,68,78,74,kevin bonifazi,100
Nicola Sansone,ITA,"MT,AT",32,5,0,65,0.7,0,0,0,0,0,0,1,0,0.2,0.2,0.0,0.3,0,1,5,0.0,0.0,0.0,0.0,0.0,0.3,0.06,0.36,0.3,0.36,nicola sansone,Attack,right,174.0,IT1,400000.0,16000000.0,https://img.a.transfermarkt.technology/portrait/header/82048-1663656944.jpg?lm=1,https://www.transfermarkt.co.uk/nicola-sansone/profil/spieler/82048,nicola sansone,N. Sansone,Nicola Sansone,9/10/1991,27,175.26,68.0,"ST,LM,RM",Italy,76,77,9000000.0,32000.0,Right,2,3,4,Normal,,,,,,68,77,65,75,73,79,76,69,65,76,82,79,83,74,83,80,66,59,65,75,68,38,76,77,74,75,46,44,33,nicola sansone,100
Devis Vásquez,COL,GB,26,32,32,"2,880",32.0,0,0,0,0,0,0,2,0,0.0,0.0,0.0,0.0,0,0,0,0.0,0.0,0.0,0.0,0.0,0.0,0.0,0.0,0.0,0.0,devis vasquez,Goalkeeper,right,195.0,IT1,2000000.0,4000000.0,https://img.a.transfermarkt.technology/portrait/header/495722-1730186022.jpg?lm=1,https://www.transfermarkt.co.uk/devis-vasquez/profil/spieler/495722,devis vasquez,D. Vásquez,Devis Vásquez,5/12/1998,20,195.58,81.2,GK,Colombia,55,70,160000.0,1000.0,Right,1,3,1,Lean,316000.0,,,,,14,8,14,27,9,12,11,13,25,15,20,31,36,44,47,19,58,19,54,7,22,9,7,32,16,30,12,10,11,devis vásquez,96
Mattia Viti,ITA,DF,22,30,30,"2,572",28.6,1,0,1,1,0,0,3,0,0.8,0.8,0.2,1.0,17,86,10,0.03,0.0,0.03,0.03,0.03,0.03,0.01,0.03,0.03,0.03,mattia viti,Defender,left,190.0,IT1,6500000.0,10000000.0,https://img.a.transfermarkt.technology/portrait/header/493702-1692882028.jpg?lm=1,https://www.transfermarkt.co.uk/mattia-viti/profil/spieler/493702,mattia viti,M. Vitale,Mattia Vitale,10/1/1997,21,182.88,76.2,CM,Italy,64,73,700000.0,2000.0,Left,1,3,3,Lean,,,,,,66,38,48,72,56,65,65,49,68,68,66,54,70,51,65,63,59,64,57,60,48,50,55,64,52,55,52,55,52,mattia vitale,83
Liam Henderson,SCO,MT,28,36,27,"2,337",26.0,0,4,4,0,0,0,10,0,0.7,0.7,3.9,4.5,18,108,54,0.0,0.15,0.15,0.0,0.15,0.03,0.15,0.17,0.03,0.17,liam henderson,Midfield,right,183.0,IT1,1800000.0,3000000.0,https://img.a.transfermarkt.technology/portrait/header/193867-1661523222.jpg?lm=1,https://www.transfermarkt.co.uk/liam-henderson/profil/spieler/193867,liam henderson,L. Henderson,Liam Henderson,4/25/1996,22,182.88,78.0,"CM,CAM",Scotland,68,75,1200000.0,2000.0,Right,1,2,3,Lean,2200000.0,,,,,58,56,47,72,48,66,67,63,69,70,58,67,72,63,75,68,60,90,72,62,72,53,59,64,50,73,51,60,49,liam henderson,100
Alberto Grassi,ITA,MT,29,28,27,"2,203",24.5,1,0,1,1,0,0,8,0,1.0,1.0,0.8,1.9,18,74,24,0.04,0.0,0.04,0.04,0.04,0.04,0.03,0.08,0.04,0.08,alberto grassi,Midfield,right,183.0,IT1,2000000.0,7000000.0,https://img.a.transfermarkt.technology/portrait/header/197473-1695031303.jpg?lm=1,https://www.transfermarkt.co.uk/alberto-grassi/profil/spieler/197473,alberto grassi,A. Grassi,Alberto Grassi,3/7/1995,24,182.88,74.8,CM,Italy,75,83,9500000.0,43000.0,Right,1,3,3,Lean,,,,,,65,58,64,79,60,75,64,58,76,77,69,69,67,72,67,70,58,68,65,67,68,72,69,73,64,66,64,69,63,alberto grassi,100
Youssef Maleh,MAR,MT,25,22,17,"1,510",16.8,0,1,1,0,0,0,5,1,0.9,0.9,0.9,1.8,10,72,37,0.0,0.06,0.06,0.0,0.06,0.05,0.05,0.1,0.05,0.1,youssef maleh,Midfield,left,179.0,IT1,4000000.0,5000000.0,https://img.a.transfermarkt.technology/portrait/header/324377-1663592087.jpg?lm=1,https://www.transfermarkt.co.uk/youssef-maleh/profil/spieler/324377,youssef maleh,A. Youssef,Ali Youssef,8/5/2000,18,152.4,78.0,CM,Sweden,51,68,70000.0,1000.0,Right,1,3,2,Normal,131000.0,,,,,42,52,36,55,42,54,43,37,50,60,63,61,58,49,60,53,51,59,55,36,39,23,53,49,41,54,32,36,39,ali youssef,83
Ola Solbakken,NOR,"MT,AT",25,21,8,760,8.4,0,0,0,0,0,0,2,0,0.8,0.8,0.4,1.2,18,20,32,0.0,0.0,0.0,0.0,0.0,0.09,0.05,0.14,0.09,0.14,ola solbakken,Attack,left,189.0,IT1,2500000.0,3500000.0,https://img.a.transfermarkt.technology/portrait/header/431811-1673251136.jpg?lm=1,https://www.transfermarkt.co.uk/ola-solbakken/profil/spieler/431811,ola solbakken,O. Solbakken,Ola Solbakken,9/7/1998,20,185.42,82.1,"RW,LW",Norway,57,67,160000.0,1000.0,Left,1,3,2,Lean,232000.0,,,,,62,52,32,55,38,57,57,33,44,63,67,65,62,45,64,62,46,65,66,42,35,34,54,47,53,53,32,32,28,ola solbakken,100
Mattia De Sciglio,ITA,DF,31,16,7,769,8.5,1,0,1,1,0,0,0,0,0.6,0.6,0.2,0.8,4,18,7,0.12,0.0,0.12,0.12,0.12,0.07,0.02,0.09,0.07,0.09,mattia de sciglio,Defender,right,183.0,IT1,1000000.0,14000000.0,https://img.a.transfermarkt.technology/portrait/header/88682-1663577192.jpg?lm=1,https://www.transfermarkt.co.uk/mattia-de-sciglio/profil/spieler/88682,mattia de sciglio,M. De Sciglio,Mattia De Sciglio,10/20/1992,26,182.88,78.0,"RB,LB",Italy,78,79,10000000.0,78000.0,Right,2,5,3,Lean,17300000.0,Italy,83.0,SUB,2.0,78,33,68,74,41,74,75,39,68,75,75,79,79,72,77,67,77,87,68,51,74,76,64,60,49,72,79,78,78,mattia de sciglio,100
Marco Silvestri,ITA,GB,33,5,5,450,5.0,0,0,0,0,0,0,0,0,0.0,0.0,0.0,0.0,0,0,0,0.0,0.0,0.0,0.0,0.0,0.0,0.0,0.0,0.0,0.0,marco silvestri,Goalkeeper,right,191.0,IT1,500000.0,10000000.0,https://img.a.transfermarkt.technology/portrait/header/85528-1663664993.jpg?lm=1,https://www.transfermarkt.co.uk/marco-silvestri/profil/spieler/85528,marco silvestri,M. Silvestri,Marco Silvestri,3/2/1991,28,190.5,79.8,GK,Italy,70,70,1200000.0,2000.0,Right,1,2,1,Lean,1900000.0,,,,,12,20,12,22,20,18,16,11,20,20,58,61,65,62,34,16,74,34,60,16,31,11,14,49,16,60,8,18,16,marco silvestri,100
Pietro Pellegri,ITA,AT,23,11,5,414,4.6,3,0,3,3,0,0,2,0,0.3,0.3,0.6,0.9,12,8,28,0.65,0.0,0.65,0.65,0.65,0.06,0.12,0.19,0.06,0.19,pietro pellegri,Attack,right,189.0,IT1,2500000.0,8000000.0,https://img.a.transfermarkt.technology/portrait/header/364133-1663596740.jpg?lm=1,https://www.transfermarkt.co.uk/pietro-pellegri/profil/spieler/364133,pietro pellegri,P. Pellegri,Pietro Pellegri,3/17/2001,17,187.96,79.8,ST,Italy,67,88,1700000.0,11000.0,Right,1,3,3,Normal,4900000.0,,,,,50,70,59,61,56,68,25,45,50,67,64,74,61,63,48,64,62,60,72,57,46,18,68,55,59,65,19,12,15,pietro pellegri,100
Nicolas Haas,SUI,MT,28,10,2,287,3.2,0,0,0,0,0,0,1,0,0.0,0.0,0.1,0.1,2,9,2,0.0,0.0,0.0,0.0,0.0,0.0,0.02,0.02,0.0,0.02,nicolas haas,Midfield,right,178.0,IT1,700000.0,3500000.0,https://img.a.transfermarkt.technology/portrait/header/192638-1725530159.jpg?lm=1,https://www.transfermarkt.co.uk/nicolas-haas/profil/spieler/192638,nicolas haas,N. Haas,Nicolas Haas,1/23/1996,23,154.94,73.9,"CM,CDM",Switzerland,69,77,1500000.0,11000.0,Right,1,4,3,Lean,,,,,,55,52,59,73,50,69,52,48,67,71,76,80,83,69,82,67,67,71,62,61,66,61,59,67,45,66,64,63,62,nicolas haas,100
Sebastian Walukiewicz,POL,DF,24,2,2,180,2.0,0,0,0,0,0,0,0,0,0.0,0.0,0.1,0.1,2,8,3,0.0,0.0,0.0,0.0,0.0,0.0,0.04,0.04,0.0,0.04,sebastian walukiewicz,Defender,right,188.0,IT1,5000000.0,10000000.0,https://img.a.transfermarkt.technology/portrait/header/345458-1716985042.jpg?lm=1,https://www.transfermarkt.co.uk/sebastian-walukiewicz/profil/spieler/345458,sebastian walukiewicz,S. Walukiewicz,Sebastian Walukiewicz,4/5/2000,18,187.96,79.8,CB,Poland,62,76,575000.0,1000.0,Right,1,2,2,Normal,1100000.0,,,,,23,36,61,57,28,31,27,22,50,47,66,56,40,52,51,50,70,67,74,45,53,61,21,31,38,53,60,66,61,sebastian walukiewicz,100
Jacopo Seghetti,ITA,GB,19,1,1,90,1.0,0,0,0,0,0,0,0,0,0.0,0.0,0.0,0.0,0,0,0,0.0,0.0,0.0,0.0,0.0,0.0,0.0,0.0,0.0,0.0,jacopo seghetti,Goalkeeper,right,189.0,IT1,1000000.0,1000000.0,https://img.a.transfermarkt.technology/portrait/header/935777-1704955672.jpg?lm=1,https://www.transfermarkt.co.uk/jacopo-seghetti/profil/spieler/935777,jacopo seghetti,J. Segre,Jacopo Segre,2/17/1997,22,185.42,74.8,CM,Italy,62,71,475000.0,5000.0,Right,1,3,2,Normal,,,,,,47,54,57,68,57,62,47,42,65,64,61,62,55,58,58,64,56,61,57,56,64,44,66,51,52,47,46,57,63,jacopo segre,81
Emmanuel Ekong,SWE,"MT,AT",22,15,0,186,2.1,0,0,0,0,0,0,1,0,0.1,0.1,0.1,0.2,8,5,19,0.0,0.0,0.0,0.0,0.0,0.05,0.05,0.1,0.05,0.1,emmanuel ekong,Attack,right,181.0,IT1,500000.0,500000.0,https://img.a.transfermarkt.technology/portrait/header/603891-1673249889.jpg?lm=1,https://www.transfermarkt.co.uk/emmanuel-ekong/profil/spieler/603891,emmanuel ekong,E. Boateng,Emmanuel Boateng,1/17/1994,25,167.64,69.9,"LM,RM",Ghana,67,70,975000.0,3000.0,Left,1,3,3,Stocky,1500000.0,,,,,56,59,30,65,57,67,58,44,50,65,91,90,90,62,89,65,61,65,54,57,56,38,61,65,46,64,41,49,38,emmanuel boateng,80
Szymon Żurkowski,POL,MT,26,5,0,106,1.2,0,0,0,0,0,0,0,0,0.1,0.1,0.0,0.1,1,1,3,0.0,0.0,0.0,0.0,0.0,0.07,0.0,0.07,0.07,0.07,szymon żurkowski,Midfield,right,185.0,IT1,2500000.0,7000000.0,https://img.a.transfermarkt.technology/portrait/header/387234-1656583041.jpg?lm=1,https://www.transfermarkt.co.uk/szymon-zurkowski/profil/spieler/387234,szymon żurkowski,S. Żurkowski,Szymon Żurkowski,9/25/1997,21,185.42,77.1,CM,Poland,72,83,5500000.0,26000.0,Right,1,4,3,Normal,,,,,,59,58,51,71,51,66,60,48,68,70,78,85,71,71,78,72,69,92,82,62,75,73,68,72,52,78,72,71,70,szymon żurkowski,100
Viktor Kovalenko,UKR,MT,28,6,0,77,0.9,0,0,0,0,0,0,0,0,0.1,0.1,0.0,0.1,1,4,3,0.0,0.0,0.0,0.0,0.0,0.12,0.0,0.12,0.12,0.12,viktor kovalenko,Midfield,right,182.0,IT1,1000000.0,6000000.0,https://img.a.transfermarkt.technology/portrait/header/203842-1637571103.jpg?lm=1,https://www.transfermarkt.co.uk/viktor-kovalenko/profil/spieler/203842,viktor kovalenko,V. Kovalenko,Viktor Kovalenko,2/14/1996,23,182.88,74.8,"CAM,CM",Ukraine,74,82,8500000.0,1000.0,Right,1,3,3,Lean,19600000.0,,,,,71,71,59,74,76,73,75,75,68,75,79,75,74,68,69,74,64,87,68,73,57,68,73,71,68,64,59,59,55,viktor kovalenko,100
Francesco Caputo,ITA,AT,36,1,0,6,0.1,0,0,0,0,0,0,0,0,0.0,0.0,0.0,0.0,0,0,1,0.0,0.0,0.0,0.0,0.0,0.0,0.0,0.0,0.0,0.0,francesco caputo,Attack,right,181.0,IT1,1000000.0,7500000.0,https://img.a.transfermarkt.technology/portrait/header/84765-1663679656.jpg?lm=1,https://www.transfermarkt.co.uk/francesco-caputo/profil/spieler/84765,francesco caputo,F. Caputo,Francesco Caputo,8/6/1987,31,154.94,73.9,ST,Italy,76,76,7500000.0,17000.0,Right,1,4,3,Lean,13500000.0,,,,,50,79,72,68,74,72,58,54,58,70,85,88,86,70,77,75,92,74,74,70,50,14,76,55,77,75,40,20,11,francesco caputo,100
Petar Stojanović,SVN,MT,28,1,0,3,0.0,0,0,0,0,0,0,0,0,0.0,0.0,0.0,0.0,0,0,0,0.0,0.0,0.0,0.0,0.0,0.0,0.0,0.0,0.0,0.0,petar stojanović,Defender,right,178.0,IT1,1300000.0,3000000.0,https://img.a.transfermarkt.technology/portrait/header/183841-1632394381.jpg?lm=1,https://www.transfermarkt.co.uk/petar-stojanovic/profil/spieler/183841,petar stojanović,P. Stojanović,Petar Stojanović,10/7/1995,23,152.4,72.1,"RB,RM",Slovenia,70,74,1900000.0,1000.0,Right,1,2,3,Lean,4400000.0,,,,,71,41,54,67,49,69,63,45,70,70,83,81,61,67,71,60,68,74,65,51,82,67,65,58,54,54,59,69,70,petar stojanović,100
Gianluca Busio,USA,MT,22,33,28,"2,518",28.0,2,0,2,2,0,0,4,0,2.4,2.4,1.6,4.0,60,95,135,0.07,0.0,0.07,0.07,0.07,0.09,0.06,0.14,0.09,0.14,gianluca busio,Midfield,right,172.0,IT1,6500000.0,10000000.0,https://img.a.transfermarkt.technology/portrait/header/504209-1717660047.jpg?lm=1,https://www.transfermarkt.co.uk/gianluca-busio/profil/spieler/504209,gianluca busio,G. Gaudino,Gianluca Gaudino,11/11/1996,22,175.26,74.8,"CM,CDM",Germany,68,79,1500000.0,7000.0,Right,1,3,3,Lean,2600000.0,,,,,50,36,40,78,42,67,51,53,73,77,67,66,82,67,80,51,57,61,30,37,33,58,49,73,51,70,55,47,36,gianluca gaudino,80
Francesco Zampano,ITA,DF,30,24,17,"1,639",18.2,1,2,3,1,0,0,5,0,1.0,1.0,0.8,1.8,42,41,85,0.05,0.11,0.16,0.05,0.16,0.05,0.04,0.1,0.05,0.1,francesco zampano,Defender,right,177.0,IT1,1100000.0,2500000.0,https://img.a.transfermarkt.technology/portrait/header/216872-1717660248.jpg?lm=1,https://www.transfermarkt.co.uk/francesco-zampano/profil/spieler/216872,francesco zampano,F. Zampano,Francesco Zampano,9/30/1993,25,152.4,73.9,"RM,RB",Italy,69,72,1300000.0,2000.0,Right,1,3,3,Normal,,,,,,76,40,56,71,36,71,61,26,65,70,78,76,77,66,78,56,72,78,65,48,66,66,57,54,30,66,63,70,68,francesco zampano,100
Alessio Zerbin,ITA,DF,25,18,17,"1,518",16.9,1,1,2,1,0,0,4,0,1.9,1.9,2.1,3.9,53,54,70,0.06,0.06,0.12,0.06,0.12,0.11,0.12,0.23,0.11,0.23,alessio zerbin,Attack,right,182.0,IT1,4000000.0,4000000.0,https://img.a.transfermarkt.technology/portrait/header/433584-1641998849.jpg?lm=1,https://www.transfermarkt.co.uk/alessio-zerbin/profil/spieler/433584,alessio zerbin,A. Cerci,Alessio Cerci,7/23/1987,31,154.94,78.0,"RW,ST",Italy,72,72,2900000.0,17000.0,Left,2,3,4,Normal,5900000.0,,,,,74,64,59,73,70,75,79,74,67,78,74,75,72,64,77,72,66,32,73,77,60,41,69,68,76,73,35,31,24,alessio cerci,81
Ridgeciano Haps,SUR,DF,31,25,14,"1,369",15.2,1,1,2,1,0,0,3,0,1.2,1.2,0.7,1.9,26,52,47,0.07,0.07,0.13,0.07,0.13,0.08,0.05,0.13,0.08,0.13,ridgeciano haps,Defender,left,175.0,IT1,1000000.0,6000000.0,https://img.a.transfermarkt.technology/portrait/header/228444-1630656845.jpg?lm=1,https://www.transfermarkt.co.uk/ridgeciano-haps/profil/spieler/228444,ridgeciano haps,R. Haps,Ridgeciano Haps,6/12/1993,25,175.26,66.2,LB,Netherlands,74,77,6000000.0,11000.0,Left,1,3,3,Normal,8900000.0,,,,,72,47,55,67,49,75,65,47,60,72,85,90,81,73,80,66,73,80,64,53,75,72,70,55,50,68,70,72,70,ridgeciano haps,100
Kike Pérez,ESP,MT,27,16,13,"1,114",12.4,1,0,1,1,0,0,4,0,0.9,0.9,1.2,2.1,18,60,31,0.08,0.0,0.08,0.08,0.08,0.07,0.1,0.17,0.07,0.17,kike perez,Midfield,left,184.0,IT1,2800000.0,4500000.0,https://img.a.transfermarkt.technology/portrait/header/527698-1739282423.jpg?lm=1,https://www.transfermarkt.co.uk/kike-perez/profil/spieler/527698,kike perez,K. Pierie,Kik Pierie,7/20/2000,18,182.88,74.8,"CB,LB",Netherlands,69,81,1400000.0,2000.0,Left,1,3,3,Lean,2400000.0,,,,,64,30,65,69,32,63,63,24,69,65,74,72,66,70,55,45,73,65,69,19,64,68,52,67,31,68,71,69,66,kik pierie,80
Marin Šverko,CRO,DF,26,16,12,"1,117",12.4,1,0,1,1,0,0,3,0,0.3,0.3,0.3,0.7,8,38,1,0.08,0.0,0.08,0.08,0.08,0.03,0.03,0.05,0.03,0.05,marin šverko,Defender,left,187.0,IT1,1200000.0,1200000.0,https://img.a.transfermarkt.technology/portrait/header/282169-1695108109.jpg?lm=1,https://www.transfermarkt.co.uk/marin-sverko/profil/spieler/282169,marin šverko,M. Šverko,Marin Šverko,2/4/1998,21,187.96,81.2,LB,Croatia,59,72,260000.0,3000.0,Left,1,3,2,Normal,,,,,,59,20,55,58,23,56,46,39,49,59,65,68,61,56,55,47,47,53,73,28,65,59,33,36,38,43,53,62,55,marin šverko,100
Antonio Candela,ITA,DF,24,14,12,"1,008",11.2,0,1,1,0,0,0,2,0,0.3,0.3,0.8,1.2,12,27,25,0.0,0.09,0.09,0.0,0.09,0.03,0.07,0.11,0.03,0.11,antonio candela,Defender,right,185.0,ES1,2000000.0,2300000.0,https://img.a.transfermarkt.technology/portrait/header/392881-1717659772.jpg?lm=1,https://www.transfermarkt.co.uk/antonio-candela/profil/spieler/392881,antonio candela,A. Candreva,Antonio Candreva,2/28/1987,32,154.94,69.9,RM,Italy,80,80,13000000.0,69000.0,Right,3,4,4,Normal,22100000.0,,,,,81,73,55,78,75,80,74,71,73,83,75,78,74,78,76,87,35,86,69,82,66,67,79,77,83,73,61,63,53,antonio candreva,90
Issa Doumbia,CIV,MT,20,24,10,939,10.4,0,0,0,0,0,0,0,0,1.0,1.0,0.1,1.2,12,22,29,0.0,0.0,0.0,0.0,0.0,0.1,0.01,0.11,0.1,0.11,issa doumbia,Midfield,right,187.0,IT1,2000000.0,2000000.0,https://img.a.transfermarkt.technology/portrait/header/924349-1730186334.jpg?lm=1,https://www.transfermarkt.co.uk/issa-doumbia/profil/spieler/924349,issa doumbia,I. Doumbia,Idrissa Doumbia,4/14/1998,20,187.96,82.1,"CDM,CM",Ivory Coast,71,81,3400000.0,6000.0,Right,1,3,3,Lean,7400000.0,,,,,61,40,63,71,35,66,37,41,65,68,65,72,66,67,59,56,70,77,88,54,76,69,48,56,42,59,70,72,65,idrissa doumbia,89
Jesse Joronen,FIN,GB,31,8,7,703,7.8,0,0,0,0,0,0,0,0,0.0,0.0,0.0,0.0,0,0,0,0.0,0.0,0.0,0.0,0.0,0.0,0.0,0.0,0.0,0.0,jesse joronen,Goalkeeper,right,197.0,IT1,600000.0,5000000.0,https://img.a.transfermarkt.technology/portrait/header/131758-1724827205.jpg?lm=1,https://www.transfermarkt.co.uk/jesse-joronen/profil/spieler/131758,jesse joronen,J. Joronen,Jesse Joronen,3/21/1993,25,198.12,88.9,GK,Finland,70,74,1600000.0,8000.0,Left,1,2,1,Normal,2200000.0,Finland,70.0,GK,12.0,15,13,18,17,12,16,14,12,20,16,41,37,36,60,36,19,37,30,60,13,37,19,14,28,14,52,20,14,15,jesse joronen,100
Daniel Fila,CZE,AT,21,10,6,492,5.5,2,0,2,2,0,0,3,1,1.4,1.4,0.3,1.8,5,8,30,0.37,0.0,0.37,0.37,0.37,0.26,0.06,0.32,0.26,0.32,daniel fila,Attack,left,190.0,IT1,3000000.0,3000000.0,https://img.a.transfermarkt.technology/portrait/header/666268-1739282166.jpg?lm=1,https://www.transfermarkt.co.uk/daniel-fila/profil/spieler/666268,daniel fila,L. Daniels,Luke Daniels,1/5/1988,31,195.58,89.8,GK,England,65,65,350000.0,8000.0,Right,1,3,1,Normal,665000.0,,,,,12,12,14,38,13,11,20,18,31,25,61,52,45,54,52,23,73,37,57,12,32,24,14,37,41,44,29,12,11,luke daniels,80
Alessandro Marcandalli,ITA,DF,21,8,5,354,3.9,0,0,0,0,0,0,2,0,0.3,0.3,0.0,0.3,2,10,1,0.0,0.0,0.0,0.0,0.0,0.07,0.0,0.07,0.07,0.07,alessandro marcandalli,Defender,right,190.0,IT1,2000000.0,2000000.0,https://img.a.transfermarkt.technology/portrait/header/818448-1739282452.jpg?lm=1,https://www.transfermarkt.co.uk/alessandro-marcandalli/profil/spieler/818448,alessandro marcandalli,A. Martinelli,Alessandro Martinelli,5/30/1993,25,175.26,68.9,"CDM,CM",Switzerland,67,70,800000.0,2000.0,Left,1,3,3,Normal,1300000.0,,,,,51,36,55,68,49,66,60,60,64,67,65,66,66,65,81,53,72,77,68,58,70,66,54,63,50,63,65,62,58,alessandro martinelli,84
Mirko Marić,CRO,AT,29,10,4,356,4.0,0,0,0,0,0,0,0,0,0.6,0.6,0.0,0.6,4,9,27,0.0,0.0,0.0,0.0,0.0,0.15,0.01,0.16,0.15,0.16,mirko marić,Attack,left,188.0,IT1,700000.0,4500000.0,https://img.a.transfermarkt.technology/portrait/header/215649-1661764396.jpg?lm=1,https://www.transfermarkt.co.uk/mirko-maric/profil/spieler/215649,mirko marić,M. Marić,Marko Marić,1/3/1996,23,190.5,88.9,GK,Croatia,62,69,325000.0,3000.0,Left,1,3,1,Normal,,,,,,17,13,15,23,16,19,17,17,20,15,44,41,31,47,53,21,59,18,68,19,24,19,7,40,16,43,19,13,19,marko marić,91
Franco Carboni,ITA,DF,21,8,3,226,2.5,0,0,0,0,0,0,2,0,0.0,0.0,0.1,0.1,2,6,11,0.0,0.0,0.0,0.0,0.0,0.0,0.03,0.04,0.0,0.04,franco carboni,Defender,left,190.0,IT1,1000000.0,1000000.0,https://img.a.transfermarkt.technology/portrait/header/731491-1675245800.jpg?lm=1,https://www.transfermarkt.co.uk/franco-carboni/profil/spieler/731491,franco carboni,F. Armani,Franco Armani,10/16/1986,32,187.96,88.0,GK,Argentina,80,80,9000000.0,22000.0,Right,1,2,1,Normal,12600000.0,River Plate,76.0,GK,1.0,18,11,19,34,18,19,14,16,21,32,40,40,40,78,34,25,65,28,82,17,35,21,18,55,20,51,10,13,18,franco armani,81
Pedro Pereira,POR,DF,26,35,32,"2,665",29.6,1,3,4,1,0,0,10,0,1.2,1.2,1.6,2.8,52,66,107,0.03,0.1,0.14,0.03,0.14,0.04,0.05,0.1,0.04,0.1,pedro pereira,Defender,right,185.0,IT1,1800000.0,2300000.0,https://img.a.transfermarkt.technology/portrait/header/314965-1725528497.jpg?lm=1,https://www.transfermarkt.co.uk/pedro-pereira/profil/spieler/314965,pedro pereira,Pedro Pereira,Pedro Miguel Lopes Pereira,1/22/1998,21,182.88,72.1,"RB,RM",Portugal,70,82,2800000.0,4000.0,Right,1,2,3,Normal,,,,,,66,35,58,66,37,66,48,35,59,68,75,74,77,66,74,42,72,69,60,34,60,67,65,56,48,70,69,72,69,pedro miguel lopes pereira,100
Stefano Turati,ITA,GB,22,30,30,"2,676",29.7,0,0,0,0,0,0,1,0,0.0,0.0,0.0,0.0,0,0,0,0.0,0.0,0.0,0.0,0.0,0.0,0.0,0.0,0.0,0.0,stefano turati,Goalkeeper,right,188.0,IT1,7500000.0,7500000.0,https://img.a.transfermarkt.technology/portrait/header/543666-1686126590.jpg?lm=1,https://www.transfermarkt.co.uk/stefano-turati/profil/spieler/543666,stefano turati,S. Sturaro,Stefano Sturaro,3/9/1993,25,154.94,79.8,CM,Italy,75,78,8000000.0,16000.0,Right,2,3,3,Normal,15000000.0,,,,,68,55,68,77,74,76,64,64,75,77,74,74,74,68,67,78,67,79,78,77,86,75,73,69,68,74,76,78,77,stefano sturaro,83
Alessandro Bianco,ITA,MT,21,34,29,"2,600",28.9,1,0,1,1,0,0,9,0,1.3,1.3,1.2,2.5,35,125,24,0.03,0.0,0.03,0.03,0.03,0.04,0.04,0.09,0.04,0.09,alessandro bianco,Midfield,right,173.0,IT1,5000000.0,5000000.0,https://img.a.transfermarkt.technology/portrait/header/602124-1725528350.jpg?lm=1,https://www.transfermarkt.co.uk/alessandro-bianco/profil/spieler/602124,alessandro bianco,A. Bruno,Alessandro Bruno,7/4/1983,35,154.94,69.9,"CM,CDM",Italy,64,64,220000.0,1000.0,Right,1,3,2,Normal,341000.0,,,,,56,39,56,63,44,58,52,49,66,66,54,32,60,68,72,58,43,70,72,57,63,65,51,65,51,68,66,61,56,alessandro bruno,85
Armando Izzo,ITA,DF,32,30,28,"2,435",27.1,1,1,2,1,0,0,12,0,0.4,0.4,0.8,1.2,12,72,12,0.04,0.04,0.07,0.04,0.07,0.02,0.03,0.05,0.02,0.05,armando izzo,Defender,right,183.0,IT1,2500000.0,25000000.0,https://img.a.transfermarkt.technology/portrait/header/32113-1724827391.jpg?lm=1,https://www.transfermarkt.co.uk/armando-izzo/profil/spieler/32113,armando izzo,A. Izzo,Armando Izzo,3/2/1992,27,182.88,78.0,CB,Italy,77,82,10000000.0,38000.0,Right,1,4,2,Normal,17800000.0,,,,,35,19,76,61,38,60,26,26,59,65,69,69,65,76,66,56,76,68,76,44,78,78,16,33,37,76,78,80,80,armando izzo,100
Andrea Carboni,ITA,DF,23,26,25,"2,191",24.3,0,1,1,0,0,0,5,0,0.3,0.3,0.3,0.6,9,51,32,0.0,0.04,0.04,0.0,0.04,0.01,0.01,0.03,0.01,0.03,andrea carboni,Defender,left,187.0,IT1,3400000.0,5000000.0,https://img.a.transfermarkt.technology/portrait/header/481834-1730125183.jpg?lm=1,https://www.transfermarkt.co.uk/andrea-carboni/profil/spieler/481834,andrea carboni,A. Conti,Andrea Conti,3/2/1994,25,182.88,76.2,"RM,RB",Italy,75,79,8500000.0,58000.0,Right,2,2,3,Lean,15100000.0,,,,,76,58,64,76,59,74,67,42,69,76,75,82,79,76,68,68,53,87,54,49,73,73,73,63,48,72,76,74,74,andrea conti,85
Pablo Marí,ESP,DF,30,19,19,"1,628",18.1,0,0,0,0,0,0,4,1,0.2,0.2,0.1,0.3,5,58,1,0.0,0.0,0.0,0.0,0.0,0.01,0.01,0.01,0.01,0.01,pablo mari,Defender,left,193.0,IT1,3500000.0,7000000.0,https://img.a.transfermarkt.technology/portrait/header/210178-1739282325.jpg?lm=1,https://www.transfermarkt.co.uk/pablo-mari/profil/spieler/210178,pablo mari,Pablo Marí,Pablo Marí Villar,8/31/1993,25,190.5,87.1,CB,Spain,72,78,3600000.0,51000.0,Left,1,3,2,Lean,,,,,,32,38,73,66,28,41,27,30,63,62,54,50,51,70,37,53,64,66,85,40,59,71,34,37,31,62,72,74,66,pablo marí villar,95
Gianluca Caprari,ITA,"MT,AT",31,34,18,"1,651",18.3,3,2,5,1,2,2,3,0,4.2,2.6,2.4,5.0,43,81,104,0.16,0.11,0.27,0.05,0.16,0.23,0.13,0.36,0.14,0.27,gianluca caprari,Attack,right,171.0,IT1,1500000.0,10000000.0,https://img.a.transfermarkt.technology/portrait/header/146752-1663659110.jpg?lm=1,https://www.transfermarkt.co.uk/gianluca-caprari/profil/spieler/146752,gianluca caprari,G. Caprari,Gianluca Caprari,7/30/1993,25,175.26,72.1,"CF,ST,CAM",Italy,74,79,7500000.0,28000.0,Right,2,3,3,Normal,13300000.0,,,,,66,68,47,74,66,81,74,65,62,79,89,84,91,69,89,68,33,74,54,70,30,16,69,72,56,69,22,13,12,gianluca caprari,100
Daniel Maldini,ITA,"MT,AT",22,20,16,"1,306",14.5,3,0,3,3,0,0,5,0,4.8,4.8,0.9,5.7,41,34,66,0.21,0.0,0.21,0.21,0.21,0.33,0.06,0.39,0.33,0.39,daniel maldini,Midfield,right,188.0,IT1,10000000.0,10000000.0,https://img.a.transfermarkt.technology/portrait/header/539134-1695031448.jpg?lm=1,https://www.transfermarkt.co.uk/daniel-maldini/profil/spieler/539134,daniel maldini,D. Mancini,Daniel  Mancini,11/11/1996,22,170.18,72.1,"LM,RM",Argentina,68,77,1400000.0,11000.0,Right,1,3,3,Normal,,,,,,54,55,45,69,45,75,48,52,64,73,72,68,75,67,77,60,92,73,61,65,51,59,63,65,47,66,53,63,59,daniel  mancini,86
Danilo D'Ambrosio,ITA,DF,35,20,12,"1,095",12.2,0,1,1,0,0,0,2,1,0.5,0.5,0.4,0.9,10,34,16,0.0,0.08,0.08,0.0,0.08,0.04,0.03,0.08,0.04,0.08,danilo d'ambrosio,Defender,right,180.0,IT1,800000.0,13000000.0,https://img.a.transfermarkt.technology/portrait/header/55769-1595925735.jpg?lm=1,https://www.transfermarkt.co.uk/danilo-dambrosio/profil/spieler/55769,danilo d'ambrosio,D. D'Ambrosio,Danilo D'Ambrosio,9/9/1988,30,154.94,74.8,"RB,LB",Italy,76,76,6000000.0,50000.0,Right,2,3,3,Normal,10200000.0,,,,,71,48,71,69,54,69,63,62,64,72,72,72,74,76,70,66,78,76,68,58,77,75,65,54,60,72,78,79,77,danilo d'ambrosio,100
Jean-Daniel Akpa-Akpro,CIV,MT,31,14,12,966,10.7,0,0,0,0,0,0,4,0,0.3,0.3,0.2,0.6,21,19,22,0.0,0.0,0.0,0.0,0.0,0.03,0.02,0.05,0.03,0.05,jean daniel akpa akpro,Midfield,right,180.0,IT1,500000.0,3500000.0,https://img.a.transfermarkt.technology/portrait/header/170481-1739282767.jpg?lm=1,https://www.transfermarkt.co.uk/jean-daniel-akpa-akpro/profil/spieler/170481,jean daniel akpa akpro,J. Akpa Akpro,Jean-Daniel Akpa Akpro,10/11/1992,26,154.94,71.2,CM,Ivory Coast,72,74,3700000.0,4000.0,Right,1,3,3,Lean,6300000.0,,,,,76,65,65,75,68,71,66,56,67,71,77,81,77,71,71,75,70,84,60,69,81,73,69,68,56,71,67,74,69,jean-daniel akpa akpro,100
Luca Caldirola,ITA,DF,33,14,10,876,9.7,0,0,0,0,0,0,5,0,0.3,0.3,0.1,0.4,5,22,4,0.0,0.0,0.0,0.0,0.0,0.03,0.01,0.04,0.03,0.04,luca caldirola,Defender,left,186.0,IT1,800000.0,4000000.0,https://img.a.transfermarkt.technology/portrait/header/88680-1712508051.jpg?lm=1,https://www.transfermarkt.co.uk/luca-caldirola/profil/spieler/88680,luca caldirola,L. Caldirola,Luca Caldirola,2/1/1991,28,187.96,78.9,"CB,LB",Italy,72,72,2600000.0,4000.0,Left,2,3,2,Lean,4200000.0,,,,,62,28,72,70,41,59,51,51,66,65,52,51,52,70,53,63,74,53,79,47,66,73,40,57,42,70,69,73,70,luca caldirola,100
Matteo Pessina,ITA,MT,27,11,10,854,9.5,0,0,0,0,0,0,2,0,0.2,0.2,0.1,0.3,8,28,20,0.0,0.0,0.0,0.0,0.0,0.02,0.01,0.03,0.02,0.03,matteo pessina,Midfield,left,187.0,IT1,9000000.0,20000000.0,https://img.a.transfermarkt.technology/portrait/header/332179-1661268524.jpg?lm=1,https://www.transfermarkt.co.uk/matteo-pessina/profil/spieler/332179,matteo pessina,M. Pessina,Matteo Pessina,4/21/1997,21,182.88,74.8,CM,Italy,68,82,1900000.0,8000.0,Left,1,2,3,Lean,4500000.0,,,,,52,42,60,76,48,70,52,45,70,69,72,72,71,67,61,63,61,74,57,41,67,61,62,64,56,64,66,61,60,matteo pessina,100
Keita Baldé,SEN,AT,29,11,8,638,7.1,2,0,2,2,0,0,2,0,1.1,1.1,0.2,1.2,19,35,29,0.28,0.0,0.28,0.28,0.28,0.15,0.02,0.18,0.15,0.18,keita balde,Attack,both,178.0,IT1,1000000.0,30000000.0,https://img.a.transfermarkt.technology/portrait/header/238752-1726065554.png?lm=1,https://www.transfermarkt.co.uk/keita-balde/profil/spieler/238752,keita balde,K. Baldé,Keita Baldé,3/8/1995,24,154.94,79.8,"RM,ST,LM",Senegal,80,85,20000000.0,65000.0,Right,2,4,4,Normal,,,,,,75,78,58,76,68,83,70,52,64,85,92,92,82,76,78,78,67,73,76,74,54,31,77,72,60,79,17,29,28,keita baldé,95
Gaetano Castrovilli,ITA,MT,27,12,7,596,6.6,0,0,0,0,0,0,0,0,0.3,0.3,0.4,0.7,10,24,28,0.0,0.0,0.0,0.0,0.0,0.05,0.06,0.11,0.05,0.11,gaetano castrovilli,Midfield,right,187.0,IT1,3500000.0,25000000.0,https://img.a.transfermarkt.technology/portrait/header/303116-1730126731.jpg?lm=1,https://www.transfermarkt.co.uk/gaetano-castrovilli/profil/spieler/303116,gaetano castrovilli,G. Castrovilli,Gaetano Castrovilli,2/17/1997,22,152.4,72.1,"CAM,CM,LW",Italy,65,75,875000.0,9000.0,Right,1,2,2,Lean,,,,,,58,55,49,70,48,62,56,41,67,70,73,68,92,55,78,62,55,33,30,39,40,48,62,62,55,62,41,45,54,gaetano castrovilli,100
Tomás Palacios,ARG,DF,21,8,5,446,5.0,0,0,0,0,0,0,2,0,0.0,0.0,0.0,0.0,3,21,2,0.0,0.0,0.0,0.0,0.0,0.01,0.0,0.01,0.01,0.01,tomas palacios,Defender,left,196.0,IT1,5000000.0,6000000.0,https://img.a.transfermarkt.technology/portrait/header/993645-1739282030.jpg?lm=1,https://www.transfermarkt.co.uk/tomas-palacios/profil/spieler/993645,tomas palacios,S. Palacios,Sebastián Palacios,1/20/1992,27,170.18,68.9,"RM,ST,RW",Argentina,71,71,2500000.0,18000.0,Right,1,3,3,Normal,,,,,,62,66,53,65,62,74,62,45,60,68,88,89,92,68,88,73,73,71,60,65,65,47,70,62,53,70,19,32,34,sebastián palacios,83
Samuele Vignato,ITA,MT,20,17,3,470,5.2,0,0,0,0,0,0,0,0,0.3,0.3,0.0,0.3,5,17,30,0.0,0.0,0.0,0.0,0.0,0.06,0.01,0.06,0.06,0.06,samuele vignato,Midfield,right,172.0,IT1,3500000.0,4000000.0,https://img.a.transfermarkt.technology/portrait/header/650966-1707129316.jpg?lm=1,https://www.transfermarkt.co.uk/samuele-vignato/profil/spieler/650966,samuele vignato,E. Vignato,Emanuel Vignato,8/24/2000,18,175.26,68.0,CAM,Italy,61,80,500000.0,1000.0,Right,1,4,3,Lean,1200000.0,,,,,60,40,40,68,57,69,67,57,62,69,68,55,69,54,69,52,53,53,31,46,13,11,49,52,58,52,43,22,30,emanuel vignato,80
Arvid Brorsson,SWE,DF,25,6,3,362,4.0,0,0,0,0,0,0,0,0,0.0,0.0,0.0,0.0,1,9,1,0.0,0.0,0.0,0.0,0.0,0.0,0.0,0.0,0.0,0.0,arvid brorsson,Defender,right,193.0,IT1,600000.0,600000.0,https://img.a.transfermarkt.technology/portrait/header/381706-1725485027.jpg?lm=1,https://www.transfermarkt.co.uk/arvid-brorsson/profil/spieler/381706,arvid brorsson,A. Brorsson,Arvid Brorsson,5/8/1999,19,187.96,81.2,CB,Sweden,61,70,325000.0,1000.0,Right,1,2,2,Lean,471000.0,,,,,34,15,65,45,25,36,30,27,48,45,58,55,51,55,53,28,55,63,74,22,56,57,20,33,29,52,62,62,59,arvid brorsson,100
Andrea Petagna,ITA,AT,29,13,2,335,3.7,0,0,0,0,0,0,1,0,0.2,0.2,0.0,0.2,2,1,17,0.0,0.0,0.0,0.0,0.0,0.05,0.01,0.05,0.05,0.05,andrea petagna,Attack,left,190.0,IT1,1400000.0,20000000.0,https://img.a.transfermarkt.technology/portrait/header/199258-1660297353.jpg?lm=1,https://www.transfermarkt.co.uk/andrea-petagna/profil/spieler/199258,andrea petagna,A. Petagna,Andrea Petagna,6/30/1995,23,190.5,84.8,ST,Italy,76,81,10500000.0,25000.0,Left,1,3,3,Stocky,,,,,,58,75,77,75,62,75,54,40,56,78,54,68,56,72,62,76,69,74,92,56,60,18,78,70,65,71,57,20,15,andrea petagna,100
Stefano Sensi,ITA,MT,28,12,2,274,3.0,1,0,1,0,1,1,0,0,0.9,0.2,0.2,0.4,4,38,8,0.33,0.0,0.33,0.0,0.0,0.31,0.07,0.38,0.05,0.12,stefano sensi,Midfield,right,168.0,IT1,1500000.0,30000000.0,https://img.a.transfermarkt.technology/portrait/header/216179-1692962617.jpg?lm=1,https://www.transfermarkt.co.uk/stefano-sensi/profil/spieler/216179,stefano sensi,S. Sensi,Stefano Sensi,8/5/1995,23,167.64,62.1,"CDM,CM",Italy,73,78,4500000.0,29000.0,Right,1,4,3,Normal,8500000.0,,,,,70,48,30,77,49,73,73,75,78,78,68,55,66,70,87,61,51,74,64,68,69,69,63,79,73,74,63,70,70,stefano sensi,100
Roberto Gagliardini,ITA,"MT,DF",30,8,0,180,2.0,0,0,0,0,0,0,1,0,0.0,0.0,0.2,0.2,5,11,3,0.0,0.0,0.0,0.0,0.0,0.0,0.09,0.09,0.0,0.09,roberto gagliardini,Midfield,right,188.0,IT1,2000000.0,20000000.0,https://img.a.transfermarkt.technology/portrait/header/197471-1641817964.jpg?lm=1,https://www.transfermarkt.co.uk/roberto-gagliardini/profil/spieler/197471,roberto gagliardini,R. Gagliardini,Roberto Gagliardini,4/7/1994,24,190.5,77.1,"CDM,CM",Italy,78,82,11500000.0,46000.0,Right,2,2,3,Lean,20400000.0,Italy,83.0,SUB,5.0,64,54,73,78,68,75,68,38,75,77,68,68,64,72,62,76,64,85,71,73,74,80,68,73,40,74,77,78,76,roberto gagliardini,100
Gerónimo Rulli,ARG,GB,32,34,34,"3,060",34.0,0,0,0,0,0,0,1,0,0.0,0.0,0.1,0.1,0,1,0,0.0,0.0,0.0,0.0,0.0,0.0,0.0,0.0,0.0,0.0,geronimo rulli,Goalkeeper,right,189.0,FR1,8000000.0,14000000.0,https://img.a.transfermarkt.technology/portrait/header/229604-1698670758.jpg?lm=1,https://www.transfermarkt.co.uk/geronimo-rulli/profil/spieler/229604,geronimo rulli,G. Rulli,Gerónimo Rulli,5/20/1992,26,187.96,83.9,GK,Argentina,80,85,14000000.0,26000.0,Right,3,3,1,Lean,30500000.0,,,,,12,15,12,32,16,14,19,20,23,15,54,48,58,76,50,24,65,42,73,17,26,21,12,58,24,61,15,13,17,gerónimo rulli,96
Adrien Rabiot,FRA,MT,29,29,27,"2,485",27.6,9,4,13,9,0,0,4,0,7.3,7.3,3.8,11.1,79,168,174,0.33,0.14,0.47,0.33,0.47,0.26,0.14,0.4,0.26,0.4,adrien rabiot,Midfield,left,191.0,FR1,25000000.0,50000000.0,https://img.a.transfermarkt.technology/portrait/header/182913-1681462009.jpg?lm=1,https://www.transfermarkt.co.uk/adrien-rabiot/profil/spieler/182913,adrien rabiot,A. Rabiot,Adrien Rabiot,4/3/1995,23,193.04,79.8,"CM,CDM",France,83,87,33000000.0,91000.0,Left,2,3,3,Lean,63500000.0,,,,,70,69,77,85,72,79,73,59,83,83,73,74,79,83,72,80,73,82,80,79,76,80,76,80,67,84,70,81,75,adrien rabiot,100
Valentin Rongier,FRA,"MT,DF",29,25,17,"1,562",17.4,3,1,4,3,0,0,5,0,1.0,1.0,1.1,2.1,25,110,28,0.17,0.06,0.23,0.17,0.23,0.06,0.06,0.12,0.06,0.12,valentin rongier,Midfield,right,172.0,FR1,9000000.0,22000000.0,https://img.a.transfermarkt.technology/portrait/header/332889-1703065877.jpg?lm=1,https://www.transfermarkt.co.uk/valentin-rongier/profil/spieler/332889,valentin rongier,V. Rongier,Valentin Rongier,12/7/1994,24,172.72,69.9,"CM,CDM,CAM",France,79,84,16500000.0,28000.0,Right,2,3,3,Normal,32600000.0,,,,,62,70,40,81,75,77,76,64,81,80,68,58,78,75,90,74,73,73,55,78,51,78,73,77,65,77,76,84,70,valentin rongier,100
Derek Cornelius,CAN,DF,26,21,17,"1,420",15.8,0,0,0,0,0,0,9,2,0.9,0.9,0.1,1.0,10,68,11,0.0,0.0,0.0,0.0,0.0,0.06,0.01,0.06,0.06,0.06,derek cornelius,Defender,left,187.0,FR1,5000000.0,5000000.0,https://img.a.transfermarkt.technology/portrait/header/328609-1618857970.jpg?lm=1,https://www.transfermarkt.co.uk/derek-cornelius/profil/spieler/328609,derek cornelius,D. Cornelius,Derek Cornelius,11/25/1997,21,187.96,86.2,CB,Canada,64,74,650000.0,1000.0,Left,1,3,2,Normal,1100000.0,Canada,70.0,SUB,4.0,33,18,62,51,28,32,25,22,45,42,65,68,60,56,59,37,73,66,77,21,70,55,22,30,31,50,64,64,62,derek cornelius,100
Neal Maupay,FRA,AT,27,22,13,"1,042",11.6,4,4,8,4,0,0,3,1,4.1,4.1,2.2,6.3,12,37,81,0.35,0.35,0.69,0.35,0.69,0.36,0.19,0.54,0.36,0.54,neal maupay,Attack,right,171.0,FR1,10000000.0,22000000.0,https://img.a.transfermarkt.technology/portrait/header/217115-1700737951.jpg?lm=1,https://www.transfermarkt.co.uk/neal-maupay/profil/spieler/217115,neal maupay,N. Maupay,Neal Maupay,8/14/1996,22,170.18,68.9,ST,France,75,81,9500000.0,33000.0,Right,1,3,3,Lean,20000000.0,,,,,60,78,65,70,72,68,63,55,59,73,77,72,74,77,79,74,60,71,68,59,74,26,82,69,71,66,30,55,33,neal maupay,100
Ulisses Garcia,SUI,DF,28,20,10,930,10.3,2,2,4,2,0,0,2,0,1.5,1.5,1.4,2.9,23,53,87,0.19,0.19,0.39,0.19,0.39,0.15,0.14,0.28,0.15,0.28,ulisses garcia,Defender,left,182.0,FR1,4000000.0,4000000.0,https://img.a.transfermarkt.technology/portrait/header/192616-1700236348.jpg?lm=1,https://www.transfermarkt.co.uk/ulisses-garcia/profil/spieler/192616,ulisses garcia,U. Garcia,Ulisses Garcia,1/11/1996,23,182.88,82.1,"LB,LM",Switzerland,65,72,650000.0,4000.0,Left,1,3,3,Normal,1100000.0,,,,,61,29,54,59,28,66,39,31,46,65,65,75,63,61,65,35,62,78,75,29,61,62,45,43,34,49,59,63,64,ulisses garcia,100
Ismaël Bennacer,ALG,MT,26,12,8,646,7.2,0,2,2,0,0,0,2,0,0.1,0.1,1.8,1.9,14,72,8,0.0,0.28,0.28,0.0,0.28,0.01,0.25,0.26,0.01,0.26,ismaël bennacer,Midfield,left,175.0,FR1,15000000.0,40000000.0,https://img.a.transfermarkt.technology/portrait/header/351816-1663575089.jpg?lm=1,https://www.transfermarkt.co.uk/ismael-bennacer/profil/spieler/351816,ismaël bennacer,I. Bennacer,Ismaël Bennacer,12/1/1997,21,172.72,64.0,"CM,CDM",Algeria,73,83,6500000.0,9000.0,Left,1,3,3,Lean,13000000.0,,,,,70,69,70,75,69,73,69,71,71,74,70,72,73,74,79,73,72,77,59,70,58,62,69,71,68,70,62,64,63,ismaël bennacer,100
Amine Harit,MAR,MT,27,13,8,519,5.8,2,4,6,2,0,0,1,1,0.8,0.8,2.4,3.2,13,35,34,0.35,0.69,1.04,0.35,1.04,0.14,0.42,0.56,0.14,0.56,amine harit,Midfield,right,180.0,FR1,10000000.0,30000000.0,https://img.a.transfermarkt.technology/portrait/header/372711-1666815306.jpg?lm=1,https://www.transfermarkt.co.uk/amine-harit/profil/spieler/372711,amine harit,A. Harit,Amine Harit,6/18/1997,21,154.94,67.1,"CAM,CM,RW",Morocco,78,86,15500000.0,25000.0,Right,2,4,5,Lean,29500000.0,,,,,69,63,46,76,64,86,70,54,75,83,87,77,90,75,83,52,55,73,32,64,46,39,73,77,57,71,44,50,32,amine harit,100
Pol Lirola,ESP,DF,26,19,5,680,7.6,1,2,3,1,0,0,1,1,0.6,0.6,0.7,1.3,12,21,40,0.13,0.26,0.4,0.13,0.4,0.08,0.09,0.17,0.08,0.17,pol lirola,Defender,right,183.0,FR1,4000000.0,13000000.0,https://img.a.transfermarkt.technology/portrait/header/298975-1673514557.jpg?lm=1,https://www.transfermarkt.co.uk/pol-lirola/profil/spieler/298975,pol lirola,Pol Lirola,Pol Mikel Lirola Kosok,8/13/1997,21,182.88,74.8,"RB,RM",Spain,74,80,6500000.0,26000.0,Right,1,3,3,Normal,13000000.0,,,,,76,35,65,73,59,74,73,30,67,75,81,81,69,70,74,58,68,72,67,51,70,69,66,58,30,71,73,74,73,pol mikel lirola kosok,100
Luiz Felipe,ITA,DF,27,4,2,122,1.4,0,0,0,0,0,0,1,0,0.0,0.0,0.0,0.0,0,4,0,0.0,0.0,0.0,0.0,0.0,0.0,0.0,0.0,0.0,0.0,luiz felipe,Defender,right,187.0,FR1,6000000.0,22000000.0,https://img.a.transfermarkt.technology/portrait/header/457931-1595857216.jpg?lm=1,https://www.transfermarkt.co.uk/luiz-felipe/profil/spieler/457931,luiz felipe,Luiz Felipe,Luiz Felipe Ramos Marchi,3/22/1997,21,187.96,79.8,CB,Brazil,75,84,9000000.0,26000.0,Right,1,3,3,Lean,17100000.0,,,,,37,22,65,67,32,66,31,35,62,69,77,69,43,78,46,44,68,55,68,26,68,79,28,58,44,58,78,78,77,luiz felipe ramos marchi,100
Luiz Felipe,ITA,DF,27,4,2,122,1.4,0,0,0,0,0,0,1,0,0.0,0.0,0.0,0.0,0,4,0,0.0,0.0,0.0,0.0,0.0,0.0,0.0,0.0,0.0,0.0,luiz felipe,Goalkeeper,left,198.0,PO1,200000.0,700000.0,https://img.a.transfermarkt.technology/portrait/header/573907-1569658184.png?lm=1,https://www.transfermarkt.co.uk/luiz-felipe/profil/spieler/573907,luiz felipe,Luiz Felipe,Luiz Felipe Ramos Marchi,3/22/1997,21,187.96,79.8,CB,Brazil,75,84,9000000.0,26000.0,Right,1,3,3,Lean,17100000.0,,,,,37,22,65,67,32,66,31,35,62,69,77,69,43,78,46,44,68,55,68,26,68,79,28,58,44,58,78,78,77,luiz felipe ramos marchi,100
Valentin Carboni,ARG,"MT,AT",19,4,1,103,1.1,0,0,0,0,0,0,1,0,0.0,0.0,0.1,0.2,4,4,8,0.0,0.0,0.0,0.0,0.0,0.04,0.1,0.14,0.04,0.14,valentin carboni,Midfield,left,185.0,IT1,12000000.0,15000000.0,https://img.a.transfermarkt.technology/portrait/header/787618-1667405332.jpg?lm=1,https://www.transfermarkt.co.uk/valentin-carboni/profil/spieler/787618,valentin carboni,V. Rongier,Valentin Rongier,12/7/1994,24,172.72,69.9,"CM,CDM,CAM",France,79,84,16500000.0,28000.0,Right,2,3,3,Normal,32600000.0,,,,,62,70,40,81,75,77,76,64,81,80,68,58,78,75,90,74,73,73,55,78,51,78,73,77,65,77,76,84,70,valentin rongier,81
Thilo Kehrer,GER,DF,27,27,27,"2,383",26.5,4,0,4,4,0,0,1,0,1.5,1.5,0.3,1.8,16,139,2,0.15,0.0,0.15,0.15,0.15,0.06,0.01,0.07,0.06,0.07,thilo kehrer,Defender,both,186.0,FR1,15000000.0,35000000.0,https://img.a.transfermarkt.technology/portrait/header/228948-1737490227.jpg?lm=1,https://www.transfermarkt.co.uk/thilo-kehrer/profil/spieler/228948,thilo kehrer,T. Kehrer,Thilo Kehrer,9/21/1996,22,185.42,76.2,"CB,RB,LB",Germany,79,87,16000000.0,51000.0,Right,1,5,3,Lean,32800000.0,,,,,64,37,76,75,32,65,54,38,66,69,74,76,69,76,65,65,81,77,72,40,85,77,53,59,36,78,75,81,85,thilo kehrer,100
Takumi Minamino,JPN,"MT,AT",29,31,27,"2,231",24.8,6,3,9,6,0,0,4,0,8.9,8.9,6.6,15.5,51,114,193,0.24,0.12,0.36,0.24,0.36,0.36,0.26,0.62,0.36,0.62,takumi minamino,Attack,right,172.0,FR1,15000000.0,20000000.0,https://img.a.transfermarkt.technology/portrait/header/165793-1737490576.jpg?lm=1,https://www.transfermarkt.co.uk/takumi-minamino/profil/spieler/165793,takumi minamino,T. Minamino,南野 拓実,1/16/1995,24,175.26,67.1,"ST,CAM,RW,LW",Japan,73,80,5500000.0,27000.0,Right,1,4,3,Lean,9400000.0,,,,,64,75,55,68,66,79,67,53,64,76,90,86,86,75,78,71,75,81,56,70,61,49,72,65,59,62,35,39,34,南野 拓実,80
Denis Zakaria,SUI,MT,27,26,24,"2,144",23.8,6,4,10,4,2,2,5,0,5.2,3.6,1.4,5.0,27,113,36,0.25,0.17,0.42,0.17,0.34,0.22,0.06,0.28,0.15,0.21,denis zakaria,Midfield,right,190.0,FR1,30000000.0,45000000.0,https://img.a.transfermarkt.technology/portrait/header/334526-1667990520.jpg?lm=1,https://www.transfermarkt.co.uk/denis-zakaria/profil/spieler/334526,denis zakaria,D. Zakaria,Denis Lemi Zakaria Lako Lado,11/20/1996,22,190.5,79.8,"CM,CDM",Switzerland,77,85,13000000.0,21000.0,Right,1,3,3,Normal,24700000.0,Switzerland,77.0,SUB,17.0,65,60,65,80,28,74,62,46,79,79,74,86,68,73,64,70,65,79,83,53,88,78,63,76,38,74,82,79,77,denis lemi zakaria lako lado,82
Vanderson,BRA,DF,23,29,23,"2,064",22.9,1,3,4,1,0,0,6,1,2.2,2.2,3.1,5.3,57,102,151,0.04,0.13,0.17,0.04,0.17,0.1,0.14,0.23,0.1,0.23,vanderson,Defender,right,173.0,FR1,20000000.0,20000000.0,https://img.a.transfermarkt.technology/portrait/header/789082-1655282894.jpg?lm=1,https://www.transfermarkt.co.uk/vanderson/profil/spieler/789082,vanderson,Wanderson,Wanderson Carvalho Oliveira,3/31/1989,29,172.72,59.9,"LM,LW",Brazil,63,63,350000.0,2000.0,Left,1,3,3,Normal,438000.0,,,,,56,61,51,56,53,64,45,52,53,62,74,85,73,57,67,62,76,69,69,58,62,56,55,54,55,58,52,59,57,wanderson carvalho oliveira,89
Philipp Köhn,SUI,GB,26,19,19,"1,710",19.0,0,0,0,0,0,0,1,0,0.0,0.0,0.0,0.0,0,0,0,0.0,0.0,0.0,0.0,0.0,0.0,0.0,0.0,0.0,0.0,philipp kohn,Goalkeeper,right,190.0,FR1,4000000.0,8000000.0,https://img.a.transfermarkt.technology/portrait/header/251322-1661531623.png?lm=1,https://www.transfermarkt.co.uk/philipp-kohn/profil/spieler/251322,philipp kohn,P. Köhn,Philipp Köhn,4/2/1998,20,190.5,74.8,GK,Switzerland,63,77,675000.0,3000.0,Right,1,2,1,Lean,1400000.0,,,,,11,8,12,25,6,12,10,14,25,19,25,30,33,48,26,20,41,28,63,7,28,12,7,45,16,32,12,13,14,philipp köhn,96
Christian Mawissa,FRA,DF,19,22,17,"1,501",16.7,0,0,0,0,0,0,3,0,0.1,0.1,0.0,0.1,13,44,10,0.0,0.0,0.0,0.0,0.0,0.0,0.0,0.01,0.0,0.01,christian mawissa,Defender,left,184.0,FR1,12000000.0,12000000.0,https://img.a.transfermarkt.technology/portrait/header/1005240-1708555606.jpg?lm=1,https://www.transfermarkt.co.uk/christian-mawissa/profil/spieler/1005240,christian mawissa,C. Mathenia,Christian Mathenia,3/31/1992,26,187.96,89.8,GK,Germany,73,75,3300000.0,15000.0,Right,2,1,1,Normal,6300000.0,,,,,15,12,14,31,16,15,15,15,25,23,47,44,35,69,39,20,55,45,69,15,30,19,15,35,23,54,15,12,12,christian mathenia,80
Aleksandr Golovin,RUS,"MT,AT",28,19,13,"1,153",12.8,3,0,3,3,0,0,1,0,2.3,2.3,2.4,4.7,39,112,72,0.23,0.0,0.23,0.23,0.23,0.18,0.19,0.37,0.18,0.37,aleksandr golovin,Midfield,right,178.0,FR1,25000000.0,30000000.0,https://img.a.transfermarkt.technology/portrait/header/263918-1614091807.jpg?lm=1,https://www.transfermarkt.co.uk/aleksandr-golovin/profil/spieler/263918,aleksandr golovin,A. Golovin,Alexandr Golovin,5/30/1996,22,154.94,68.9,"CM,CAM,CF",Russia,78,84,14000000.0,55000.0,Right,1,4,4,Lean,29400000.0,Russia,77.0,CAM,17.0,69,70,38,80,70,84,75,79,73,82,80,83,82,74,78,76,63,85,54,75,78,70,72,76,52,80,67,72,66,alexandr golovin,91
Mohammed Salisu,GHA,DF,25,15,11,"1,023",11.4,1,0,1,1,0,0,2,0,0.8,0.8,0.1,0.8,8,68,3,0.09,0.0,0.09,0.09,0.09,0.07,0.0,0.07,0.07,0.07,mohammed salisu,Defender,left,188.0,FR1,15000000.0,18000000.0,https://img.a.transfermarkt.technology/portrait/header/563963-1668428508.jpg?lm=1,https://www.transfermarkt.co.uk/mohammed-salisu/profil/spieler/563963,mohammed salisu,M. Salisu,Mohammed Salisu,4/17/1999,19,190.5,82.1,CB,Ghana,63,76,625000.0,2000.0,Left,1,3,2,Normal,1800000.0,,,,,22,22,58,52,22,44,33,27,27,47,68,65,51,59,58,45,70,64,73,24,64,64,25,24,37,48,61,64,62,mohammed salisu,100
Jordan Teze,NED,DF,24,16,8,569,6.3,1,0,1,1,0,0,2,1,1.2,1.2,1.5,2.7,9,31,41,0.16,0.0,0.16,0.16,0.16,0.19,0.24,0.43,0.19,0.43,jordan teze,Defender,right,183.0,FR1,12000000.0,18000000.0,https://img.a.transfermarkt.technology/portrait/header/364245-1707214531.jpg?lm=1,https://www.transfermarkt.co.uk/jordan-teze/profil/spieler/364245,jordan teze,J. Teze,Jordan Teze,9/30/1999,19,154.94,68.0,"RB,CB",Netherlands,63,80,675000.0,1000.0,Right,1,3,2,Normal,1400000.0,,,,,62,44,63,56,27,59,42,38,53,62,75,80,73,55,48,60,78,57,60,50,61,59,46,45,36,54,60,65,61,jordan teze,100
Mamadou Coulibaly,FRA,MT,20,1,0,8,0.1,0,0,0,0,0,0,0,0,0.1,0.1,0.0,0.1,0,0,1,0.0,0.0,0.0,0.0,0.0,0.85,0.0,0.85,0.85,0.85,mamadou coulibaly,Midfield,right,183.0,IT1,1300000.0,3000000.0,https://img.a.transfermarkt.technology/portrait/header/472161-1692277982.jpg?lm=1,https://www.transfermarkt.co.uk/mamadou-coulibaly/profil/spieler/472161,mamadou coulibaly,M. Coulibaly,Mamadou Coulibaly,2/3/1999,20,182.88,77.1,CM,Senegal,66,81,1400000.0,4000.0,Right,1,3,3,Lean,,,,,,50,49,63,72,43,66,47,45,67,65,69,66,69,65,75,62,69,72,74,52,67,61,60,62,51,63,63,57,59,mamadou coulibaly,100
Dante,BRA,DF,40,25,21,"1,964",21.8,0,0,0,0,0,0,5,1,0.5,0.5,0.2,0.6,18,96,8,0.0,0.0,0.0,0.0,0.0,0.02,0.01,0.03,0.02,0.03,dante,Defender,left,188.0,FR1,500000.0,17000000.0,https://img.a.transfermarkt.technology/portrait/header/16136-1739971106.jpg?lm=1,https://www.transfermarkt.co.uk/dante/profil/spieler/16136,dante,Dante,Dante Bonfim da Costa Santos,10/18/1983,35,187.96,84.8,CB,Brazil,80,80,4500000.0,37000.0,Left,3,4,2,Normal,8500000.0,,,,,58,47,80,74,44,57,51,55,76,74,38,41,52,76,64,64,65,62,81,53,74,79,41,62,57,78,80,82,80,dante bonfim da costa santos,100
Pablo Rosario,DOM,"MT,DF",27,29,21,"1,775",19.7,3,1,4,2,1,1,6,1,3.8,3.0,0.6,3.5,17,89,25,0.15,0.05,0.2,0.1,0.15,0.19,0.03,0.22,0.15,0.18,pablo rosario,Midfield,right,185.0,FR1,8000000.0,13000000.0,https://img.a.transfermarkt.technology/portrait/header/370791-1739972016.jpg?lm=1,https://www.transfermarkt.co.uk/pablo-rosario/profil/spieler/370791,pablo rosario,P. Rosario,Pablo Paulino Rosario,1/7/1997,22,187.96,73.0,"CDM,CM",Netherlands,74,82,7000000.0,9000.0,Right,1,3,3,Normal,11200000.0,,,,,40,58,63,75,52,68,34,52,76,74,71,73,67,68,72,70,74,75,83,65,68,73,56,69,58,68,71,72,67,pablo paulino rosario,82
Gaëtan Laborde,FRA,AT,30,28,20,"1,829",20.3,11,4,15,7,4,4,1,0,11.7,8.6,3.5,12.0,30,40,131,0.54,0.2,0.74,0.34,0.54,0.58,0.17,0.75,0.42,0.59,gaëtan laborde,Attack,left,181.0,FR1,6000000.0,18000000.0,https://img.a.transfermarkt.technology/portrait/header/181378-1739972757.jpg?lm=1,https://www.transfermarkt.co.uk/gaetan-laborde/profil/spieler/181378,gaëtan laborde,G. Laborde,Gaëtan  Laborde,5/3/1994,24,154.94,78.0,ST,France,78,83,14000000.0,28000.0,Left,1,3,3,Stocky,27700000.0,,,,,62,79,81,74,77,73,68,52,59,74,69,74,73,77,64,78,84,80,80,69,72,24,77,65,66,72,37,29,16,gaëtan  laborde,100
Tanguy Ndombele,FRA,MT,27,18,12,"1,131",12.6,1,2,3,1,0,0,2,0,2.4,2.4,2.4,4.8,22,61,36,0.08,0.16,0.24,0.08,0.24,0.19,0.19,0.38,0.19,0.38,tanguy ndombele,Midfield,right,181.0,FR1,10000000.0,65000000.0,https://img.a.transfermarkt.technology/portrait/header/450936-1739972039.jpg?lm=1,https://www.transfermarkt.co.uk/tanguy-ndombele/profil/spieler/450936,tanguy ndombele,T. Ndombele,Tanguy NDombèlé Alvaro,12/28/1996,22,154.94,76.2,"CM,CDM",France,80,89,22500000.0,51000.0,Right,1,3,4,Normal,47300000.0,France,84.0,SUB,17.0,67,59,56,83,59,86,67,63,79,84,84,76,83,80,84,80,63,78,78,70,81,73,70,79,60,84,66,73,69,tanguy ndombèlé alvaro,80
Jeremie Boga,CIV,"MT,AT",27,21,12,"1,054",11.7,1,2,3,1,0,0,0,0,2.3,2.3,2.8,5.1,64,39,75,0.09,0.17,0.26,0.09,0.26,0.2,0.24,0.44,0.2,0.44,jeremie boga,Attack,right,172.0,FR1,12000000.0,25000000.0,https://img.a.transfermarkt.technology/portrait/header/216569-1739972645.jpg?lm=1,https://www.transfermarkt.co.uk/jeremie-boga/profil/spieler/216569,jeremie boga,J. Boga,Jérémie Boga,1/3/1997,22,175.26,72.1,"LM,RM,ST",Ivory Coast,71,81,3800000.0,21000.0,Right,1,3,3,Normal,7700000.0,,,,,67,63,59,65,59,79,73,64,60,73,79,79,81,66,78,80,63,58,69,72,56,41,71,65,55,60,24,42,34,jérémie boga,91
Baptiste Santamaria,FRA,MT,29,13,11,927,10.3,0,0,0,0,0,0,1,0,0.9,0.9,1.0,1.9,10,45,11,0.0,0.0,0.0,0.0,0.0,0.09,0.09,0.18,0.09,0.18,baptiste santamaria,Midfield,right,183.0,FR1,7000000.0,16000000.0,https://img.a.transfermarkt.technology/portrait/header/285323-1739972064.jpg?lm=1,https://www.transfermarkt.co.uk/baptiste-santamaria/profil/spieler/285323,baptiste santamaria,B. Santamaria,Baptiste Santamaria,3/9/1995,24,182.88,73.0,"CDM,CM",France,76,81,8500000.0,18000.0,Right,1,2,3,Lean,17600000.0,,,,,64,65,60,78,42,76,48,49,78,78,63,65,73,73,69,62,69,80,63,62,66,72,63,74,46,65,74,74,75,baptiste santamaria,100
Sofiane Diop,FRA,"MT,AT",24,28,8,"1,064",11.8,6,4,10,6,0,0,3,0,6.0,6.0,2.9,8.9,26,64,70,0.51,0.34,0.85,0.51,0.85,0.51,0.24,0.75,0.51,0.75,sofiane diop,Attack,right,175.0,FR1,12000000.0,20000000.0,https://img.a.transfermarkt.technology/portrait/header/569389-1739972675.jpg?lm=1,https://www.transfermarkt.co.uk/sofiane-diop/profil/spieler/569389,sofiane diop,S. Diop,Sofiane Diop,6/9/2000,18,165.1,54.9,"LM,CM,CAM",France,66,87,1500000.0,8000.0,Right,1,3,4,Lean,4200000.0,,,,,60,56,39,67,53,69,64,47,62,68,76,72,82,59,92,58,53,47,29,62,44,32,62,63,55,70,30,31,28,sofiane diop,100
Antoine Mendy,SEN,DF,20,18,8,825,9.2,0,0,0,0,0,0,2,0,0.6,0.6,0.1,0.7,12,35,15,0.0,0.0,0.0,0.0,0.0,0.06,0.01,0.07,0.06,0.07,antoine mendy,Defender,right,187.0,FR1,3000000.0,3000000.0,https://img.a.transfermarkt.technology/portrait/header/891998-1739971137.jpg?lm=1,https://www.transfermarkt.co.uk/antoine-mendy/profil/spieler/891998,antoine mendy,A. Semenyo,Antoine Semenyo,1/7/2000,19,152.4,63.0,ST,England,57,75,220000.0,3000.0,Right,1,4,3,Stocky,556000.0,,,,,31,58,56,39,34,55,41,30,29,56,79,80,70,54,60,51,67,51,68,50,48,14,50,44,51,49,20,16,11,antoine semenyo,86
Morgan Sanson,FRA,MT,29,6,3,235,2.6,3,0,3,3,0,0,0,0,1.5,1.5,0.1,1.6,5,13,17,1.15,0.0,1.15,1.15,1.15,0.58,0.02,0.6,0.58,0.6,morgan sanson,Midfield,right,180.0,FR1,5000000.0,28000000.0,https://img.a.transfermarkt.technology/portrait/header/174094-1739971966.jpg?lm=1,https://www.transfermarkt.co.uk/morgan-sanson/profil/spieler/174094,morgan sanson,M. Sanson,Morgan Sanson,8/18/1994,24,154.94,73.0,"CM,CDM,CAM",France,80,85,19500000.0,47000.0,Right,2,4,4,Normal,38500000.0,,,,,78,73,69,80,70,76,73,70,84,79,77,74,79,79,69,77,75,79,76,74,68,75,77,78,68,78,65,73,76,morgan sanson,100
Jordan Lotomba,SUI,"MT,DF",25,2,0,35,0.4,0,0,0,0,0,0,0,0,0.0,0.0,0.0,0.0,4,3,2,0.0,0.0,0.0,0.0,0.0,0.0,0.0,0.0,0.0,0.0,jordan lotomba,Defender,right,177.0,NL1,8000000.0,8000000.0,https://img.a.transfermarkt.technology/portrait/header/313094-1729850115.jpg?lm=1,https://www.transfermarkt.co.uk/jordan-lotomba/profil/spieler/313094,jordan lotomba,J. Lotomba,Jordan Lotomba,9/29/1998,20,152.4,68.9,"LB,RB",Switzerland,61,78,475000.0,2000.0,Right,1,4,2,Lean,1000000.0,,,,,59,44,51,60,46,59,44,34,46,61,75,78,72,62,73,57,75,67,52,40,53,54,56,49,50,52,49,59,54,jordan lotomba,100
Lucas Chevalier,FRA,GB,22,34,34,"3,060",34.0,0,0,0,0,0,0,0,0,0.0,0.0,0.9,0.9,0,1,0,0.0,0.0,0.0,0.0,0.0,0.0,0.03,0.03,0.0,0.03,lucas chevalier,Goalkeeper,right,189.0,FR1,30000000.0,30000000.0,https://img.a.transfermarkt.technology/portrait/header/463600-1708342501.jpg?lm=1,https://www.transfermarkt.co.uk/lucas-chevalier/profil/spieler/463600,lucas chevalier,L. Höler,Lucas Höler,7/10/1994,24,182.88,79.8,"ST,RM",Germany,72,75,4000000.0,17000.0,Right,1,3,3,Normal,7500000.0,,,,,45,72,71,59,71,67,50,38,41,66,67,73,66,72,67,75,72,78,75,63,65,28,74,54,63,59,31,30,26,lucas höler,80
Bafodé Diakité,FRA,DF,23,31,31,"2,766",30.7,4,1,5,4,0,0,8,1,2.3,2.3,0.2,2.5,15,90,3,0.13,0.03,0.16,0.13,0.16,0.08,0.01,0.08,0.08,0.08,bafode diakite,Defender,right,184.0,FR1,25000000.0,25000000.0,https://img.a.transfermarkt.technology/portrait/header/463605-1666691072.jpg?lm=1,https://www.transfermarkt.co.uk/bafode-diakite/profil/spieler/463605,bafode diakite,B. Diakité,Bafodé Diakité,1/6/2001,18,185.42,82.1,"RB,CB",France,61,72,325000.0,2000.0,Right,1,3,2,Normal,715000.0,,,,,50,32,61,59,39,39,33,36,53,53,65,64,58,54,62,53,68,64,68,34,62,59,36,51,48,52,56,69,61,bafodé diakité,92
Benjamin André,FRA,MT,33,30,30,"2,692",29.9,0,3,3,0,0,0,12,0,1.4,1.4,1.9,3.3,29,209,72,0.0,0.1,0.1,0.0,0.1,0.05,0.06,0.11,0.05,0.11,benjamin andre,Midfield,right,180.0,FR1,6000000.0,15000000.0,https://img.a.transfermarkt.technology/portrait/header/84301-1666690769.jpg?lm=1,https://www.transfermarkt.co.uk/benjamin-andre/profil/spieler/84301,benjamin andre,B. André,Benjamin André,8/3/1990,28,154.94,76.2,"CM,CDM",France,77,77,9000000.0,32000.0,Right,2,3,3,Normal,17100000.0,,,,,72,61,74,80,56,75,68,46,79,76,68,73,73,76,72,69,85,84,77,65,75,73,70,76,66,76,74,78,71,benjamin andré,96
Jonathan David,CAN,AT,24,32,28,"2,554",28.4,16,5,21,10,6,7,4,0,16.2,10.7,4.4,15.1,40,65,184,0.56,0.18,0.74,0.35,0.53,0.57,0.16,0.73,0.38,0.53,jonathan david,Attack,both,178.0,FR1,45000000.0,60000000.0,https://img.a.transfermarkt.technology/portrait/header/533738-1666690584.jpg?lm=1,https://www.transfermarkt.co.uk/jonathan-david/profil/spieler/533738,jonathan david,J. David,Jonathan David,1/14/2000,19,152.4,77.1,"ST,CF,CAM",Canada,70,84,3700000.0,7000.0,Right,1,4,3,Normal,7900000.0,Canada,70.0,SUB,19.0,42,74,64,63,66,71,41,34,53,71,81,80,81,61,76,71,78,61,67,61,25,17,64,62,58,64,21,21,19,jonathan david,100
Thomas Meunier,BEL,DF,32,30,21,"1,928",21.4,2,0,2,2,0,0,5,0,1.9,1.9,0.7,2.5,64,136,148,0.09,0.0,0.09,0.09,0.09,0.09,0.03,0.12,0.09,0.12,thomas meunier,Defender,right,191.0,FR1,2000000.0,35000000.0,https://img.a.transfermarkt.technology/portrait/header/100986-1741073106.jpg?lm=1,https://www.transfermarkt.co.uk/thomas-meunier/profil/spieler/100986,thomas meunier,T. Meunier,Thomas Meunier,9/12/1991,27,190.5,89.8,"RB,RM",Belgium,82,83,21000000.0,87000.0,Right,2,4,3,Normal,40400000.0,Belgium,85.0,RM,15.0,83,76,75,82,79,75,74,56,74,82,74,81,63,80,49,77,72,92,85,78,73,76,80,71,65,78,77,82,80,thomas meunier,100
Aïssa Mandi,ALG,DF,32,24,20,"1,733",19.3,0,0,0,0,0,0,3,0,0.3,0.3,0.4,0.8,12,82,21,0.0,0.0,0.0,0.0,0.0,0.02,0.02,0.04,0.02,0.04,aïssa mandi,Defender,right,186.0,FR1,1500000.0,20000000.0,https://img.a.transfermarkt.technology/portrait/header/80293-1704566125.jpg?lm=1,https://www.transfermarkt.co.uk/aissa-mandi/profil/spieler/80293,aïssa mandi,A. Mandi,Aïssa Mandi,10/22/1991,27,182.88,78.0,CB,Algeria,80,83,15500000.0,27000.0,Right,1,3,2,Lean,33700000.0,,,,,78,41,83,79,49,66,67,49,75,74,67,68,78,78,65,52,82,69,74,49,69,84,67,68,35,74,79,82,84,aïssa mandi,100
André Gomes,POR,MT,31,20,16,"1,276",14.2,0,0,0,0,0,0,3,0,0.5,0.5,0.7,1.3,18,101,28,0.0,0.0,0.0,0.0,0.0,0.04,0.05,0.09,0.04,0.09,andre gomes,Midfield,right,190.0,FR1,8000000.0,30000000.0,https://img.a.transfermarkt.technology/portrait/header/221025-1666691237.jpg?lm=1,https://www.transfermarkt.co.uk/andre-gomes/profil/spieler/221025,andre gomes,André Gomes,André Filipe Tavares Gomes,7/30/1993,25,187.96,83.9,"CM,CDM",Portugal,80,84,19000000.0,130000.0,Right,3,4,4,Lean,,,,,,61,65,69,82,63,80,82,67,81,78,68,62,67,77,64,80,58,76,86,71,81,74,74,82,55,78,75,75,64,andré filipe tavares gomes,95
André Gomes,POR,MT,31,20,16,"1,276",14.2,0,0,0,0,0,0,3,0,0.5,0.5,0.7,1.3,18,101,28,0.0,0.0,0.0,0.0,0.0,0.04,0.05,0.09,0.04,0.09,andre gomes,Goalkeeper,left,182.0,PO1,2000000.0,2000000.0,https://img.a.transfermarkt.technology/portrait/header/670710-1679905817.jpg?lm=1,https://www.transfermarkt.co.uk/andre-gomes/profil/spieler/670710,andre gomes,André Gomes,André Filipe Tavares Gomes,7/30/1993,25,187.96,83.9,"CM,CDM",Portugal,80,84,19000000.0,130000.0,Right,3,4,4,Lean,,,,,,61,65,69,82,63,80,82,67,81,78,68,62,67,77,64,80,58,76,86,71,81,74,74,82,55,78,75,75,64,andré filipe tavares gomes,95
Ismaily,BRA,DF,34,16,10,904,10.0,0,1,1,0,0,0,4,0,0.7,0.7,1.0,1.7,15,54,51,0.0,0.1,0.1,0.0,0.1,0.07,0.1,0.17,0.07,0.17,ismaily,Defender,left,177.0,FR1,1500000.0,19000000.0,https://img.a.transfermarkt.technology/portrait/header/124028-1666690981.jpg?lm=1,https://www.transfermarkt.co.uk/ismaily/profil/spieler/124028,ismaily,Ismaily,Ismaily Gonçalves dos S.,1/11/1990,29,152.4,82.1,LB,Brazil,80,80,11500000.0,1000.0,Left,1,2,4,Stocky,24200000.0,,,,,80,60,59,81,55,83,65,50,67,81,84,80,72,81,82,75,59,88,75,73,63,79,82,71,51,79,77,74,75,ismaily gonçalves dos s.,100
Angel Gomes,ENG,MT,23,14,10,736,8.2,1,1,2,1,0,1,1,0,1.7,0.9,2.1,3.0,15,49,47,0.12,0.12,0.24,0.12,0.24,0.21,0.26,0.47,0.11,0.37,angel gomes,Midfield,right,166.0,FR1,20000000.0,28000000.0,https://img.a.transfermarkt.technology/portrait/header/392770-1666690396.jpg?lm=1,https://www.transfermarkt.co.uk/angel-gomes/profil/spieler/392770,angel gomes,A. Gomes,Angel Gomes,8/31/2000,18,170.18,60.8,"CAM,CM,LW",England,67,87,1500000.0,15000.0,Right,1,4,4,Lean,4400000.0,,,,,61,61,51,67,57,68,65,68,65,68,75,69,83,62,90,61,55,57,32,64,42,37,58,68,66,69,36,38,35,angel gomes,100
Chuba Akpom,ENG,AT,28,14,6,639,7.1,3,1,4,2,1,2,0,0,5.0,3.4,0.5,3.9,6,7,38,0.42,0.14,0.56,0.28,0.42,0.7,0.08,0.78,0.48,0.56,chuba akpom,Attack,right,183.0,FR1,8000000.0,12000000.0,https://img.a.transfermarkt.technology/portrait/header/197642-1678463529.jpg?lm=1,https://www.transfermarkt.co.uk/chuba-akpom/profil/spieler/197642,chuba akpom,C. Akpom,Chuba Akpom,10/9/1995,23,185.42,81.2,ST,England,71,78,3400000.0,1000.0,Right,1,3,3,Lean,7800000.0,,,,,48,70,67,65,62,69,42,37,45,67,81,83,76,65,63,73,82,63,75,66,44,29,73,55,62,68,17,29,19,chuba akpom,100
Nabil Bentaleb,ALG,MT,29,10,3,329,3.7,1,0,1,1,0,0,0,0,0.7,0.7,0.0,0.8,2,23,5,0.27,0.0,0.27,0.27,0.27,0.2,0.01,0.21,0.2,0.21,nabil bentaleb,Midfield,left,187.0,FR1,8000000.0,20000000.0,https://img.a.transfermarkt.technology/portrait/header/245537-1672670443.jpg?lm=1,https://www.transfermarkt.co.uk/nabil-bentaleb/profil/spieler/245537,nabil bentaleb,N. Bentaleb,Nabil Bentaleb,11/24/1994,24,187.96,78.0,"CM,CDM",Algeria,78,83,13500000.0,29000.0,Left,2,2,4,Lean,24000000.0,,,,,65,62,51,80,67,82,69,62,76,81,66,64,75,76,71,83,53,75,72,79,74,77,68,80,87,79,65,71,60,nabil bentaleb,100
Lucas Perri,BRA,GB,26,33,33,"2,970",33.0,0,0,0,0,0,0,1,0,0.0,0.0,0.0,0.0,0,0,0,0.0,0.0,0.0,0.0,0.0,0.0,0.0,0.0,0.0,0.0,lucas perri,Goalkeeper,right,197.0,FR1,10000000.0,10000000.0,https://img.a.transfermarkt.technology/portrait/header/352041-1733188777.jpg?lm=1,https://www.transfermarkt.co.uk/lucas-perri/profil/spieler/352041,lucas perri,Lucas Perri,Lucas Estella Perri,12/10/1997,21,195.58,94.8,GK,Brazil,61,75,450000.0,4000.0,Right,1,2,1,Normal,1100000.0,,,,,19,11,13,28,15,18,20,20,18,14,25,22,31,54,31,16,53,36,80,13,26,25,11,42,19,27,10,18,14,lucas estella perri,100
Moussa Niakhate,SEN,DF,28,31,30,"2,726",30.3,0,0,0,0,0,0,2,0,0.1,0.1,1.0,1.1,34,111,5,0.0,0.0,0.0,0.0,0.0,0.0,0.03,0.04,0.0,0.04,moussa niakhate,Defender,left,190.0,FR1,15000000.0,18000000.0,https://img.a.transfermarkt.technology/portrait/header/291200-1700737208.jpg?lm=1,https://www.transfermarkt.co.uk/moussa-niakhate/profil/spieler/291200,moussa niakhate,M. Niakhaté,Moussa Niakhaté,3/8/1996,23,190.5,82.1,CB,France,74,81,7000000.0,18000.0,Left,1,3,2,Normal,13300000.0,,,,,62,35,75,66,39,64,32,36,64,65,69,77,65,70,52,46,76,76,83,39,71,72,34,48,44,61,70,76,73,moussa niakhaté,97
Clinton Mata,ANG,DF,31,29,27,"2,370",26.3,0,4,4,0,0,0,6,0,0.2,0.2,1.4,1.6,20,88,23,0.0,0.15,0.15,0.0,0.15,0.01,0.05,0.06,0.01,0.06,clinton mata,Defender,right,180.0,FR1,4000000.0,10000000.0,https://img.a.transfermarkt.technology/portrait/header/187718-1616529648.jpg?lm=1,https://www.transfermarkt.co.uk/clinton-mata/profil/spieler/187718,clinton mata,Clinton Mata,Clinton Mukoni Mata Pedro Lourenço,11/7/1992,26,154.94,72.1,"RM,RB",Angola,73,74,4800000.0,17000.0,Right,1,3,4,Normal,7000000.0,,,,,70,53,43,72,46,76,72,71,68,74,84,84,86,67,73,66,90,84,65,59,71,70,67,60,49,73,71,73,75,clinton mukoni mata pedro lourenço,100
Corentin Tolisso,FRA,MT,29,32,27,"2,329",25.9,7,4,11,7,0,0,4,0,5.3,5.3,4.9,10.2,31,166,133,0.27,0.15,0.43,0.27,0.43,0.21,0.19,0.4,0.21,0.4,corentin tolisso,Midfield,right,181.0,FR1,10000000.0,45000000.0,https://img.a.transfermarkt.technology/portrait/header/190393-1672830594.jpg?lm=1,https://www.transfermarkt.co.uk/corentin-tolisso/profil/spieler/190393,corentin tolisso,C. Tolisso,Corentin Tolisso,8/3/1994,24,154.94,81.2,"CM,CDM",France,83,88,34000000.0,85000.0,Right,2,3,3,Normal,58700000.0,,,,,67,75,82,84,62,77,66,73,86,81,75,66,75,83,74,82,90,87,77,81,81,76,79,80,70,74,75,78,71,corentin tolisso,100
Alexandre Lacazette,FRA,AT,33,30,24,"2,051",22.8,15,2,17,10,5,6,5,0,16.3,11.7,3.4,15.0,24,66,159,0.66,0.09,0.75,0.44,0.53,0.71,0.15,0.86,0.51,0.66,alexandre lacazette,Attack,right,175.0,FR1,8000000.0,70000000.0,https://img.a.transfermarkt.technology/portrait/header/93720-1672830448.jpg?lm=1,https://www.transfermarkt.co.uk/alexandre-lacazette/profil/spieler/93720,alexandre lacazette,A. Lacazette,Alexandre Lacazette,5/28/1991,27,175.26,73.0,ST,France,85,86,45000000.0,180000.0,Right,3,4,4,Normal,88900000.0,,,,,64,88,73,80,81,85,74,71,59,85,81,84,85,85,85,85,76,79,73,75,70,42,86,76,84,85,29,42,30,alexandre lacazette,100
Nicolás Tagliafico,ARG,DF,31,24,22,"1,902",21.1,3,1,4,3,0,0,7,0,3.0,3.0,0.8,3.8,31,97,81,0.14,0.05,0.19,0.14,0.19,0.14,0.04,0.18,0.14,0.18,nicolas tagliafico,Defender,left,171.0,FR1,7000000.0,35000000.0,https://img.a.transfermarkt.technology/portrait/header/131225-1668181437.jpg?lm=1,https://www.transfermarkt.co.uk/nicolas-tagliafico/profil/spieler/131225,nicolas tagliafico,N. Tagliafico,Nicolás Alejandro Tagliafico,8/31/1992,26,172.72,64.9,LB,Argentina,80,82,15000000.0,20000.0,Left,2,2,3,Normal,22100000.0,Argentina,82.0,LB,3.0,75,57,73,75,38,74,61,40,67,74,85,86,79,78,79,66,90,91,63,44,78,77,67,68,46,76,80,78,79,nicolás alejandro tagliafico,80
Ainsley Maitland-Niles,ENG,DF,26,32,20,"1,985",22.1,1,4,5,1,0,0,1,0,2.9,2.9,3.4,6.4,33,102,110,0.05,0.18,0.23,0.05,0.23,0.13,0.16,0.29,0.13,0.29,ainsley maitland niles,Defender,right,180.0,FR1,10000000.0,18000000.0,https://img.a.transfermarkt.technology/portrait/header/285845-1702991138.jpg?lm=1,https://www.transfermarkt.co.uk/ainsley-maitland-niles/profil/spieler/285845,ainsley maitland niles,A. Maitland-Niles,Ainsley Maitland-Niles,8/29/1997,21,152.4,71.2,"CM,RM,LB,RB",England,71,83,4200000.0,38000.0,Right,1,3,3,Lean,8800000.0,,,,,67,56,38,75,44,73,60,36,69,72,82,85,76,69,70,65,55,69,66,62,58,68,66,72,54,77,60,66,60,ainsley maitland-niles,100
Jordan Veretout,FRA,MT,31,27,19,"1,553",17.3,2,0,2,2,0,0,3,0,1.9,1.9,0.6,2.5,35,99,60,0.12,0.0,0.12,0.12,0.12,0.11,0.04,0.14,0.11,0.14,jordan veretout,Midfield,right,177.0,FR1,5000000.0,35000000.0,https://img.a.transfermarkt.technology/portrait/header/164771-1666815169.jpg?lm=1,https://www.transfermarkt.co.uk/jordan-veretout/profil/spieler/164771,jordan veretout,J. Veretout,Jordan Veretout,3/1/1993,26,175.26,67.1,"CM,CDM",France,79,84,16500000.0,59000.0,Right,1,3,3,Normal,29300000.0,,,,,74,66,54,84,68,76,70,76,79,79,72,66,76,79,76,76,69,79,68,74,72,76,72,78,78,80,69,76,72,jordan veretout,100
Thiago Almada,ARG,"MT,AT",23,16,9,951,10.6,1,4,5,1,0,0,3,0,2.0,2.0,2.6,4.6,38,97,50,0.09,0.38,0.47,0.09,0.47,0.19,0.25,0.44,0.19,0.44,thiago almada,Midfield,right,171.0,FR1,25000000.0,27000000.0,https://img.a.transfermarkt.technology/portrait/header/576028-1709363616.jpg?lm=1,https://www.transfermarkt.co.uk/thiago-almada/profil/spieler/576028,thiago almada,T. Almada,Thiago Almada,4/26/2001,17,170.18,62.1,"CAM,ST",Argentina,65,85,1100000.0,2000.0,Right,1,3,3,Normal,2700000.0,,,,,56,51,44,66,57,68,69,60,62,66,79,77,78,59,77,65,57,62,42,58,60,46,63,61,47,62,43,48,52,thiago almada,100
Maxence Caqueret,FRA,MT,24,9,6,573,6.4,0,0,0,0,0,0,1,0,0.7,0.7,0.4,1.1,14,50,15,0.0,0.0,0.0,0.0,0.0,0.1,0.07,0.17,0.1,0.17,maxence caqueret,Midfield,right,174.0,IT1,15000000.0,25000000.0,https://img.a.transfermarkt.technology/portrait/header/395237-1739281407.jpg?lm=1,https://www.transfermarkt.co.uk/maxence-caqueret/profil/spieler/395237,maxence caqueret,M. Caqueret,Maxence Caqueret,2/15/2000,19,175.26,63.0,"CM,CDM",France,65,85,1100000.0,6000.0,Right,1,4,3,Lean,3200000.0,,,,,52,50,42,70,49,63,62,52,72,66,72,69,84,56,85,62,52,61,56,52,64,58,48,71,53,66,61,55,54,maxence caqueret,100
Rémy Descamps,FRA,GB,28,1,1,90,1.0,0,0,0,0,0,0,0,0,0.0,0.0,0.0,0.0,0,0,0,0.0,0.0,0.0,0.0,0.0,0.0,0.0,0.0,0.0,0.0,remy descamps,Goalkeeper,left,196.0,FR1,1500000.0,1500000.0,https://img.a.transfermarkt.technology/portrait/header/282028-1608790532.jpg?lm=1,https://www.transfermarkt.co.uk/remy-descamps/profil/spieler/282028,remy descamps,R. Descamps,Rémy Descamps,6/25/1996,22,193.04,78.9,GK,France,66,74,700000.0,11000.0,Left,1,3,1,Lean,,,,,,10,9,14,21,6,9,13,12,16,11,33,26,29,61,24,17,32,20,63,6,22,8,7,23,12,49,9,11,10,rémy descamps,96
Wilfried Zaha,CIV,AT,31,4,1,73,0.8,0,0,0,0,0,0,0,0,0.1,0.1,0.0,0.1,1,1,9,0.0,0.0,0.0,0.0,0.0,0.07,0.0,0.07,0.07,0.07,wilfried zaha,Attack,right,180.0,TR1,11000000.0,55000000.0,https://img.a.transfermarkt.technology/portrait/header/145988-1701182730.png?lm=1,https://www.transfermarkt.co.uk/wilfried-zaha/profil/spieler/145988,wilfried zaha,W. Zaha,Wilfried Zaha,11/10/1992,26,154.94,66.2,"CF,LM,RM",Ivory Coast,82,85,28500000.0,78000.0,Right,2,3,5,Lean,56300000.0,,,,,81,77,47,75,61,90,57,51,65,87,89,92,88,77,82,78,57,76,75,68,73,23,78,77,66,81,22,29,28,wilfried zaha,100
Orel Mangala,BEL,MT,26,1,1,67,0.7,0,0,0,0,0,0,0,0,0.1,0.1,0.0,0.1,1,7,3,0.0,0.0,0.0,0.0,0.0,0.07,0.03,0.1,0.07,0.1,orel mangala,Midfield,right,178.0,GB1,20000000.0,22000000.0,https://img.a.transfermarkt.technology/portrait/header/289592-1657181518.jpg?lm=1,https://www.transfermarkt.co.uk/orel-mangala/profil/spieler/289592,orel mangala,O. Mangala,Orel Mangala,3/18/1998,20,152.4,78.0,"CM,CDM",Belgium,73,84,7000000.0,19000.0,Right,1,4,3,Normal,,,,,,63,38,51,75,51,77,57,50,69,77,75,69,76,72,68,65,66,78,69,62,65,67,60,75,42,71,73,65,59,orel mangala,100
Paul Akouokou,CIV,MT,26,2,0,19,0.2,0,0,0,0,0,0,1,0,0.0,0.0,0.0,0.0,0,1,0,0.0,0.0,0.0,0.0,0.0,0.0,0.0,0.0,0.0,0.0,paul akouokou,Midfield,right,181.0,FR1,800000.0,5000000.0,https://img.a.transfermarkt.technology/portrait/header/429901-1702991425.jpg?lm=1,https://www.transfermarkt.co.uk/paul-akouokou/profil/spieler/429901,paul akouokou,P. Akouokou,Paul Akouokou,12/20/1997,21,182.88,78.0,"CM,CDM",Ivory Coast,62,74,525000.0,3000.0,Right,1,2,2,Normal,1200000.0,,,,,59,42,59,65,42,59,43,32,64,61,65,69,66,59,65,59,62,59,68,51,59,64,51,62,49,61,62,61,56,paul akouokou,100
Andrey Santos,BRA,MT,20,32,32,"2,855",31.7,10,3,13,10,0,0,8,0,5.1,5.1,3.3,8.4,29,149,26,0.32,0.09,0.41,0.32,0.41,0.16,0.1,0.27,0.16,0.27,andrey santos,Midfield,right,180.0,FR1,25000000.0,25000000.0,https://img.a.transfermarkt.technology/portrait/header/743600-1732576153.png?lm=1,https://www.transfermarkt.co.uk/andrey-santos/profil/spieler/743600,andrey santos,André Santos,André Filipe Bernardes Santos,3/2/1989,30,154.94,73.0,"CM,CDM",Portugal,70,70,1700000.0,5000.0,Right,1,3,3,Normal,3600000.0,,,,,67,58,56,74,58,72,74,66,73,69,66,51,72,65,67,76,71,71,65,74,62,68,57,65,54,57,73,69,63,andré filipe bernardes santos,92
Mamadou Sarr,FRA,DF,18,27,27,"2,365",26.3,0,1,1,0,0,0,4,0,0.8,0.8,0.3,1.1,7,52,1,0.0,0.04,0.04,0.0,0.04,0.03,0.01,0.04,0.03,0.04,mamadou sarr,Defender,right,194.0,FR1,15000000.0,15000000.0,https://img.a.transfermarkt.technology/portrait/header/910905-1732575264.png?lm=1,https://www.transfermarkt.co.uk/mamadou-sarr/profil/spieler/910905,mamadou sarr,M. Sakho,Mamadou Sakho,2/13/1990,29,187.96,83.0,CB,France,79,80,11500000.0,58000.0,Left,3,2,2,Normal,22700000.0,France,84.0,SUB,5.0,58,23,74,77,20,50,50,30,69,63,49,55,50,70,54,51,75,70,91,38,87,81,36,61,40,76,74,82,78,mamadou sakho,80
Habib Diarra,SEN,"MT,AT",20,30,27,"2,352",26.1,4,5,9,2,2,2,6,0,3.3,1.8,4.5,6.3,61,116,114,0.15,0.19,0.34,0.08,0.27,0.13,0.17,0.3,0.07,0.24,habib diarra,Midfield,right,178.0,FR1,20000000.0,20000000.0,https://img.a.transfermarkt.technology/portrait/header/876631-1732576173.png?lm=1,https://www.transfermarkt.co.uk/habib-diarra/profil/spieler/876631,habib diarra,I. Diarra,Ibrahim Diarra,5/19/1998,20,172.72,67.1,"RW,LW",France,61,75,550000.0,5000.0,Left,1,2,3,Lean,1400000.0,,,,,58,58,42,51,47,71,53,42,49,62,79,78,77,50,85,66,45,50,30,46,30,23,54,51,57,51,20,22,19,ibrahim diarra,80
Sebastian Nanasi,SWE,"MT,AT",22,31,26,"2,107",23.4,6,4,10,6,0,0,1,0,6.5,6.5,4.9,11.4,53,126,127,0.26,0.17,0.43,0.26,0.43,0.28,0.21,0.49,0.28,0.49,sebastian nanasi,Midfield,right,178.0,FR1,15000000.0,15000000.0,https://img.a.transfermarkt.technology/portrait/header/579928-1732576164.png?lm=1,https://www.transfermarkt.co.uk/sebastian-nanasi/profil/spieler/579928,sebastian nanasi,S. Mai,Sebastian Mai,12/10/1993,25,195.58,93.0,"CB,ST,CM",Germany,64,69,500000.0,1000.0,Right,1,2,2,Stocky,763000.0,,,,,23,30,73,38,35,25,22,24,39,33,34,34,29,59,29,50,31,52,92,33,87,57,36,31,23,48,62,65,59,sebastian mai,83
Valentín Barco,ARG,"MT,DF",20,14,14,"1,157",12.9,0,2,2,0,0,0,2,0,0.5,0.5,1.5,2.0,20,64,55,0.0,0.16,0.16,0.0,0.16,0.04,0.11,0.15,0.04,0.15,valentin barco,Defender,left,170.0,FR1,8000000.0,13000000.0,https://img.a.transfermarkt.technology/portrait/header/849410-1683292377.jpg?lm=1,https://www.transfermarkt.co.uk/valentin-barco/profil/spieler/849410,valentin barco,V. Jacob,Valentin Jacob,6/15/1994,24,170.18,67.1,CAM,France,66,71,850000.0,2000.0,Right,1,2,3,Lean,1600000.0,,,,,52,58,34,65,67,64,62,65,57,66,76,69,74,62,83,61,56,64,40,55,36,42,61,71,62,68,44,49,38,valentin jacob,86
Karl-Johan Johnsson,SWE,GB,34,3,3,270,3.0,0,0,0,0,0,0,0,0,0.0,0.0,0.0,0.0,0,0,0,0.0,0.0,0.0,0.0,0.0,0.0,0.0,0.0,0.0,0.0,karl johan johnsson,Goalkeeper,right,188.0,FR1,400000.0,2500000.0,https://img.a.transfermarkt.technology/portrait/header/112822-1732486706.png?lm=1,https://www.transfermarkt.co.uk/karl-johan-johnsson/profil/spieler/112822,karl johan johnsson,K. Johnsson,Karl-Johan Johnsson,1/28/1990,29,187.96,83.9,GK,Sweden,73,74,3200000.0,15000.0,Right,1,2,1,Normal,6700000.0,Sweden,76.0,SUB,12.0,11,13,19,26,19,16,12,11,38,22,50,49,45,63,32,21,71,45,69,13,35,20,16,49,17,56,15,14,12,karl-johan johnsson,100
Adrien Thomasson,FRA,MT,30,33,31,"2,615",29.1,3,7,10,3,0,0,7,0,5.9,5.9,6.0,11.9,30,149,138,0.1,0.24,0.34,0.1,0.34,0.2,0.21,0.41,0.2,0.41,adrien thomasson,Midfield,right,175.0,FR1,5000000.0,9000000.0,https://img.a.transfermarkt.technology/portrait/header/215977-1673538425.jpg?lm=1,https://www.transfermarkt.co.uk/adrien-thomasson/profil/spieler/215977,adrien thomasson,A. Thomasson,Adrien Thomasson,12/10/1993,25,152.4,72.1,"CAM,CM,CF",France,76,78,9500000.0,17000.0,Right,1,4,4,Lean,19700000.0,,,,,70,67,63,78,64,74,71,54,73,77,73,74,76,71,83,76,70,72,59,74,62,65,74,76,64,76,57,66,55,adrien thomasson,100
Facundo Medina,ARG,DF,25,29,29,"2,543",28.3,0,1,1,0,0,0,15,1,1.8,1.8,2.0,3.8,46,174,42,0.0,0.04,0.04,0.0,0.04,0.06,0.07,0.13,0.06,0.13,facundo medina,Defender,left,184.0,FR1,25000000.0,25000000.0,https://img.a.transfermarkt.technology/portrait/header/474800-1653402999.jpg?lm=1,https://www.transfermarkt.co.uk/facundo-medina/profil/spieler/474800,facundo medina,F. Medina,Facundo Medina,5/28/1999,19,154.94,78.0,"LB,CB",Argentina,63,80,700000.0,1000.0,Left,1,2,2,Normal,1500000.0,,,,,54,33,50,57,29,58,36,32,35,59,71,70,63,61,60,27,60,67,62,32,57,59,45,40,44,48,60,65,64,facundo medina,100
Jonathan Gradit,FRA,DF,31,25,24,"2,112",23.5,0,0,0,0,0,0,4,0,0.8,0.8,0.7,1.5,18,127,4,0.0,0.0,0.0,0.0,0.0,0.03,0.03,0.06,0.03,0.06,jonathan gradit,Defender,right,180.0,FR1,4000000.0,5000000.0,https://img.a.transfermarkt.technology/portrait/header/126557-1738580496.jpg?lm=1,https://www.transfermarkt.co.uk/jonathan-gradit/profil/spieler/126557,jonathan gradit,J. Gradit,Jonathan Gradit,11/24/1992,26,154.94,77.1,"RB,CB",France,68,71,925000.0,8000.0,Right,1,3,2,Normal,1900000.0,,,,,63,19,55,65,24,57,31,28,57,62,69,68,63,60,67,39,83,82,76,24,71,65,28,47,36,63,66,72,66,jonathan gradit,100
Malang Sarr,FRA,DF,25,21,15,"1,385",15.4,0,0,0,0,0,0,0,0,0.3,0.3,0.3,0.6,4,54,1,0.0,0.0,0.0,0.0,0.0,0.02,0.02,0.04,0.02,0.04,malang sarr,Defender,left,183.0,FR1,5000000.0,18000000.0,https://img.a.transfermarkt.technology/portrait/header/344596-1606395203.png?lm=1,https://www.transfermarkt.co.uk/malang-sarr/profil/spieler/344596,malang sarr,M. Sarr,Malang Sarr,1/23/1999,20,182.88,73.0,"CB,LB",France,75,84,8500000.0,11000.0,Left,1,4,2,Stocky,17900000.0,,,,,68,49,73,74,37,62,68,40,69,67,74,72,74,72,70,50,78,79,79,40,68,74,59,63,44,78,72,77,75,malang sarr,100
Brice Samba,FRA,GB,30,15,15,"1,350",15.0,0,0,0,0,0,0,1,0,0.0,0.0,0.0,0.0,0,1,0,0.0,0.0,0.0,0.0,0.0,0.0,0.0,0.0,0.0,0.0,brice samba,Goalkeeper,left,187.0,FR1,15000000.0,15000000.0,https://img.a.transfermarkt.technology/portrait/header/191056-1602242038.jpg?lm=1,https://www.transfermarkt.co.uk/brice-samba/profil/spieler/191056,brice samba,B. Samba,Brice Samba,4/25/1994,24,185.42,78.9,GK,Congo,68,72,825000.0,6000.0,Left,1,3,1,Normal,1700000.0,,,,,10,9,15,31,13,12,14,13,21,22,43,57,39,68,54,21,57,28,65,10,26,18,11,14,15,53,12,14,12,brice samba,100
Mathew Ryan,AUS,GB,32,14,14,"1,260",14.0,0,0,0,0,0,0,0,0,0.0,0.0,0.0,0.0,0,0,0,0.0,0.0,0.0,0.0,0.0,0.0,0.0,0.0,0.0,0.0,mathew ryan,Goalkeeper,right,184.0,FR1,2500000.0,10000000.0,https://img.a.transfermarkt.technology/portrait/header/128969-1668505563.jpg?lm=1,https://www.transfermarkt.co.uk/mathew-ryan/profil/spieler/128969,mathew ryan,M. Ryan,Mathew Ryan,4/8/1992,26,182.88,82.1,GK,Australia,80,83,13000000.0,43000.0,Right,1,4,1,Normal,25700000.0,Australia,73.0,GK,1.0,23,11,14,40,15,13,23,12,45,24,53,52,53,73,50,35,78,34,68,18,36,23,10,68,25,64,10,20,17,mathew ryan,100
Kevin Danso,AUT,DF,25,12,12,"1,080",12.0,0,0,0,0,0,0,3,0,0.5,0.5,1.0,1.5,9,52,1,0.0,0.0,0.0,0.0,0.0,0.04,0.09,0.13,0.04,0.13,kevin danso,Defender,right,190.0,GB1,25000000.0,25000000.0,https://img.a.transfermarkt.technology/portrait/header/263236-1691217955.png?lm=1,https://www.transfermarkt.co.uk/kevin-danso/profil/spieler/263236,kevin danso,K. Danso,Kevin Danso,9/19/1998,20,190.5,88.9,CB,Austria,70,79,2300000.0,5000.0,Right,1,3,2,Normal,4600000.0,,,,,39,26,74,49,31,47,35,31,44,56,55,73,64,62,51,49,67,55,79,25,73,62,28,35,39,59,69,74,71,kevin danso,100
Goduine Koyalipou,CTA,AT,24,15,12,885,9.8,4,0,4,4,0,0,0,0,4.8,4.8,0.8,5.6,15,20,68,0.41,0.0,0.41,0.41,0.41,0.49,0.08,0.57,0.49,0.57,goduine koyalipou,Attack,right,184.0,FR1,1800000.0,1800000.0,https://img.a.transfermarkt.technology/portrait/header/525140-1714738152.png?lm=1,https://www.transfermarkt.co.uk/goduine-koyalipou/profil/spieler/525140,goduine koyalipou,G. Koyalipou,Goduine Koyalipou,2/15/2000,19,182.88,76.2,RM,France,65,78,975000.0,1000.0,Right,1,3,3,Normal,2300000.0,,,,,59,65,62,64,65,72,63,67,54,64,77,74,65,58,64,68,62,64,68,62,34,41,57,58,63,64,34,14,20,goduine koyalipou,100
Angelo Fulgini,FRA,"MT,AT",27,23,11,"1,045",11.6,1,1,2,1,0,0,3,0,2.4,2.4,3.8,6.2,29,69,113,0.09,0.09,0.17,0.09,0.17,0.21,0.33,0.53,0.21,0.53,angelo fulgini,Midfield,right,182.0,FR1,6000000.0,12000000.0,https://img.a.transfermarkt.technology/portrait/header/250013-1657707374.jpg?lm=1,https://www.transfermarkt.co.uk/angelo-fulgini/profil/spieler/250013,angelo fulgini,A. Fulgini,Angelo Fulgini,8/20/1996,22,182.88,71.2,"RM,CM,RW",France,74,82,8500000.0,15000.0,Right,1,4,3,Lean,18700000.0,,,,,73,61,67,77,52,78,64,66,75,76,73,77,76,67,66,61,61,76,69,52,65,68,64,72,53,65,65,73,69,angelo fulgini,100
Wesley Saïd,FRA,AT,29,24,11,905,10.1,3,0,3,3,0,0,4,0,3.2,3.2,1.0,4.2,16,24,53,0.3,0.0,0.3,0.3,0.3,0.32,0.1,0.42,0.32,0.42,wesley saïd,Attack,right,171.0,FR1,3500000.0,8000000.0,https://img.a.transfermarkt.technology/portrait/header/182916-1593971458.jpg?lm=1,https://www.transfermarkt.co.uk/wesley-said/profil/spieler/182916,wesley saïd,W. Saïd,Wesley Saïd,4/19/1995,23,170.18,74.8,"ST,RW,LM,LW",France,73,79,5500000.0,12000.0,Right,1,2,3,Normal,12100000.0,,,,,64,74,62,77,67,76,58,38,66,75,77,79,83,75,88,73,60,60,52,69,43,22,74,61,61,67,28,25,23,wesley saïd,100
Nampalys Mendy,SEN,MT,32,10,7,588,6.5,0,1,1,0,0,0,2,0,0.2,0.2,0.1,0.3,2,28,3,0.0,0.15,0.15,0.0,0.15,0.03,0.01,0.04,0.03,0.04,nampalys mendy,Midfield,right,168.0,FR1,2000000.0,12000000.0,https://img.a.transfermarkt.technology/portrait/header/111051-1547722265.jpg?lm=1,https://www.transfermarkt.co.uk/nampalys-mendy/profil/spieler/111051,nampalys mendy,N. Mendy,Nampalys Mendy,6/23/1992,26,167.64,73.0,"CDM,CM",France,76,78,7500000.0,52000.0,Right,1,3,3,Stocky,14800000.0,,,,,67,49,65,80,43,71,69,54,72,77,71,68,74,74,87,62,76,79,68,64,77,74,56,62,55,70,74,75,74,nampalys mendy,100
Hervé Koffi,BFA,GB,27,5,5,450,5.0,0,0,0,0,0,0,2,0,0.0,0.0,0.0,0.0,0,0,0,0.0,0.0,0.0,0.0,0.0,0.0,0.0,0.0,0.0,0.0,herve koffi,Goalkeeper,right,186.0,FR1,1500000.0,2500000.0,https://img.a.transfermarkt.technology/portrait/header/415383-1672499883.jpg?lm=1,https://www.transfermarkt.co.uk/herve-koffi/profil/spieler/415383,herve koffi,H. Koffi,Hervé Koffi,10/16/1996,22,185.42,81.2,GK,Burkina Faso,66,77,875000.0,4000.0,Right,1,3,1,Normal,1800000.0,,,,,11,8,13,23,6,10,14,13,26,20,35,33,40,68,50,21,68,21,65,7,30,14,8,37,16,58,13,11,10,hervé koffi,95
Marco Bizot,NED,GB,33,32,32,"2,880",32.0,0,0,0,0,0,0,4,0,0.0,0.0,0.0,0.0,0,1,0,0.0,0.0,0.0,0.0,0.0,0.0,0.0,0.0,0.0,0.0,marco bizot,Goalkeeper,right,193.0,FR1,3500000.0,7000000.0,https://img.a.transfermarkt.technology/portrait/header/124884-1707302509.jpg?lm=1,https://www.transfermarkt.co.uk/marco-bizot/profil/spieler/124884,marco bizot,M. Bizot,Marco Bizot,3/10/1991,27,193.04,84.8,GK,Netherlands,75,78,5500000.0,11000.0,Right,1,2,1,Normal,8700000.0,Netherlands,81.0,SUB,23.0,20,15,16,28,13,12,20,15,33,32,45,47,50,74,40,26,67,32,64,14,39,17,13,47,36,60,11,12,14,marco bizot,100
Mahdi Camara,FRA,"MT,AT",26,34,31,"2,659",29.5,5,3,8,5,0,0,5,0,4.1,4.1,2.0,6.2,58,111,112,0.17,0.1,0.27,0.17,0.27,0.14,0.07,0.21,0.14,0.21,mahdi camara,Midfield,right,178.0,FR1,10000000.0,10000000.0,https://img.a.transfermarkt.technology/portrait/header/324795-1710182811.jpg?lm=1,https://www.transfermarkt.co.uk/mahdi-camara/profil/spieler/324795,mahdi camara,H. Camara,Haroune Camara,1/1/1998,21,182.88,81.2,ST,Saudi Arabia,63,77,825000.0,3000.0,Right,1,3,2,Normal,1900000.0,,,,,42,64,55,52,53,60,55,45,43,59,73,75,66,60,67,59,84,63,73,55,42,23,62,53,58,59,15,18,11,haroune camara,80
Kenny Lala,MAD,DF,32,30,29,"2,686",29.8,3,2,5,0,3,3,5,0,3.0,0.6,4.3,4.9,58,138,91,0.1,0.07,0.17,0.0,0.07,0.1,0.14,0.24,0.02,0.17,kenny lala,Defender,right,178.0,FR1,2500000.0,14000000.0,https://img.a.transfermarkt.technology/portrait/header/174196-1677254936.jpg?lm=1,https://www.transfermarkt.co.uk/kenny-lala/profil/spieler/174196,kenny lala,K. Lala,Kenny Lala,10/3/1991,27,152.4,78.0,"RWB,RB",France,78,79,10000000.0,20000.0,Right,1,3,3,Normal,20800000.0,,,,,81,46,64,75,36,79,74,73,75,78,78,80,67,77,70,67,70,80,71,51,79,77,76,70,78,66,73,73,73,kenny lala,100
Ludovic Ajorque,FRA,AT,30,31,29,"2,495",27.7,13,2,15,13,0,1,5,0,10.4,9.6,3.1,12.7,10,41,124,0.47,0.07,0.54,0.47,0.54,0.38,0.11,0.49,0.35,0.46,ludovic ajorque,Attack,left,196.0,FR1,4000000.0,16000000.0,https://img.a.transfermarkt.technology/portrait/header/283994-1692000251.jpg?lm=1,https://www.transfermarkt.co.uk/ludovic-ajorque/profil/spieler/283994,ludovic ajorque,L. Ajorque,Ludovic Ajorque,2/25/1994,25,198.12,82.1,ST,France,72,77,4200000.0,13000.0,Left,1,2,3,Lean,8800000.0,,,,,31,75,78,58,48,69,50,30,38,73,55,56,58,67,30,73,67,73,85,63,56,28,75,56,71,69,17,20,17,ludovic ajorque,100
Brendan Chardonnet,FRA,DF,29,27,27,"2,416",26.8,1,0,1,1,0,0,6,0,0.8,0.8,1.2,2.0,7,51,5,0.04,0.0,0.04,0.04,0.04,0.03,0.04,0.07,0.03,0.07,brendan chardonnet,Defender,right,181.0,FR1,6000000.0,8000000.0,https://img.a.transfermarkt.technology/portrait/header/250779-1582538208.jpg?lm=1,https://www.transfermarkt.co.uk/brendan-chardonnet/profil/spieler/250779,brendan chardonnet,B. Chardonnet,Brendan Chardonnet,12/22/1994,24,154.94,73.9,"CB,RB",France,65,74,725000.0,2000.0,Right,1,3,2,Normal,1500000.0,,,,,45,27,64,63,33,45,35,35,55,60,69,73,57,55,71,49,80,67,73,32,57,59,35,38,53,59,57,69,63,brendan chardonnet,100
Hugo Magnetti,FRA,MT,26,32,27,"2,323",25.8,1,0,1,1,0,0,5,0,0.8,0.8,0.4,1.2,21,80,20,0.04,0.0,0.04,0.04,0.04,0.03,0.02,0.05,0.03,0.05,hugo magnetti,Midfield,right,180.0,FR1,7000000.0,7000000.0,https://img.a.transfermarkt.technology/portrait/header/474662-1582538510.jpg?lm=1,https://www.transfermarkt.co.uk/hugo-magnetti/profil/spieler/474662,hugo magnetti,H. Magnetti,Hugo Magnetti,5/30/1998,20,172.72,72.1,CM,France,58,68,200000.0,1000.0,Left,1,3,2,Stocky,400000.0,,,,,51,31,50,63,38,58,52,41,60,60,60,63,60,55,71,59,62,59,56,50,58,48,50,53,46,56,53,59,58,hugo magnetti,100
Pierre Lees-Melou,FRA,MT,31,20,17,"1,526",17.0,2,2,4,2,0,0,7,0,1.3,1.3,2.8,4.0,23,105,36,0.12,0.12,0.24,0.12,0.24,0.07,0.16,0.24,0.07,0.24,pierre lees melou,Midfield,right,185.0,FR1,7000000.0,10000000.0,https://img.a.transfermarkt.technology/portrait/header/377393-1710182831.jpg?lm=1,https://www.transfermarkt.co.uk/pierre-lees-melou/profil/spieler/377393,pierre lees melou,P. Lees-Melou,Pierre Lees-Melou,5/25/1993,25,185.42,68.9,CM,France,78,80,12500000.0,33000.0,Right,1,3,4,Lean,24700000.0,,,,,78,68,59,79,53,79,74,69,79,79,74,74,75,75,59,70,61,86,71,70,71,66,77,78,53,76,70,68,63,pierre lees-melou,100
Romain Del Castillo,FRA,AT,28,26,14,"1,259",14.0,6,4,10,3,3,4,0,0,4.7,1.5,3.4,4.9,29,61,106,0.43,0.29,0.71,0.21,0.5,0.33,0.24,0.58,0.11,0.35,romain del castillo,Attack,left,172.0,FR1,8000000.0,10000000.0,https://img.a.transfermarkt.technology/portrait/header/353399-1593964996.jpg?lm=1,https://www.transfermarkt.co.uk/romain-del-castillo/profil/spieler/353399,romain del castillo,R. Del Castillo,Romain Del Castillo,3/29/1996,22,172.72,59.9,RM,France,70,77,2500000.0,14000.0,Left,1,3,3,Lean,5200000.0,,,,,67,67,44,70,69,74,73,66,64,74,76,75,88,64,83,70,69,69,54,67,68,30,63,62,61,66,30,42,43,romain del castillo,100
Edimilson Fernandes,SUI,"MT,DF",28,19,12,"1,105",12.3,0,1,1,0,0,0,1,0,0.4,0.4,0.6,1.0,7,40,3,0.0,0.08,0.08,0.0,0.08,0.03,0.05,0.08,0.03,0.08,edimilson fernandes,Midfield,right,187.0,FR1,3500000.0,8000000.0,https://img.a.transfermarkt.technology/portrait/header/247555-1628596987.jpg?lm=1,https://www.transfermarkt.co.uk/edimilson-fernandes/profil/spieler/247555,edimilson fernandes,E. Fernandes,Edimilson Fernandes,4/15/1996,22,190.5,69.9,"CAM,CM,RWB",Switzerland,71,79,3500000.0,36000.0,Right,1,4,3,Lean,,Switzerland,77.0,RM,19.0,57,62,45,74,56,73,57,51,70,71,72,78,66,60,56,73,56,74,69,70,60,42,65,69,55,63,52,60,55,edimilson fernandes,100
Romain Faivre,FRA,"MT,AT",26,20,10,899,10.0,3,2,5,2,1,1,2,0,2.6,1.8,1.9,3.7,24,44,49,0.3,0.2,0.5,0.2,0.4,0.26,0.19,0.45,0.18,0.37,romain faivre,Midfield,left,180.0,FR1,7000000.0,15000000.0,https://img.a.transfermarkt.technology/portrait/header/555076-1672831296.jpg?lm=1,https://www.transfermarkt.co.uk/romain-faivre/profil/spieler/555076,romain faivre,R. Faivre,Romain Faivre,7/14/1998,20,154.94,68.9,CM,France,65,80,1100000.0,7000.0,Left,1,3,3,Lean,2900000.0,,,,,59,49,55,68,34,64,51,52,64,65,66,63,69,62,68,63,63,67,56,56,53,62,52,67,53,59,54,60,56,romain faivre,100
Jordan Amavi,FRA,DF,30,11,8,790,8.8,0,0,0,0,0,0,2,0,0.3,0.3,0.2,0.4,22,36,21,0.0,0.0,0.0,0.0,0.0,0.03,0.02,0.05,0.03,0.05,jordan amavi,Defender,left,176.0,FR1,2000000.0,16000000.0,https://img.a.transfermarkt.technology/portrait/header/241229-1598304378.jpg?lm=1,https://www.transfermarkt.co.uk/jordan-amavi/profil/spieler/241229,jordan amavi,J. Amavi,Jordan Amavi,3/9/1994,24,175.26,69.9,LB,France,75,80,7500000.0,30000.0,Left,1,5,3,Normal,14800000.0,,,,,77,60,64,73,59,71,73,49,66,74,78,79,75,75,76,76,82,78,70,68,69,72,66,61,65,63,69,73,76,jordan amavi,100
Jonas Martin,FRA,MT,34,17,5,496,5.5,1,0,1,1,0,0,2,0,0.4,0.4,0.3,0.7,8,21,9,0.18,0.0,0.18,0.18,0.18,0.07,0.06,0.14,0.07,0.14,jonas martin,Midfield,right,184.0,FR1,800000.0,5000000.0,https://img.a.transfermarkt.technology/portrait/header/127142-1676911402.jpg?lm=1,https://www.transfermarkt.co.uk/jonas-martin/profil/spieler/127142,jonas martin,J. Martin,Jonas Martin,4/9/1990,28,182.88,69.9,"CM,CAM",France,77,77,9000000.0,22000.0,Right,2,4,4,Lean,18000000.0,,,,,74,65,57,80,63,76,72,67,80,77,60,68,65,77,63,74,61,78,73,71,71,65,68,78,78,76,66,75,68,jonas martin,100
Soumaïla Coulibaly,FRA,DF,20,7,5,438,4.9,0,0,0,0,0,0,1,0,0.2,0.2,0.1,0.3,1,16,0,0.0,0.0,0.0,0.0,0.0,0.03,0.02,0.05,0.03,0.05,soumaïla coulibaly,Defender,left,191.0,FR1,9000000.0,9000000.0,https://img.a.transfermarkt.technology/portrait/header/659513-1657285323.jpg?lm=1,https://www.transfermarkt.co.uk/soumaila-coulibaly/profil/spieler/659513,soumaïla coulibaly,O. Coulibaly,Ousmane Coulibaly,7/9/1989,29,182.88,74.8,"RB,RWB",Mali,71,71,1900000.0,1000.0,Right,1,2,3,Lean,4100000.0,,,,,70,44,66,70,20,63,55,28,59,72,77,78,65,59,62,60,75,79,72,52,77,60,57,52,27,62,68,73,73,ousmane coulibaly,82
Ibrahim Salah,MAR,AT,22,12,4,358,4.0,1,1,2,1,0,0,0,0,0.6,0.6,0.6,1.1,15,7,40,0.25,0.25,0.5,0.25,0.5,0.15,0.14,0.29,0.15,0.29,ibrahim salah,Attack,right,186.0,FR1,4000000.0,6000000.0,https://img.a.transfermarkt.technology/portrait/header/928323-1659944229.jpg?lm=1,https://www.transfermarkt.co.uk/ibrahim-salah/profil/spieler/928323,ibrahim salah,I. Sangaré,Ibrahim Sangaré,12/2/1997,21,190.5,77.1,"CDM,CM",Ivory Coast,74,85,8500000.0,16000.0,Right,1,4,3,Lean,18700000.0,,,,,74,61,74,73,62,71,62,62,73,74,69,69,66,72,69,71,74,78,83,64,74,73,72,71,59,78,72,71,73,ibrahim sangaré,81
Bradley Locko,FRA,DF,22,2,1,97,1.1,0,0,0,0,0,0,1,0,0.0,0.0,0.0,0.0,1,2,2,0.0,0.0,0.0,0.0,0.0,0.02,0.0,0.02,0.02,0.02,bradley locko,Defender,left,180.0,FR1,9000000.0,12000000.0,https://img.a.transfermarkt.technology/portrait/header/805908-1639674661.png?lm=1,https://www.transfermarkt.co.uk/bradley-locko/profil/spieler/805908,bradley locko,B. Dack,Bradley Dack,12/31/1993,25,175.26,71.2,CAM,England,74,78,7500000.0,32000.0,Right,1,4,3,Stocky,14800000.0,,,,,67,72,62,72,61,77,75,71,69,73,82,73,79,68,79,70,72,69,71,67,80,55,77,73,63,77,46,56,45,bradley dack,80
Axel Camblan,FRA,"MT,AT",20,2,0,26,0.3,0,0,0,0,0,0,0,0,0.0,0.0,0.0,0.0,2,2,1,0.0,0.0,0.0,0.0,0.0,0.17,0.0,0.17,0.17,0.17,axel camblan,Midfield,right,169.0,FR1,500000.0,600000.0,https://img.a.transfermarkt.technology/portrait/header/924800-1685635027.jpg?lm=1,https://www.transfermarkt.co.uk/axel-camblan/profil/spieler/924800,axel camblan,A. Bamba,Axel Bamba,7/6/1999,19,182.88,84.8,"CB,CDM",Ivory Coast,60,79,375000.0,1000.0,Right,1,3,2,Normal,891000.0,,,,,32,27,56,53,28,47,36,29,48,51,53,52,48,48,55,41,64,55,76,35,60,56,33,40,44,44,65,57,56,axel bamba,82
Mark McKenzie,USA,DF,25,30,29,"2,496",27.7,1,1,2,1,0,0,1,1,1.4,1.4,0.5,1.9,10,97,5,0.04,0.04,0.07,0.04,0.07,0.05,0.02,0.07,0.05,0.07,mark mckenzie,Defender,right,184.0,FR1,6000000.0,8000000.0,https://img.a.transfermarkt.technology/portrait/header/429259-1714036622.png?lm=1,https://www.transfermarkt.co.uk/mark-mckenzie/profil/spieler/429259,mark mckenzie,M. McKenzie,Mark McKenzie,2/25/1999,20,154.94,83.9,CB,United States,65,76,800000.0,1000.0,Right,1,2,2,Normal,1400000.0,,,,,25,18,59,68,28,35,26,24,63,48,75,74,61,59,61,34,69,64,70,21,63,62,21,26,30,45,67,66,63,mark mckenzie,100
Vincent Sierro,SUI,MT,28,29,27,"2,402",26.7,5,1,6,3,2,2,4,0,4.2,2.7,3.6,6.3,15,147,27,0.19,0.04,0.22,0.11,0.15,0.16,0.14,0.29,0.1,0.24,vincent sierro,Midfield,right,185.0,FR1,4000000.0,4000000.0,https://img.a.transfermarkt.technology/portrait/header/280387-1708555105.jpg?lm=1,https://www.transfermarkt.co.uk/vincent-sierro/profil/spieler/280387,vincent sierro,V. Sierro,Vincent Sierro,10/8/1995,23,185.42,74.8,"CM,CDM",Switzerland,65,74,825000.0,5000.0,Right,1,2,2,Lean,,,,,,46,45,49,71,46,59,39,41,67,66,67,67,60,63,64,66,61,68,62,64,58,53,58,63,45,55,48,60,52,vincent sierro,100
Djibril Sidibé,FRA,DF,32,28,24,"2,101",23.3,0,3,3,0,0,0,1,0,0.4,0.4,2.9,3.3,16,121,50,0.0,0.13,0.13,0.0,0.13,0.02,0.13,0.14,0.02,0.14,djibril sidibe,Defender,right,183.0,FR1,1200000.0,23000000.0,https://img.a.transfermarkt.technology/portrait/header/161869-1604261378.jpg?lm=1,https://www.transfermarkt.co.uk/djibril-sidibe/profil/spieler/161869,djibril sidibe,D. Sidibé,Djibril Sidibé,7/29/1992,26,182.88,81.2,"RB,LB",France,79,80,12000000.0,61000.0,Right,2,4,3,Normal,23700000.0,France,84.0,SUB,19.0,78,62,72,79,42,77,77,73,73,78,78,79,70,75,69,69,83,91,75,68,76,75,75,69,43,75,72,76,77,djibril sidibé,96
Gabriel Suazo,CHI,DF,26,30,23,"2,163",24.0,0,6,6,0,0,0,0,0,0.8,0.8,3.8,4.7,42,109,118,0.0,0.25,0.25,0.0,0.25,0.03,0.16,0.19,0.03,0.19,gabriel suazo,Defender,left,178.0,FR1,4000000.0,4000000.0,https://img.a.transfermarkt.technology/portrait/header/385105-1718986679.jpg?lm=1,https://www.transfermarkt.co.uk/gabriel-suazo/profil/spieler/385105,gabriel suazo,G. Osho,Gabriel Osho,8/14/1998,20,185.42,69.9,"CB,RB",England,58,73,250000.0,2000.0,Right,1,2,2,Normal,,,,,,27,24,56,40,34,27,25,24,38,39,60,60,49,50,60,42,67,60,69,21,57,56,21,29,40,50,59,60,59,gabriel osho,80
Rasmus Nicolaisen,DEN,DF,27,7,7,623,6.9,0,1,1,0,0,0,0,0,0.4,0.4,0.2,0.7,3,27,2,0.0,0.14,0.14,0.0,0.14,0.06,0.03,0.1,0.06,0.1,rasmus nicolaisen,Defender,left,191.0,FR1,5000000.0,6000000.0,https://img.a.transfermarkt.technology/portrait/header/283227-1626438001.jpg?lm=1,https://www.transfermarkt.co.uk/rasmus-nicolaisen/profil/spieler/283227,rasmus nicolaisen,R. Nicolaisen,Rasmus Nicolaisen,3/16/1997,21,190.5,81.2,CB,Denmark,61,75,500000.0,3000.0,Right,1,3,2,Lean,963000.0,,,,,35,41,65,57,29,42,36,32,50,58,61,65,52,50,53,45,75,64,72,31,56,56,40,37,36,53,54,64,59,rasmus nicolaisen,100
Denis Genreau,AUS,MT,25,8,2,222,2.5,0,0,0,0,0,0,0,0,0.3,0.3,0.5,0.8,9,13,7,0.0,0.0,0.0,0.0,0.0,0.12,0.19,0.31,0.12,0.31,denis genreau,Midfield,right,175.0,FR1,1500000.0,2000000.0,https://img.a.transfermarkt.technology/portrait/header/470618-1625839037.jpg?lm=1,https://www.transfermarkt.co.uk/denis-genreau/profil/spieler/470618,denis genreau,D. Genreau,Denis Genreau,5/21/1999,19,175.26,73.0,"RM,CAM",Australia,63,78,800000.0,1000.0,Right,1,3,3,Lean,,,,,,55,46,39,68,37,63,42,37,55,65,68,69,66,52,72,62,55,74,43,57,74,29,59,63,40,62,32,37,35,denis genreau,100
Niklas Schmidt,GER,MT,26,9,2,205,2.3,0,1,1,0,0,0,0,0,0.1,0.1,0.7,0.8,2,23,1,0.0,0.44,0.44,0.0,0.44,0.03,0.31,0.34,0.03,0.34,niklas schmidt,Midfield,both,184.0,FR1,2000000.0,3000000.0,https://img.a.transfermarkt.technology/portrait/header/275249-1660208599.jpg?lm=1,https://www.transfermarkt.co.uk/niklas-schmidt/profil/spieler/275249,niklas schmidt,N. Schmidt,Niklas Schmidt,3/1/1998,21,182.88,89.8,"CAM,RM,CM,LM",Germany,65,76,925000.0,5000.0,Right,1,3,3,Stocky,,,,,,59,52,50,69,55,65,59,67,66,67,51,62,54,62,68,83,54,55,72,72,50,32,56,68,58,64,56,46,55,niklas schmidt,100
Miha Zajc,SVN,MT,30,19,1,262,2.9,0,0,0,0,0,0,2,0,0.2,0.2,0.1,0.3,7,24,9,0.0,0.0,0.0,0.0,0.0,0.07,0.03,0.1,0.07,0.1,miha zajc,Midfield,right,178.0,FR1,1800000.0,6000000.0,https://img.a.transfermarkt.technology/portrait/header/149829-1696449687.png?lm=1,https://www.transfermarkt.co.uk/miha-zajc/profil/spieler/149829,miha zajc,M. Zajc,Miha Zajc,7/1/1994,24,152.4,76.2,"CAM,CM",Slovenia,75,82,9500000.0,46000.0,Right,1,3,4,Normal,20000000.0,Slovenia,75.0,CAM,14.0,69,69,60,76,69,74,72,72,74,76,68,71,74,70,75,74,65,68,55,70,52,40,75,74,67,74,55,55,53,miha zajc,100
Álex Domínguez,ESP,GB,26,1,0,19,0.2,0,0,0,0,0,0,0,0,0.0,0.0,0.0,0.0,0,0,0,0.0,0.0,0.0,0.0,0.0,0.0,0.0,0.0,0.0,0.0,alex dominguez,Goalkeeper,left,187.0,FR1,300000.0,400000.0,https://img.a.transfermarkt.technology/portrait/header/524937-1708555939.jpg?lm=1,https://www.transfermarkt.co.uk/alex-dominguez/profil/spieler/524937,alex dominguez,A. Domínguez,Adolfo Domínguez,2/10/1991,28,182.88,73.0,CM,Mexico,61,61,260000.0,4000.0,Left,1,3,2,Lean,442000.0,,,,,46,32,56,68,38,62,42,46,65,63,64,63,57,60,60,51,56,61,65,43,62,55,50,59,48,48,46,59,66,adolfo domínguez,83
Donovan Léon,GUF,GB,31,32,32,"2,880",32.0,0,2,2,0,0,0,4,0,0.0,0.0,0.4,0.4,0,1,0,0.0,0.06,0.06,0.0,0.06,0.0,0.01,0.01,0.0,0.01,donovan leon,Goalkeeper,right,187.0,FR1,800000.0,1200000.0,https://img.a.transfermarkt.technology/portrait/header/170911-1593969267.jpg?lm=1,https://www.transfermarkt.co.uk/donovan-leon/profil/spieler/170911,donovan leon,D. Léon,Donovan Léon,11/3/1992,26,185.42,88.0,GK,France,63,67,350000.0,1000.0,Right,1,2,1,Normal,656000.0,,,,,20,19,13,34,18,14,16,18,34,19,48,46,42,58,51,20,57,20,79,16,26,26,15,40,22,46,10,10,19,donovan léon,96
Gaëtan Perrin,FRA,"MT,AT",28,34,31,"2,691",29.9,10,11,21,10,0,0,2,0,6.1,6.1,7.8,13.9,83,142,125,0.33,0.37,0.7,0.33,0.7,0.2,0.26,0.47,0.2,0.47,gaëtan perrin,Attack,right,169.0,FR1,6000000.0,6000000.0,https://img.a.transfermarkt.technology/portrait/header/353404-1672330321.jpg?lm=1,https://www.transfermarkt.co.uk/gaetan-perrin/profil/spieler/353404,gaëtan perrin,G. Perrin,Gaëtan Perrin,6/7/1996,22,170.18,63.0,"RM,LM",France,63,74,625000.0,1000.0,Right,1,3,3,Normal,1200000.0,,,,,54,57,60,62,58,64,59,47,53,64,82,83,82,52,89,62,64,67,56,62,48,18,58,56,67,62,42,31,23,gaëtan perrin,100
Jubal,BRA,DF,30,30,30,"2,640",29.3,6,0,6,3,3,4,7,0,5.2,2.0,0.9,2.9,1,33,3,0.2,0.0,0.2,0.1,0.1,0.18,0.03,0.21,0.07,0.1,jubal,Defender,right,190.0,FR1,2000000.0,2000000.0,https://img.a.transfermarkt.technology/portrait/header/149928-1478101058.jpg?lm=1,https://www.transfermarkt.co.uk/jubal/profil/spieler/149928,jubal,Jubal,Jubal Rocha Mendes Junior,8/29/1993,25,187.96,79.8,CB,Brazil,72,75,3300000.0,5000.0,Right,1,2,2,Lean,7200000.0,,,,,29,22,72,64,30,51,36,27,35,63,55,62,51,73,53,42,72,70,74,25,73,74,30,32,48,60,67,73,68,jubal rocha mendes junior,100
Elisha Owusu,GHA,MT,26,28,28,"2,344",26.0,1,3,4,1,0,0,7,0,0.4,0.4,1.0,1.4,8,78,33,0.04,0.12,0.15,0.04,0.15,0.01,0.04,0.05,0.01,0.05,elisha owusu,Midfield,right,182.0,FR1,3000000.0,7500000.0,https://img.a.transfermarkt.technology/portrait/header/395695-1626767315.jpg?lm=1,https://www.transfermarkt.co.uk/elisha-owusu/profil/spieler/395695,elisha owusu,E. Owusu,Elisha Owusu,11/7/1997,21,182.88,72.1,"CDM,CM",France,66,80,1300000.0,10000.0,Right,1,3,2,Lean,,,,,,51,44,57,68,42,62,49,45,61,64,65,70,69,63,76,62,68,66,70,48,70,60,54,59,50,55,73,64,62,elisha owusu,100
Gideon Mensah,GHA,DF,26,29,26,"2,280",25.3,0,1,1,0,0,0,2,0,0.2,0.2,2.6,2.8,52,93,101,0.0,0.04,0.04,0.0,0.04,0.01,0.1,0.11,0.01,0.11,gideon mensah,Defender,left,178.0,FR1,3500000.0,3500000.0,https://img.a.transfermarkt.technology/portrait/header/397171-1565700436.jpg?lm=1,https://www.transfermarkt.co.uk/gideon-mensah/profil/spieler/397171,gideon mensah,G. Mensah,Gideon Mensah,7/18/1998,20,152.4,64.0,LB,Ghana,61,72,375000.0,1000.0,Left,1,2,3,Lean,619000.0,,,,,57,43,47,55,43,65,50,35,51,61,75,68,66,61,73,61,71,63,58,41,59,63,59,45,37,54,50,60,56,gideon mensah,100
Ki-Jana Hoever,NED,DF,22,30,26,"2,124",23.6,1,2,3,1,0,0,4,1,0.5,0.5,2.7,3.2,59,79,128,0.04,0.08,0.13,0.04,0.13,0.02,0.11,0.13,0.02,0.13,ki jana hoever,Defender,right,183.0,FR1,4500000.0,7000000.0,https://img.a.transfermarkt.technology/portrait/header/485583-1724259461.jpg?lm=1,https://www.transfermarkt.co.uk/ki-jana-hoever/profil/spieler/485583,ki jana hoever,K. Hoever,Ki-Jana Hoever,1/18/2002,17,182.88,67.1,"RB,CB",Netherlands,61,85,500000.0,4000.0,Right,1,3,2,Lean,1400000.0,,,,,55,31,54,62,40,62,50,45,51,57,74,70,68,58,65,42,69,58,62,38,60,63,43,49,43,68,60,61,57,ki-jana hoever,100
Hamed Junior Traorè,CIV,MT,24,26,26,"2,093",23.3,10,2,12,10,0,0,5,0,7.9,7.9,2.7,10.6,66,99,146,0.43,0.09,0.52,0.43,0.52,0.34,0.12,0.46,0.34,0.46,hamed junior traore,Midfield,right,177.0,FR1,18000000.0,22000000.0,https://img.a.transfermarkt.technology/portrait/header/391065-1596029805.jpg?lm=1,https://www.transfermarkt.co.uk/hamed-junior-traore/profil/spieler/391065,hamed junior traore,H. Traorè,Hamed Junior Traorè,2/16/2000,19,172.72,64.9,"CAM,CM",Ivory Coast,65,84,1100000.0,6000.0,Right,1,3,3,Normal,,,,,,60,58,56,64,60,68,63,55,63,68,66,68,79,64,65,66,66,64,55,52,43,28,54,64,54,62,50,44,54,hamed junior traorè,97
Gabriel Osho,NGA,DF,25,20,20,"1,654",18.4,1,0,1,1,0,0,1,1,1.0,1.0,0.1,1.1,12,43,2,0.05,0.0,0.05,0.05,0.05,0.05,0.01,0.06,0.05,0.06,gabriel osho,Defender,right,185.0,FR1,3000000.0,3000000.0,https://img.a.transfermarkt.technology/portrait/header/364409-1684493913.jpg?lm=1,https://www.transfermarkt.co.uk/gabriel-osho/profil/spieler/364409,gabriel osho,G. Osho,Gabriel Osho,8/14/1998,20,185.42,69.9,"CB,RB",England,58,73,250000.0,2000.0,Right,1,2,2,Normal,,,,,,27,24,56,40,34,27,25,24,38,39,60,60,49,50,60,42,67,60,69,21,57,56,21,29,40,50,59,60,59,gabriel osho,100
Kévin Danois,FRA,MT,20,22,16,"1,460",16.2,0,0,0,0,0,0,1,0,1.5,1.5,2.2,3.7,19,95,50,0.0,0.0,0.0,0.0,0.0,0.09,0.13,0.23,0.09,0.23,kevin danois,Midfield,right,183.0,FR1,4000000.0,4000000.0,https://img.a.transfermarkt.technology/portrait/header/743496-1672330479.jpg?lm=1,https://www.transfermarkt.co.uk/kevin-danois/profil/spieler/743496,kevin danois,K. Danso,Kevin Danso,9/19/1998,20,190.5,88.9,CB,Austria,70,79,2300000.0,5000.0,Right,1,3,2,Normal,4600000.0,,,,,39,26,74,49,31,47,35,31,44,56,55,73,64,62,51,49,67,55,79,25,73,62,28,35,39,59,69,74,71,kevin danso,87
Theo Bair,CAN,AT,24,29,11,939,10.4,2,1,3,2,0,0,1,0,3.0,3.0,1.2,4.2,15,16,42,0.19,0.1,0.29,0.19,0.29,0.29,0.11,0.4,0.29,0.4,theo bair,Attack,right,191.0,FR1,1800000.0,1800000.0,https://img.a.transfermarkt.technology/portrait/header/501709-1618858914.jpg?lm=1,https://www.transfermarkt.co.uk/theo-bair/profil/spieler/501709,theo bair,T. Bair,Theo Bair,8/27/1999,19,193.04,98.0,ST,Canada,52,71,100000.0,1000.0,Right,1,3,2,Normal,208000.0,,,,,26,54,52,38,39,49,33,27,31,47,55,57,56,52,61,45,66,59,55,48,33,18,53,42,56,46,13,19,12,theo bair,100
Florian Ayé,FRA,AT,27,26,4,575,6.4,2,0,2,2,0,0,0,0,1.9,1.9,0.1,2.0,5,7,30,0.31,0.0,0.31,0.31,0.31,0.3,0.02,0.32,0.3,0.32,florian aye,Attack,right,184.0,FR1,1500000.0,4000000.0,https://img.a.transfermarkt.technology/portrait/header/372713-1567613065.jpg?lm=1,https://www.transfermarkt.co.uk/florian-aye/profil/spieler/372713,florian aye,F. Ayé,Florian Ayé,1/19/1997,22,182.88,74.8,"ST,RM",France,69,76,1500000.0,3000.0,Right,1,3,3,Lean,2900000.0,,,,,36,71,70,62,55,69,38,30,46,68,79,82,73,59,61,63,72,65,74,61,55,12,68,57,57,62,18,17,19,florian ayé,95
Ludovic Blas,FRA,"MT,AT",26,29,26,"2,293",25.5,6,8,14,6,0,0,6,0,5.0,5.0,4.6,9.6,83,116,184,0.24,0.31,0.55,0.24,0.55,0.2,0.18,0.38,0.2,0.38,ludovic blas,Attack,left,180.0,FR1,18000000.0,22000000.0,https://img.a.transfermarkt.technology/portrait/header/288225-1596557793.jpg?lm=1,https://www.transfermarkt.co.uk/ludovic-blas/profil/spieler/288225,ludovic blas,L. Blas,Ludovic Blas,12/31/1997,21,154.94,73.0,"CM,CDM,RM",France,76,86,12500000.0,17000.0,Left,1,3,3,Lean,27500000.0,,,,,77,67,58,79,70,79,69,52,74,80,84,71,79,68,74,72,62,69,60,73,64,67,70,76,65,68,49,72,68,ludovic blas,100
Azor Matusiwa,NED,MT,26,29,23,"2,078",23.1,1,3,4,1,0,0,3,0,1.2,1.2,1.8,3.1,19,134,26,0.04,0.13,0.17,0.04,0.17,0.05,0.08,0.13,0.05,0.13,azor matusiwa,Midfield,right,173.0,FR1,10000000.0,13000000.0,https://img.a.transfermarkt.technology/portrait/header/315145-1639675049.png?lm=1,https://www.transfermarkt.co.uk/azor-matusiwa/profil/spieler/315145,azor matusiwa,A. Matusiwa,Azor Matusiwa,4/28/1998,20,172.72,72.1,"CDM,CM",Netherlands,65,75,775000.0,3000.0,Right,1,2,3,Stocky,,,,,,49,33,47,61,45,63,44,41,55,64,64,64,53,65,71,63,61,65,73,47,73,67,43,52,50,58,60,69,66,azor matusiwa,100
Hans Hateboer,NED,DF,30,26,18,"1,684",18.7,0,0,0,0,0,0,3,0,0.4,0.4,1.5,1.9,28,92,63,0.0,0.0,0.0,0.0,0.0,0.02,0.08,0.1,0.02,0.1,hans hateboer,Defender,right,187.0,FR1,3000000.0,18000000.0,https://img.a.transfermarkt.technology/portrait/header/275303-1661509184.jpg?lm=1,https://www.transfermarkt.co.uk/hans-hateboer/profil/spieler/275303,hans hateboer,H. Hateboer,Hans Hateboer,1/9/1994,25,187.96,73.9,"RM,RB",Netherlands,75,77,8000000.0,22000.0,Right,1,2,3,Lean,14200000.0,,,,,77,55,63,75,52,77,41,30,70,76,76,82,64,76,64,72,74,86,68,58,71,65,70,67,47,67,73,77,75,hans hateboer,100
Brice Samba,FRA,GB,30,17,17,"1,529",17.0,0,0,0,0,0,0,3,0,0.0,0.0,0.0,0.0,0,1,0,0.0,0.0,0.0,0.0,0.0,0.0,0.0,0.0,0.0,0.0,brice samba,Goalkeeper,left,187.0,FR1,15000000.0,15000000.0,https://img.a.transfermarkt.technology/portrait/header/191056-1602242038.jpg?lm=1,https://www.transfermarkt.co.uk/brice-samba/profil/spieler/191056,brice samba,B. Samba,Brice Samba,4/25/1994,24,185.42,78.9,GK,Congo,68,72,825000.0,6000.0,Left,1,3,1,Normal,1700000.0,,,,,10,9,15,31,13,12,14,13,21,22,43,57,39,68,54,21,57,28,65,10,26,18,11,14,15,53,12,14,12,brice samba,100
Steve Mandanda,FRA,GB,39,18,17,"1,486",16.5,0,0,0,0,0,0,0,0,0.0,0.0,0.1,0.1,0,0,1,0.0,0.0,0.0,0.0,0.0,0.0,0.01,0.01,0.0,0.01,steve mandanda,Goalkeeper,right,187.0,FR1,700000.0,17000000.0,https://img.a.transfermarkt.technology/portrait/header/23951-1666698933.jpg?lm=1,https://www.transfermarkt.co.uk/steve-mandanda/profil/spieler/23951,steve mandanda,S. Mandanda,Steve Mandanda,3/28/1985,33,185.42,82.1,GK,France,82,82,11000000.0,46000.0,Right,3,3,1,Normal,20900000.0,France,84.0,SUB,16.0,14,13,13,37,13,15,13,12,28,17,53,43,52,78,36,24,74,31,61,11,37,23,11,55,11,64,13,15,13,steve mandanda,100
Christopher Wooh,CMR,DF,22,20,17,"1,456",16.2,0,0,0,0,0,0,6,1,1.3,1.3,0.1,1.4,14,59,2,0.0,0.0,0.0,0.0,0.0,0.08,0.0,0.09,0.08,0.09,christopher wooh,Defender,right,191.0,FR1,7000000.0,7000000.0,https://img.a.transfermarkt.technology/portrait/header/572326-1725959929.jpg?lm=1,https://www.transfermarkt.co.uk/christopher-wooh/profil/spieler/572326,christopher wooh,C. Dilo,Christopher Dilo,1/5/1994,25,187.96,87.1,GK,France,61,67,250000.0,1000.0,Right,1,3,1,Lean,488000.0,,,,,18,15,13,30,18,23,17,16,28,20,43,44,37,53,51,20,56,21,60,16,21,19,15,12,24,51,13,19,19,christopher dilo,81
Jordan James,WAL,MT,20,23,14,"1,178",13.1,0,1,1,0,0,0,4,0,0.9,0.9,1.9,2.8,21,67,15,0.0,0.08,0.08,0.0,0.08,0.07,0.15,0.21,0.07,0.21,jordan james,Midfield,right,182.0,FR1,8000000.0,8000000.0,https://img.a.transfermarkt.technology/portrait/header/667517-1675157129.png?lm=1,https://www.transfermarkt.co.uk/jordan-james/profil/spieler/667517,jordan james,J. Jones,Jordan Jones,10/24/1994,24,175.26,60.8,"LM,LW,CAM",Northern Ireland,72,78,4300000.0,5000.0,Right,1,3,3,Lean,8300000.0,Northern Ireland,71.0,SUB,15.0,71,62,39,68,49,77,64,64,59,74,90,90,79,58,90,60,48,69,37,46,43,34,60,62,56,67,40,42,45,jordan jones,83
Amine Gouiri,ALG,"MT,AT",24,19,11,"1,037",11.5,3,2,5,3,0,0,2,0,3.5,3.5,0.4,3.9,22,46,63,0.26,0.17,0.43,0.26,0.43,0.3,0.03,0.34,0.3,0.34,amine gouiri,Attack,right,181.0,FR1,20000000.0,50000000.0,https://img.a.transfermarkt.technology/portrait/header/418659-1649428727.jpg?lm=1,https://www.transfermarkt.co.uk/amine-gouiri/profil/spieler/418659,amine gouiri,A. Gouiri,Amine Gouiri,2/16/2000,19,182.88,79.8,ST,France,67,86,1600000.0,10000.0,Right,1,3,3,Normal,4000000.0,,,,,39,69,59,59,60,70,59,32,47,69,69,73,71,63,67,68,60,59,65,54,52,11,68,60,62,69,22,13,21,amine gouiri,100
Anthony Rouault,FRA,DF,23,11,11,972,10.8,0,0,0,0,0,0,3,0,0.5,0.5,0.0,0.5,3,36,0,0.0,0.0,0.0,0.0,0.0,0.05,0.0,0.05,0.05,0.05,anthony rouault,Defender,right,186.0,FR1,10000000.0,10000000.0,https://img.a.transfermarkt.technology/portrait/header/690799-1723707069.jpg?lm=1,https://www.transfermarkt.co.uk/anthony-rouault/profil/spieler/690799,anthony rouault,A. Ralston,Anthony Ralston,11/16/1998,20,152.4,76.2,RB,Scotland,65,75,725000.0,5000.0,Right,1,3,3,Stocky,1500000.0,,,,,61,38,54,65,28,63,59,31,38,65,73,73,55,51,67,59,76,71,74,35,74,58,47,49,38,58,69,67,66,anthony ralston,80
Seko Fofana,CIV,MT,29,16,9,844,9.4,1,1,2,1,0,0,3,0,1.8,1.8,1.2,2.9,32,72,38,0.11,0.11,0.21,0.11,0.21,0.19,0.13,0.31,0.19,0.31,seko fofana,Midfield,right,185.0,FR1,12000000.0,32000000.0,https://img.a.transfermarkt.technology/portrait/header/182893-1653394911.jpg?lm=1,https://www.transfermarkt.co.uk/seko-fofana/profil/spieler/182893,seko fofana,S. Fofana,Seko Fofana,5/7/1995,23,182.88,77.1,"CM,CDM",Ivory Coast,75,82,9000000.0,22000.0,Right,2,4,3,Lean,17100000.0,,,,,62,60,58,76,50,78,62,42,72,76,76,74,74,74,69,79,63,76,78,78,76,71,72,70,56,70,65,72,68,seko fofana,100
Baptiste Santamaria,FRA,MT,29,10,5,482,5.4,0,1,1,0,0,0,1,0,0.1,0.1,0.3,0.4,3,28,9,0.0,0.19,0.19,0.0,0.19,0.02,0.05,0.07,0.02,0.07,baptiste santamaria,Midfield,right,183.0,FR1,7000000.0,16000000.0,https://img.a.transfermarkt.technology/portrait/header/285323-1739972064.jpg?lm=1,https://www.transfermarkt.co.uk/baptiste-santamaria/profil/spieler/285323,baptiste santamaria,B. Santamaria,Baptiste Santamaria,3/9/1995,24,182.88,73.0,"CDM,CM",France,76,81,8500000.0,18000.0,Right,1,2,3,Lean,17600000.0,,,,,64,65,60,78,42,76,48,49,78,78,63,65,73,73,69,62,69,80,63,62,66,72,63,74,46,65,74,74,75,baptiste santamaria,100
Kyogo Furuhashi,JPN,AT,29,6,1,123,1.4,0,0,0,0,0,0,0,0,0.1,0.1,0.0,0.1,0,0,3,0.0,0.0,0.0,0.0,0.0,0.09,0.0,0.09,0.09,0.09,kyogo furuhashi,Attack,right,170.0,FR1,12000000.0,15000000.0,https://img.a.transfermarkt.technology/portrait/header/489463-1671709799.jpg?lm=1,https://www.transfermarkt.co.uk/kyogo-furuhashi/profil/spieler/489463,kyogo furuhashi,K. Furuhashi,古橋 亨梧,1/20/1995,24,170.18,63.0,"LW,CF",Japan,64,69,600000.0,2000.0,Right,1,3,3,Lean,825000.0,,,,,56,64,39,58,53,66,61,49,54,62,77,76,74,63,78,58,66,65,43,55,38,26,61,59,56,63,21,27,21,古橋 亨梧,85
Benjamin Bourigeaud,FRA,MT,30,1,1,80,0.9,1,0,1,1,0,0,0,0,0.2,0.2,0.0,0.2,0,4,4,1.13,0.0,1.13,1.13,1.13,0.17,0.0,0.17,0.17,0.17,benjamin bourigeaud,Midfield,right,178.0,FR1,18000000.0,18000000.0,https://img.a.transfermarkt.technology/portrait/header/266359-1668529076.jpg?lm=1,https://www.transfermarkt.co.uk/benjamin-bourigeaud/profil/spieler/266359,benjamin bourigeaud,B. Bourigeaud,Benjamin Bourigeaud,1/14/1994,25,152.4,68.0,"LM,RM,CM",France,77,80,11500000.0,28000.0,Right,1,3,4,Lean,22700000.0,,,,,78,70,53,79,63,75,75,78,75,77,73,69,70,78,69,77,71,77,65,76,72,71,74,76,76,76,48,68,63,benjamin bourigeaud,100
Gauthier Gallon,FRA,GB,31,1,0,45,0.5,0,0,0,0,0,0,0,0,0.0,0.0,0.0,0.0,0,0,0,0.0,0.0,0.0,0.0,0.0,0.0,0.0,0.0,0.0,0.0,gauthier gallon,Goalkeeper,right,187.0,FR1,1000000.0,2500000.0,https://img.a.transfermarkt.technology/portrait/header/193256-1583139111.jpg?lm=1,https://www.transfermarkt.co.uk/gauthier-gallon/profil/spieler/193256,gauthier gallon,G. Gallon,Gauthier Gallon,4/23/1993,25,185.42,78.9,GK,France,68,72,825000.0,2000.0,Right,1,2,1,Normal,1500000.0,,,,,12,14,13,29,16,17,15,19,27,18,40,40,38,61,54,20,59,29,64,15,25,22,20,15,19,55,12,16,13,gauthier gallon,100
Pedro Chirivella,ESP,MT,27,30,28,"2,348",26.1,0,2,2,0,0,0,6,0,0.5,0.5,1.8,2.2,16,170,25,0.0,0.08,0.08,0.0,0.08,0.02,0.07,0.09,0.02,0.09,pedro chirivella,Midfield,right,178.0,FR1,5000000.0,7000000.0,https://img.a.transfermarkt.technology/portrait/header/242273-1703065623.jpg?lm=1,https://www.transfermarkt.co.uk/pedro-chirivella/profil/spieler/242273,pedro chirivella,Pedro Chirivella,Pedro Chirivella Burgos,5/23/1997,21,152.4,66.2,"CM,CDM",Spain,66,75,975000.0,17000.0,Right,1,3,3,Lean,,,,,,52,40,55,74,40,65,55,48,61,67,63,66,74,64,65,62,52,74,64,40,78,68,53,66,49,72,43,61,66,pedro chirivella burgos,100
Kelvin Amian,FRA,DF,26,30,23,"2,165",24.1,1,0,1,1,0,0,5,0,1.0,1.0,0.8,1.8,32,73,77,0.04,0.0,0.04,0.04,0.04,0.04,0.03,0.08,0.04,0.08,kelvin amian,Defender,right,180.0,FR1,2500000.0,7000000.0,https://img.a.transfermarkt.technology/portrait/header/344072-1638174640.jpg?lm=1,https://www.transfermarkt.co.uk/kelvin-amian/profil/spieler/344072,kelvin amian,K. Amian,Kelvin Amian,2/8/1998,21,154.94,78.0,"RB,CB,RWB",France,75,83,8500000.0,17000.0,Right,1,3,3,Stocky,18700000.0,,,,,68,35,68,73,46,67,69,39,57,69,69,73,71,74,74,53,74,78,73,35,75,73,63,55,42,72,77,77,77,kelvin amian,100
Nicolas Pallois,FRA,DF,36,26,23,"2,017",22.4,0,2,2,0,0,0,9,0,0.4,0.4,0.4,0.8,6,52,5,0.0,0.09,0.09,0.0,0.09,0.02,0.02,0.04,0.02,0.04,nicolas pallois,Defender,left,189.0,FR1,500000.0,3500000.0,https://img.a.transfermarkt.technology/portrait/header/139279-1704213256.jpg?lm=1,https://www.transfermarkt.co.uk/nicolas-pallois/profil/spieler/139279,nicolas pallois,N. Pallois,Nicolas Pallois,9/19/1987,31,187.96,88.9,CB,France,78,78,7500000.0,26000.0,Left,2,2,2,Normal,14300000.0,,,,,59,42,70,68,45,55,36,41,68,60,49,62,54,69,34,75,76,67,90,57,87,77,22,51,45,73,77,79,75,nicolas pallois,100
Anthony Lopes,POR,GB,33,18,18,"1,563",17.4,0,0,0,0,0,0,2,0,0.0,0.0,0.0,0.0,0,0,0,0.0,0.0,0.0,0.0,0.0,0.0,0.0,0.0,0.0,0.0,anthony lopes,Goalkeeper,left,184.0,FR1,1500000.0,25000000.0,https://img.a.transfermarkt.technology/portrait/header/60561-1640775949.jpg?lm=1,https://www.transfermarkt.co.uk/anthony-lopes/profil/spieler/60561,anthony lopes,A. Lopes,Anthony Lopes,10/1/1990,28,182.88,81.2,GK,Portugal,85,87,31000000.0,78000.0,Left,2,2,1,Normal,61200000.0,,,,,19,18,16,32,13,15,15,14,31,21,63,64,67,84,62,20,82,36,73,18,43,25,9,48,16,65,13,15,13,anthony lopes,100
Alban Lafont,FRA,GB,25,12,12,"1,080",12.0,0,0,0,0,0,0,1,0,0.0,0.0,0.0,0.0,0,0,0,0.0,0.0,0.0,0.0,0.0,0.0,0.0,0.0,0.0,0.0,alban lafont,Goalkeeper,right,196.0,FR1,4000000.0,20000000.0,https://img.a.transfermarkt.technology/portrait/header/357117-1704212970.jpg?lm=1,https://www.transfermarkt.co.uk/alban-lafont/profil/spieler/357117,alban lafont,A. Lafont,Alban Lafont,1/23/1999,20,193.04,82.1,GK,France,78,90,14000000.0,12000.0,Right,2,3,1,Lean,26600000.0,,,,,13,6,13,54,9,14,13,12,38,10,48,45,55,69,53,23,73,40,70,9,20,17,4,47,16,59,20,14,12,alban lafont,100
Marcus Coco,FRA,DF,28,20,10,951,10.6,0,1,1,0,0,0,3,2,0.1,0.1,1.2,1.3,12,34,40,0.0,0.09,0.09,0.0,0.09,0.01,0.12,0.12,0.01,0.12,marcus coco,Defender,right,184.0,FR1,1500000.0,3000000.0,https://img.a.transfermarkt.technology/portrait/header/353365-1704213736.jpg?lm=1,https://www.transfermarkt.co.uk/marcus-coco/profil/spieler/353365,marcus coco,M. Coco,Marcus Coco,6/24/1996,22,182.88,78.0,"RM,LM",France,75,81,9000000.0,19000.0,Right,2,3,3,Lean,19800000.0,,,,,75,71,59,76,68,78,60,36,64,76,86,86,82,69,71,69,60,60,63,68,49,50,73,67,59,69,29,44,32,marcus coco,100
Jean-Kevin Duverne,HAI,DF,27,9,7,537,6.0,0,0,0,0,0,0,2,0,0.3,0.3,0.1,0.4,6,22,8,0.0,0.0,0.0,0.0,0.0,0.05,0.02,0.06,0.05,0.06,jean kevin duverne,Defender,right,186.0,BE1,3000000.0,4000000.0,https://img.a.transfermarkt.technology/portrait/header/344864-1704213124.jpg?lm=1,https://www.transfermarkt.co.uk/jean-kevin-duverne/profil/spieler/344864,jean kevin duverne,J. Duverne,Jean-Kévin Duverne,7/12/1997,21,182.88,71.2,"CB,RB",France,67,77,1100000.0,3000.0,Right,1,3,2,Lean,2100000.0,,,,,47,25,67,64,32,55,44,28,59,59,62,64,64,61,68,39,73,68,67,30,61,66,55,52,33,63,66,69,69,jean-kévin duverne,97
Tino Kadewere,ZIM,"MT,AT",28,12,6,512,5.7,1,2,3,1,0,0,1,0,1.7,1.7,1.0,2.7,5,19,27,0.18,0.35,0.53,0.18,0.53,0.3,0.17,0.47,0.3,0.47,tino kadewere,Attack,right,183.0,FR1,3000000.0,14000000.0,https://img.a.transfermarkt.technology/portrait/header/384060-1640776127.jpg?lm=1,https://www.transfermarkt.co.uk/tino-kadewere/profil/spieler/384060,tino kadewere,T. Kadewere,Tino Kadewere,1/5/1996,23,182.88,72.1,ST,Zimbabwe,66,74,950000.0,3000.0,Right,1,3,3,Lean,1900000.0,,,,,51,67,55,64,58,69,47,32,57,66,78,77,79,57,74,55,73,70,68,62,55,30,69,72,48,63,34,39,35,tino kadewere,100
Patrik Carlgren,SWE,GB,32,5,4,417,4.6,0,0,0,0,0,0,0,0,0.0,0.0,0.0,0.0,0,0,0,0.0,0.0,0.0,0.0,0.0,0.0,0.0,0.0,0.0,0.0,patrik carlgren,Goalkeeper,right,189.0,FR1,800000.0,1200000.0,https://img.a.transfermarkt.technology/portrait/header/190280-1726237403.jpg?lm=1,https://www.transfermarkt.co.uk/patrik-carlgren/profil/spieler/190280,patrik carlgren,P. Carlgren,Patrik Ulf Anders Carlgren,1/8/1992,27,187.96,83.9,GK,Sweden,66,70,575000.0,3000.0,Right,1,2,1,Normal,762000.0,,,,,13,13,18,23,9,14,10,15,16,22,33,33,48,73,43,17,59,34,68,14,21,14,14,48,21,58,20,12,13,patrik ulf anders carlgren,80
Fabien Centonze,FRA,DF,28,7,3,265,2.9,0,0,0,0,0,0,0,0,0.0,0.0,0.2,0.2,10,15,31,0.0,0.0,0.0,0.0,0.0,0.0,0.05,0.05,0.0,0.05,fabien centonze,Defender,right,182.0,FR1,2000000.0,8000000.0,https://img.a.transfermarkt.technology/portrait/header/384859-1703065658.jpg?lm=1,https://www.transfermarkt.co.uk/fabien-centonze/profil/spieler/384859,fabien centonze,F. Centonze,Fabien Centonze,1/16/1996,23,182.88,74.8,RB,France,68,76,1100000.0,4000.0,Right,1,3,3,Lean,2200000.0,,,,,67,59,60,65,62,65,63,46,59,68,78,74,71,59,72,68,82,80,73,58,63,63,64,72,50,66,64,67,64,fabien centonze,100
Florent Mollet,FRA,"MT,AT",32,9,3,242,2.7,0,0,0,0,0,0,1,0,0.3,0.3,0.3,0.7,3,9,12,0.0,0.0,0.0,0.0,0.0,0.12,0.13,0.24,0.12,0.24,florent mollet,Midfield,right,175.0,FR1,1500000.0,9000000.0,https://img.a.transfermarkt.technology/portrait/header/222859-1704213537.jpg?lm=1,https://www.transfermarkt.co.uk/florent-mollet/profil/spieler/222859,florent mollet,F. Mollet,Florent Mollet,11/19/1991,27,170.18,67.1,"CAM,CM",France,77,78,10500000.0,27000.0,Right,1,4,4,Normal,20700000.0,,,,,71,69,41,78,67,78,69,77,76,77,78,76,79,70,88,85,63,74,49,80,57,52,71,80,63,73,54,49,44,florent mollet,100
Francis Coquelin,FRA,MT,33,6,3,224,2.5,1,1,2,1,0,0,1,0,1.0,1.0,1.1,2.1,3,8,2,0.4,0.4,0.8,0.4,0.8,0.42,0.44,0.86,0.42,0.86,francis coquelin,Midfield,right,177.0,FR1,1000000.0,24000000.0,https://img.a.transfermarkt.technology/portrait/header/74869-1515684724.jpg?lm=1,https://www.transfermarkt.co.uk/francis-coquelin/profil/spieler/74869,francis coquelin,F. Coquelin,Francis Coquelin,5/13/1991,27,152.4,73.9,"CDM,CM",France,79,80,12000000.0,36000.0,Right,2,3,3,Normal,26100000.0,,,,,65,54,62,78,53,74,63,41,76,80,70,72,75,76,81,71,81,74,79,57,88,80,66,73,52,74,76,80,79,francis coquelin,100
Jordan Lefort,FRA,DF,30,34,34,"3,060",34.0,0,1,1,0,0,0,3,0,0.6,0.6,1.1,1.6,6,89,13,0.0,0.03,0.03,0.0,0.03,0.02,0.03,0.05,0.02,0.05,jordan lefort,Defender,left,184.0,FR1,1200000.0,3000000.0,https://img.a.transfermarkt.technology/portrait/header/192492-1544024064.jpg?lm=1,https://www.transfermarkt.co.uk/jordan-lefort/profil/spieler/192492,jordan lefort,J. Lefort,Jordan Lefort,8/9/1993,25,182.88,83.0,"LB,CB",France,70,75,2000000.0,8000.0,Left,1,3,3,Lean,4100000.0,,,,,67,22,64,64,22,66,30,30,60,65,69,67,57,69,56,25,63,81,71,27,60,71,62,42,34,65,70,73,68,jordan lefort,100
Yahia Fofana,CIV,GB,23,33,33,"2,970",33.0,0,0,0,0,0,0,4,0,0.0,0.0,0.1,0.1,0,0,0,0.0,0.0,0.0,0.0,0.0,0.0,0.0,0.0,0.0,0.0,yahia fofana,Goalkeeper,right,194.0,FR1,6000000.0,6000000.0,https://img.a.transfermarkt.technology/portrait/header/418651-1672669760.jpg?lm=1,https://www.transfermarkt.co.uk/yahia-fofana/profil/spieler/418651,yahia fofana,Y. Fofana,Yahia Fofana,8/21/2000,18,193.04,88.9,GK,France,54,74,110000.0,1000.0,Right,1,3,1,Normal,303000.0,,,,,11,5,14,15,6,7,14,10,24,12,40,43,38,37,29,17,38,24,74,6,25,10,4,34,11,22,11,11,14,yahia fofana,100
Himad Abdelli,ALG,"MT,AT",24,32,32,"2,842",31.6,6,1,7,3,3,4,4,0,6.4,3.2,3.2,6.4,107,207,111,0.19,0.03,0.22,0.1,0.13,0.2,0.1,0.3,0.1,0.2,himad abdelli,Midfield,right,185.0,FR1,7000000.0,7000000.0,https://img.a.transfermarkt.technology/portrait/header/592979-1672670828.jpg?lm=1,https://www.transfermarkt.co.uk/himad-abdelli/profil/spieler/592979,himad abdelli,H. Abdelli,Himad Abdelli,11/17/1999,19,187.96,83.0,CAM,France,59,73,325000.0,1000.0,Left,1,3,2,Lean,772000.0,,,,,44,50,59,63,50,64,45,47,56,60,66,64,48,54,47,42,61,51,64,48,63,30,38,68,41,39,47,56,47,himad abdelli,100
Florent Hanin,ALG,DF,34,33,31,"2,672",29.7,1,2,3,1,0,0,2,0,0.9,0.9,1.9,2.8,48,99,108,0.03,0.07,0.1,0.03,0.1,0.03,0.06,0.1,0.03,0.1,florent hanin,Defender,left,177.0,FR1,350000.0,2000000.0,https://img.a.transfermarkt.technology/portrait/header/111811-1547404478.png?lm=1,https://www.transfermarkt.co.uk/florent-hanin/profil/spieler/111811,florent hanin,F. Hanin,Florent  Hanin,2/4/1990,29,152.4,64.9,LB,France,75,75,5500000.0,10000.0,Left,1,3,3,Normal,11600000.0,,,,,75,38,49,73,33,74,72,54,65,73,89,81,78,75,73,60,60,91,64,46,71,68,60,62,25,73,72,74,71,florent  hanin,100
Jean-Eudes Aholou,CIV,MT,30,26,26,"1,959",21.8,2,0,2,2,0,0,7,0,1.8,1.8,1.0,2.8,15,68,16,0.09,0.0,0.09,0.09,0.09,0.08,0.05,0.13,0.08,0.13,jean eudes aholou,Midfield,left,186.0,FR1,2000000.0,10000000.0,https://img.a.transfermarkt.technology/portrait/header/178313-1525697526.jpg?lm=1,https://www.transfermarkt.co.uk/jean-eudes-aholou/profil/spieler/178313,jean eudes aholou,J. Aholou,Jean-Eudes Aholou,3/20/1994,24,187.96,73.9,"CDM,CM",Ivory Coast,76,83,9500000.0,44000.0,Left,1,3,3,Normal,20000000.0,,,,,51,65,64,77,47,75,46,44,72,75,76,72,69,69,60,73,54,67,72,73,76,82,60,58,49,74,80,77,72,jean-eudes aholou,100
Carlens Arcus,HAI,DF,28,28,25,"2,047",22.7,0,1,1,0,0,0,3,0,0.0,0.0,1.4,1.4,39,70,79,0.0,0.04,0.04,0.0,0.04,0.0,0.06,0.06,0.0,0.06,carlens arcus,Defender,right,176.0,FR1,1500000.0,1800000.0,https://img.a.transfermarkt.technology/portrait/header/371686-1599423865.jpg?lm=1,https://www.transfermarkt.co.uk/carlens-arcus/profil/spieler/371686,carlens arcus,C. Arcus,Carlens Arcus,6/28/1996,22,154.94,76.2,RB,Haiti,66,74,800000.0,2000.0,Right,1,2,2,Normal,1600000.0,,,,,64,37,60,64,34,58,38,31,56,67,70,72,58,53,76,46,70,65,70,37,48,62,38,40,40,47,65,71,68,carlens arcus,100
Farid El Melali,ALG,AT,27,32,22,"1,893",21.0,2,3,5,2,0,0,1,0,3.6,3.6,3.1,6.7,62,43,113,0.1,0.14,0.24,0.1,0.24,0.17,0.15,0.32,0.17,0.32,farid el melali,Attack,both,168.0,FR1,4000000.0,4000000.0,https://img.a.transfermarkt.technology/portrait/header/425400-1672670238.jpg?lm=1,https://www.transfermarkt.co.uk/farid-el-melali/profil/spieler/425400,farid el melali,F. El Mellali,Farid El Mellali,5/5/1997,21,167.64,59.9,"RW,ST",Algeria,66,74,950000.0,6000.0,Right,1,3,3,Normal,2100000.0,,,,,63,69,41,63,53,78,49,43,54,67,73,72,64,51,90,55,41,45,37,45,30,18,61,63,66,55,25,33,34,farid el mellali,97
Haris Belkebla,ALG,MT,30,22,21,"1,792",19.9,0,1,1,0,0,0,1,0,0.1,0.1,0.9,1.0,8,69,15,0.0,0.05,0.05,0.0,0.05,0.0,0.05,0.05,0.0,0.05,haris belkebla,Midfield,right,177.0,FR1,2000000.0,4000000.0,https://img.a.transfermarkt.technology/portrait/header/138055-1617877225.jpg?lm=1,https://www.transfermarkt.co.uk/haris-belkebla/profil/spieler/138055,haris belkebla,H. Belkebla,Haris Belkebla,1/28/1994,25,152.4,68.0,"CDM,CM",Algeria,69,75,1200000.0,3000.0,Right,1,3,3,Lean,2500000.0,,,,,57,52,55,72,47,68,56,64,66,69,65,65,61,67,65,61,52,85,69,51,63,66,61,70,45,69,62,68,65,haris belkebla,100
Abdoulaye Bamba,CIV,DF,34,19,16,"1,510",16.8,0,0,0,0,0,0,2,0,0.1,0.1,0.3,0.4,1,16,3,0.0,0.0,0.0,0.0,0.0,0.01,0.02,0.02,0.01,0.02,abdoulaye bamba,Defender,right,182.0,FR1,350000.0,3000000.0,https://img.a.transfermarkt.technology/portrait/header/62351-1588852339.jpg?lm=1,https://www.transfermarkt.co.uk/abdoulaye-bamba/profil/spieler/62351,abdoulaye bamba,A. Bamba,Abdoulaye Bamba,4/25/1990,28,182.88,72.1,"RB,LB,RWB",Ivory Coast,73,73,3200000.0,18000.0,Right,1,3,2,Lean,6300000.0,,,,,67,28,62,69,49,61,58,49,65,69,79,79,78,68,66,50,75,81,72,53,65,72,59,58,38,61,65,72,73,abdoulaye bamba,100
Ibrahima Niane,SEN,AT,25,24,8,943,10.5,3,1,4,2,1,1,0,0,5.7,4.9,1.0,6.0,19,9,50,0.29,0.1,0.38,0.19,0.29,0.55,0.1,0.64,0.47,0.57,ibrahima niane,Attack,right,187.0,FR1,1500000.0,9000000.0,https://img.a.transfermarkt.technology/portrait/header/490417-1511780508.jpg?lm=1,https://www.transfermarkt.co.uk/ibrahima-niane/profil/spieler/490417,ibrahima niane,I. Niane,Ibrahima Niane,3/11/1999,19,187.96,73.0,"ST,LW",Senegal,68,81,1700000.0,2000.0,Right,1,3,4,Normal,4100000.0,,,,,46,68,62,55,48,75,48,50,43,66,86,78,75,56,45,75,68,58,63,66,35,11,65,48,71,58,11,14,16,ibrahima niane,100
Pierrick Capelle,FRA,MT,37,16,3,483,5.4,0,0,0,0,0,0,4,0,0.2,0.2,1.2,1.4,10,22,17,0.0,0.0,0.0,0.0,0.0,0.04,0.22,0.26,0.04,0.26,pierrick capelle,Midfield,left,181.0,FR1,200000.0,2000000.0,https://img.a.transfermarkt.technology/portrait/header/214532-1595883152.jpg?lm=1,https://www.transfermarkt.co.uk/pierrick-capelle/profil/spieler/214532,pierrick capelle,P. Capelle,Pierrick Capelle,4/15/1987,31,154.94,73.0,"LWB,CM,LM",France,75,75,4400000.0,20000.0,Left,1,4,3,Lean,8700000.0,,,,,76,68,55,75,79,76,75,77,73,76,74,75,78,75,67,74,69,78,67,78,71,74,77,73,63,64,69,68,67,pierrick capelle,100
Ousmane Camara,FRA,DF,21,3,3,252,2.8,0,0,0,0,0,0,1,0,0.1,0.1,0.0,0.1,0,3,0,0.0,0.0,0.0,0.0,0.0,0.03,0.01,0.04,0.03,0.04,ousmane camara,Defender,right,197.0,FR1,500000.0,2000000.0,https://img.a.transfermarkt.technology/portrait/header/804711-1672669470.jpg?lm=1,https://www.transfermarkt.co.uk/ousmane-camara/profil/spieler/804711,ousmane camara,S. Camara,Souleymane Camara,12/22/1982,36,175.26,74.8,"ST,RM",Senegal,68,68,400000.0,8000.0,Right,2,3,3,Normal,760000.0,,,,,72,68,70,70,74,65,55,54,63,72,50,50,68,63,79,75,71,34,60,73,65,51,70,67,70,68,58,51,46,souleymane camara,84
Gautier Lloris,FRA,DF,29,31,31,"2,768",30.8,2,1,3,2,0,0,5,0,1.2,1.2,0.9,2.0,13,99,7,0.07,0.03,0.1,0.07,0.1,0.04,0.03,0.07,0.04,0.07,gautier lloris,Defender,left,191.0,FR1,3000000.0,3000000.0,https://img.a.transfermarkt.technology/portrait/header/249636-1704795536.jpg?lm=1,https://www.transfermarkt.co.uk/gautier-lloris/profil/spieler/249636,gautier lloris,G. Lloris,Gautier Lloris,7/18/1995,23,190.5,83.0,CB,France,66,72,750000.0,7000.0,Left,1,3,2,Lean,1600000.0,,,,,44,29,70,64,34,45,36,28,54,56,53,52,50,60,51,49,67,60,76,35,54,64,34,32,40,61,60,70,68,gautier lloris,100
Abdoulaye Touré,GUI,MT,30,28,26,"2,324",25.8,10,1,11,2,8,9,5,0,9.4,2.2,0.4,2.6,17,109,28,0.39,0.04,0.43,0.08,0.12,0.37,0.02,0.38,0.08,0.1,abdoulaye toure,Midfield,right,188.0,FR1,3000000.0,10000000.0,https://img.a.transfermarkt.technology/portrait/header/181382-1485420758.jpg?lm=1,https://www.transfermarkt.co.uk/abdoulaye-toure/profil/spieler/181382,abdoulaye toure,A. Touré,Abdoulaye Touré,3/3/1994,25,187.96,83.9,"CDM,CM",France,76,79,8000000.0,20000.0,Right,1,3,3,Normal,15800000.0,,,,,48,38,51,72,42,60,49,49,73,75,54,42,38,71,38,77,30,75,89,77,73,77,46,56,39,61,77,79,74,abdoulaye touré,97
Mathieu Gorgelin,FRA,GB,33,16,16,"1,440",16.0,0,0,0,0,0,0,2,0,0.0,0.0,0.0,0.0,0,0,0,0.0,0.0,0.0,0.0,0.0,0.0,0.0,0.0,0.0,0.0,mathieu gorgelin,Goalkeeper,left,187.0,FR1,200000.0,1000000.0,https://img.a.transfermarkt.technology/portrait/header/60543-1704795204.jpg?lm=1,https://www.transfermarkt.co.uk/mathieu-gorgelin/profil/spieler/60543,mathieu gorgelin,M. Gorgelin,Mathieu Gorgelin,8/5/1990,28,187.96,83.0,GK,France,68,71,750000.0,15000.0,Left,1,2,1,Normal,1500000.0,,,,,11,13,11,12,10,20,17,13,14,14,47,48,40,64,46,18,61,30,72,16,15,17,14,20,14,49,9,15,17,mathieu gorgelin,100
Arouna Sangante,SEN,DF,22,16,16,"1,244",13.8,3,0,3,3,0,0,4,1,1.0,1.0,0.1,1.1,11,48,3,0.22,0.0,0.22,0.22,0.22,0.07,0.01,0.08,0.07,0.08,arouna sangante,Defender,right,189.0,FR1,10000000.0,10000000.0,https://img.a.transfermarkt.technology/portrait/header/768380-1738244271.jpg?lm=1,https://www.transfermarkt.co.uk/arouna-sangante/profil/spieler/768380,arouna sangante,O. Sangante,Opa Sangante,2/1/1991,28,187.96,87.1,"CM,CDM",Senegal,64,64,475000.0,2000.0,Right,1,3,2,Normal,831000.0,,,,,48,35,60,68,34,57,42,35,65,65,69,53,61,61,56,60,59,80,76,52,70,65,54,58,47,56,59,67,58,opa sangante,81
André Ayew,GHA,AT,34,27,15,"1,453",16.1,4,1,5,4,0,0,2,0,4.3,4.3,0.2,4.6,5,18,43,0.25,0.06,0.31,0.25,0.31,0.27,0.02,0.28,0.27,0.28,andre ayew,Attack,left,175.0,FR1,700000.0,18000000.0,https://img.a.transfermarkt.technology/portrait/header/45403-1668429304.jpg?lm=1,https://www.transfermarkt.co.uk/andre-ayew/profil/spieler/45403,andre ayew,A. Gray,Andre Gray,6/26/1991,27,154.94,78.0,ST,England,76,77,9000000.0,53000.0,Right,1,3,3,Normal,17800000.0,,,,,61,75,65,67,69,72,57,44,54,72,87,87,75,75,74,80,72,72,75,65,70,33,77,67,74,71,27,23,20,andre gray,80
Yoann Salmier,GUF,DF,31,13,9,797,8.9,0,0,0,0,0,0,3,0,0.8,0.8,0.2,1.1,7,24,1,0.0,0.0,0.0,0.0,0.0,0.1,0.02,0.12,0.1,0.12,yoann salmier,Defender,right,188.0,FR1,1500000.0,2000000.0,https://img.a.transfermarkt.technology/portrait/header/351843-1551180384.jpg?lm=1,https://www.transfermarkt.co.uk/yoann-salmier/profil/spieler/351843,yoann salmier,Y. Salmier,Yoann Salmier,11/21/1992,26,187.96,84.8,CB,France,69,72,1100000.0,8000.0,Right,1,3,2,Normal,,,,,,22,17,72,49,27,29,28,23,34,29,53,52,45,61,48,39,65,64,88,17,71,62,29,33,33,62,72,75,65,yoann salmier,100
Daler Kuzyaev,RUS,MT,31,12,6,567,6.3,1,0,1,1,0,0,1,0,0.2,0.2,0.6,0.8,4,32,9,0.16,0.0,0.16,0.16,0.16,0.03,0.09,0.12,0.03,0.12,daler kuzyaev,Midfield,right,182.0,FR1,5000000.0,11000000.0,https://img.a.transfermarkt.technology/portrait/header/279570-1658064471.png?lm=1,https://www.transfermarkt.co.uk/daler-kuzyaev/profil/spieler/279570,daler kuzyaev,D. Kuzyaev,Daler Kuzyaev,1/15/1993,26,182.88,73.9,"CM,CDM,RM",Russia,77,80,,,Right,1,3,3,Lean,,,,,,67,64,51,82,57,78,60,61,75,79,78,81,80,73,76,76,60,79,59,74,70,74,71,70,63,64,71,77,76,daler kuzyaev,100
Samuel Grandsir,FRA,"MT,AT",27,6,0,84,0.9,0,0,0,0,0,0,0,0,0.0,0.0,0.6,0.6,5,6,5,0.0,0.0,0.0,0.0,0.0,0.0,0.67,0.67,0.0,0.67,samuel grandsir,Attack,right,170.0,FR1,1500000.0,5000000.0,https://img.a.transfermarkt.technology/portrait/header/432772-1646080113.JPG?lm=1,https://www.transfermarkt.co.uk/samuel-grandsir/profil/spieler/432772,samuel grandsir,S. Grandsir,Samuel Grandsir,8/14/1996,22,167.64,64.0,"RM,LM",France,74,85,9500000.0,36000.0,Right,1,4,3,Normal,,,,,,75,59,58,73,56,76,74,59,72,71,89,87,90,66,89,71,69,69,58,57,67,45,64,66,50,67,44,39,47,samuel grandsir,100
Yehvann Diouf,SEN,GB,24,34,34,"3,060",34.0,0,0,0,0,0,0,1,0,0.1,0.1,0.0,0.1,0,1,0,0.0,0.0,0.0,0.0,0.0,0.0,0.0,0.0,0.0,0.0,yehvann diouf,Goalkeeper,right,190.0,FR1,9000000.0,10000000.0,https://img.a.transfermarkt.technology/portrait/header/448632-1723831136.png?lm=1,https://www.transfermarkt.co.uk/yehvann-diouf/profil/spieler/448632,yehvann diouf,Y. Diouf,Yehvann Diouf,11/16/1999,19,187.96,74.8,GK,France,63,80,625000.0,1000.0,Right,1,3,1,Lean,1500000.0,,,,,13,8,14,51,7,12,12,13,38,15,45,44,35,49,38,25,62,44,52,8,26,15,6,46,11,44,12,11,16,yehvann diouf,100
Cédric Kipré,CIV,DF,27,28,26,"2,190",24.3,0,1,1,0,0,0,4,2,0.6,0.6,1.3,2.0,16,77,3,0.0,0.04,0.04,0.0,0.04,0.03,0.06,0.08,0.03,0.08,cedric kipre,Defender,right,193.0,FR1,3000000.0,3000000.0,https://img.a.transfermarkt.technology/portrait/header/364827-1723832143.png?lm=1,https://www.transfermarkt.co.uk/cedric-kipre/profil/spieler/364827,cedric kipre,C. Kipré,Cédric Kipré,12/9/1996,22,193.04,96.2,CB,France,69,78,1400000.0,15000.0,Right,1,2,2,Stocky,3000000.0,,,,,32,26,64,55,28,35,28,28,34,48,65,69,44,59,54,49,72,66,92,30,78,65,25,36,36,55,67,68,66,cédric kipré,91
Aurélio Buta,POR,DF,27,27,24,"1,970",21.9,0,1,1,0,0,0,5,0,0.3,0.3,0.8,1.1,28,83,64,0.0,0.05,0.05,0.0,0.05,0.01,0.04,0.05,0.01,0.05,aurelio buta,Defender,right,172.0,FR1,5000000.0,8000000.0,https://img.a.transfermarkt.technology/portrait/header/258039-1725288770.png?lm=1,https://www.transfermarkt.co.uk/aurelio-buta/profil/spieler/258039,aurelio buta,Aurélio Buta,Aurélio Gabriel Ulineia Buta,2/10/1997,22,172.72,72.1,"RB,RM",Portugal,71,78,2800000.0,6000.0,Right,1,3,4,Normal,4800000.0,,,,,66,44,43,64,41,76,63,41,49,73,90,86,79,70,84,72,79,75,54,56,61,70,69,58,47,65,69,66,66,aurélio gabriel ulineia buta,96
Marshall Munetsi,ZIM,MT,28,19,19,"1,692",18.8,4,2,6,4,0,0,5,0,4.0,4.0,2.0,5.9,8,26,48,0.21,0.11,0.32,0.21,0.32,0.21,0.11,0.32,0.21,0.32,marshall munetsi,Midfield,right,188.0,GB1,15000000.0,15000000.0,https://img.a.transfermarkt.technology/portrait/header/414908-1723836952.png?lm=1,https://www.transfermarkt.co.uk/marshall-munetsi/profil/spieler/414908,marshall munetsi,M. Munetsi,Marshall Nyasha Munetsi,6/22/1996,22,187.96,83.0,"CB,CDM,CM",Zimbabwe,64,71,550000.0,1000.0,Right,1,3,2,Normal,1300000.0,,,,,33,31,65,62,35,46,38,38,66,46,68,67,52,47,52,52,57,62,67,30,52,55,49,47,41,53,67,74,71,marshall nyasha munetsi,82
Emmanuel Agbadou,CIV,DF,27,14,14,"1,260",14.0,0,0,0,0,0,0,3,0,0.5,0.5,0.3,0.8,10,77,0,0.0,0.0,0.0,0.0,0.0,0.04,0.02,0.06,0.04,0.06,emmanuel agbadou,Defender,right,192.0,GB1,17000000.0,17000000.0,https://img.a.transfermarkt.technology/portrait/header/683895-1723821154.png?lm=1,https://www.transfermarkt.co.uk/emmanuel-agbadou/profil/spieler/683895,emmanuel agbadou,E. Badu,Emmanuel Badu,12/2/1990,28,172.72,69.9,"CM,CDM",Ghana,75,75,7000000.0,25000.0,Right,2,3,3,Normal,11900000.0,,,,,69,60,70,76,72,76,64,50,69,75,86,75,88,75,81,76,90,88,66,74,72,74,74,70,58,73,69,74,72,emmanuel badu,90
Thibault De Smet,BEL,DF,26,5,2,192,2.1,0,0,0,0,0,0,0,0,0.1,0.1,0.0,0.1,1,9,2,0.0,0.0,0.0,0.0,0.0,0.07,0.0,0.07,0.07,0.07,thibault de smet,Defender,left,183.0,FR1,4000000.0,4000000.0,https://img.a.transfermarkt.technology/portrait/header/340177-1723835956.png?lm=1,https://www.transfermarkt.co.uk/thibault-de-smet/profil/spieler/340177,thibault de smet,T. De Smet,Thibault De Smet,6/5/1998,20,182.88,68.9,"LB,CB,LM",Belgium,65,75,750000.0,4000.0,Left,1,3,2,Lean,1300000.0,,,,,60,36,59,61,26,52,22,25,62,59,65,75,60,61,56,68,67,59,67,58,69,65,48,52,37,57,63,67,65,thibault de smet,100
Gabriel Moscardo,BRA,"MT,DF",18,6,0,84,0.9,0,0,0,0,0,0,1,0,0.2,0.2,0.0,0.2,1,3,3,0.0,0.0,0.0,0.0,0.0,0.22,0.0,0.22,0.22,0.22,gabriel moscardo,Midfield,right,185.0,FR1,10000000.0,15000000.0,https://img.a.transfermarkt.technology/portrait/header/1086636-1724752763.png?lm=1,https://www.transfermarkt.co.uk/gabriel-moscardo/profil/spieler/1086636,gabriel moscardo,G. Rosario,Gabriel Rosario,10/7/1999,19,185.42,76.2,GK,United States,52,67,80000.0,1000.0,Right,1,1,1,Normal,202000.0,,,,,12,6,10,32,5,7,12,10,29,10,33,32,28,36,49,22,64,18,40,5,28,10,6,34,17,38,8,14,10,gabriel rosario,84
Mohamed Daramy,DEN,AT,22,2,0,16,0.2,0,0,0,0,0,0,0,0,0.0,0.0,0.1,0.1,3,0,2,0.0,0.0,0.0,0.0,0.0,0.2,0.32,0.51,0.2,0.51,mohamed daramy,Attack,right,180.0,FR1,5000000.0,10000000.0,https://img.a.transfermarkt.technology/portrait/header/574385-1723837255.png?lm=1,https://www.transfermarkt.co.uk/mohamed-daramy/profil/spieler/574385,mohamed daramy,M. Daramy,Mohamed Daramy,1/7/2002,17,154.94,71.2,"ST,LM",Sierra Leone,54,80,150000.0,1000.0,Right,1,3,4,Normal,345000.0,,,,,32,55,37,45,44,57,35,30,35,55,74,75,53,50,65,55,52,55,57,42,32,12,53,46,50,44,15,12,12,mohamed daramy,100
Mohamed Bamba,CIV,MT,19,2,0,10,0.1,0,0,0,0,0,0,0,0,0.0,0.0,0.0,0.0,0,3,0,0.0,0.0,0.0,0.0,0.0,0.0,0.0,0.0,0.0,0.0,mohamed bamba,Midfield,left,188.0,PO1,300000.0,300000.0,https://img.a.transfermarkt.technology/portrait/header/1178475-1723838539.png?lm=1,https://www.transfermarkt.co.uk/mohamed-bamba/profil/spieler/1178475,mohamed bamba,M. Camara,Mohamed Camara,1/6/2000,19,175.26,68.0,CM,Mali,60,76,425000.0,2000.0,Right,1,3,3,Lean,,,,,,46,46,50,62,41,61,56,46,59,63,67,69,70,63,74,60,73,69,42,43,56,52,43,61,49,59,54,52,51,mohamed camara,81
Gautier Larsonneur,FRA,GB,27,34,34,"3,060",34.0,0,0,0,0,0,0,5,0,0.0,0.0,0.0,0.0,0,0,0,0.0,0.0,0.0,0.0,0.0,0.0,0.0,0.0,0.0,0.0,gautier larsonneur,Goalkeeper,right,181.0,FR1,3500000.0,8000000.0,https://img.a.transfermarkt.technology/portrait/header/357047-1727720726.jpg?lm=1,https://www.transfermarkt.co.uk/gautier-larsonneur/profil/spieler/357047,gautier larsonneur,G. Larsonneur,Gautier Larsonneur,2/23/1997,22,154.94,68.9,GK,France,70,81,2400000.0,2000.0,Right,1,2,1,Normal,4800000.0,,,,,18,19,14,29,20,20,11,11,26,22,50,50,34,62,65,20,54,35,55,12,22,17,17,25,21,51,12,20,12,gautier larsonneur,100
Dennis Appiah,FRA,DF,32,29,22,"2,128",23.6,0,1,1,0,0,0,2,0,0.2,0.2,2.1,2.3,51,108,110,0.0,0.04,0.04,0.0,0.04,0.01,0.09,0.1,0.01,0.1,dennis appiah,Defender,right,179.0,FR1,900000.0,3000000.0,https://img.a.transfermarkt.technology/portrait/header/111038-1727723257.jpg?lm=1,https://www.transfermarkt.co.uk/dennis-appiah/profil/spieler/111038,dennis appiah,D. Appiah,Dennis Appiah,6/9/1992,26,175.26,77.1,"RB,RM",France,70,71,1700000.0,10000.0,Right,1,4,2,Normal,2700000.0,,,,,62,33,62,59,34,58,60,44,57,62,78,81,76,65,72,51,79,88,66,38,73,68,57,57,47,64,71,68,69,dennis appiah,100
Dylan Batubinsika,COD,DF,28,25,22,"2,016",22.4,1,0,1,1,0,0,3,1,0.8,0.8,0.2,1.0,11,51,1,0.04,0.0,0.04,0.04,0.04,0.04,0.01,0.04,0.04,0.04,dylan batubinsika,Defender,right,185.0,FR1,1500000.0,2500000.0,https://img.a.transfermarkt.technology/portrait/header/289432-1727722809.jpg?lm=1,https://www.transfermarkt.co.uk/dylan-batubinsika/profil/spieler/289432,dylan batubinsika,D. Batubinsika,Dylan Batubinsika,2/15/1996,23,185.42,87.1,CB,France,70,77,2100000.0,6000.0,Right,1,3,2,Normal,3600000.0,,,,,35,21,67,62,20,50,22,28,59,55,64,75,52,63,56,50,66,68,87,23,73,66,24,54,31,59,67,71,70,dylan batubinsika,100
Florian Tardieu,FRA,MT,32,24,13,"1,252",13.9,2,4,6,2,0,0,0,0,0.6,0.6,1.3,1.9,11,139,44,0.14,0.29,0.43,0.14,0.43,0.05,0.1,0.15,0.05,0.15,florian tardieu,Midfield,right,181.0,FR1,700000.0,3000000.0,https://img.a.transfermarkt.technology/portrait/header/212804-1727722208.jpg?lm=1,https://www.transfermarkt.co.uk/florian-tardieu/profil/spieler/212804,florian tardieu,F. Tardieu,Florian Tardieu,4/22/1992,26,152.4,73.0,"CDM,CM",France,67,70,800000.0,5000.0,Right,1,3,3,Lean,1300000.0,,,,,64,60,62,66,43,63,45,61,69,65,61,63,65,60,73,63,69,76,62,66,75,69,51,65,45,62,60,65,66,florian tardieu,100
Irvin Cardona,FRA,AT,26,15,13,"1,063",11.8,5,3,8,5,0,1,2,0,4.5,3.7,1.4,5.0,30,32,135,0.42,0.25,0.68,0.42,0.68,0.41,0.13,0.54,0.34,0.47,irvin cardona,Attack,right,185.0,FR1,2000000.0,8000000.0,https://img.a.transfermarkt.technology/portrait/header/342226-1723534120.jpg?lm=1,https://www.transfermarkt.co.uk/irvin-cardona/profil/spieler/342226,irvin cardona,I. Cardona,Irvin Cardona,8/8/1997,21,185.42,77.1,ST,France,69,78,1700000.0,21000.0,Right,1,3,3,Lean,,,,,,56,69,63,70,66,72,61,58,58,70,71,73,69,63,57,70,69,75,66,68,31,20,65,68,70,57,21,17,20,irvin cardona,100
Yunis Abdelhamid,MAR,DF,36,16,11,"1,033",11.5,0,0,0,0,0,0,2,0,0.2,0.2,0.1,0.4,4,22,3,0.0,0.0,0.0,0.0,0.0,0.02,0.01,0.03,0.02,0.03,yunis abdelhamid,Defender,left,190.0,FR1,500000.0,2500000.0,https://img.a.transfermarkt.technology/portrait/header/199704-1727723225.jpg?lm=1,https://www.transfermarkt.co.uk/yunis-abdelhamid/profil/spieler/199704,yunis abdelhamid,Y. Abdelhamid,Yunis Abdelhamid,9/28/1987,31,190.5,83.0,CB,Morocco,75,75,4900000.0,17000.0,Left,1,3,2,Normal,9900000.0,,,,,28,24,72,74,20,58,34,31,70,65,50,35,39,72,48,43,77,70,82,23,73,75,37,42,42,71,74,77,73,yunis abdelhamid,100
Ibrahim Sissoko,MLI,AT,28,20,8,819,9.1,3,1,4,2,1,1,1,0,4.3,3.5,0.6,4.1,14,12,36,0.33,0.11,0.44,0.22,0.33,0.48,0.06,0.54,0.39,0.45,ibrahim sissoko,Attack,right,192.0,FR1,2000000.0,2500000.0,https://img.a.transfermarkt.technology/portrait/header/484888-1727721906.jpg?lm=1,https://www.transfermarkt.co.uk/ibrahim-sissoko/profil/spieler/484888,ibrahim sissoko,I. Sissoko,Ibrahim Sissoko,11/27/1995,23,190.5,87.1,ST,France,62,68,425000.0,2000.0,Right,1,3,2,Normal,829000.0,,,,,38,63,63,51,42,58,45,56,41,61,63,70,54,51,47,71,67,53,85,64,37,14,53,48,68,56,40,23,21,ibrahim sissoko,100
Lamine Fomba,FRA,MT,26,7,3,217,2.4,0,0,0,0,0,0,2,0,0.0,0.0,0.3,0.3,5,18,5,0.0,0.0,0.0,0.0,0.0,0.01,0.12,0.13,0.01,0.13,lamine fomba,Midfield,right,188.0,FR1,700000.0,4000000.0,https://img.a.transfermarkt.technology/portrait/header/391376-1727722269.jpg?lm=1,https://www.transfermarkt.co.uk/lamine-fomba/profil/spieler/391376,lamine fomba,L. Fomba,Lamine Fomba,1/26/1998,21,185.42,68.9,"CDM,CM",France,63,77,725000.0,1000.0,Right,1,2,2,Lean,1700000.0,,,,,56,38,65,67,44,65,41,45,65,64,62,67,73,55,75,66,68,65,63,45,50,58,38,53,45,45,61,67,64,lamine fomba,100
Anthony Briançon,FRA,DF,29,1,0,1,0.0,0,0,0,0,0,0,0,0,0.0,0.0,0.0,0.0,0,0,0,0.0,0.0,0.0,0.0,0.0,0.0,0.0,0.0,0.0,0.0,anthony briancon,Defender,right,185.0,FR1,500000.0,5000000.0,https://img.a.transfermarkt.technology/portrait/header/190338-1727722993.jpg?lm=1,https://www.transfermarkt.co.uk/anthony-briancon/profil/spieler/190338,anthony briancon,A. Briançon,Anthony Briançon,11/29/1994,24,185.42,78.9,CB,France,74,78,6000000.0,13000.0,Right,1,2,2,Stocky,12500000.0,,,,,36,34,73,74,40,45,42,39,64,63,66,54,57,60,64,68,71,76,81,63,76,72,49,65,43,72,73,76,71,anthony briançon,97
Benjamin Lecomte,FRA,GB,33,30,30,"2,700",30.0,0,0,0,0,0,0,0,0,0.0,0.0,0.1,0.1,0,1,0,0.0,0.0,0.0,0.0,0.0,0.0,0.0,0.0,0.0,0.0,benjamin lecomte,Goalkeeper,left,186.0,FR1,2000000.0,17000000.0,https://img.a.transfermarkt.technology/portrait/header/127181-1702663657.JPG?lm=1,https://www.transfermarkt.co.uk/benjamin-lecomte/profil/spieler/127181,benjamin lecomte,B. Lecomte,Benjamin Lecomte,4/26/1991,27,185.42,78.0,GK,France,82,85,18500000.0,29000.0,Left,2,3,1,Normal,36500000.0,,,,,13,11,10,17,10,11,20,19,21,23,44,40,36,78,25,18,62,34,55,10,23,24,10,41,20,63,17,11,12,benjamin lecomte,100
Téji Savanier,FRA,MT,32,31,27,"2,363",26.3,2,5,7,0,2,2,4,1,3.8,2.3,6.9,9.1,26,183,108,0.08,0.19,0.27,0.0,0.19,0.15,0.27,0.42,0.09,0.36,teji savanier,Midfield,right,172.0,FR1,3000000.0,12000000.0,https://img.a.transfermarkt.technology/portrait/header/127156-1702663364.JPG?lm=1,https://www.transfermarkt.co.uk/teji-savanier/profil/spieler/127156,teji savanier,T. Savanier,Téji Savanier,12/22/1991,27,170.18,62.1,"CM,CDM",France,75,76,7500000.0,18000.0,Right,1,3,4,Normal,15600000.0,,,,,69,65,36,75,54,74,76,78,71,78,78,73,83,81,86,72,36,78,56,69,81,61,73,80,70,73,63,67,61,téji savanier,96
Modibo Sagnan,MLI,DF,25,27,24,"2,141",23.8,2,0,2,2,0,0,10,0,0.7,0.7,0.6,1.3,13,51,3,0.08,0.0,0.08,0.08,0.08,0.03,0.03,0.06,0.03,0.06,modibo sagnan,Defender,left,187.0,FR1,3000000.0,4500000.0,https://img.a.transfermarkt.technology/portrait/header/524925-1548769689.jpg?lm=1,https://www.transfermarkt.co.uk/modibo-sagnan/profil/spieler/524925,modibo sagnan,M. Sagnan,Modibo Sagnan,4/14/1999,19,187.96,71.2,CB,France,63,79,725000.0,2000.0,Left,1,3,2,Normal,,,,,,48,28,60,56,27,38,31,30,50,46,53,64,55,51,58,40,69,60,72,32,59,58,30,39,39,55,64,65,62,modibo sagnan,100
Jordan Ferri,FRA,MT,32,25,21,"1,773",19.7,0,2,2,0,0,0,6,1,0.4,0.4,0.9,1.3,19,137,42,0.0,0.1,0.1,0.0,0.1,0.02,0.05,0.07,0.02,0.07,jordan ferri,Midfield,right,173.0,FR1,2500000.0,7500000.0,https://img.a.transfermarkt.technology/portrait/header/118284-1702663473.JPG?lm=1,https://www.transfermarkt.co.uk/jordan-ferri/profil/spieler/118284,jordan ferri,J. Ferri,Jordan Ferri,3/12/1992,26,172.72,73.9,CM,France,74,75,6500000.0,46000.0,Right,2,3,3,Stocky,,,,,,71,60,53,77,56,71,71,55,73,73,67,64,73,75,85,77,63,77,69,76,85,68,70,71,54,69,65,70,64,jordan ferri,100
Issiaga Sylla,GUI,DF,30,19,15,"1,156",12.8,1,0,1,1,0,0,2,0,1.8,1.8,0.6,2.4,33,53,46,0.08,0.0,0.08,0.08,0.08,0.15,0.05,0.19,0.15,0.19,issiaga sylla,Defender,left,180.0,FR1,2000000.0,3500000.0,https://img.a.transfermarkt.technology/portrait/header/220878-1702665492.JPG?lm=1,https://www.transfermarkt.co.uk/issiaga-sylla/profil/spieler/220878,issiaga sylla,I. Sylla,Issiaga Sylla,1/1/1994,25,154.94,74.8,"LWB,LB,LM",Guinea,72,76,3400000.0,16000.0,Left,1,2,3,Lean,7000000.0,,,,,72,64,60,75,65,70,68,56,67,71,70,72,67,70,67,65,73,80,72,49,73,70,71,68,49,69,56,68,68,issiaga sylla,100
Falaye Sacko,MLI,DF,29,16,14,"1,233",13.7,0,1,1,0,0,0,1,0,0.0,0.0,0.2,0.2,21,59,34,0.0,0.07,0.07,0.0,0.07,0.0,0.01,0.01,0.0,0.01,falaye sacko,Defender,right,180.0,FR1,2000000.0,4000000.0,https://img.a.transfermarkt.technology/portrait/header/364857-1702665617.JPG?lm=1,https://www.transfermarkt.co.uk/falaye-sacko/profil/spieler/364857,falaye sacko,F. Sacko,Falaye Sacko,5/1/1995,23,152.4,64.0,"RB,LB",Mali,72,78,3600000.0,6000.0,Right,1,3,3,Lean,8200000.0,,,,,66,25,54,65,19,67,52,34,56,69,89,91,83,73,80,32,83,81,65,22,76,66,68,47,41,70,66,70,68,falaye sacko,100
Arnaud Nordin,FRA,AT,26,16,14,"1,166",13.0,4,1,5,3,1,2,2,0,4.1,2.5,0.9,3.4,51,23,111,0.31,0.08,0.39,0.23,0.31,0.32,0.07,0.39,0.19,0.26,arnaud nordin,Attack,both,170.0,L1,6000000.0,8000000.0,https://img.a.transfermarkt.technology/portrait/header/324811-1702663034.JPG?lm=1,https://www.transfermarkt.co.uk/arnaud-nordin/profil/spieler/324811,arnaud nordin,A. Nordin,Arnaud Nordin,6/17/1998,20,170.18,68.9,LM,France,70,80,2900000.0,12000.0,Left,1,4,3,Stocky,6000000.0,,,,,63,70,46,66,51,74,61,42,59,69,84,82,73,57,79,69,62,58,56,66,31,28,67,67,55,58,28,32,26,arnaud nordin,100
Andy Delort,ALG,AT,32,9,8,607,6.7,0,0,0,0,0,0,1,0,1.3,1.3,0.9,2.2,4,6,20,0.0,0.0,0.0,0.0,0.0,0.23,0.15,0.38,0.23,0.38,andy delort,Attack,right,181.0,FR1,2000000.0,16000000.0,https://img.a.transfermarkt.technology/portrait/header/122797-1593970837.jpg?lm=1,https://www.transfermarkt.co.uk/andy-delort/profil/spieler/122797,andy delort,A. Delort,Andy Delort,10/9/1991,27,154.94,83.0,"ST,RW",France,77,78,10500000.0,32000.0,Right,2,3,3,Stocky,,,,,,67,77,76,74,76,74,41,71,57,71,72,76,71,69,75,84,78,77,82,74,73,23,77,71,75,73,31,29,24,andy delort,100
Nikola Maksimović,SRB,DF,32,7,7,581,6.5,0,0,0,0,0,0,2,0,0.0,0.0,0.0,0.1,1,11,0,0.0,0.0,0.0,0.0,0.0,0.0,0.01,0.01,0.0,0.01,nikola maksimović,Defender,right,193.0,FR1,400000.0,18000000.0,https://img.a.transfermarkt.technology/portrait/header/124715-1696432924.png?lm=1,https://www.transfermarkt.co.uk/nikola-maksimovic/profil/spieler/124715,nikola maksimović,N. Maksimović,Nikola Maksimović,11/25/1991,27,193.04,87.1,CB,Serbia,78,81,11000000.0,54000.0,Right,2,3,2,Lean,19500000.0,,,,,45,22,79,59,28,49,29,23,59,61,62,68,49,71,58,39,67,67,86,29,78,80,29,31,26,70,79,80,79,nikola maksimović,100
Dimitry Bertaud,COD,GB,26,4,4,360,4.0,0,0,0,0,0,0,0,0,0.0,0.0,0.0,0.0,0,0,0,0.0,0.0,0.0,0.0,0.0,0.0,0.0,0.0,0.0,0.0,dimitry bertaud,Goalkeeper,right,180.0,FR1,1200000.0,1500000.0,https://img.a.transfermarkt.technology/portrait/header/371816-1702663704.JPG?lm=1,https://www.transfermarkt.co.uk/dimitry-bertaud/profil/spieler/371816,dimitry bertaud,D. Bertaud,Dimitry Bertaud,6/6/1998,20,154.94,84.8,GK,France,64,76,650000.0,3000.0,Right,1,3,1,Stocky,1400000.0,,,,,14,15,19,26,19,16,14,14,25,22,48,55,35,56,61,21,50,42,63,19,26,25,12,20,18,48,12,17,21,dimitry bertaud,100
Matz Sels,BEL,GB,32,38,38,"3,420",38.0,0,0,0,0,0,0,4,0,0.0,0.0,0.4,0.4,1,2,0,0.0,0.0,0.0,0.0,0.0,0.0,0.01,0.01,0.0,0.01,matz sels,Goalkeeper,right,188.0,GB1,7000000.0,8000000.0,https://img.a.transfermarkt.technology/portrait/header/127202-1665067633.jpg?lm=1,https://www.transfermarkt.co.uk/matz-sels/profil/spieler/127202,matz sels,M. Sels,Matz Sels,2/26/1992,27,190.5,88.0,GK,Belgium,77,80,7500000.0,15000.0,Right,1,2,1,Normal,15600000.0,,,,,16,16,14,32,19,19,17,17,30,33,37,35,36,70,34,38,70,30,67,18,24,13,18,45,22,60,12,13,14,matz sels,100
Nikola Milenković,SRB,DF,26,37,37,"3,330",37.0,5,2,7,5,0,0,4,0,4.0,4.0,1.1,5.1,3,51,6,0.14,0.05,0.19,0.14,0.19,0.11,0.03,0.14,0.11,0.14,nikola milenković,Defender,right,195.0,GB1,28000000.0,35000000.0,https://img.a.transfermarkt.technology/portrait/header/413507-1661166461.jpg?lm=1,https://www.transfermarkt.co.uk/nikola-milenkovic/profil/spieler/413507,nikola milenković,N. Milenković,Nikola Milenković,10/12/1997,21,195.58,89.8,"RB,CB",Serbia,72,81,4100000.0,23000.0,Right,1,3,2,Lean,7900000.0,,,,,69,29,64,65,35,60,34,22,60,65,68,66,44,68,40,60,68,79,79,54,78,74,22,49,34,70,76,76,70,nikola milenković,100
Murillo,BRA,DF,22,36,36,"3,188",35.4,2,0,2,2,0,0,6,0,1.4,1.4,1.2,2.6,22,115,5,0.06,0.0,0.06,0.06,0.06,0.04,0.03,0.07,0.04,0.07,murillo,Defender,left,180.0,GB1,55000000.0,55000000.0,https://img.a.transfermarkt.technology/portrait/header/1005649-1709159139.jpg?lm=1,https://www.transfermarkt.co.uk/murillo/profil/spieler/1005649,murillo,Murilo,Murilo de Souza Costa,10/31/1994,24,152.4,72.1,"RM,ST",Brazil,72,78,4300000.0,9000.0,Left,1,3,3,Normal,9400000.0,,,,,66,69,58,66,68,77,69,72,54,76,85,83,78,68,76,76,65,64,70,66,30,20,67,62,70,66,21,21,21,murilo de souza costa,92
Ola Aina,NGA,DF,27,35,35,"2,995",33.3,2,1,3,2,0,0,5,0,0.6,0.6,1.4,2.1,67,107,67,0.06,0.03,0.09,0.06,0.09,0.02,0.04,0.06,0.02,0.06,ola aina,Defender,right,184.0,GB1,20000000.0,20000000.0,https://img.a.transfermarkt.technology/portrait/header/236490-1707383919.jpg?lm=1,https://www.transfermarkt.co.uk/ola-aina/profil/spieler/236490,ola aina,O. Aina,Temitayo Olufisayo Olaoluwa Aina,10/8/1996,22,182.88,82.1,"RB,LM,RM",Nigeria,74,83,7500000.0,47000.0,Right,1,3,3,Normal,,,,,,68,50,64,73,58,72,62,47,68,71,89,88,75,66,77,72,73,78,77,68,65,72,60,63,49,69,66,73,73,temitayo olufisayo olaoluwa aina,86
Chris Wood,NZL,AT,32,36,35,"2,959",32.9,20,3,23,17,3,3,1,0,13.4,11.0,2.6,13.6,14,42,94,0.61,0.09,0.7,0.52,0.61,0.41,0.08,0.49,0.34,0.42,chris wood,Attack,right,191.0,GB1,10000000.0,18000000.0,https://img.a.transfermarkt.technology/portrait/header/108725-1740646786.jpg?lm=1,https://www.transfermarkt.co.uk/chris-wood/profil/spieler/108725,chris wood,C. Wood,Chris Wood,12/7/1991,27,187.96,92.1,ST,New Zealand,77,78,10500000.0,56000.0,Right,1,3,2,Normal,20700000.0,New Zealand,66.0,ST,9.0,46,78,83,65,69,66,69,64,48,74,68,75,65,75,61,80,76,72,84,71,74,40,79,64,81,77,39,30,29,chris wood,100
Morgan Gibbs-White,ENG,MT,24,34,34,"2,803",31.1,7,8,15,7,0,0,11,1,6.3,6.3,5.0,11.2,69,164,137,0.22,0.26,0.48,0.22,0.48,0.2,0.16,0.36,0.2,0.36,morgan gibbs white,Midfield,right,171.0,GB1,50000000.0,50000000.0,https://img.a.transfermarkt.technology/portrait/header/429014-1687975822.jpg?lm=1,https://www.transfermarkt.co.uk/morgan-gibbs-white/profil/spieler/429014,morgan gibbs white,M. Gibbs-White,Morgan Gibbs-White,1/27/2000,19,152.4,69.9,"CM,CAM,LW",England,67,86,1600000.0,10000.0,Right,1,2,4,Lean,3900000.0,,,,,52,51,53,74,48,70,58,52,69,70,65,63,70,58,69,68,57,63,58,63,55,55,63,68,46,72,54,50,51,morgan gibbs-white,100
Elliot Anderson,ENG,MT,21,37,33,"2,728",30.3,2,6,8,2,0,0,10,0,2.1,2.1,3.3,5.4,52,143,94,0.07,0.2,0.26,0.07,0.26,0.07,0.11,0.18,0.07,0.18,elliot anderson,Midfield,right,179.0,GB1,30000000.0,30000000.0,https://img.a.transfermarkt.technology/portrait/header/567576-1696453772.jpg?lm=1,https://www.transfermarkt.co.uk/elliot-anderson/profil/spieler/567576,elliot anderson,A. Esiti,Anderson Esiti,5/24/1994,24,182.88,88.0,"CDM,CM",Nigeria,72,77,3500000.0,12000.0,Right,1,3,2,Stocky,5600000.0,,,,,37,33,70,69,35,53,41,34,61,58,63,58,38,64,41,71,48,81,93,51,83,77,54,56,55,68,70,76,71,anderson esiti,83
Neco Williams,WAL,DF,23,35,28,"2,594",28.8,1,3,4,1,0,0,7,0,2.3,2.3,1.6,3.9,68,89,103,0.03,0.1,0.14,0.03,0.14,0.08,0.05,0.13,0.08,0.13,neco williams,Defender,right,183.0,GB1,20000000.0,20000000.0,https://img.a.transfermarkt.technology/portrait/header/503680-1705499825.jpg?lm=1,https://www.transfermarkt.co.uk/neco-williams/profil/spieler/503680,neco williams,C. McWilliams,Camron McWilliams,6/13/2001,17,152.4,66.2,"RB,CM",England,51,65,60000.0,1000.0,Right,1,3,2,Lean,143000.0,,,,,40,24,42,49,38,51,40,39,44,37,72,70,66,51,74,40,60,51,45,26,46,50,43,35,29,42,44,54,50,camron mcwilliams,80
Nicolás Domínguez,ARG,"MT,AT",26,34,23,"1,963",21.8,0,1,1,0,0,0,9,0,1.5,1.5,1.3,2.8,16,83,33,0.0,0.05,0.05,0.0,0.05,0.07,0.06,0.13,0.07,0.13,nicolas dominguez,Midfield,right,179.0,GB1,17000000.0,17500000.0,https://img.a.transfermarkt.technology/portrait/header/497291-1663656746.jpg?lm=1,https://www.transfermarkt.co.uk/nicolas-dominguez/profil/spieler/497291,nicolas dominguez,N. Domínguez,Nicolás Domínguez,6/28/1998,20,152.4,73.0,"CM,CDM",Argentina,72,84,5500000.0,8000.0,Right,1,4,3,Lean,9400000.0,,,,,63,65,67,75,56,69,45,47,67,72,73,73,72,70,72,67,80,88,68,63,74,71,64,66,44,69,68,72,70,nicolás domínguez,94
Ryan Yates,ENG,MT,26,35,18,"1,915",21.3,2,1,3,2,0,0,10,0,2.3,2.3,1.2,3.5,18,53,16,0.09,0.05,0.14,0.09,0.14,0.11,0.05,0.16,0.11,0.16,ryan yates,Midfield,right,190.0,GB1,13000000.0,13000000.0,https://img.a.transfermarkt.technology/portrait/header/425902-1684239778.jpg?lm=1,https://www.transfermarkt.co.uk/ryan-yates/profil/spieler/425902,ryan yates,R. Yates,Ryan Yates,11/21/1997,21,190.5,77.1,CM,England,66,79,1200000.0,10000.0,Right,1,3,2,Lean,3100000.0,,,,,47,56,64,69,41,60,43,34,66,66,62,69,68,64,58,58,68,90,77,48,79,66,60,57,55,59,64,67,64,ryan yates,100
Ibrahim Sangaré,CIV,MT,26,13,7,590,6.6,0,1,1,0,0,0,3,0,0.0,0.0,0.4,0.4,1,27,4,0.0,0.15,0.15,0.0,0.15,0.0,0.06,0.06,0.0,0.06,ibrahim sangare,Midfield,right,191.0,GB1,28000000.0,35000000.0,https://img.a.transfermarkt.technology/portrait/header/375885-1700738495.jpg?lm=1,https://www.transfermarkt.co.uk/ibrahim-sangare/profil/spieler/375885,ibrahim sangare,I. Sangaré,Ibrahim Sangaré,12/2/1997,21,190.5,77.1,"CDM,CM",Ivory Coast,74,85,8500000.0,16000.0,Right,1,4,3,Lean,18700000.0,,,,,74,61,74,73,62,71,62,62,73,74,69,69,66,72,69,71,74,78,83,64,74,73,72,71,59,78,72,71,73,ibrahim sangaré,97
Morato,BRA,DF,23,26,6,907,10.1,0,0,0,0,0,0,5,0,0.2,0.2,0.0,0.2,1,19,1,0.0,0.0,0.0,0.0,0.0,0.02,0.0,0.02,0.02,0.02,morato,Defender,left,192.0,GB1,15000000.0,15000000.0,https://img.a.transfermarkt.technology/portrait/header/673492-1701295349.jpg?lm=1,https://www.transfermarkt.co.uk/morato/profil/spieler/673492,morato,Morata,Álvaro Borja Morata Martín,10/23/1992,26,187.96,84.8,ST,Spain,82,84,27500000.0,135000.0,Right,3,4,3,Normal,,Spain,85.0,SUB,7.0,73,80,86,78,80,83,76,44,51,82,76,86,66,79,60,80,84,68,78,72,56,24,85,76,70,76,37,14,20,álvaro borja morata martín,83
James Ward-Prowse,ENG,MT,29,9,5,400,4.4,0,1,1,0,0,0,2,1,0.1,0.1,1.1,1.2,1,16,3,0.0,0.23,0.23,0.0,0.23,0.01,0.25,0.26,0.01,0.26,james ward prowse,Midfield,right,177.0,GB1,10000000.0,38000000.0,https://img.a.transfermarkt.technology/portrait/header/181579-1684751045.jpg?lm=1,https://www.transfermarkt.co.uk/james-ward-prowse/profil/spieler/181579,james ward prowse,J. Ward-Prowse,James  Ward-Prowse,11/1/1994,24,172.72,66.2,"RM,CM",England,77,82,12000000.0,41000.0,Right,2,3,3,Normal,23700000.0,,,,,89,64,57,84,51,73,88,83,82,82,66,57,75,74,77,74,66,78,57,73,67,65,65,82,80,79,60,65,60,james  ward-prowse,100
Danilo,BRA,"MT,AT",23,8,5,275,3.1,0,0,0,0,0,0,0,0,0.0,0.0,0.0,0.0,2,11,1,0.0,0.0,0.0,0.0,0.0,0.0,0.0,0.0,0.0,0.0,danilo,Attack,right,174.0,SC1,4000000.0,7000000.0,https://img.a.transfermarkt.technology/portrait/header/519731-1659446747.jpg?lm=1,https://www.transfermarkt.co.uk/danilo/profil/spieler/519731,danilo,Danilo,Danilo Pereira Da Silva,4/7/1999,19,175.26,68.9,ST,Brazil,65,79,1200000.0,3000.0,Right,1,3,3,Normal,2400000.0,,,,,44,64,58,61,65,69,66,54,38,67,79,84,66,59,58,58,61,60,59,61,36,15,61,60,64,58,21,16,13,danilo pereira da silva,100
Danilo,BRA,"MT,AT",23,8,5,275,3.1,0,0,0,0,0,0,0,0,0.0,0.0,0.0,0.0,2,11,1,0.0,0.0,0.0,0.0,0.0,0.0,0.0,0.0,0.0,0.0,danilo,Midfield,left,177.0,GB1,28000000.0,28000000.0,https://img.a.transfermarkt.technology/portrait/header/808509-1694614735.jpg?lm=1,https://www.transfermarkt.co.uk/danilo/profil/spieler/808509,danilo,Danilo,Danilo Pereira Da Silva,4/7/1999,19,175.26,68.9,ST,Brazil,65,79,1200000.0,3000.0,Right,1,3,3,Normal,2400000.0,,,,,44,64,58,61,65,69,66,54,38,67,79,84,66,59,58,58,61,60,59,61,36,15,61,60,64,58,21,16,13,danilo pereira da silva,100
Danilo,BRA,"MT,AT",23,8,5,275,3.1,0,0,0,0,0,0,0,0,0.0,0.0,0.0,0.0,2,11,1,0.0,0.0,0.0,0.0,0.0,0.0,0.0,0.0,0.0,0.0,danilo,Defender,right,184.0,IT1,10000000.0,25000000.0,https://img.a.transfermarkt.technology/portrait/header/145707-1663577215.jpg?lm=1,https://www.transfermarkt.co.uk/danilo/profil/spieler/145707,danilo,Danilo,Danilo Pereira Da Silva,4/7/1999,19,175.26,68.9,ST,Brazil,65,79,1200000.0,3000.0,Right,1,3,3,Normal,2400000.0,,,,,44,64,58,61,65,69,66,54,38,67,79,84,66,59,58,58,61,60,59,61,36,15,61,60,64,58,21,16,13,danilo pereira da silva,100
Taiwo Awoniyi,NGA,AT,26,26,3,416,4.6,1,0,1,1,0,0,0,0,2.1,2.1,0.1,2.2,6,7,20,0.22,0.0,0.22,0.22,0.22,0.46,0.02,0.48,0.46,0.48,taiwo awoniyi,Attack,right,183.0,GB1,18000000.0,30000000.0,https://img.a.transfermarkt.technology/portrait/header/295313-1628595124.jpg?lm=1,https://www.transfermarkt.co.uk/taiwo-awoniyi/profil/spieler/295313,taiwo awoniyi,T. Awoniyi,Taiwo Awoniyi,8/12/1997,21,182.88,73.9,ST,Nigeria,69,78,1700000.0,31000.0,Right,1,2,2,Stocky,,,,,,56,69,65,66,63,66,54,35,52,58,78,80,68,58,69,73,79,60,83,61,64,14,67,53,63,58,20,27,18,taiwo awoniyi,100
Willy Boly,CIV,DF,33,6,1,150,1.7,0,0,0,0,0,0,1,0,0.1,0.1,0.0,0.1,0,2,0,0.0,0.0,0.0,0.0,0.0,0.04,0.0,0.04,0.04,0.04,willy boly,Defender,right,195.0,GB1,2000000.0,18000000.0,https://img.a.transfermarkt.technology/portrait/header/142310-1663057112.jpg?lm=1,https://www.transfermarkt.co.uk/willy-boly/profil/spieler/142310,willy boly,W. Boly,Willy Boly,2/3/1991,28,195.58,97.1,CB,France,78,80,10000000.0,62000.0,Right,1,4,2,Normal,19800000.0,,,,,50,32,77,71,23,53,43,35,60,62,57,69,55,71,46,52,62,58,93,21,79,76,43,52,56,79,72,79,78,willy boly,100
Harry Toffolo,ENG,DF,28,4,1,137,1.5,0,0,0,0,0,0,1,0,0.0,0.0,0.0,0.0,0,2,4,0.0,0.0,0.0,0.0,0.0,0.01,0.0,0.01,0.01,0.01,harry toffolo,Defender,left,183.0,GB1,4000000.0,5000000.0,https://img.a.transfermarkt.technology/portrait/header/198516-1645696821.jpg?lm=1,https://www.transfermarkt.co.uk/harry-toffolo/profil/spieler/198516,harry toffolo,H. Toffolo,Harry Toffolo,8/19/1995,23,182.88,71.2,LB,England,65,70,600000.0,4000.0,Left,1,2,2,Lean,1100000.0,,,,,65,39,58,62,38,61,62,58,57,62,76,76,68,61,70,58,76,76,64,51,58,59,53,54,53,58,62,62,61,harry toffolo,100
Oliver Baumann,GER,GB,34,28,28,"2,520",28.0,0,0,0,0,0,0,1,0,0.0,0.0,1.0,1.0,0,1,0,0.0,0.0,0.0,0.0,0.0,0.0,0.03,0.03,0.0,0.03,oliver baumann,Goalkeeper,right,187.0,L1,3000000.0,10000000.0,https://img.a.transfermarkt.technology/portrait/header/55089-1657200130.jpg?lm=1,https://www.transfermarkt.co.uk/oliver-baumann/profil/spieler/55089,oliver baumann,O. Baumann,Oliver Baumann,6/2/1990,28,187.96,82.1,GK,Germany,83,84,21000000.0,42000.0,Right,2,1,1,Normal,37300000.0,,,,,14,11,16,30,11,19,12,11,25,17,47,51,45,81,43,21,73,39,69,13,32,21,10,41,22,52,15,18,14,oliver baumann,100
Kevin Akpoguma,NGA,DF,29,32,23,"2,220",24.7,0,0,0,0,0,0,3,0,0.1,0.1,0.3,0.4,14,98,16,0.0,0.0,0.0,0.0,0.0,0.0,0.01,0.02,0.0,0.02,kevin akpoguma,Defender,right,192.0,L1,2500000.0,12000000.0,https://img.a.transfermarkt.technology/portrait/header/160241-1723920979.jpg?lm=1,https://www.transfermarkt.co.uk/kevin-akpoguma/profil/spieler/160241,kevin akpoguma,K. Akpoguma,Kevin Akpoguma,4/19/1995,23,193.04,84.8,CB,Germany,75,81,8000000.0,24000.0,Right,1,4,2,Normal,,,,,,60,45,70,65,35,59,31,27,60,63,69,78,54,73,51,70,55,67,78,38,69,74,45,38,48,60,77,78,76,kevin akpoguma,100
Alexander Prass,AUT,DF,23,23,19,"1,566",17.4,0,1,1,0,0,0,1,0,0.9,0.9,2.8,3.6,28,63,66,0.0,0.06,0.06,0.0,0.06,0.05,0.16,0.21,0.05,0.21,alexander prass,Defender,left,180.0,L1,6500000.0,12000000.0,https://img.a.transfermarkt.technology/portrait/header/434116-1723921044.jpg?lm=1,https://www.transfermarkt.co.uk/alexander-prass/profil/spieler/434116,alexander prass,A. Fransson,Alexander Fransson,4/2/1994,24,154.94,73.9,"CM,CDM",Sweden,72,77,4100000.0,5000.0,Right,1,3,3,Lean,5400000.0,,,,,59,59,60,71,60,69,62,56,71,73,66,70,76,75,78,70,68,83,71,71,73,70,67,66,47,73,68,68,65,alexander fransson,85
Valentin Gendrey,FRA,DF,24,22,14,"1,414",15.7,1,1,2,1,0,0,1,0,1.1,1.1,1.8,2.9,24,49,86,0.06,0.06,0.13,0.06,0.13,0.07,0.12,0.19,0.07,0.19,valentin gendrey,Defender,right,179.0,L1,8500000.0,8500000.0,https://img.a.transfermarkt.technology/portrait/header/569387-1663745931.jpg?lm=1,https://www.transfermarkt.co.uk/valentin-gendrey/profil/spieler/569387,valentin gendrey,V. Gendrey,Valentin Gendrey,6/21/2000,18,152.4,74.8,RB,France,58,70,180000.0,1000.0,Right,1,2,2,Normal,396000.0,,,,,51,34,48,35,26,64,36,34,35,57,64,61,58,57,66,32,63,62,55,28,74,56,46,40,45,40,54,63,66,valentin gendrey,100
Florian Grillitsch,AUT,MT,28,8,8,601,6.7,0,0,0,0,0,0,1,0,0.2,0.2,0.2,0.3,4,44,4,0.0,0.0,0.0,0.0,0.0,0.02,0.03,0.05,0.02,0.05,florian grillitsch,Midfield,right,187.0,ES1,3000000.0,25000000.0,https://img.a.transfermarkt.technology/portrait/header/195736-1691269821.jpg?lm=1,https://www.transfermarkt.co.uk/florian-grillitsch/profil/spieler/195736,florian grillitsch,F. Grillitsch,Florian Grillitsch,8/7/1995,23,187.96,77.1,"CM,CDM",Austria,77,82,11500000.0,30000.0,Right,2,3,3,Lean,20400000.0,Austria,77.0,SUB,20.0,68,58,61,81,53,76,47,68,77,81,62,63,68,78,64,65,48,69,68,55,49,73,70,78,50,80,68,69,50,florian grillitsch,100
Dennis Geiger,GER,"MT,AT",26,20,7,734,8.2,0,0,0,0,0,0,4,0,0.2,0.2,0.5,0.6,12,37,21,0.0,0.0,0.0,0.0,0.0,0.02,0.06,0.08,0.02,0.08,dennis geiger,Midfield,right,173.0,L1,3000000.0,13000000.0,https://img.a.transfermarkt.technology/portrait/header/251309-1723921207.jpg?lm=1,https://www.transfermarkt.co.uk/dennis-geiger/profil/spieler/251309,dennis geiger,D. Geiger,Dennis Geiger,6/10/1998,20,172.72,64.9,CM,Germany,70,84,3900000.0,13000.0,Right,1,3,3,Lean,9000000.0,,,,,46,38,29,79,45,72,50,48,72,79,67,63,85,69,82,54,57,76,41,55,63,61,46,72,40,57,60,47,44,dennis geiger,100
Diadie Samassékou,MLI,MT,28,8,6,290,3.2,0,0,0,0,0,0,0,0,0.1,0.1,0.0,0.1,3,11,2,0.0,0.0,0.0,0.0,0.0,0.02,0.0,0.02,0.02,0.02,diadie samassekou,Midfield,right,177.0,L1,1000000.0,20000000.0,https://img.a.transfermarkt.technology/portrait/header/315604-1657200749.jpg?lm=1,https://www.transfermarkt.co.uk/diadie-samassekou/profil/spieler/315604,diadie samassekou,D. Samassékou,Diadie Samassékou,1/11/1996,23,152.4,68.0,CDM,Mali,78,86,13000000.0,31000.0,Right,1,3,3,Lean,22100000.0,,,,,57,42,59,76,37,69,55,34,72,74,68,77,77,78,77,60,74,81,72,54,75,79,55,72,56,79,77,80,77,diadie samassékou,97
Andrey Santos,BRA,MT,20,32,32,"2,855",31.7,10,3,13,10,0,0,8,0,5.1,5.1,3.3,8.4,29,149,26,0.32,0.09,0.41,0.32,0.41,0.16,0.1,0.27,0.16,0.27,andrey santos,Midfield,right,180.0,FR1,25000000.0,25000000.0,https://img.a.transfermarkt.technology/portrait/header/743600-1732576153.png?lm=1,https://www.transfermarkt.co.uk/andrey-santos/profil/spieler/743600,andrey santos,André Santos,André Filipe Bernardes Santos,3/2/1989,30,154.94,73.0,"CM,CDM",Portugal,70,70,1700000.0,5000.0,Right,1,3,3,Normal,3600000.0,,,,,67,58,56,74,58,72,74,66,73,69,66,51,72,65,67,76,71,71,65,74,62,68,57,65,54,57,73,69,63,andré filipe bernardes santos,92
Mamadou Sarr,FRA,DF,18,27,27,"2,365",26.3,0,1,1,0,0,0,4,0,0.8,0.8,0.3,1.1,7,52,1,0.0,0.04,0.04,0.0,0.04,0.03,0.01,0.04,0.03,0.04,mamadou sarr,Defender,right,194.0,FR1,15000000.0,15000000.0,https://img.a.transfermarkt.technology/portrait/header/910905-1732575264.png?lm=1,https://www.transfermarkt.co.uk/mamadou-sarr/profil/spieler/910905,mamadou sarr,M. Sakho,Mamadou Sakho,2/13/1990,29,187.96,83.0,CB,France,79,80,11500000.0,58000.0,Left,3,2,2,Normal,22700000.0,France,84.0,SUB,5.0,58,23,74,77,20,50,50,30,69,63,49,55,50,70,54,51,75,70,91,38,87,81,36,61,40,76,74,82,78,mamadou sakho,80
Habib Diarra,SEN,"MT,AT",20,30,27,"2,352",26.1,4,5,9,2,2,2,6,0,3.3,1.8,4.5,6.3,61,116,114,0.15,0.19,0.34,0.08,0.27,0.13,0.17,0.3,0.07,0.24,habib diarra,Midfield,right,178.0,FR1,20000000.0,20000000.0,https://img.a.transfermarkt.technology/portrait/header/876631-1732576173.png?lm=1,https://www.transfermarkt.co.uk/habib-diarra/profil/spieler/876631,habib diarra,I. Diarra,Ibrahim Diarra,5/19/1998,20,172.72,67.1,"RW,LW",France,61,75,550000.0,5000.0,Left,1,2,3,Lean,1400000.0,,,,,58,58,42,51,47,71,53,42,49,62,79,78,77,50,85,66,45,50,30,46,30,23,54,51,57,51,20,22,19,ibrahim diarra,80
Sebastian Nanasi,SWE,"MT,AT",22,31,26,"2,107",23.4,6,4,10,6,0,0,1,0,6.5,6.5,4.9,11.4,53,126,127,0.26,0.17,0.43,0.26,0.43,0.28,0.21,0.49,0.28,0.49,sebastian nanasi,Midfield,right,178.0,FR1,15000000.0,15000000.0,https://img.a.transfermarkt.technology/portrait/header/579928-1732576164.png?lm=1,https://www.transfermarkt.co.uk/sebastian-nanasi/profil/spieler/579928,sebastian nanasi,S. Mai,Sebastian Mai,12/10/1993,25,195.58,93.0,"CB,ST,CM",Germany,64,69,500000.0,1000.0,Right,1,2,2,Stocky,763000.0,,,,,23,30,73,38,35,25,22,24,39,33,34,34,29,59,29,50,31,52,92,33,87,57,36,31,23,48,62,65,59,sebastian mai,83
Valentín Barco,ARG,"MT,DF",20,14,14,"1,157",12.9,0,2,2,0,0,0,2,0,0.5,0.5,1.5,2.0,20,64,55,0.0,0.16,0.16,0.0,0.16,0.04,0.11,0.15,0.04,0.15,valentin barco,Defender,left,170.0,FR1,8000000.0,13000000.0,https://img.a.transfermarkt.technology/portrait/header/849410-1683292377.jpg?lm=1,https://www.transfermarkt.co.uk/valentin-barco/profil/spieler/849410,valentin barco,V. Jacob,Valentin Jacob,6/15/1994,24,170.18,67.1,CAM,France,66,71,850000.0,2000.0,Right,1,2,3,Lean,1600000.0,,,,,52,58,34,65,67,64,62,65,57,66,76,69,74,62,83,61,56,64,40,55,36,42,61,71,62,68,44,49,38,valentin jacob,86
Karl-Johan Johnsson,SWE,GB,34,3,3,270,3.0,0,0,0,0,0,0,0,0,0.0,0.0,0.0,0.0,0,0,0,0.0,0.0,0.0,0.0,0.0,0.0,0.0,0.0,0.0,0.0,karl johan johnsson,Goalkeeper,right,188.0,FR1,400000.0,2500000.0,https://img.a.transfermarkt.technology/portrait/header/112822-1732486706.png?lm=1,https://www.transfermarkt.co.uk/karl-johan-johnsson/profil/spieler/112822,karl johan johnsson,K. Johnsson,Karl-Johan Johnsson,1/28/1990,29,187.96,83.9,GK,Sweden,73,74,3200000.0,15000.0,Right,1,2,1,Normal,6700000.0,Sweden,76.0,SUB,12.0,11,13,19,26,19,16,12,11,38,22,50,49,45,63,32,21,71,45,69,13,35,20,16,49,17,56,15,14,12,karl-johan johnsson,100
Andrey Santos,BRA,MT,20,32,32,"2,855",31.7,10,3,13,10,0,0,8,0,5.1,5.1,3.3,8.4,29,149,26,0.32,0.09,0.41,0.32,0.41,0.16,0.1,0.27,0.16,0.27,andrey santos,Midfield,right,180.0,FR1,25000000.0,25000000.0,https://img.a.transfermarkt.technology/portrait/header/743600-1732576153.png?lm=1,https://www.transfermarkt.co.uk/andrey-santos/profil/spieler/743600,andrey santos,André Santos,André Filipe Bernardes Santos,3/2/1989,30,154.94,73.0,"CM,CDM",Portugal,70,70,1700000.0,5000.0,Right,1,3,3,Normal,3600000.0,,,,,67,58,56,74,58,72,74,66,73,69,66,51,72,65,67,76,71,71,65,74,62,68,57,65,54,57,73,69,63,andré filipe bernardes santos,92
Mamadou Sarr,FRA,DF,18,27,27,"2,365",26.3,0,1,1,0,0,0,4,0,0.8,0.8,0.3,1.1,7,52,1,0.0,0.04,0.04,0.0,0.04,0.03,0.01,0.04,0.03,0.04,mamadou sarr,Defender,right,194.0,FR1,15000000.0,15000000.0,https://img.a.transfermarkt.technology/portrait/header/910905-1732575264.png?lm=1,https://www.transfermarkt.co.uk/mamadou-sarr/profil/spieler/910905,mamadou sarr,M. Sakho,Mamadou Sakho,2/13/1990,29,187.96,83.0,CB,France,79,80,11500000.0,58000.0,Left,3,2,2,Normal,22700000.0,France,84.0,SUB,5.0,58,23,74,77,20,50,50,30,69,63,49,55,50,70,54,51,75,70,91,38,87,81,36,61,40,76,74,82,78,mamadou sakho,80
Habib Diarra,SEN,"MT,AT",20,30,27,"2,352",26.1,4,5,9,2,2,2,6,0,3.3,1.8,4.5,6.3,61,116,114,0.15,0.19,0.34,0.08,0.27,0.13,0.17,0.3,0.07,0.24,habib diarra,Midfield,right,178.0,FR1,20000000.0,20000000.0,https://img.a.transfermarkt.technology/portrait/header/876631-1732576173.png?lm=1,https://www.transfermarkt.co.uk/habib-diarra/profil/spieler/876631,habib diarra,I. Diarra,Ibrahim Diarra,5/19/1998,20,172.72,67.1,"RW,LW",France,61,75,550000.0,5000.0,Left,1,2,3,Lean,1400000.0,,,,,58,58,42,51,47,71,53,42,49,62,79,78,77,50,85,66,45,50,30,46,30,23,54,51,57,51,20,22,19,ibrahim diarra,80
Sebastian Nanasi,SWE,"MT,AT",22,31,26,"2,107",23.4,6,4,10,6,0,0,1,0,6.5,6.5,4.9,11.4,53,126,127,0.26,0.17,0.43,0.26,0.43,0.28,0.21,0.49,0.28,0.49,sebastian nanasi,Midfield,right,178.0,FR1,15000000.0,15000000.0,https://img.a.transfermarkt.technology/portrait/header/579928-1732576164.png?lm=1,https://www.transfermarkt.co.uk/sebastian-nanasi/profil/spieler/579928,sebastian nanasi,S. Mai,Sebastian Mai,12/10/1993,25,195.58,93.0,"CB,ST,CM",Germany,64,69,500000.0,1000.0,Right,1,2,2,Stocky,763000.0,,,,,23,30,73,38,35,25,22,24,39,33,34,34,29,59,29,50,31,52,92,33,87,57,36,31,23,48,62,65,59,sebastian mai,83
Valentín Barco,ARG,"MT,DF",20,14,14,"1,157",12.9,0,2,2,0,0,0,2,0,0.5,0.5,1.5,2.0,20,64,55,0.0,0.16,0.16,0.0,0.16,0.04,0.11,0.15,0.04,0.15,valentin barco,Defender,left,170.0,FR1,8000000.0,13000000.0,https://img.a.transfermarkt.technology/portrait/header/849410-1683292377.jpg?lm=1,https://www.transfermarkt.co.uk/valentin-barco/profil/spieler/849410,valentin barco,V. Jacob,Valentin Jacob,6/15/1994,24,170.18,67.1,CAM,France,66,71,850000.0,2000.0,Right,1,2,3,Lean,1600000.0,,,,,52,58,34,65,67,64,62,65,57,66,76,69,74,62,83,61,56,64,40,55,36,42,61,71,62,68,44,49,38,valentin jacob,86
Karl-Johan Johnsson,SWE,GB,34,3,3,270,3.0,0,0,0,0,0,0,0,0,0.0,0.0,0.0,0.0,0,0,0,0.0,0.0,0.0,0.0,0.0,0.0,0.0,0.0,0.0,0.0,karl johan johnsson,Goalkeeper,right,188.0,FR1,400000.0,2500000.0,https://img.a.transfermarkt.technology/portrait/header/112822-1732486706.png?lm=1,https://www.transfermarkt.co.uk/karl-johan-johnsson/profil/spieler/112822,karl johan johnsson,K. Johnsson,Karl-Johan Johnsson,1/28/1990,29,187.96,83.9,GK,Sweden,73,74,3200000.0,15000.0,Right,1,2,1,Normal,6700000.0,Sweden,76.0,SUB,12.0,11,13,19,26,19,16,12,11,38,22,50,49,45,63,32,21,71,45,69,13,35,20,16,49,17,56,15,14,12,karl-johan johnsson,100
Jordan Pickford,ENG,GB,30,38,38,"3,420",38.0,0,1,1,0,0,0,7,0,0.0,0.0,0.4,0.4,0,0,0,0.0,0.03,0.03,0.0,0.03,0.0,0.01,0.01,0.0,0.01,jordan pickford,Goalkeeper,left,185.0,GB1,20000000.0,40000000.0,https://img.a.transfermarkt.technology/portrait/header/130164-1668499964.jpg?lm=1,https://www.transfermarkt.co.uk/jordan-pickford/profil/spieler/130164,jordan pickford,J. Pickford,Jordan Pickford,3/7/1994,25,185.42,77.1,GK,England,83,88,25000000.0,78000.0,Left,1,4,1,Normal,49400000.0,England,82.0,GK,1.0,17,19,15,55,20,14,18,16,55,40,53,44,55,83,55,31,72,45,70,13,30,24,18,68,41,69,16,20,12,jordan pickford,100
Vitaliy Mykolenko,UKR,DF,25,35,35,"3,082",34.2,1,2,3,1,0,0,4,0,0.5,0.5,2.6,3.1,33,110,99,0.03,0.06,0.09,0.03,0.09,0.01,0.08,0.09,0.01,0.09,vitaliy mykolenko,Defender,left,180.0,GB1,28000000.0,28000000.0,https://img.a.transfermarkt.technology/portrait/header/404842-1708012303.jpg?lm=1,https://www.transfermarkt.co.uk/vitaliy-mykolenko/profil/spieler/404842,vitaliy mykolenko,V. Mykolenko,Vitaliy Mykolenko,5/29/1999,19,154.94,71.2,"LB,CB",Ukraine,66,81,1200000.0,1000.0,Left,1,2,2,Lean,3400000.0,,,,,71,44,49,63,27,47,32,32,55,64,70,71,58,67,67,27,62,68,57,39,47,65,41,44,35,53,64,63,65,vitaliy mykolenko,100
James Tarkowski,ENG,DF,31,33,33,"2,922",32.5,1,1,2,1,0,0,6,0,1.3,1.3,2.9,4.2,9,75,3,0.03,0.03,0.06,0.03,0.06,0.04,0.09,0.13,0.04,0.13,james tarkowski,Defender,right,185.0,GB1,10000000.0,28000000.0,https://img.a.transfermarkt.technology/portrait/header/173504-1655979328.jpg?lm=1,https://www.transfermarkt.co.uk/james-tarkowski/profil/spieler/173504,james tarkowski,J. Tarkowski,James Tarkowski,11/19/1992,26,193.04,81.2,CB,England,79,82,13500000.0,53000.0,Right,1,4,2,Normal,26700000.0,,,,,59,36,80,72,40,65,54,57,72,69,55,63,58,75,57,63,82,70,81,38,79,79,43,66,52,78,79,80,79,james tarkowski,100
Abdoulaye Doucouré,MLI,MT,31,33,31,"2,564",28.5,3,2,5,3,0,0,5,1,4.1,4.1,2.4,6.6,42,82,96,0.11,0.07,0.18,0.11,0.18,0.15,0.09,0.23,0.15,0.23,abdoulaye doucoure,Midfield,right,183.0,GB1,8000000.0,25000000.0,https://img.a.transfermarkt.technology/portrait/header/127187-1687966805.jpg?lm=1,https://www.transfermarkt.co.uk/abdoulaye-doucoure/profil/spieler/127187,abdoulaye doucoure,A. Doucouré,Abdoulaye Doucouré,1/1/1993,26,182.88,76.2,"CDM,CM",France,81,85,19500000.0,60000.0,Right,2,3,3,Lean,38500000.0,,,,,68,73,66,82,68,78,41,42,74,80,63,70,60,77,69,84,72,93,81,75,78,82,73,77,54,74,79,83,75,abdoulaye doucouré,97
Jack Harrison,ENG,AT,27,34,24,"2,076",23.1,1,0,1,1,0,0,0,0,3.5,3.5,3.7,7.2,73,51,127,0.04,0.0,0.04,0.04,0.04,0.15,0.16,0.31,0.15,0.31,jack harrison,Attack,left,175.0,GB1,16000000.0,28000000.0,https://img.a.transfermarkt.technology/portrait/header/417346-1711746777.jpg?lm=1,https://www.transfermarkt.co.uk/jack-harrison/profil/spieler/417346,jack harrison,J. Harrison,Jack Harrison,11/20/1996,22,175.26,69.9,"RM,RW,LM",England,71,80,3700000.0,43000.0,Left,1,2,3,Normal,,,,,,67,66,43,66,59,74,69,56,60,70,86,78,80,65,77,67,61,77,60,56,59,36,68,62,64,63,37,39,48,jack harrison,100
Ashley Young,ENG,DF,39,32,19,"1,875",20.8,1,3,4,1,0,0,7,1,0.3,0.3,2.3,2.6,24,90,32,0.05,0.14,0.19,0.05,0.19,0.01,0.11,0.12,0.01,0.12,ashley young,Defender,both,175.0,GB1,500000.0,27000000.0,https://img.a.transfermarkt.technology/portrait/header/14086-1700736434.jpg?lm=1,https://www.transfermarkt.co.uk/ashley-young/profil/spieler/14086,ashley young,A. Young,Ashley Young,7/9/1985,33,175.26,64.9,"RB,LB",England,79,79,7000000.0,110000.0,Right,2,3,4,Lean,13300000.0,England,82.0,SUB,18.0,83,64,57,78,71,77,86,75,69,78,77,74,76,79,76,75,55,75,67,65,83,77,68,74,60,74,76,78,75,ashley young,100
Dominic Calvert-Lewin,ENG,AT,27,26,19,"1,609",17.9,3,1,4,3,0,0,2,0,6.7,6.7,0.6,7.4,23,20,112,0.17,0.06,0.22,0.17,0.22,0.38,0.04,0.41,0.38,0.41,dominic calvert lewin,Attack,right,189.0,GB1,20000000.0,45000000.0,https://img.a.transfermarkt.technology/portrait/header/306024-1685705768.jpg?lm=1,https://www.transfermarkt.co.uk/dominic-calvert-lewin/profil/spieler/306024,dominic calvert lewin,D. Calvert-Lewin,Dominic Calvert-Lewin,3/16/1997,21,187.96,71.2,"ST,LM",England,75,82,9500000.0,60000.0,Right,1,3,3,Lean,20000000.0,,,,,63,69,78,68,63,76,51,42,40,75,80,86,73,74,64,76,79,77,77,61,70,34,75,62,54,66,38,31,23,dominic calvert-lewin,100
James Garner,ENG,"MT,DF",23,21,17,"1,594",17.7,0,1,1,0,0,0,5,0,0.7,0.7,1.4,2.1,15,50,30,0.0,0.06,0.06,0.0,0.06,0.04,0.08,0.12,0.04,0.12,james garner,Midfield,right,182.0,GB1,20000000.0,22000000.0,https://img.a.transfermarkt.technology/portrait/header/505219-1662067244.jpg?lm=1,https://www.transfermarkt.co.uk/james-garner/profil/spieler/505219,james garner,J. Garner,James Garner,3/13/2001,17,182.88,74.8,"CDM,CM,CB",England,63,83,650000.0,7000.0,Right,1,3,2,Lean,1900000.0,,,,,53,51,53,65,50,54,54,44,63,60,66,67,64,62,59,54,57,63,61,54,64,59,53,63,64,65,61,61,58,james garner,100
Jake O'Brien,IRL,DF,23,20,17,"1,571",17.5,2,0,2,2,0,0,5,0,0.8,0.8,0.6,1.3,7,50,25,0.11,0.0,0.11,0.11,0.11,0.04,0.03,0.08,0.04,0.08,jake o'brien,Defender,right,197.0,GB1,15000000.0,15000000.0,https://img.a.transfermarkt.technology/portrait/header/711544-1662362868.jpg?lm=1,https://www.transfermarkt.co.uk/jake-obrien/profil/spieler/711544,jake o'brien,J. O'Brien,Joey O'Brien,2/17/1986,33,154.94,69.9,"RB,CB",Republic of Ireland,62,62,170000.0,1000.0,Right,1,3,2,Normal,264000.0,,,,,61,41,63,64,49,62,63,37,59,60,46,42,53,66,64,47,70,60,69,39,71,65,52,57,55,65,66,66,63,joey o'brien,86
Beto,GNB,AT,26,30,15,"1,534",17.0,8,0,8,8,0,0,2,0,8.2,8.2,1.2,9.4,15,16,77,0.47,0.0,0.47,0.47,0.47,0.48,0.07,0.55,0.48,0.55,beto,Attack,right,194.0,GB1,20000000.0,25000000.0,https://img.a.transfermarkt.technology/portrait/header/595809-1711746870.jpg?lm=1,https://www.transfermarkt.co.uk/beto/profil/spieler/595809,beto,Beto,António Alberto Bastos Pimparel,5/1/1982,36,182.88,81.2,GK,Portugal,76,76,1000000.0,12000.0,Right,2,3,1,Normal,2100000.0,Portugal,82.0,SUB,22.0,17,12,22,36,17,14,23,10,32,18,47,34,69,74,35,25,67,40,52,12,29,12,12,47,23,68,17,19,10,antónio alberto bastos pimparel,100
Dwight McNeil,ENG,"MT,AT",24,21,15,"1,371",15.2,4,6,10,4,0,0,1,0,1.1,1.1,5.2,6.3,38,69,80,0.26,0.39,0.66,0.26,0.66,0.07,0.34,0.41,0.07,0.41,dwight mcneil,Midfield,left,183.0,GB1,25000000.0,25000000.0,https://img.a.transfermarkt.technology/portrait/header/584769-1700651579.jpg?lm=1,https://www.transfermarkt.co.uk/dwight-mcneil/profil/spieler/584769,dwight mcneil,D. McNeil,Dwight McNeil,11/22/1999,19,182.88,68.0,LM,England,69,81,1700000.0,11000.0,Left,1,2,3,Lean,3700000.0,,,,,69,61,59,68,57,71,66,59,64,68,76,75,73,63,77,67,68,72,65,63,55,43,65,67,58,70,45,48,43,dwight mcneil,100
Jesper Lindstrøm,DEN,AT,24,25,15,"1,239",13.8,0,1,1,0,0,0,2,0,2.1,2.1,2.0,4.1,30,25,81,0.0,0.07,0.07,0.0,0.07,0.15,0.15,0.3,0.15,0.3,jesper lindstrøm,Attack,right,182.0,GB1,20000000.0,28000000.0,https://img.a.transfermarkt.technology/portrait/header/513245-1663065433.jpg?lm=1,https://www.transfermarkt.co.uk/jesper-lindstrom/profil/spieler/513245,jesper lindstrøm,J. Lindstrøm,Jesper Lindstrøm,2/29/2000,19,182.88,64.0,"CAM,ST,CM",Denmark,52,72,100000.0,2000.0,Right,1,3,2,Normal,225000.0,,,,,42,44,39,60,42,50,44,41,51,48,68,70,54,44,74,45,50,49,34,32,49,27,41,56,45,54,37,40,44,jesper lindstrøm,100
Orel Mangala,BEL,MT,26,19,14,"1,261",14.0,1,0,1,1,0,0,2,0,1.1,1.1,0.6,1.8,6,34,19,0.07,0.0,0.07,0.07,0.07,0.08,0.05,0.13,0.08,0.13,orel mangala,Midfield,right,178.0,GB1,20000000.0,22000000.0,https://img.a.transfermarkt.technology/portrait/header/289592-1657181518.jpg?lm=1,https://www.transfermarkt.co.uk/orel-mangala/profil/spieler/289592,orel mangala,O. Mangala,Orel Mangala,3/18/1998,20,152.4,78.0,"CM,CDM",Belgium,73,84,7000000.0,19000.0,Right,1,4,3,Normal,,,,,,63,38,51,75,51,77,57,50,69,77,75,69,76,72,68,65,66,78,69,62,65,67,60,75,42,71,73,65,59,orel mangala,100
Michael Keane,ENG,DF,31,14,11,"1,049",11.7,3,0,3,3,0,0,5,0,0.6,0.6,0.1,0.7,1,14,3,0.26,0.0,0.26,0.26,0.26,0.05,0.01,0.06,0.05,0.06,michael keane,Defender,right,188.0,GB1,6000000.0,30000000.0,https://img.a.transfermarkt.technology/portrait/header/118534-1687967021.jpg?lm=1,https://www.transfermarkt.co.uk/michael-keane/profil/spieler/118534,michael keane,M. Keane,Michael Keane,1/11/1993,26,190.5,82.1,CB,England,79,82,13500000.0,84000.0,Right,2,3,2,Normal,26700000.0,,,,,60,50,81,71,40,66,53,33,69,69,58,65,59,75,62,58,82,68,85,46,68,80,29,56,48,71,79,81,80,michael keane,100
Séamus Coleman,IRL,DF,35,5,3,215,2.4,0,0,0,0,0,0,1,0,0.6,0.6,0.0,0.6,1,11,7,0.0,0.0,0.0,0.0,0.0,0.24,0.0,0.24,0.24,0.24,seamus coleman,Defender,right,177.0,GB1,500000.0,19000000.0,https://img.a.transfermarkt.technology/portrait/header/68390-1627488566.jpg?lm=1,https://www.transfermarkt.co.uk/seamus-coleman/profil/spieler/68390,seamus coleman,S. Coleman,Séamus Coleman,10/11/1988,30,152.4,77.1,RB,Republic of Ireland,79,79,9500000.0,92000.0,Right,2,3,3,Normal,18100000.0,Republic of Ireland,74.0,RWB,2.0,82,61,69,78,64,79,60,53,70,78,77,75,73,79,74,75,71,75,69,66,78,79,75,70,55,82,77,82,80,séamus coleman,96
Oliver Baumann,GER,GB,34,28,28,"2,520",28.0,0,0,0,0,0,0,1,0,0.0,0.0,1.0,1.0,0,1,0,0.0,0.0,0.0,0.0,0.0,0.0,0.03,0.03,0.0,0.03,oliver baumann,Goalkeeper,right,187.0,L1,3000000.0,10000000.0,https://img.a.transfermarkt.technology/portrait/header/55089-1657200130.jpg?lm=1,https://www.transfermarkt.co.uk/oliver-baumann/profil/spieler/55089,oliver baumann,O. Baumann,Oliver Baumann,6/2/1990,28,187.96,82.1,GK,Germany,83,84,21000000.0,42000.0,Right,2,1,1,Normal,37300000.0,,,,,14,11,16,30,11,19,12,11,25,17,47,51,45,81,43,21,73,39,69,13,32,21,10,41,22,52,15,18,14,oliver baumann,100
Kevin Akpoguma,NGA,DF,29,32,23,"2,220",24.7,0,0,0,0,0,0,3,0,0.1,0.1,0.3,0.4,14,98,16,0.0,0.0,0.0,0.0,0.0,0.0,0.01,0.02,0.0,0.02,kevin akpoguma,Defender,right,192.0,L1,2500000.0,12000000.0,https://img.a.transfermarkt.technology/portrait/header/160241-1723920979.jpg?lm=1,https://www.transfermarkt.co.uk/kevin-akpoguma/profil/spieler/160241,kevin akpoguma,K. Akpoguma,Kevin Akpoguma,4/19/1995,23,193.04,84.8,CB,Germany,75,81,8000000.0,24000.0,Right,1,4,2,Normal,,,,,,60,45,70,65,35,59,31,27,60,63,69,78,54,73,51,70,55,67,78,38,69,74,45,38,48,60,77,78,76,kevin akpoguma,100
Alexander Prass,AUT,DF,23,23,19,"1,566",17.4,0,1,1,0,0,0,1,0,0.9,0.9,2.8,3.6,28,63,66,0.0,0.06,0.06,0.0,0.06,0.05,0.16,0.21,0.05,0.21,alexander prass,Defender,left,180.0,L1,6500000.0,12000000.0,https://img.a.transfermarkt.technology/portrait/header/434116-1723921044.jpg?lm=1,https://www.transfermarkt.co.uk/alexander-prass/profil/spieler/434116,alexander prass,A. Fransson,Alexander Fransson,4/2/1994,24,154.94,73.9,"CM,CDM",Sweden,72,77,4100000.0,5000.0,Right,1,3,3,Lean,5400000.0,,,,,59,59,60,71,60,69,62,56,71,73,66,70,76,75,78,70,68,83,71,71,73,70,67,66,47,73,68,68,65,alexander fransson,85
Valentin Gendrey,FRA,DF,24,22,14,"1,414",15.7,1,1,2,1,0,0,1,0,1.1,1.1,1.8,2.9,24,49,86,0.06,0.06,0.13,0.06,0.13,0.07,0.12,0.19,0.07,0.19,valentin gendrey,Defender,right,179.0,L1,8500000.0,8500000.0,https://img.a.transfermarkt.technology/portrait/header/569387-1663745931.jpg?lm=1,https://www.transfermarkt.co.uk/valentin-gendrey/profil/spieler/569387,valentin gendrey,V. Gendrey,Valentin Gendrey,6/21/2000,18,152.4,74.8,RB,France,58,70,180000.0,1000.0,Right,1,2,2,Normal,396000.0,,,,,51,34,48,35,26,64,36,34,35,57,64,61,58,57,66,32,63,62,55,28,74,56,46,40,45,40,54,63,66,valentin gendrey,100
Florian Grillitsch,AUT,MT,28,8,8,601,6.7,0,0,0,0,0,0,1,0,0.2,0.2,0.2,0.3,4,44,4,0.0,0.0,0.0,0.0,0.0,0.02,0.03,0.05,0.02,0.05,florian grillitsch,Midfield,right,187.0,ES1,3000000.0,25000000.0,https://img.a.transfermarkt.technology/portrait/header/195736-1691269821.jpg?lm=1,https://www.transfermarkt.co.uk/florian-grillitsch/profil/spieler/195736,florian grillitsch,F. Grillitsch,Florian Grillitsch,8/7/1995,23,187.96,77.1,"CM,CDM",Austria,77,82,11500000.0,30000.0,Right,2,3,3,Lean,20400000.0,Austria,77.0,SUB,20.0,68,58,61,81,53,76,47,68,77,81,62,63,68,78,64,65,48,69,68,55,49,73,70,78,50,80,68,69,50,florian grillitsch,100
Dennis Geiger,GER,"MT,AT",26,20,7,734,8.2,0,0,0,0,0,0,4,0,0.2,0.2,0.5,0.6,12,37,21,0.0,0.0,0.0,0.0,0.0,0.02,0.06,0.08,0.02,0.08,dennis geiger,Midfield,right,173.0,L1,3000000.0,13000000.0,https://img.a.transfermarkt.technology/portrait/header/251309-1723921207.jpg?lm=1,https://www.transfermarkt.co.uk/dennis-geiger/profil/spieler/251309,dennis geiger,D. Geiger,Dennis Geiger,6/10/1998,20,172.72,64.9,CM,Germany,70,84,3900000.0,13000.0,Right,1,3,3,Lean,9000000.0,,,,,46,38,29,79,45,72,50,48,72,79,67,63,85,69,82,54,57,76,41,55,63,61,46,72,40,57,60,47,44,dennis geiger,100
Diadie Samassékou,MLI,MT,28,8,6,290,3.2,0,0,0,0,0,0,0,0,0.1,0.1,0.0,0.1,3,11,2,0.0,0.0,0.0,0.0,0.0,0.02,0.0,0.02,0.02,0.02,diadie samassekou,Midfield,right,177.0,L1,1000000.0,20000000.0,https://img.a.transfermarkt.technology/portrait/header/315604-1657200749.jpg?lm=1,https://www.transfermarkt.co.uk/diadie-samassekou/profil/spieler/315604,diadie samassekou,D. Samassékou,Diadie Samassékou,1/11/1996,23,152.4,68.0,CDM,Mali,78,86,13000000.0,31000.0,Right,1,3,3,Lean,22100000.0,,,,,57,42,59,76,37,69,55,34,72,74,68,77,77,78,77,60,74,81,72,54,75,79,55,72,56,79,77,80,77,diadie samassékou,97
Andrey Santos,BRA,MT,20,32,32,"2,855",31.7,10,3,13,10,0,0,8,0,5.1,5.1,3.3,8.4,29,149,26,0.32,0.09,0.41,0.32,0.41,0.16,0.1,0.27,0.16,0.27,andrey santos,Midfield,right,180.0,FR1,25000000.0,25000000.0,https://img.a.transfermarkt.technology/portrait/header/743600-1732576153.png?lm=1,https://www.transfermarkt.co.uk/andrey-santos/profil/spieler/743600,andrey santos,André Santos,André Filipe Bernardes Santos,3/2/1989,30,154.94,73.0,"CM,CDM",Portugal,70,70,1700000.0,5000.0,Right,1,3,3,Normal,3600000.0,,,,,67,58,56,74,58,72,74,66,73,69,66,51,72,65,67,76,71,71,65,74,62,68,57,65,54,57,73,69,63,andré filipe bernardes santos,92
Mamadou Sarr,FRA,DF,18,27,27,"2,365",26.3,0,1,1,0,0,0,4,0,0.8,0.8,0.3,1.1,7,52,1,0.0,0.04,0.04,0.0,0.04,0.03,0.01,0.04,0.03,0.04,mamadou sarr,Defender,right,194.0,FR1,15000000.0,15000000.0,https://img.a.transfermarkt.technology/portrait/header/910905-1732575264.png?lm=1,https://www.transfermarkt.co.uk/mamadou-sarr/profil/spieler/910905,mamadou sarr,M. Sakho,Mamadou Sakho,2/13/1990,29,187.96,83.0,CB,France,79,80,11500000.0,58000.0,Left,3,2,2,Normal,22700000.0,France,84.0,SUB,5.0,58,23,74,77,20,50,50,30,69,63,49,55,50,70,54,51,75,70,91,38,87,81,36,61,40,76,74,82,78,mamadou sakho,80
Habib Diarra,SEN,"MT,AT",20,30,27,"2,352",26.1,4,5,9,2,2,2,6,0,3.3,1.8,4.5,6.3,61,116,114,0.15,0.19,0.34,0.08,0.27,0.13,0.17,0.3,0.07,0.24,habib diarra,Midfield,right,178.0,FR1,20000000.0,20000000.0,https://img.a.transfermarkt.technology/portrait/header/876631-1732576173.png?lm=1,https://www.transfermarkt.co.uk/habib-diarra/profil/spieler/876631,habib diarra,I. Diarra,Ibrahim Diarra,5/19/1998,20,172.72,67.1,"RW,LW",France,61,75,550000.0,5000.0,Left,1,2,3,Lean,1400000.0,,,,,58,58,42,51,47,71,53,42,49,62,79,78,77,50,85,66,45,50,30,46,30,23,54,51,57,51,20,22,19,ibrahim diarra,80
Sebastian Nanasi,SWE,"MT,AT",22,31,26,"2,107",23.4,6,4,10,6,0,0,1,0,6.5,6.5,4.9,11.4,53,126,127,0.26,0.17,0.43,0.26,0.43,0.28,0.21,0.49,0.28,0.49,sebastian nanasi,Midfield,right,178.0,FR1,15000000.0,15000000.0,https://img.a.transfermarkt.technology/portrait/header/579928-1732576164.png?lm=1,https://www.transfermarkt.co.uk/sebastian-nanasi/profil/spieler/579928,sebastian nanasi,S. Mai,Sebastian Mai,12/10/1993,25,195.58,93.0,"CB,ST,CM",Germany,64,69,500000.0,1000.0,Right,1,2,2,Stocky,763000.0,,,,,23,30,73,38,35,25,22,24,39,33,34,34,29,59,29,50,31,52,92,33,87,57,36,31,23,48,62,65,59,sebastian mai,83
Valentín Barco,ARG,"MT,DF",20,14,14,"1,157",12.9,0,2,2,0,0,0,2,0,0.5,0.5,1.5,2.0,20,64,55,0.0,0.16,0.16,0.0,0.16,0.04,0.11,0.15,0.04,0.15,valentin barco,Defender,left,170.0,FR1,8000000.0,13000000.0,https://img.a.transfermarkt.technology/portrait/header/849410-1683292377.jpg?lm=1,https://www.transfermarkt.co.uk/valentin-barco/profil/spieler/849410,valentin barco,V. Jacob,Valentin Jacob,6/15/1994,24,170.18,67.1,CAM,France,66,71,850000.0,2000.0,Right,1,2,3,Lean,1600000.0,,,,,52,58,34,65,67,64,62,65,57,66,76,69,74,62,83,61,56,64,40,55,36,42,61,71,62,68,44,49,38,valentin jacob,86
Karl-Johan Johnsson,SWE,GB,34,3,3,270,3.0,0,0,0,0,0,0,0,0,0.0,0.0,0.0,0.0,0,0,0,0.0,0.0,0.0,0.0,0.0,0.0,0.0,0.0,0.0,0.0,karl johan johnsson,Goalkeeper,right,188.0,FR1,400000.0,2500000.0,https://img.a.transfermarkt.technology/portrait/header/112822-1732486706.png?lm=1,https://www.transfermarkt.co.uk/karl-johan-johnsson/profil/spieler/112822,karl johan johnsson,K. Johnsson,Karl-Johan Johnsson,1/28/1990,29,187.96,83.9,GK,Sweden,73,74,3200000.0,15000.0,Right,1,2,1,Normal,6700000.0,Sweden,76.0,SUB,12.0,11,13,19,26,19,16,12,11,38,22,50,49,45,63,32,21,71,45,69,13,35,20,16,49,17,56,15,14,12,karl-johan johnsson,100
Oliver Baumann,GER,GB,34,28,28,"2,520",28.0,0,0,0,0,0,0,1,0,0.0,0.0,1.0,1.0,0,1,0,0.0,0.0,0.0,0.0,0.0,0.0,0.03,0.03,0.0,0.03,oliver baumann,Goalkeeper,right,187.0,L1,3000000.0,10000000.0,https://img.a.transfermarkt.technology/portrait/header/55089-1657200130.jpg?lm=1,https://www.transfermarkt.co.uk/oliver-baumann/profil/spieler/55089,oliver baumann,O. Baumann,Oliver Baumann,6/2/1990,28,187.96,82.1,GK,Germany,83,84,21000000.0,42000.0,Right,2,1,1,Normal,37300000.0,,,,,14,11,16,30,11,19,12,11,25,17,47,51,45,81,43,21,73,39,69,13,32,21,10,41,22,52,15,18,14,oliver baumann,100
Kevin Akpoguma,NGA,DF,29,32,23,"2,220",24.7,0,0,0,0,0,0,3,0,0.1,0.1,0.3,0.4,14,98,16,0.0,0.0,0.0,0.0,0.0,0.0,0.01,0.02,0.0,0.02,kevin akpoguma,Defender,right,192.0,L1,2500000.0,12000000.0,https://img.a.transfermarkt.technology/portrait/header/160241-1723920979.jpg?lm=1,https://www.transfermarkt.co.uk/kevin-akpoguma/profil/spieler/160241,kevin akpoguma,K. Akpoguma,Kevin Akpoguma,4/19/1995,23,193.04,84.8,CB,Germany,75,81,8000000.0,24000.0,Right,1,4,2,Normal,,,,,,60,45,70,65,35,59,31,27,60,63,69,78,54,73,51,70,55,67,78,38,69,74,45,38,48,60,77,78,76,kevin akpoguma,100
Alexander Prass,AUT,DF,23,23,19,"1,566",17.4,0,1,1,0,0,0,1,0,0.9,0.9,2.8,3.6,28,63,66,0.0,0.06,0.06,0.0,0.06,0.05,0.16,0.21,0.05,0.21,alexander prass,Defender,left,180.0,L1,6500000.0,12000000.0,https://img.a.transfermarkt.technology/portrait/header/434116-1723921044.jpg?lm=1,https://www.transfermarkt.co.uk/alexander-prass/profil/spieler/434116,alexander prass,A. Fransson,Alexander Fransson,4/2/1994,24,154.94,73.9,"CM,CDM",Sweden,72,77,4100000.0,5000.0,Right,1,3,3,Lean,5400000.0,,,,,59,59,60,71,60,69,62,56,71,73,66,70,76,75,78,70,68,83,71,71,73,70,67,66,47,73,68,68,65,alexander fransson,85
Valentin Gendrey,FRA,DF,24,22,14,"1,414",15.7,1,1,2,1,0,0,1,0,1.1,1.1,1.8,2.9,24,49,86,0.06,0.06,0.13,0.06,0.13,0.07,0.12,0.19,0.07,0.19,valentin gendrey,Defender,right,179.0,L1,8500000.0,8500000.0,https://img.a.transfermarkt.technology/portrait/header/569387-1663745931.jpg?lm=1,https://www.transfermarkt.co.uk/valentin-gendrey/profil/spieler/569387,valentin gendrey,V. Gendrey,Valentin Gendrey,6/21/2000,18,152.4,74.8,RB,France,58,70,180000.0,1000.0,Right,1,2,2,Normal,396000.0,,,,,51,34,48,35,26,64,36,34,35,57,64,61,58,57,66,32,63,62,55,28,74,56,46,40,45,40,54,63,66,valentin gendrey,100
Florian Grillitsch,AUT,MT,28,8,8,601,6.7,0,0,0,0,0,0,1,0,0.2,0.2,0.2,0.3,4,44,4,0.0,0.0,0.0,0.0,0.0,0.02,0.03,0.05,0.02,0.05,florian grillitsch,Midfield,right,187.0,ES1,3000000.0,25000000.0,https://img.a.transfermarkt.technology/portrait/header/195736-1691269821.jpg?lm=1,https://www.transfermarkt.co.uk/florian-grillitsch/profil/spieler/195736,florian grillitsch,F. Grillitsch,Florian Grillitsch,8/7/1995,23,187.96,77.1,"CM,CDM",Austria,77,82,11500000.0,30000.0,Right,2,3,3,Lean,20400000.0,Austria,77.0,SUB,20.0,68,58,61,81,53,76,47,68,77,81,62,63,68,78,64,65,48,69,68,55,49,73,70,78,50,80,68,69,50,florian grillitsch,100
Dennis Geiger,GER,"MT,AT",26,20,7,734,8.2,0,0,0,0,0,0,4,0,0.2,0.2,0.5,0.6,12,37,21,0.0,0.0,0.0,0.0,0.0,0.02,0.06,0.08,0.02,0.08,dennis geiger,Midfield,right,173.0,L1,3000000.0,13000000.0,https://img.a.transfermarkt.technology/portrait/header/251309-1723921207.jpg?lm=1,https://www.transfermarkt.co.uk/dennis-geiger/profil/spieler/251309,dennis geiger,D. Geiger,Dennis Geiger,6/10/1998,20,172.72,64.9,CM,Germany,70,84,3900000.0,13000.0,Right,1,3,3,Lean,9000000.0,,,,,46,38,29,79,45,72,50,48,72,79,67,63,85,69,82,54,57,76,41,55,63,61,46,72,40,57,60,47,44,dennis geiger,100
Diadie Samassékou,MLI,MT,28,8,6,290,3.2,0,0,0,0,0,0,0,0,0.1,0.1,0.0,0.1,3,11,2,0.0,0.0,0.0,0.0,0.0,0.02,0.0,0.02,0.02,0.02,diadie samassekou,Midfield,right,177.0,L1,1000000.0,20000000.0,https://img.a.transfermarkt.technology/portrait/header/315604-1657200749.jpg?lm=1,https://www.transfermarkt.co.uk/diadie-samassekou/profil/spieler/315604,diadie samassekou,D. Samassékou,Diadie Samassékou,1/11/1996,23,152.4,68.0,CDM,Mali,78,86,13000000.0,31000.0,Right,1,3,3,Lean,22100000.0,,,,,57,42,59,76,37,69,55,34,72,74,68,77,77,78,77,60,74,81,72,54,75,79,55,72,56,79,77,80,77,diadie samassékou,97
Andrey Santos,BRA,MT,20,32,32,"2,855",31.7,10,3,13,10,0,0,8,0,5.1,5.1,3.3,8.4,29,149,26,0.32,0.09,0.41,0.32,0.41,0.16,0.1,0.27,0.16,0.27,andrey santos,Midfield,right,180.0,FR1,25000000.0,25000000.0,https://img.a.transfermarkt.technology/portrait/header/743600-1732576153.png?lm=1,https://www.transfermarkt.co.uk/andrey-santos/profil/spieler/743600,andrey santos,André Santos,André Filipe Bernardes Santos,3/2/1989,30,154.94,73.0,"CM,CDM",Portugal,70,70,1700000.0,5000.0,Right,1,3,3,Normal,3600000.0,,,,,67,58,56,74,58,72,74,66,73,69,66,51,72,65,67,76,71,71,65,74,62,68,57,65,54,57,73,69,63,andré filipe bernardes santos,92
Mamadou Sarr,FRA,DF,18,27,27,"2,365",26.3,0,1,1,0,0,0,4,0,0.8,0.8,0.3,1.1,7,52,1,0.0,0.04,0.04,0.0,0.04,0.03,0.01,0.04,0.03,0.04,mamadou sarr,Defender,right,194.0,FR1,15000000.0,15000000.0,https://img.a.transfermarkt.technology/portrait/header/910905-1732575264.png?lm=1,https://www.transfermarkt.co.uk/mamadou-sarr/profil/spieler/910905,mamadou sarr,M. Sakho,Mamadou Sakho,2/13/1990,29,187.96,83.0,CB,France,79,80,11500000.0,58000.0,Left,3,2,2,Normal,22700000.0,France,84.0,SUB,5.0,58,23,74,77,20,50,50,30,69,63,49,55,50,70,54,51,75,70,91,38,87,81,36,61,40,76,74,82,78,mamadou sakho,80
Habib Diarra,SEN,"MT,AT",20,30,27,"2,352",26.1,4,5,9,2,2,2,6,0,3.3,1.8,4.5,6.3,61,116,114,0.15,0.19,0.34,0.08,0.27,0.13,0.17,0.3,0.07,0.24,habib diarra,Midfield,right,178.0,FR1,20000000.0,20000000.0,https://img.a.transfermarkt.technology/portrait/header/876631-1732576173.png?lm=1,https://www.transfermarkt.co.uk/habib-diarra/profil/spieler/876631,habib diarra,I. Diarra,Ibrahim Diarra,5/19/1998,20,172.72,67.1,"RW,LW",France,61,75,550000.0,5000.0,Left,1,2,3,Lean,1400000.0,,,,,58,58,42,51,47,71,53,42,49,62,79,78,77,50,85,66,45,50,30,46,30,23,54,51,57,51,20,22,19,ibrahim diarra,80
Sebastian Nanasi,SWE,"MT,AT",22,31,26,"2,107",23.4,6,4,10,6,0,0,1,0,6.5,6.5,4.9,11.4,53,126,127,0.26,0.17,0.43,0.26,0.43,0.28,0.21,0.49,0.28,0.49,sebastian nanasi,Midfield,right,178.0,FR1,15000000.0,15000000.0,https://img.a.transfermarkt.technology/portrait/header/579928-1732576164.png?lm=1,https://www.transfermarkt.co.uk/sebastian-nanasi/profil/spieler/579928,sebastian nanasi,S. Mai,Sebastian Mai,12/10/1993,25,195.58,93.0,"CB,ST,CM",Germany,64,69,500000.0,1000.0,Right,1,2,2,Stocky,763000.0,,,,,23,30,73,38,35,25,22,24,39,33,34,34,29,59,29,50,31,52,92,33,87,57,36,31,23,48,62,65,59,sebastian mai,83
Valentín Barco,ARG,"MT,DF",20,14,14,"1,157",12.9,0,2,2,0,0,0,2,0,0.5,0.5,1.5,2.0,20,64,55,0.0,0.16,0.16,0.0,0.16,0.04,0.11,0.15,0.04,0.15,valentin barco,Defender,left,170.0,FR1,8000000.0,13000000.0,https://img.a.transfermarkt.technology/portrait/header/849410-1683292377.jpg?lm=1,https://www.transfermarkt.co.uk/valentin-barco/profil/spieler/849410,valentin barco,V. Jacob,Valentin Jacob,6/15/1994,24,170.18,67.1,CAM,France,66,71,850000.0,2000.0,Right,1,2,3,Lean,1600000.0,,,,,52,58,34,65,67,64,62,65,57,66,76,69,74,62,83,61,56,64,40,55,36,42,61,71,62,68,44,49,38,valentin jacob,86
Karl-Johan Johnsson,SWE,GB,34,3,3,270,3.0,0,0,0,0,0,0,0,0,0.0,0.0,0.0,0.0,0,0,0,0.0,0.0,0.0,0.0,0.0,0.0,0.0,0.0,0.0,0.0,karl johan johnsson,Goalkeeper,right,188.0,FR1,400000.0,2500000.0,https://img.a.transfermarkt.technology/portrait/header/112822-1732486706.png?lm=1,https://www.transfermarkt.co.uk/karl-johan-johnsson/profil/spieler/112822,karl johan johnsson,K. Johnsson,Karl-Johan Johnsson,1/28/1990,29,187.96,83.9,GK,Sweden,73,74,3200000.0,15000.0,Right,1,2,1,Normal,6700000.0,Sweden,76.0,SUB,12.0,11,13,19,26,19,16,12,11,38,22,50,49,45,63,32,21,71,45,69,13,35,20,16,49,17,56,15,14,12,karl-johan johnsson,100
Hauke Wahl,GER,DF,30,33,33,"2,970",33.0,0,0,0,0,0,0,1,0,0.9,0.9,0.5,1.4,30,142,10,0.0,0.0,0.0,0.0,0.0,0.03,0.02,0.04,0.03,0.04,hauke wahl,Defender,right,189.0,L1,1500000.0,2000000.0,https://img.a.transfermarkt.technology/portrait/header/154147-1723631071.jpeg?lm=1,https://www.transfermarkt.co.uk/hauke-wahl/profil/spieler/154147,hauke wahl,H. Wahl,Hauke Wahl,4/15/1994,24,187.96,84.8,CB,Germany,71,74,2500000.0,7000.0,Right,1,3,2,Normal,4200000.0,,,,,24,36,71,50,21,40,22,20,43,56,54,63,56,67,58,44,80,68,79,24,60,73,29,37,37,64,72,73,67,hauke wahl,100
Philipp Treu,GER,"MT,DF",23,33,33,"2,881",32.0,0,2,2,0,0,0,2,0,1.2,1.2,2.5,3.7,58,105,117,0.0,0.06,0.06,0.0,0.06,0.04,0.08,0.12,0.04,0.12,philipp treu,Defender,right,173.0,L1,5000000.0,5000000.0,https://img.a.transfermarkt.technology/portrait/header/335993-1723631488.jpeg?lm=1,https://www.transfermarkt.co.uk/philipp-treu/profil/spieler/335993,philipp treu,Philippe,Philippe Almeida Costa,3/1/2000,19,185.42,64.9,ST,Brazil,56,73,190000.0,2000.0,Right,1,3,2,Lean,394000.0,,,,,29,58,46,45,53,60,50,29,34,58,68,65,66,51,74,56,54,76,68,51,26,13,46,47,66,47,20,14,12,philippe almeida costa,80
Jackson Irvine,AUS,MT,31,29,29,"2,610",29.0,0,6,6,0,0,0,2,0,3.2,3.0,3.9,7.0,19,117,58,0.0,0.21,0.21,0.0,0.21,0.11,0.14,0.25,0.1,0.24,jackson irvine,Midfield,right,189.0,L1,2000000.0,3500000.0,https://img.a.transfermarkt.technology/portrait/header/192557-1723631725.jpeg?lm=1,https://www.transfermarkt.co.uk/jackson-irvine/profil/spieler/192557,jackson irvine,J. Irvine,Jackson Irvine,3/7/1993,26,187.96,69.9,"CAM,CM,CDM",Australia,71,75,3100000.0,17000.0,Right,1,3,3,Normal,6000000.0,Australia,73.0,LCM,22.0,61,70,73,69,58,67,60,63,65,71,75,68,62,74,66,72,82,81,80,66,75,69,71,71,55,71,68,71,68,jackson irvine,100
Johannes Eggestein,GER,AT,26,27,22,"1,853",20.6,3,4,7,2,1,2,3,0,4.7,3.1,2.1,5.2,25,43,138,0.15,0.19,0.34,0.1,0.29,0.23,0.1,0.33,0.15,0.25,johannes eggestein,Attack,right,183.0,L1,3000000.0,10000000.0,https://img.a.transfermarkt.technology/portrait/header/251303-1723632371.jpeg?lm=1,https://www.transfermarkt.co.uk/johannes-eggestein/profil/spieler/251303,johannes eggestein,J. Eggestein,Johannes Eggestein,5/8/1998,20,182.88,74.8,"RW,ST",Germany,70,83,3400000.0,12000.0,Right,1,4,3,Lean,7900000.0,,,,,60,74,65,68,66,74,60,42,61,74,73,68,76,67,67,73,63,61,54,59,34,36,71,64,65,65,55,24,20,johannes eggestein,100
Karol Mets,EST,DF,31,10,10,900,10.0,0,0,0,0,0,0,1,0,0.1,0.1,0.2,0.3,5,54,2,0.0,0.0,0.0,0.0,0.0,0.01,0.02,0.03,0.01,0.03,karol mets,Defender,left,191.0,L1,1300000.0,1300000.0,https://img.a.transfermarkt.technology/portrait/header/139304-1723630917.jpeg?lm=1,https://www.transfermarkt.co.uk/karol-mets/profil/spieler/139304,karol mets,K. Mets,Karol Mets,5/16/1993,25,190.5,79.8,CB,Estonia,66,69,675000.0,3000.0,Left,1,3,2,Normal,1000000.0,,,,,55,50,60,63,34,55,60,31,63,63,54,47,57,63,50,58,69,74,83,50,67,61,50,55,51,62,68,64,61,karol mets,100
James Sands,USA,"MT,DF",24,7,5,453,5.0,0,0,0,0,0,0,1,0,0.1,0.1,0.0,0.1,0,16,6,0.0,0.0,0.0,0.0,0.0,0.01,0.0,0.01,0.01,0.01,james sands,Midfield,right,186.0,L1,3000000.0,4000000.0,https://img.a.transfermarkt.technology/portrait/header/393321-1710582814.jpg?lm=1,https://www.transfermarkt.co.uk/james-sands/profil/spieler/393321,james sands,J. Sands,James Sands,7/6/2000,18,154.94,73.0,CDM,United States,58,75,230000.0,1000.0,Right,1,3,2,Lean,489000.0,,,,,46,55,42,56,38,59,38,35,50,59,61,61,54,54,65,53,57,57,46,40,50,64,47,61,37,43,58,63,59,james sands,100
Connor Metcalfe,AUS,"MT,AT",24,10,3,358,4.0,0,0,0,0,0,0,2,1,0.7,0.7,0.2,0.9,6,8,11,0.0,0.0,0.0,0.0,0.0,0.18,0.04,0.22,0.18,0.22,connor metcalfe,Midfield,left,183.0,L1,2500000.0,2500000.0,https://img.a.transfermarkt.technology/portrait/header/522223-1723631966.jpeg?lm=1,https://www.transfermarkt.co.uk/connor-metcalfe/profil/spieler/522223,connor metcalfe,C. Metcalfe,Connor Metcalfe,11/5/1999,19,152.4,69.9,CM,Australia,51,68,80000.0,1000.0,Right,1,2,2,Lean,150000.0,,,,,29,30,44,53,27,56,23,20,50,57,62,65,56,56,75,50,74,62,47,21,41,51,39,45,36,39,56,50,48,connor metcalfe,100
Oliver Baumann,GER,GB,34,28,28,"2,520",28.0,0,0,0,0,0,0,1,0,0.0,0.0,1.0,1.0,0,1,0,0.0,0.0,0.0,0.0,0.0,0.0,0.03,0.03,0.0,0.03,oliver baumann,Goalkeeper,right,187.0,L1,3000000.0,10000000.0,https://img.a.transfermarkt.technology/portrait/header/55089-1657200130.jpg?lm=1,https://www.transfermarkt.co.uk/oliver-baumann/profil/spieler/55089,oliver baumann,O. Baumann,Oliver Baumann,6/2/1990,28,187.96,82.1,GK,Germany,83,84,21000000.0,42000.0,Right,2,1,1,Normal,37300000.0,,,,,14,11,16,30,11,19,12,11,25,17,47,51,45,81,43,21,73,39,69,13,32,21,10,41,22,52,15,18,14,oliver baumann,100
Kevin Akpoguma,NGA,DF,29,32,23,"2,220",24.7,0,0,0,0,0,0,3,0,0.1,0.1,0.3,0.4,14,98,16,0.0,0.0,0.0,0.0,0.0,0.0,0.01,0.02,0.0,0.02,kevin akpoguma,Defender,right,192.0,L1,2500000.0,12000000.0,https://img.a.transfermarkt.technology/portrait/header/160241-1723920979.jpg?lm=1,https://www.transfermarkt.co.uk/kevin-akpoguma/profil/spieler/160241,kevin akpoguma,K. Akpoguma,Kevin Akpoguma,4/19/1995,23,193.04,84.8,CB,Germany,75,81,8000000.0,24000.0,Right,1,4,2,Normal,,,,,,60,45,70,65,35,59,31,27,60,63,69,78,54,73,51,70,55,67,78,38,69,74,45,38,48,60,77,78,76,kevin akpoguma,100
Alexander Prass,AUT,DF,23,23,19,"1,566",17.4,0,1,1,0,0,0,1,0,0.9,0.9,2.8,3.6,28,63,66,0.0,0.06,0.06,0.0,0.06,0.05,0.16,0.21,0.05,0.21,alexander prass,Defender,left,180.0,L1,6500000.0,12000000.0,https://img.a.transfermarkt.technology/portrait/header/434116-1723921044.jpg?lm=1,https://www.transfermarkt.co.uk/alexander-prass/profil/spieler/434116,alexander prass,A. Fransson,Alexander Fransson,4/2/1994,24,154.94,73.9,"CM,CDM",Sweden,72,77,4100000.0,5000.0,Right,1,3,3,Lean,5400000.0,,,,,59,59,60,71,60,69,62,56,71,73,66,70,76,75,78,70,68,83,71,71,73,70,67,66,47,73,68,68,65,alexander fransson,85
Valentin Gendrey,FRA,DF,24,22,14,"1,414",15.7,1,1,2,1,0,0,1,0,1.1,1.1,1.8,2.9,24,49,86,0.06,0.06,0.13,0.06,0.13,0.07,0.12,0.19,0.07,0.19,valentin gendrey,Defender,right,179.0,L1,8500000.0,8500000.0,https://img.a.transfermarkt.technology/portrait/header/569387-1663745931.jpg?lm=1,https://www.transfermarkt.co.uk/valentin-gendrey/profil/spieler/569387,valentin gendrey,V. Gendrey,Valentin Gendrey,6/21/2000,18,152.4,74.8,RB,France,58,70,180000.0,1000.0,Right,1,2,2,Normal,396000.0,,,,,51,34,48,35,26,64,36,34,35,57,64,61,58,57,66,32,63,62,55,28,74,56,46,40,45,40,54,63,66,valentin gendrey,100
Florian Grillitsch,AUT,MT,28,8,8,601,6.7,0,0,0,0,0,0,1,0,0.2,0.2,0.2,0.3,4,44,4,0.0,0.0,0.0,0.0,0.0,0.02,0.03,0.05,0.02,0.05,florian grillitsch,Midfield,right,187.0,ES1,3000000.0,25000000.0,https://img.a.transfermarkt.technology/portrait/header/195736-1691269821.jpg?lm=1,https://www.transfermarkt.co.uk/florian-grillitsch/profil/spieler/195736,florian grillitsch,F. Grillitsch,Florian Grillitsch,8/7/1995,23,187.96,77.1,"CM,CDM",Austria,77,82,11500000.0,30000.0,Right,2,3,3,Lean,20400000.0,Austria,77.0,SUB,20.0,68,58,61,81,53,76,47,68,77,81,62,63,68,78,64,65,48,69,68,55,49,73,70,78,50,80,68,69,50,florian grillitsch,100
Dennis Geiger,GER,"MT,AT",26,20,7,734,8.2,0,0,0,0,0,0,4,0,0.2,0.2,0.5,0.6,12,37,21,0.0,0.0,0.0,0.0,0.0,0.02,0.06,0.08,0.02,0.08,dennis geiger,Midfield,right,173.0,L1,3000000.0,13000000.0,https://img.a.transfermarkt.technology/portrait/header/251309-1723921207.jpg?lm=1,https://www.transfermarkt.co.uk/dennis-geiger/profil/spieler/251309,dennis geiger,D. Geiger,Dennis Geiger,6/10/1998,20,172.72,64.9,CM,Germany,70,84,3900000.0,13000.0,Right,1,3,3,Lean,9000000.0,,,,,46,38,29,79,45,72,50,48,72,79,67,63,85,69,82,54,57,76,41,55,63,61,46,72,40,57,60,47,44,dennis geiger,100
Diadie Samassékou,MLI,MT,28,8,6,290,3.2,0,0,0,0,0,0,0,0,0.1,0.1,0.0,0.1,3,11,2,0.0,0.0,0.0,0.0,0.0,0.02,0.0,0.02,0.02,0.02,diadie samassekou,Midfield,right,177.0,L1,1000000.0,20000000.0,https://img.a.transfermarkt.technology/portrait/header/315604-1657200749.jpg?lm=1,https://www.transfermarkt.co.uk/diadie-samassekou/profil/spieler/315604,diadie samassekou,D. Samassékou,Diadie Samassékou,1/11/1996,23,152.4,68.0,CDM,Mali,78,86,13000000.0,31000.0,Right,1,3,3,Lean,22100000.0,,,,,57,42,59,76,37,69,55,34,72,74,68,77,77,78,77,60,74,81,72,54,75,79,55,72,56,79,77,80,77,diadie samassékou,97
Andrey Santos,BRA,MT,20,32,32,"2,855",31.7,10,3,13,10,0,0,8,0,5.1,5.1,3.3,8.4,29,149,26,0.32,0.09,0.41,0.32,0.41,0.16,0.1,0.27,0.16,0.27,andrey santos,Midfield,right,180.0,FR1,25000000.0,25000000.0,https://img.a.transfermarkt.technology/portrait/header/743600-1732576153.png?lm=1,https://www.transfermarkt.co.uk/andrey-santos/profil/spieler/743600,andrey santos,André Santos,André Filipe Bernardes Santos,3/2/1989,30,154.94,73.0,"CM,CDM",Portugal,70,70,1700000.0,5000.0,Right,1,3,3,Normal,3600000.0,,,,,67,58,56,74,58,72,74,66,73,69,66,51,72,65,67,76,71,71,65,74,62,68,57,65,54,57,73,69,63,andré filipe bernardes santos,92
Mamadou Sarr,FRA,DF,18,27,27,"2,365",26.3,0,1,1,0,0,0,4,0,0.8,0.8,0.3,1.1,7,52,1,0.0,0.04,0.04,0.0,0.04,0.03,0.01,0.04,0.03,0.04,mamadou sarr,Defender,right,194.0,FR1,15000000.0,15000000.0,https://img.a.transfermarkt.technology/portrait/header/910905-1732575264.png?lm=1,https://www.transfermarkt.co.uk/mamadou-sarr/profil/spieler/910905,mamadou sarr,M. Sakho,Mamadou Sakho,2/13/1990,29,187.96,83.0,CB,France,79,80,11500000.0,58000.0,Left,3,2,2,Normal,22700000.0,France,84.0,SUB,5.0,58,23,74,77,20,50,50,30,69,63,49,55,50,70,54,51,75,70,91,38,87,81,36,61,40,76,74,82,78,mamadou sakho,80
Habib Diarra,SEN,"MT,AT",20,30,27,"2,352",26.1,4,5,9,2,2,2,6,0,3.3,1.8,4.5,6.3,61,116,114,0.15,0.19,0.34,0.08,0.27,0.13,0.17,0.3,0.07,0.24,habib diarra,Midfield,right,178.0,FR1,20000000.0,20000000.0,https://img.a.transfermarkt.technology/portrait/header/876631-1732576173.png?lm=1,https://www.transfermarkt.co.uk/habib-diarra/profil/spieler/876631,habib diarra,I. Diarra,Ibrahim Diarra,5/19/1998,20,172.72,67.1,"RW,LW",France,61,75,550000.0,5000.0,Left,1,2,3,Lean,1400000.0,,,,,58,58,42,51,47,71,53,42,49,62,79,78,77,50,85,66,45,50,30,46,30,23,54,51,57,51,20,22,19,ibrahim diarra,80
Sebastian Nanasi,SWE,"MT,AT",22,31,26,"2,107",23.4,6,4,10,6,0,0,1,0,6.5,6.5,4.9,11.4,53,126,127,0.26,0.17,0.43,0.26,0.43,0.28,0.21,0.49,0.28,0.49,sebastian nanasi,Midfield,right,178.0,FR1,15000000.0,15000000.0,https://img.a.transfermarkt.technology/portrait/header/579928-1732576164.png?lm=1,https://www.transfermarkt.co.uk/sebastian-nanasi/profil/spieler/579928,sebastian nanasi,S. Mai,Sebastian Mai,12/10/1993,25,195.58,93.0,"CB,ST,CM",Germany,64,69,500000.0,1000.0,Right,1,2,2,Stocky,763000.0,,,,,23,30,73,38,35,25,22,24,39,33,34,34,29,59,29,50,31,52,92,33,87,57,36,31,23,48,62,65,59,sebastian mai,83
Valentín Barco,ARG,"MT,DF",20,14,14,"1,157",12.9,0,2,2,0,0,0,2,0,0.5,0.5,1.5,2.0,20,64,55,0.0,0.16,0.16,0.0,0.16,0.04,0.11,0.15,0.04,0.15,valentin barco,Defender,left,170.0,FR1,8000000.0,13000000.0,https://img.a.transfermarkt.technology/portrait/header/849410-1683292377.jpg?lm=1,https://www.transfermarkt.co.uk/valentin-barco/profil/spieler/849410,valentin barco,V. Jacob,Valentin Jacob,6/15/1994,24,170.18,67.1,CAM,France,66,71,850000.0,2000.0,Right,1,2,3,Lean,1600000.0,,,,,52,58,34,65,67,64,62,65,57,66,76,69,74,62,83,61,56,64,40,55,36,42,61,71,62,68,44,49,38,valentin jacob,86
Karl-Johan Johnsson,SWE,GB,34,3,3,270,3.0,0,0,0,0,0,0,0,0,0.0,0.0,0.0,0.0,0,0,0,0.0,0.0,0.0,0.0,0.0,0.0,0.0,0.0,0.0,0.0,karl johan johnsson,Goalkeeper,right,188.0,FR1,400000.0,2500000.0,https://img.a.transfermarkt.technology/portrait/header/112822-1732486706.png?lm=1,https://www.transfermarkt.co.uk/karl-johan-johnsson/profil/spieler/112822,karl johan johnsson,K. Johnsson,Karl-Johan Johnsson,1/28/1990,29,187.96,83.9,GK,Sweden,73,74,3200000.0,15000.0,Right,1,2,1,Normal,6700000.0,Sweden,76.0,SUB,12.0,11,13,19,26,19,16,12,11,38,22,50,49,45,63,32,21,71,45,69,13,35,20,16,49,17,56,15,14,12,karl-johan johnsson,100
Rayan Aït-Nouri,ALG,DF,23,37,37,"3,109",34.5,4,7,11,4,0,0,7,1,2.7,2.7,5.5,8.2,89,108,176,0.12,0.2,0.32,0.12,0.32,0.08,0.16,0.24,0.08,0.24,rayan aït nouri,Defender,left,180.0,GB1,35000000.0,35000000.0,https://img.a.transfermarkt.technology/portrait/header/578391-1695656762.jpg?lm=1,https://www.transfermarkt.co.uk/rayan-ait-nouri/profil/spieler/578391,rayan aït nouri,R. Aït Nouri,Rayan Aït Nouri,6/6/2001,17,152.4,69.9,LB,France,62,81,525000.0,2000.0,Left,1,3,2,Lean,1400000.0,,,,,65,40,56,59,36,57,48,38,53,63,64,70,73,56,78,43,56,52,43,41,59,59,55,52,40,55,53,64,63,rayan aït nouri,100
Nélson Semedo,POR,DF,30,34,32,"2,886",32.1,0,4,4,0,0,0,8,0,0.9,0.9,2.8,3.7,67,80,119,0.0,0.12,0.12,0.0,0.12,0.03,0.09,0.12,0.03,0.12,nelson semedo,Defender,right,177.0,GB1,10000000.0,40000000.0,https://img.a.transfermarkt.technology/portrait/header/231572-1684487147.jpg?lm=1,https://www.transfermarkt.co.uk/nelson-semedo/profil/spieler/231572,nelson semedo,Nélson Semedo,Nélson Cabral Semedo,11/16/1993,25,152.4,67.1,RB,Portugal,81,86,20000000.0,125000.0,Right,2,3,4,Lean,42500000.0,,,,,74,50,58,73,42,80,61,30,65,78,91,92,88,82,83,74,80,91,62,60,77,80,72,62,38,75,75,78,79,nélson cabral semedo,96
André,BRA,MT,23,33,31,"2,472",27.5,0,0,0,0,0,0,7,0,0.4,0.4,0.8,1.3,10,109,11,0.0,0.0,0.0,0.0,0.0,0.02,0.03,0.05,0.02,0.05,andre,Midfield,right,176.0,GB1,25000000.0,25000000.0,https://img.a.transfermarkt.technology/portrait/header/800176-1699348390.jpg?lm=1,https://www.transfermarkt.co.uk/andre/profil/spieler/800176,andre,Jandrei,Jandrei Chitolina Carniel,3/1/1993,26,185.42,76.2,GK,Brazil,72,77,3000000.0,9000.0,Right,1,2,1,Normal,5600000.0,,,,,11,8,12,25,9,11,20,11,57,28,24,32,56,58,38,26,60,26,45,9,30,11,8,56,13,41,19,10,25,jandrei chitolina carniel,83
Jørgen Strand Larsen,NOR,AT,24,35,30,"2,587",28.7,14,4,18,14,0,0,4,0,10.3,10.3,3.0,13.3,17,29,112,0.49,0.14,0.63,0.49,0.63,0.36,0.1,0.46,0.36,0.46,jørgen strand larsen,Attack,right,193.0,GB1,27000000.0,27000000.0,https://img.a.transfermarkt.technology/portrait/header/429983-1743541067.jpg?lm=1,https://www.transfermarkt.co.uk/jorgen-strand-larsen/profil/spieler/429983,jørgen strand larsen,J. Larsen,Jørgen Strand Larsen,2/6/2000,19,193.04,78.9,ST,Norway,53,68,120000.0,1000.0,Right,1,3,2,Normal,225000.0,,,,,22,55,59,47,42,48,28,30,30,48,45,47,50,44,44,53,64,60,69,39,56,21,55,48,58,50,22,23,23,jørgen strand larsen,100
José Sá,POR,GB,31,29,29,"2,609",29.0,0,0,0,0,0,0,2,0,0.0,0.0,0.2,0.2,0,2,0,0.0,0.0,0.0,0.0,0.0,0.0,0.01,0.01,0.0,0.01,jose sa,Goalkeeper,right,192.0,GB1,8000000.0,18000000.0,https://img.a.transfermarkt.technology/portrait/header/249994-1696600015.jpg?lm=1,https://www.transfermarkt.co.uk/jose-sa/profil/spieler/249994,jose sa,José Sá,José Pedro Malheiro de Sá,1/17/1993,26,193.04,84.8,GK,Portugal,77,82,8500000.0,1000.0,Right,1,2,1,Lean,18500000.0,,,,,18,15,14,30,17,17,12,21,20,20,42,48,60,76,40,19,70,34,72,18,20,18,17,55,11,32,14,19,15,josé pedro malheiro de sá,83
Matheus Cunha,BRA,"MT,AT",25,33,29,"2,597",28.9,15,6,21,15,0,0,4,0,8.6,8.6,7.7,16.4,112,144,161,0.52,0.21,0.73,0.52,0.73,0.3,0.27,0.57,0.3,0.57,matheus cunha,Attack,right,183.0,GB1,55000000.0,55000000.0,https://img.a.transfermarkt.technology/portrait/header/517894-1696599737.jpg?lm=1,https://www.transfermarkt.co.uk/matheus-cunha/profil/spieler/517894,matheus cunha,Matheus Cunha,Matheus Santos Carneiro Da Cunha,5/27/1999,19,182.88,74.8,"ST,RM,CAM",Brazil,72,86,6500000.0,18000.0,Right,1,4,3,Lean,15100000.0,,,,,64,72,63,62,61,75,63,56,55,75,78,75,69,67,69,74,73,68,64,70,59,14,73,69,60,65,30,24,24,matheus santos carneiro da cunha,100
Matt Doherty,IRL,DF,32,30,25,"2,109",23.4,2,1,3,2,0,0,6,0,1.0,1.0,1.5,2.6,29,79,41,0.09,0.04,0.13,0.09,0.13,0.04,0.07,0.11,0.04,0.11,matt doherty,Defender,right,185.0,GB1,2500000.0,20000000.0,https://img.a.transfermarkt.technology/portrait/header/171679-1682598455.jpg?lm=1,https://www.transfermarkt.co.uk/matt-doherty/profil/spieler/171679,matt doherty,M. Doherty,Matt Doherty,1/16/1992,27,182.88,88.9,RWB,Republic of Ireland,77,78,8500000.0,58000.0,Right,1,4,3,Normal,16800000.0,Republic of Ireland,74.0,SUB,6.0,75,57,62,74,46,74,62,45,69,75,74,78,69,73,68,74,82,90,73,62,75,72,73,66,48,67,71,75,74,matt doherty,100
Jean-Ricner Bellegarde,FRA,"MT,AT",26,35,20,"1,677",18.6,2,7,9,2,0,0,3,0,1.5,1.5,3.8,5.3,52,43,89,0.11,0.38,0.48,0.11,0.48,0.08,0.2,0.29,0.08,0.29,jean ricner bellegarde,Midfield,right,172.0,GB1,18000000.0,18000000.0,https://img.a.transfermarkt.technology/portrait/header/450050-1618501758.jpg?lm=1,https://www.transfermarkt.co.uk/jean-ricner-bellegarde/profil/spieler/450050,jean ricner bellegarde,J. Bellegarde,Jean-Ricner Bellegarde,6/27/1998,20,170.18,66.2,"CDM,CM,RM",France,64,77,775000.0,2000.0,Right,1,3,3,Normal,1800000.0,,,,,55,45,55,65,39,66,46,38,63,66,70,68,83,63,83,58,58,67,50,47,60,62,63,68,35,62,63,64,59,jean-ricner bellegarde,100
Emmanuel Agbadou,CIV,DF,27,16,16,"1,410",15.7,1,0,1,1,0,0,3,0,0.8,0.8,0.2,1.1,6,31,2,0.06,0.0,0.06,0.06,0.06,0.05,0.02,0.07,0.05,0.07,emmanuel agbadou,Defender,right,192.0,GB1,17000000.0,17000000.0,https://img.a.transfermarkt.technology/portrait/header/683895-1723821154.png?lm=1,https://www.transfermarkt.co.uk/emmanuel-agbadou/profil/spieler/683895,emmanuel agbadou,E. Badu,Emmanuel Badu,12/2/1990,28,172.72,69.9,"CM,CDM",Ghana,75,75,7000000.0,25000.0,Right,2,3,3,Normal,11900000.0,,,,,69,60,70,76,72,76,64,50,69,75,86,75,88,75,81,76,90,88,66,74,72,74,74,70,58,73,69,74,72,emmanuel badu,90
Mario Lemina,GAB,"MT,DF",30,17,15,"1,364",15.2,1,3,4,1,0,0,4,0,1.4,1.4,1.1,2.5,8,48,21,0.07,0.2,0.26,0.07,0.26,0.09,0.07,0.17,0.09,0.17,mario lemina,Midfield,right,184.0,TR1,7500000.0,15000000.0,https://img.a.transfermarkt.technology/portrait/header/170934-1667549900.jpg?lm=1,https://www.transfermarkt.co.uk/mario-lemina/profil/spieler/170934,mario lemina,M. Lemina,Mario Lemina,9/1/1993,25,182.88,84.8,"CM,CDM",Gabon,78,83,13500000.0,44000.0,Right,2,3,3,Normal,26700000.0,,,,,72,57,68,82,68,81,72,68,77,82,76,77,71,73,74,81,46,75,74,78,70,72,71,74,68,68,72,73,69,mario lemina,100
Marshall Munetsi,ZIM,"MT,AT",28,14,12,"1,078",12.0,2,1,3,2,0,0,0,0,3.3,3.3,1.8,5.1,9,10,35,0.17,0.08,0.25,0.17,0.25,0.28,0.15,0.42,0.28,0.42,marshall munetsi,Midfield,right,188.0,GB1,15000000.0,15000000.0,https://img.a.transfermarkt.technology/portrait/header/414908-1723836952.png?lm=1,https://www.transfermarkt.co.uk/marshall-munetsi/profil/spieler/414908,marshall munetsi,M. Munetsi,Marshall Nyasha Munetsi,6/22/1996,22,187.96,83.0,"CB,CDM,CM",Zimbabwe,64,71,550000.0,1000.0,Right,1,3,2,Normal,1300000.0,,,,,33,31,65,62,35,46,38,38,66,46,68,67,52,47,52,52,57,62,67,30,52,55,49,47,41,53,67,74,71,marshall nyasha munetsi,82
Gonçalo Guedes,POR,"MT,AT",27,29,10,995,11.1,2,4,6,2,0,0,1,0,3.2,3.2,1.3,4.5,41,40,79,0.18,0.36,0.54,0.18,0.54,0.29,0.11,0.4,0.29,0.4,goncalo guedes,Attack,right,179.0,GB1,13000000.0,40000000.0,https://img.a.transfermarkt.technology/portrait/header/225122-1701334424.jpg?lm=1,https://www.transfermarkt.co.uk/goncalo-guedes/profil/spieler/225122,goncalo guedes,Gonçalo Guedes,Gonçalo Manuel Ganchinho Guedes,11/29/1996,22,152.4,68.0,"LM,ST,RM,LW",Portugal,82,86,29000000.0,36000.0,Right,1,4,4,Normal,63100000.0,Portugal,82.0,SUB,17.0,78,75,60,77,71,86,76,70,69,81,89,90,85,80,78,81,65,75,62,77,67,50,77,77,69,80,24,34,30,gonçalo manuel ganchinho guedes,96
Craig Dawson,ENG,DF,34,15,10,971,10.8,0,0,0,0,0,0,2,0,0.5,0.5,0.0,0.5,6,20,5,0.0,0.0,0.0,0.0,0.0,0.05,0.0,0.05,0.05,0.05,craig dawson,Defender,right,188.0,GB1,2000000.0,8000000.0,https://img.a.transfermarkt.technology/portrait/header/121477-1700673087.jpg?lm=1,https://www.transfermarkt.co.uk/craig-dawson/profil/spieler/121477,craig dawson,C. Dawson,Craig Dawson,5/6/1990,28,187.96,82.1,"CB,RB",England,76,76,6000000.0,32000.0,Right,2,2,2,Normal,11400000.0,,,,,68,49,81,65,20,55,45,24,60,67,62,65,62,70,50,57,83,81,77,14,76,76,56,51,66,68,76,76,75,craig dawson,100
Pablo Sarabia,ESP,"MT,AT",32,23,7,814,9.0,3,2,5,3,0,0,3,0,2.9,2.9,1.8,4.6,15,60,62,0.33,0.22,0.55,0.33,0.55,0.32,0.19,0.51,0.32,0.51,pablo sarabia,Attack,left,174.0,GB1,7000000.0,40000000.0,https://img.a.transfermarkt.technology/portrait/header/74230-1602692460.jpg?lm=1,https://www.transfermarkt.co.uk/pablo-sarabia/profil/spieler/74230,pablo sarabia,Pablo Sarabia,Pablo Sarabia García,5/11/1992,26,175.26,69.9,"CAM,CM,RM",Spain,83,84,30500000.0,28000.0,Left,2,4,4,Normal,66300000.0,,,,,84,78,61,83,64,86,84,74,79,85,75,76,80,77,81,76,40,72,58,77,46,55,82,84,69,74,57,54,49,pablo sarabia garcía,100
Sam Johnstone,ENG,GB,31,7,7,630,7.0,0,0,0,0,0,0,0,0,0.0,0.0,0.0,0.0,0,0,0,0.0,0.0,0.0,0.0,0.0,0.0,0.0,0.0,0.0,0.0,sam johnstone,Goalkeeper,right,193.0,GB1,8000000.0,12000000.0,https://img.a.transfermarkt.technology/portrait/header/110864-1672915792.jpg?lm=1,https://www.transfermarkt.co.uk/sam-johnstone/profil/spieler/110864,sam johnstone,S. Johnstone,Sam Johnstone,3/25/1993,25,193.04,84.8,GK,England,75,80,6500000.0,23000.0,Right,1,3,1,Normal,12800000.0,,,,,17,11,17,27,15,16,16,17,35,18,45,36,55,66,27,24,61,42,68,16,24,17,11,48,42,32,22,17,20,sam johnstone,100
Yerson Mosquera,COL,DF,23,5,5,441,4.9,0,0,0,0,0,0,2,0,0.3,0.3,0.1,0.4,0,7,0,0.0,0.0,0.0,0.0,0.0,0.07,0.02,0.09,0.07,0.09,yerson mosquera,Defender,right,188.0,GB1,8000000.0,8000000.0,https://img.a.transfermarkt.technology/portrait/header/716276-1682874906.jpg?lm=1,https://www.transfermarkt.co.uk/yerson-mosquera/profil/spieler/716276,yerson mosquera,S. Mosquera,Hárold Santiago  Mosquera Caicedo,2/7/1995,24,167.64,83.9,"LM,RM",Colombia,72,78,4300000.0,6000.0,Right,1,3,3,Normal,7200000.0,,,,,68,65,55,71,57,75,58,46,61,72,83,81,82,65,72,66,66,75,63,67,59,16,66,67,59,52,32,18,23,hárold santiago  mosquera caicedo,80
Carlos Forbs,POR,"MT,AT",20,10,1,239,2.7,0,0,0,0,0,0,2,0,0.1,0.1,0.0,0.2,10,8,28,0.0,0.0,0.0,0.0,0.0,0.05,0.01,0.07,0.05,0.07,carlos forbs,Attack,left,169.0,GB1,8000000.0,10000000.0,https://img.a.transfermarkt.technology/portrait/header/742451-1721657852.jpg?lm=1,https://www.transfermarkt.co.uk/carlos-forbs/profil/spieler/742451,carlos forbs,C. Lobos,Carlos Lobos,2/21/1997,22,172.72,69.9,"CM,CDM",Chile,66,76,1000000.0,2000.0,Right,1,3,3,Normal,1600000.0,,,,,52,58,57,72,38,64,45,46,66,66,71,70,68,62,69,66,64,73,71,57,55,60,59,61,61,65,64,66,63,carlos lobos,83
Daniel Podence,POR,"MT,AT",28,2,0,48,0.5,0,0,0,0,0,0,0,0,0.0,0.0,0.0,0.0,1,2,3,0.0,0.0,0.0,0.0,0.0,0.07,0.0,0.07,0.07,0.07,daniel podence,Attack,right,170.0,GR1,13000000.0,25000000.0,https://img.a.transfermarkt.technology/portrait/header/256977-1720192587.jpg?lm=1,https://www.transfermarkt.co.uk/daniel-podence/profil/spieler/256977,daniel podence,Daniel Podence,Daniel Castelo Podence,10/21/1995,23,162.56,64.9,"LM,RM,CAM",Portugal,78,84,14000000.0,1000.0,Right,1,4,4,Normal,32200000.0,,,,,63,64,42,74,57,84,75,42,66,81,94,92,92,77,94,65,66,76,30,55,67,21,76,77,63,78,42,30,29,daniel castelo podence,100
Chiquinho,POR,MT,24,1,0,7,0.1,0,0,0,0,0,0,0,0,0.0,0.0,0.0,0.0,0,0,0,0.0,0.0,0.0,0.0,0.0,0.0,0.42,0.42,0.0,0.42,chiquinho,Midfield,right,175.0,GR1,4500000.0,9000000.0,https://img.a.transfermarkt.technology/portrait/header/334557-1728417990.png?lm=1,https://www.transfermarkt.co.uk/chiquinho/profil/spieler/334557,chiquinho,Chiquinho,Francisco Leonel Lima Silva Machado,7/19/1995,23,175.26,66.2,"CAM,CM",Portugal,73,78,5500000.0,5000.0,Right,1,3,3,Lean,12000000.0,,,,,68,56,36,72,48,76,67,68,70,75,73,69,85,72,83,72,34,74,38,70,47,49,67,75,74,70,46,53,41,francisco leonel lima silva machado,100
Chiquinho,POR,MT,24,1,0,7,0.1,0,0,0,0,0,0,0,0,0.0,0.0,0.0,0.0,0,0,0,0.0,0.0,0.0,0.0,0.0,0.0,0.42,0.42,0.0,0.42,chiquinho,Attack,right,179.0,ES1,2500000.0,3000000.0,https://img.a.transfermarkt.technology/portrait/header/695454-1641552728.png?lm=1,https://www.transfermarkt.co.uk/chiquinho/profil/spieler/695454,chiquinho,Chiquinho,Francisco Leonel Lima Silva Machado,7/19/1995,23,175.26,66.2,"CAM,CM",Portugal,73,78,5500000.0,5000.0,Right,1,3,3,Lean,12000000.0,,,,,68,56,36,72,48,76,67,68,70,75,73,69,85,72,83,72,34,74,38,70,47,49,67,75,74,70,46,53,41,francisco leonel lima silva machado,100
Mohamed Salah,EGY,AT,32,38,38,"3,371",37.5,29,18,47,20,9,9,1,0,25.2,18.2,14.2,32.4,154,144,488,0.77,0.48,1.25,0.53,1.01,0.67,0.38,1.05,0.49,0.87,mohamed salah,Attack,left,175.0,GB1,55000000.0,150000000.0,https://img.a.transfermarkt.technology/portrait/header/148455-1727337594.jpg?lm=1,https://www.transfermarkt.co.uk/mohamed-salah/profil/spieler/148455,mohamed salah,M. Sylla,Mohamed Sylla,12/1/1993,25,187.96,81.2,"CDM,CM",France,59,65,180000.0,2000.0,Right,1,3,2,Normal,351000.0,,,,,44,27,52,62,26,50,45,38,55,59,68,65,58,56,54,52,61,66,72,35,64,53,47,53,41,60,50,61,56,mohamed sylla,85
Virgil van Dijk,NED,DF,33,37,37,"3,330",37.0,3,1,4,3,0,0,5,0,2.2,2.2,0.7,3.0,22,198,6,0.08,0.03,0.11,0.08,0.11,0.06,0.02,0.08,0.06,0.08,virgil van dijk,Defender,right,195.0,GB1,28000000.0,100000000.0,https://img.a.transfermarkt.technology/portrait/header/139208-1702049837.jpg?lm=1,https://www.transfermarkt.co.uk/virgil-van-dijk/profil/spieler/139208,virgil van dijk,V. van Dijk,Virgil van Dijk,7/8/1991,27,193.04,92.1,CB,Netherlands,88,90,59500000.0,215000.0,Right,3,3,2,Normal,114500000.0,Netherlands,81.0,LCB,4.0,53,52,83,79,45,70,60,70,81,76,74,77,61,87,49,81,88,75,92,64,82,88,41,60,62,87,90,89,84,virgil van dijk,100
Alexis Mac Allister,ARG,MT,25,35,30,"2,599",28.9,5,5,10,5,0,0,6,0,2.8,2.8,4.7,7.5,36,177,80,0.17,0.17,0.35,0.17,0.35,0.1,0.16,0.26,0.1,0.26,alexis mac allister,Midfield,right,176.0,GB1,90000000.0,90000000.0,https://img.a.transfermarkt.technology/portrait/header/534033-1669835342.jpg?lm=1,https://www.transfermarkt.co.uk/alexis-mac-allister/profil/spieler/534033,alexis mac allister,A. Mac Allister,Alexis Mac Allister,12/24/1998,20,175.26,69.9,"CM,CAM",Argentina,71,85,5000000.0,13000.0,Right,1,3,3,Normal,,,,,,69,71,59,73,58,73,69,75,71,74,70,69,68,69,71,71,63,69,58,74,51,45,72,76,74,71,65,54,51,alexis mac allister,100
Ibrahima Konaté,FRA,DF,25,31,30,"2,560",28.4,1,2,3,1,0,0,5,0,1.7,1.7,1.0,2.7,25,115,3,0.04,0.07,0.11,0.04,0.11,0.06,0.03,0.1,0.06,0.1,ibrahima konate,Defender,right,194.0,GB1,60000000.0,60000000.0,https://img.a.transfermarkt.technology/portrait/header/357119-1669190550.jpg?lm=1,https://www.transfermarkt.co.uk/ibrahima-konate/profil/spieler/357119,ibrahima konate,I. Konaté,Ibrahima Konaté,5/25/1999,19,193.04,93.0,CB,France,76,84,9500000.0,17000.0,Right,1,2,3,Normal,18100000.0,,,,,35,17,70,73,28,67,28,23,62,67,73,84,65,69,53,37,74,65,78,25,77,74,33,41,41,68,73,82,78,ibrahima konaté,97
Dominik Szoboszlai,HUN,MT,23,36,29,"2,491",27.7,6,6,12,6,0,0,6,0,7.3,7.3,7.4,14.7,72,131,127,0.22,0.22,0.43,0.22,0.43,0.27,0.27,0.53,0.27,0.53,dominik szoboszlai,Midfield,right,187.0,GB1,80000000.0,80000000.0,https://img.a.transfermarkt.technology/portrait/header/451276-1700209677.jpg?lm=1,https://www.transfermarkt.co.uk/dominik-szoboszlai/profil/spieler/451276,dominik szoboszlai,D. Szoboszlai,Dominik Szoboszlai,10/25/2000,18,185.42,69.9,"CAM,CM",Hungary,65,82,1100000.0,4000.0,Right,1,4,3,Lean,2300000.0,,,,,67,62,58,62,68,67,75,76,58,70,75,79,74,55,69,72,72,53,59,71,45,25,58,60,64,55,30,28,24,dominik szoboszlai,100
Andrew Robertson,SCO,DF,30,33,29,"2,482",27.6,0,1,1,0,0,0,3,1,1.2,1.2,4.6,5.8,64,176,108,0.0,0.04,0.04,0.0,0.04,0.04,0.17,0.21,0.04,0.21,andrew robertson,Defender,left,178.0,GB1,20000000.0,80000000.0,https://img.a.transfermarkt.technology/portrait/header/234803-1709147379.jpg?lm=1,https://www.transfermarkt.co.uk/andrew-robertson/profil/spieler/234803,andrew robertson,A. Robertson,Andrew Robertson,3/11/1994,24,152.4,64.0,LB,Scotland,83,88,29000000.0,110000.0,Left,1,2,3,Lean,55800000.0,Scotland,75.0,LB,3.0,87,57,63,76,32,76,74,30,68,78,83,86,78,83,74,67,62,93,66,60,80,81,66,74,55,79,81,83,78,andrew robertson,100
Alisson,BRA,GB,31,28,28,"2,508",27.9,0,0,0,0,0,0,0,0,0.0,0.0,0.6,0.6,0,1,0,0.0,0.0,0.0,0.0,0.0,0.0,0.02,0.02,0.0,0.02,alisson,Goalkeeper,right,193.0,GB1,25000000.0,90000000.0,https://img.a.transfermarkt.technology/portrait/header/105470-1668522221.jpg?lm=1,https://www.transfermarkt.co.uk/alisson/profil/spieler/105470,alisson,Alisson,Alisson Ramses Becker,10/2/1992,26,190.5,91.2,GK,Brazil,87,91,46000000.0,135000.0,Right,3,3,1,Normal,88600000.0,,,,,17,13,19,45,20,27,19,18,44,30,54,45,40,86,37,21,52,32,78,14,27,11,13,66,23,65,15,19,16,alisson ramses becker,100
Alisson,BRA,GB,31,28,28,"2,508",27.9,0,0,0,0,0,0,0,0,0.0,0.0,0.6,0.6,0,1,0,0.0,0.0,0.0,0.0,0.0,0.0,0.02,0.02,0.0,0.02,alisson,Attack,left,183.0,UKR1,10000000.0,10000000.0,https://img.a.transfermarkt.technology/portrait/header/1083070-1741617223.png?lm=1,https://www.transfermarkt.co.uk/alisson/profil/spieler/1083070,alisson,Alisson,Alisson Ramses Becker,10/2/1992,26,190.5,91.2,GK,Brazil,87,91,46000000.0,135000.0,Right,3,3,1,Normal,88600000.0,,,,,17,13,19,45,20,27,19,18,44,30,54,45,40,86,37,21,52,32,78,14,27,11,13,66,23,65,15,19,16,alisson ramses becker,100
Luis Díaz,COL,AT,27,36,28,"2,399",26.7,13,5,18,13,0,0,2,0,12.0,12.0,5.0,17.1,108,110,293,0.49,0.19,0.68,0.49,0.68,0.45,0.19,0.64,0.45,0.64,luis diaz,Attack,right,180.0,GB1,85000000.0,85000000.0,https://img.a.transfermarkt.technology/portrait/header/480692-1697903145.jpg?lm=1,https://www.transfermarkt.co.uk/luis-diaz/profil/spieler/480692,luis diaz,Luis Díaz,Luis Díaz Carballido,2/27/1995,24,187.96,78.0,"CM,CDM",Spain,61,67,350000.0,2000.0,Right,1,3,2,Normal,630000.0,,,,,47,38,58,73,37,61,50,49,71,59,54,58,58,56,48,58,65,61,64,43,60,56,44,52,51,42,55,68,69,luis díaz carballido,94
Trent Alexander-Arnold,ENG,DF,25,33,28,"2,365",26.3,3,6,9,3,0,0,5,0,1.9,1.9,7.3,9.2,51,232,94,0.11,0.23,0.34,0.11,0.34,0.07,0.28,0.35,0.07,0.35,trent alexander arnold,Defender,right,175.0,GB1,75000000.0,110000000.0,https://img.a.transfermarkt.technology/portrait/header/314353-1701680958.jpg?lm=1,https://www.transfermarkt.co.uk/trent-alexander-arnold/profil/spieler/314353,trent alexander arnold,T. Alexander-Arnold,Trent Alexander-Arnold,10/7/1998,20,154.94,68.9,RB,England,79,89,17000000.0,40000.0,Right,1,4,3,Lean,34900000.0,England,82.0,SUB,14.0,83,56,59,76,41,75,74,80,76,76,82,79,74,78,74,75,66,79,62,63,73,76,66,72,55,74,76,78,76,trent alexander-arnold,100
Cody Gakpo,NED,AT,25,35,23,"1,935",21.5,10,4,14,10,0,0,5,0,7.1,7.1,4.4,11.5,59,52,278,0.47,0.19,0.65,0.47,0.65,0.33,0.2,0.53,0.33,0.53,cody gakpo,Attack,right,193.0,GB1,70000000.0,70000000.0,https://img.a.transfermarkt.technology/portrait/header/434675-1682690965.jpg?lm=1,https://www.transfermarkt.co.uk/cody-gakpo/profil/spieler/434675,cody gakpo,C. Gakpo,Cody Mathès Gakpo,5/7/1999,19,187.96,76.2,LW,Netherlands,66,80,1400000.0,3000.0,Right,1,3,3,Lean,2800000.0,,,,,58,65,33,58,58,74,49,56,47,71,77,78,73,55,69,63,64,62,66,50,37,25,59,64,59,58,30,34,28,cody mathès gakpo,82
Curtis Jones,ENG,"MT,DF",23,33,19,"1,712",19.0,3,3,6,3,0,0,3,1,4.3,4.3,1.1,5.4,30,117,79,0.16,0.16,0.32,0.16,0.32,0.23,0.06,0.29,0.23,0.29,curtis jones,Midfield,right,185.0,GB1,50000000.0,50000000.0,https://img.a.transfermarkt.technology/portrait/header/433188-1701681163.jpg?lm=1,https://www.transfermarkt.co.uk/curtis-jones/profil/spieler/433188,curtis jones,C. Jones,Curtis Jones,1/30/2001,18,182.88,68.0,"CM,CAM",England,61,82,550000.0,7000.0,Right,1,3,3,Lean,1600000.0,,,,,54,56,50,64,53,65,54,47,61,65,64,63,73,58,71,60,57,53,51,55,65,44,55,64,50,62,47,49,47,curtis jones,100
Diogo Jota,POR,AT,27,26,14,"1,196",13.3,6,3,9,6,0,0,2,0,7.9,7.9,1.8,9.8,37,34,88,0.45,0.23,0.68,0.45,0.68,0.6,0.14,0.74,0.6,0.74,diogo jota,Attack,right,178.0,GB1,45000000.0,60000000.0,https://img.a.transfermarkt.technology/portrait/header/340950-1716296423.jpg?lm=1,https://www.transfermarkt.co.uk/diogo-jota/profil/spieler/340950,diogo jota,Diogo Jota,Diogo José Teixeira da Silva,12/4/1996,22,152.4,73.0,"LW,ST",Portugal,78,86,15500000.0,56000.0,Right,2,5,4,Normal,32600000.0,,,,,65,74,52,72,71,81,76,58,65,83,88,79,87,80,87,81,66,82,76,71,80,54,81,72,61,83,49,54,39,diogo josé teixeira da silva,100
Caoimhín Kelleher,IRL,GB,25,10,10,900,10.0,0,0,0,0,0,0,0,0,0.0,0.0,0.0,0.0,0,0,0,0.0,0.0,0.0,0.0,0.0,0.0,0.0,0.0,0.0,0.0,caoimhin kelleher,Goalkeeper,right,188.0,GB1,22000000.0,22000000.0,https://img.a.transfermarkt.technology/portrait/header/340918-1708933663.jpg?lm=1,https://www.transfermarkt.co.uk/caoimhin-kelleher/profil/spieler/340918,caoimhin kelleher,C. Kelleher,Caoimhin Kelleher,11/23/1998,20,187.96,68.9,GK,Republic of Ireland,58,72,230000.0,2000.0,Right,1,2,1,Lean,569000.0,,,,,13,6,13,25,9,10,12,11,29,14,37,33,32,57,48,25,64,19,52,8,21,12,4,22,14,35,18,10,14,caoimhin kelleher,100
Joe Gomez,ENG,DF,27,9,6,519,5.8,0,0,0,0,0,0,1,0,0.3,0.3,0.1,0.4,5,35,2,0.0,0.0,0.0,0.0,0.0,0.06,0.02,0.08,0.06,0.08,joe gomez,Defender,right,188.0,GB1,25000000.0,42000000.0,https://img.a.transfermarkt.technology/portrait/header/256178-1595946530.jpg?lm=1,https://www.transfermarkt.co.uk/joe-gomez/profil/spieler/256178,joe gomez,J. Gomez,Joe Gomez,5/23/1997,21,187.96,77.1,"CB,RB",England,78,88,14500000.0,61000.0,Right,1,3,3,Normal,29700000.0,England,82.0,SUB,16.0,69,26,68,72,24,67,41,29,57,68,80,83,64,77,66,41,66,74,80,26,70,81,51,52,26,69,78,80,77,joe gomez,100
Federico Chiesa,ITA,AT,26,6,1,108,1.2,0,0,0,0,0,0,0,0,0.3,0.3,0.2,0.5,3,3,7,0.0,0.0,0.0,0.0,0.0,0.28,0.15,0.43,0.28,0.43,federico chiesa,Attack,right,175.0,GB1,18000000.0,70000000.0,https://img.a.transfermarkt.technology/portrait/header/341092-1663576975.jpg?lm=1,https://www.transfermarkt.co.uk/federico-chiesa/profil/spieler/341092,federico chiesa,F. Chiesa,Federico Chiesa,10/25/1997,21,175.26,69.9,"RW,CF",Italy,79,87,18500000.0,51000.0,Right,2,4,4,Lean,35200000.0,Italy,83.0,RW,14.0,72,70,50,76,68,84,74,48,60,81,87,85,86,76,77,81,55,78,64,78,62,30,76,73,62,76,65,34,34,federico chiesa,100
