Unnamed: 0,Player,Nation,Position,Age,Matches Played,Starts,Minutes,90s Played,Goals,Assists,Goals + Assists,Non-Penalty Goals,Penalty Goals Made,Penalty Attempts,Yellow Cards,Red Cards,xG,npxG,xAG,npxG + xAG,Progressive Carries,Progressive Passes,Progressive Receives,Goals Per 90,Assists Per 90,Goals + Assists Per 90,Non-Penalty Goals Per 90,Non-Penalty Goals + Assists Per 90,xG Per 90,xAG Per 90,xG + xAG Per 90,npxG Per 90,npxG + xAG Per 90,name_clean,position,foot,height_in_cm,current_club_domestic_competition_id,market_value_in_eur,highest_market_value_in_eur,image_url,url
0,Mohamed Salah,EGY,AT,32,38,38,"3,371",37.5,29,18,47,20,9,9,1,0,25.2,18.2,14.2,32.4,154,144,488,0.77,0.48,1.25,0.53,1.01,0.67,0.38,1.05,0.49,0.87,mohamed salah,Attack,left,175.0,GB1,55000000.0,150000000.0,https://img.a.transfermarkt.technology/portrait/header/148455-1727337594.jpg?lm=1,https://www.transfermarkt.co.uk/mohamed-salah/profil/spieler/148455
1,Virgil van Dijk,NED,DF,33,37,37,"3,330",37.0,3,1,4,3,0,0,5,0,2.2,2.2,0.7,3.0,22,198,6,0.08,0.03,0.11,0.08,0.11,0.06,0.02,0.08,0.06,0.08,virgil van dijk,Defender,right,195.0,GB1,28000000.0,100000000.0,https://img.a.transfermarkt.technology/portrait/header/139208-1702049837.jpg?lm=1,https://www.transfermarkt.co.uk/virgil-van-dijk/profil/spieler/139208
2,Ryan Gravenberch,NED,MT,22,37,37,"3,160",35.1,0,4,4,0,0,0,6,1,1.1,1.1,3.1,4.2,70,181,55,0.0,0.11,0.11,0.0,0.11,0.03,0.09,0.12,0.03,0.12,ryan gravenberch,Midfield,right,190.0,GB1,70000000.0,70000000.0,https://img.a.transfermarkt.technology/portrait/header/478573-1718097194.jpg?lm=1,https://www.transfermarkt.co.uk/ryan-gravenberch/profil/spieler/478573
3,Alexis Mac Allister,ARG,MT,25,35,30,"2,599",28.9,5,5,10,5,0,0,6,0,2.8,2.8,4.7,7.5,36,177,80,0.17,0.17,0.35,0.17,0.35,0.1,0.16,0.26,0.1,0.26,alexis mac allister,Midfield,right,176.0,GB1,90000000.0,90000000.0,https://img.a.transfermarkt.technology/portrait/header/534033-1669835342.jpg?lm=1,https://www.transfermarkt.co.uk/alexis-mac-allister/profil/spieler/534033
4,Ibrahima Konaté,FRA,DF,25,31,30,"2,560",28.4,1,2,3,1,0,0,5,0,1.7,1.7,1.0,2.7,25,115,3,0.04,0.07,0.11,0.04,0.11,0.06,0.03,0.1,0.06,0.1,ibrahima konate,Defender,right,194.0,GB1,60000000.0,60000000.0,https://img.a.transfermarkt.technology/portrait/header/357119-1669190550.jpg?lm=1,https://www.transfermarkt.co.uk/ibrahima-konate/profil/spieler/357119
5,Dominik Szoboszlai,HUN,MT,23,36,29,"2,491",27.7,6,6,12,6,0,0,6,0,7.3,7.3,7.4,14.7,72,131,127,0.22,0.22,0.43,0.22,0.43,0.27,0.27,0.53,0.27,0.53,dominik szoboszlai,Midfield,right,187.0,GB1,80000000.0,80000000.0,https://img.a.transfermarkt.technology/portrait/header/451276-1700209677.jpg?lm=1,https://www.transfermarkt.co.uk/dominik-szoboszlai/profil/spieler/451276
6,Andrew Robertson,SCO,DF,30,33,29,"2,482",27.6,0,1,1,0,0,0,3,1,1.2,1.2,4.6,5.8,64,176,108,0.0,0.04,0.04,0.0,0.04,0.04,0.17,0.21,0.04,0.21,andrew robertson,Defender,left,178.0,GB1,20000000.0,80000000.0,https://img.a.transfermarkt.technology/portrait/header/234803-1709147379.jpg?lm=1,https://www.transfermarkt.co.uk/andrew-robertson/profil/spieler/234803
7,Alisson,BRA,GB,31,28,28,"2,508",27.9,0,0,0,0,0,0,0,0,0.0,0.0,0.6,0.6,0,1,0,0.0,0.0,0.0,0.0,0.0,0.0,0.02,0.02,0.0,0.02,alisson,Goalkeeper,right,193.0,GB1,25000000.0,90000000.0,https://img.a.transfermarkt.technology/portrait/header/105470-1668522221.jpg?lm=1,https://www.transfermarkt.co.uk/alisson/profil/spieler/105470
7,Alisson,BRA,GB,31,28,28,"2,508",27.9,0,0,0,0,0,0,0,0,0.0,0.0,0.6,0.6,0,1,0,0.0,0.0,0.0,0.0,0.0,0.0,0.02,0.02,0.0,0.02,alisson,Attack,left,183.0,UKR1,10000000.0,10000000.0,https://img.a.transfermarkt.technology/portrait/header/1083070-1741617223.png?lm=1,https://www.transfermarkt.co.uk/alisson/profil/spieler/1083070
8,Luis Díaz,COL,AT,27,36,28,"2,399",26.7,13,5,18,13,0,0,2,0,12.0,12.0,5.0,17.1,108,110,293,0.49,0.19,0.68,0.49,0.68,0.45,0.19,0.64,0.45,0.64,luis diaz,Attack,right,180.0,GB1,85000000.0,85000000.0,https://img.a.transfermarkt.technology/portrait/header/480692-1697903145.jpg?lm=1,https://www.transfermarkt.co.uk/luis-diaz/profil/spieler/480692
9,Trent Alexander-Arnold,ENG,DF,25,33,28,"2,365",26.3,3,6,9,3,0,0,5,0,1.9,1.9,7.3,9.2,51,232,94,0.11,0.23,0.34,0.11,0.34,0.07,0.28,0.35,0.07,0.35,trent alexander arnold,Defender,right,175.0,GB1,75000000.0,110000000.0,https://img.a.transfermarkt.technology/portrait/header/314353-1701680958.jpg?lm=1,https://www.transfermarkt.co.uk/trent-alexander-arnold/profil/spieler/314353
10,Cody Gakpo,NED,AT,25,35,23,"1,935",21.5,10,4,14,10,0,0,5,0,7.1,7.1,4.4,11.5,59,52,278,0.47,0.19,0.65,0.47,0.65,0.33,0.2,0.53,0.33,0.53,cody gakpo,Attack,right,193.0,GB1,70000000.0,70000000.0,https://img.a.transfermarkt.technology/portrait/header/434675-1682690965.jpg?lm=1,https://www.transfermarkt.co.uk/cody-gakpo/profil/spieler/434675
11,Curtis Jones,ENG,"MT,DF",23,33,19,"1,712",19.0,3,3,6,3,0,0,3,1,4.3,4.3,1.1,5.4,30,117,79,0.16,0.16,0.32,0.16,0.32,0.23,0.06,0.29,0.23,0.29,curtis jones,Midfield,right,185.0,GB1,50000000.0,50000000.0,https://img.a.transfermarkt.technology/portrait/header/433188-1701681163.jpg?lm=1,https://www.transfermarkt.co.uk/curtis-jones/profil/spieler/433188
12,Diogo Jota,POR,AT,27,26,14,"1,196",13.3,6,3,9,6,0,0,2,0,7.9,7.9,1.8,9.8,37,34,88,0.45,0.23,0.68,0.45,0.68,0.6,0.14,0.74,0.6,0.74,diogo jota,Attack,right,178.0,GB1,45000000.0,60000000.0,https://img.a.transfermarkt.technology/portrait/header/340950-1716296423.jpg?lm=1,https://www.transfermarkt.co.uk/diogo-jota/profil/spieler/340950
13,Caoimhín Kelleher,IRL,GB,25,10,10,900,10.0,0,0,0,0,0,0,0,0,0.0,0.0,0.0,0.0,0,0,0,0.0,0.0,0.0,0.0,0.0,0.0,0.0,0.0,0.0,0.0,caoimhin kelleher,Goalkeeper,right,188.0,GB1,22000000.0,22000000.0,https://img.a.transfermarkt.technology/portrait/header/340918-1708933663.jpg?lm=1,https://www.transfermarkt.co.uk/caoimhin-kelleher/profil/spieler/340918
15,Darwin Núñez,URU,AT,25,30,8,"1,133",12.6,5,2,7,5,0,0,8,0,5.8,5.8,1.3,7.1,23,27,78,0.4,0.16,0.56,0.4,0.56,0.46,0.1,0.57,0.46,0.57,darwin nunez,Attack,right,187.0,GB1,50000000.0,70000000.0,https://img.a.transfermarkt.technology/portrait/header/546543-1681827179.jpg?lm=1,https://www.transfermarkt.co.uk/darwin-nunez/profil/spieler/546543
16,Conor Bradley,NIR,DF,21,19,7,754,8.4,0,2,2,0,0,0,4,0,0.7,0.7,1.4,2.1,35,33,39,0.0,0.24,0.24,0.0,0.24,0.08,0.17,0.25,0.08,0.25,conor bradley,Defender,right,181.0,GB1,25000000.0,25000000.0,https://img.a.transfermarkt.technology/portrait/header/624258-1708933100.jpg?lm=1,https://www.transfermarkt.co.uk/conor-bradley/profil/spieler/624258
17,Joe Gomez,ENG,DF,27,9,6,519,5.8,0,0,0,0,0,0,1,0,0.3,0.3,0.1,0.4,5,35,2,0.0,0.0,0.0,0.0,0.0,0.06,0.02,0.08,0.06,0.08,joe gomez,Defender,right,188.0,GB1,25000000.0,42000000.0,https://img.a.transfermarkt.technology/portrait/header/256178-1595946530.jpg?lm=1,https://www.transfermarkt.co.uk/joe-gomez/profil/spieler/256178
18,Jarell Quansah,ENG,DF,21,13,4,495,5.5,0,0,0,0,0,0,2,0,0.1,0.1,0.1,0.2,3,19,4,0.0,0.0,0.0,0.0,0.0,0.02,0.02,0.04,0.02,0.04,jarell quansah,Defender,right,190.0,GB1,22000000.0,22000000.0,https://img.a.transfermarkt.technology/portrait/header/632349-1633426240.jpg?lm=1,https://www.transfermarkt.co.uk/jarell-quansah/profil/spieler/632349
19,Harvey Elliott,ENG,MT,21,18,2,371,4.1,1,2,3,1,0,0,1,0,1.8,1.8,1.1,2.8,10,44,30,0.24,0.49,0.73,0.24,0.73,0.43,0.26,0.69,0.43,0.69,harvey elliott,Midfield,left,170.0,GB1,35000000.0,35000000.0,https://img.a.transfermarkt.technology/portrait/header/565822-1665128076.jpg?lm=1,https://www.transfermarkt.co.uk/harvey-elliott/profil/spieler/565822
20,Wataru Endo,JPN,"MT,DF",31,20,1,273,3.0,0,0,0,0,0,0,0,0,0.0,0.0,0.1,0.1,1,19,8,0.0,0.0,0.0,0.0,0.0,0.0,0.02,0.02,0.0,0.02,wataru endo,Midfield,right,178.0,GB1,10000000.0,13000000.0,https://img.a.transfermarkt.technology/portrait/header/146310-1657181542.jpg?lm=1,https://www.transfermarkt.co.uk/wataru-endo/profil/spieler/146310
21,Federico Chiesa,ITA,AT,26,6,1,108,1.2,0,0,0,0,0,0,0,0,0.3,0.3,0.2,0.5,3,3,7,0.0,0.0,0.0,0.0,0.0,0.28,0.15,0.43,0.28,0.43,federico chiesa,Attack,right,175.0,GB1,18000000.0,70000000.0,https://img.a.transfermarkt.technology/portrait/header/341092-1663576975.jpg?lm=1,https://www.transfermarkt.co.uk/federico-chiesa/profil/spieler/341092
22,Vitezslav Jaros,CZE,GB,23,1,0,12,0.1,0,0,0,0,0,0,0,0,0.0,0.0,0.0,0.0,0,0,0,0.0,0.0,0.0,0.0,0.0,0.0,0.0,0.0,0.0,0.0,vitezslav jaros,Goalkeeper,right,190.0,GB1,5000000.0,5000000.0,https://img.a.transfermarkt.technology/portrait/header/486604-1696603392.jpg?lm=1,https://www.transfermarkt.co.uk/vitezslav-jaros/profil/spieler/486604
23,Jayden Danns,ENG,MT,18,1,0,11,0.1,0,0,0,0,0,0,0,0,0.0,0.0,0.0,0.0,0,0,0,0.0,0.0,0.0,0.0,0.0,0.0,0.0,0.0,0.0,0.0,jayden danns,Attack,right,183.0,GB1,1000000.0,1000000.0,https://img.a.transfermarkt.technology/portrait/header/939290-1709192145.jpg?lm=1,https://www.transfermarkt.co.uk/jayden-danns/profil/spieler/939290
24,Mohamed Salah,EGY,AT,32,38,38,"3,371",37.5,29,18,47,20,9,9,1,0,25.2,18.2,14.2,32.4,154,144,488,0.77,0.48,1.25,0.53,1.01,0.67,0.38,1.05,0.49,0.87,mohamed salah,Attack,left,175.0,GB1,55000000.0,150000000.0,https://img.a.transfermarkt.technology/portrait/header/148455-1727337594.jpg?lm=1,https://www.transfermarkt.co.uk/mohamed-salah/profil/spieler/148455
25,Virgil van Dijk,NED,DF,33,37,37,"3,330",37.0,3,1,4,3,0,0,5,0,2.2,2.2,0.7,3.0,22,198,6,0.08,0.03,0.11,0.08,0.11,0.06,0.02,0.08,0.06,0.08,virgil van dijk,Defender,right,195.0,GB1,28000000.0,100000000.0,https://img.a.transfermarkt.technology/portrait/header/139208-1702049837.jpg?lm=1,https://www.transfermarkt.co.uk/virgil-van-dijk/profil/spieler/139208
26,Ryan Gravenberch,NED,MT,22,37,37,"3,160",35.1,0,4,4,0,0,0,6,1,1.1,1.1,3.1,4.2,70,181,55,0.0,0.11,0.11,0.0,0.11,0.03,0.09,0.12,0.03,0.12,ryan gravenberch,Midfield,right,190.0,GB1,70000000.0,70000000.0,https://img.a.transfermarkt.technology/portrait/header/478573-1718097194.jpg?lm=1,https://www.transfermarkt.co.uk/ryan-gravenberch/profil/spieler/478573
27,Alexis Mac Allister,ARG,MT,25,35,30,"2,599",28.9,5,5,10,5,0,0,6,0,2.8,2.8,4.7,7.5,36,177,80,0.17,0.17,0.35,0.17,0.35,0.1,0.16,0.26,0.1,0.26,alexis mac allister,Midfield,right,176.0,GB1,90000000.0,90000000.0,https://img.a.transfermarkt.technology/portrait/header/534033-1669835342.jpg?lm=1,https://www.transfermarkt.co.uk/alexis-mac-allister/profil/spieler/534033
28,Ibrahima Konaté,FRA,DF,25,31,30,"2,560",28.4,1,2,3,1,0,0,5,0,1.7,1.7,1.0,2.7,25,115,3,0.04,0.07,0.11,0.04,0.11,0.06,0.03,0.1,0.06,0.1,ibrahima konate,Defender,right,194.0,GB1,60000000.0,60000000.0,https://img.a.transfermarkt.technology/portrait/header/357119-1669190550.jpg?lm=1,https://www.transfermarkt.co.uk/ibrahima-konate/profil/spieler/357119
29,Dominik Szoboszlai,HUN,MT,23,36,29,"2,491",27.7,6,6,12,6,0,0,6,0,7.3,7.3,7.4,14.7,72,131,127,0.22,0.22,0.43,0.22,0.43,0.27,0.27,0.53,0.27,0.53,dominik szoboszlai,Midfield,right,187.0,GB1,80000000.0,80000000.0,https://img.a.transfermarkt.technology/portrait/header/451276-1700209677.jpg?lm=1,https://www.transfermarkt.co.uk/dominik-szoboszlai/profil/spieler/451276
30,Andrew Robertson,SCO,DF,30,33,29,"2,482",27.6,0,1,1,0,0,0,3,1,1.2,1.2,4.6,5.8,64,176,108,0.0,0.04,0.04,0.0,0.04,0.04,0.17,0.21,0.04,0.21,andrew robertson,Defender,left,178.0,GB1,20000000.0,80000000.0,https://img.a.transfermarkt.technology/portrait/header/234803-1709147379.jpg?lm=1,https://www.transfermarkt.co.uk/andrew-robertson/profil/spieler/234803
31,Alisson,BRA,GB,31,28,28,"2,508",27.9,0,0,0,0,0,0,0,0,0.0,0.0,0.6,0.6,0,1,0,0.0,0.0,0.0,0.0,0.0,0.0,0.02,0.02,0.0,0.02,alisson,Goalkeeper,right,193.0,GB1,25000000.0,90000000.0,https://img.a.transfermarkt.technology/portrait/header/105470-1668522221.jpg?lm=1,https://www.transfermarkt.co.uk/alisson/profil/spieler/105470
31,Alisson,BRA,GB,31,28,28,"2,508",27.9,0,0,0,0,0,0,0,0,0.0,0.0,0.6,0.6,0,1,0,0.0,0.0,0.0,0.0,0.0,0.0,0.02,0.02,0.0,0.02,alisson,Attack,left,183.0,UKR1,10000000.0,10000000.0,https://img.a.transfermarkt.technology/portrait/header/1083070-1741617223.png?lm=1,https://www.transfermarkt.co.uk/alisson/profil/spieler/1083070
32,Luis Díaz,COL,AT,27,36,28,"2,399",26.7,13,5,18,13,0,0,2,0,12.0,12.0,5.0,17.1,108,110,293,0.49,0.19,0.68,0.49,0.68,0.45,0.19,0.64,0.45,0.64,luis diaz,Attack,right,180.0,GB1,85000000.0,85000000.0,https://img.a.transfermarkt.technology/portrait/header/480692-1697903145.jpg?lm=1,https://www.transfermarkt.co.uk/luis-diaz/profil/spieler/480692
33,Trent Alexander-Arnold,ENG,DF,25,33,28,"2,365",26.3,3,6,9,3,0,0,5,0,1.9,1.9,7.3,9.2,51,232,94,0.11,0.23,0.34,0.11,0.34,0.07,0.28,0.35,0.07,0.35,trent alexander arnold,Defender,right,175.0,GB1,75000000.0,110000000.0,https://img.a.transfermarkt.technology/portrait/header/314353-1701680958.jpg?lm=1,https://www.transfermarkt.co.uk/trent-alexander-arnold/profil/spieler/314353
34,Cody Gakpo,NED,AT,25,35,23,"1,935",21.5,10,4,14,10,0,0,5,0,7.1,7.1,4.4,11.5,59,52,278,0.47,0.19,0.65,0.47,0.65,0.33,0.2,0.53,0.33,0.53,cody gakpo,Attack,right,193.0,GB1,70000000.0,70000000.0,https://img.a.transfermarkt.technology/portrait/header/434675-1682690965.jpg?lm=1,https://www.transfermarkt.co.uk/cody-gakpo/profil/spieler/434675
35,Curtis Jones,ENG,"MT,DF",23,33,19,"1,712",19.0,3,3,6,3,0,0,3,1,4.3,4.3,1.1,5.4,30,117,79,0.16,0.16,0.32,0.16,0.32,0.23,0.06,0.29,0.23,0.29,curtis jones,Midfield,right,185.0,GB1,50000000.0,50000000.0,https://img.a.transfermarkt.technology/portrait/header/433188-1701681163.jpg?lm=1,https://www.transfermarkt.co.uk/curtis-jones/profil/spieler/433188
36,Diogo Jota,POR,AT,27,26,14,"1,196",13.3,6,3,9,6,0,0,2,0,7.9,7.9,1.8,9.8,37,34,88,0.45,0.23,0.68,0.45,0.68,0.6,0.14,0.74,0.6,0.74,diogo jota,Attack,right,178.0,GB1,45000000.0,60000000.0,https://img.a.transfermarkt.technology/portrait/header/340950-1716296423.jpg?lm=1,https://www.transfermarkt.co.uk/diogo-jota/profil/spieler/340950
37,Caoimhín Kelleher,IRL,GB,25,10,10,900,10.0,0,0,0,0,0,0,0,0,0.0,0.0,0.0,0.0,0,0,0,0.0,0.0,0.0,0.0,0.0,0.0,0.0,0.0,0.0,0.0,caoimhin kelleher,Goalkeeper,right,188.0,GB1,22000000.0,22000000.0,https://img.a.transfermarkt.technology/portrait/header/340918-1708933663.jpg?lm=1,https://www.transfermarkt.co.uk/caoimhin-kelleher/profil/spieler/340918
39,Darwin Núñez,URU,AT,25,30,8,"1,133",12.6,5,2,7,5,0,0,8,0,5.8,5.8,1.3,7.1,23,27,78,0.4,0.16,0.56,0.4,0.56,0.46,0.1,0.57,0.46,0.57,darwin nunez,Attack,right,187.0,GB1,50000000.0,70000000.0,https://img.a.transfermarkt.technology/portrait/header/546543-1681827179.jpg?lm=1,https://www.transfermarkt.co.uk/darwin-nunez/profil/spieler/546543
40,Conor Bradley,NIR,DF,21,19,7,754,8.4,0,2,2,0,0,0,4,0,0.7,0.7,1.4,2.1,35,33,39,0.0,0.24,0.24,0.0,0.24,0.08,0.17,0.25,0.08,0.25,conor bradley,Defender,right,181.0,GB1,25000000.0,25000000.0,https://img.a.transfermarkt.technology/portrait/header/624258-1708933100.jpg?lm=1,https://www.transfermarkt.co.uk/conor-bradley/profil/spieler/624258
41,Joe Gomez,ENG,DF,27,9,6,519,5.8,0,0,0,0,0,0,1,0,0.3,0.3,0.1,0.4,5,35,2,0.0,0.0,0.0,0.0,0.0,0.06,0.02,0.08,0.06,0.08,joe gomez,Defender,right,188.0,GB1,25000000.0,42000000.0,https://img.a.transfermarkt.technology/portrait/header/256178-1595946530.jpg?lm=1,https://www.transfermarkt.co.uk/joe-gomez/profil/spieler/256178
42,Jarell Quansah,ENG,DF,21,13,4,495,5.5,0,0,0,0,0,0,2,0,0.1,0.1,0.1,0.2,3,19,4,0.0,0.0,0.0,0.0,0.0,0.02,0.02,0.04,0.02,0.04,jarell quansah,Defender,right,190.0,GB1,22000000.0,22000000.0,https://img.a.transfermarkt.technology/portrait/header/632349-1633426240.jpg?lm=1,https://www.transfermarkt.co.uk/jarell-quansah/profil/spieler/632349
43,Harvey Elliott,ENG,MT,21,18,2,371,4.1,1,2,3,1,0,0,1,0,1.8,1.8,1.1,2.8,10,44,30,0.24,0.49,0.73,0.24,0.73,0.43,0.26,0.69,0.43,0.69,harvey elliott,Midfield,left,170.0,GB1,35000000.0,35000000.0,https://img.a.transfermarkt.technology/portrait/header/565822-1665128076.jpg?lm=1,https://www.transfermarkt.co.uk/harvey-elliott/profil/spieler/565822
44,Wataru Endo,JPN,"MT,DF",31,20,1,273,3.0,0,0,0,0,0,0,0,0,0.0,0.0,0.1,0.1,1,19,8,0.0,0.0,0.0,0.0,0.0,0.0,0.02,0.02,0.0,0.02,wataru endo,Midfield,right,178.0,GB1,10000000.0,13000000.0,https://img.a.transfermarkt.technology/portrait/header/146310-1657181542.jpg?lm=1,https://www.transfermarkt.co.uk/wataru-endo/profil/spieler/146310
45,Federico Chiesa,ITA,AT,26,6,1,108,1.2,0,0,0,0,0,0,0,0,0.3,0.3,0.2,0.5,3,3,7,0.0,0.0,0.0,0.0,0.0,0.28,0.15,0.43,0.28,0.43,federico chiesa,Attack,right,175.0,GB1,18000000.0,70000000.0,https://img.a.transfermarkt.technology/portrait/header/341092-1663576975.jpg?lm=1,https://www.transfermarkt.co.uk/federico-chiesa/profil/spieler/341092
46,Vitezslav Jaros,CZE,GB,23,1,0,12,0.1,0,0,0,0,0,0,0,0,0.0,0.0,0.0,0.0,0,0,0,0.0,0.0,0.0,0.0,0.0,0.0,0.0,0.0,0.0,0.0,vitezslav jaros,Goalkeeper,right,190.0,GB1,5000000.0,5000000.0,https://img.a.transfermarkt.technology/portrait/header/486604-1696603392.jpg?lm=1,https://www.transfermarkt.co.uk/vitezslav-jaros/profil/spieler/486604
47,Jayden Danns,ENG,MT,18,1,0,11,0.1,0,0,0,0,0,0,0,0,0.0,0.0,0.0,0.0,0,0,0,0.0,0.0,0.0,0.0,0.0,0.0,0.0,0.0,0.0,0.0,jayden danns,Attack,right,183.0,GB1,1000000.0,1000000.0,https://img.a.transfermarkt.technology/portrait/header/939290-1709192145.jpg?lm=1,https://www.transfermarkt.co.uk/jayden-danns/profil/spieler/939290
48,David Raya,ESP,GB,28,38,38,"3,420",38.0,0,0,0,0,0,0,3,0,0.0,0.0,0.0,0.0,0,14,0,0.0,0.0,0.0,0.0,0.0,0.0,0.0,0.0,0.0,0.0,david raya,Goalkeeper,right,183.0,GB1,40000000.0,40000000.0,https://img.a.transfermarkt.technology/portrait/header/262749-1668168018.jpg?lm=1,https://www.transfermarkt.co.uk/david-raya/profil/spieler/262749
49,William Saliba,FRA,DF,23,35,35,"3,039",33.8,2,0,2,2,0,0,2,1,2.3,2.3,0.9,3.1,16,138,6,0.06,0.0,0.06,0.06,0.06,0.07,0.03,0.09,0.07,0.09,william saliba,Defender,right,192.0,GB1,80000000.0,80000000.0,https://img.a.transfermarkt.technology/portrait/header/495666-1718697201.jpg?lm=1,https://www.transfermarkt.co.uk/william-saliba/profil/spieler/495666
50,Declan Rice,ENG,MT,25,35,33,"2,825",31.4,4,7,11,4,0,0,7,1,3.5,3.5,6.6,10.1,90,192,94,0.13,0.22,0.35,0.13,0.35,0.11,0.21,0.32,0.11,0.32,declan rice,Midfield,right,188.0,GB1,110000000.0,120000000.0,https://img.a.transfermarkt.technology/portrait/header/357662-1687962936.jpg?lm=1,https://www.transfermarkt.co.uk/declan-rice/profil/spieler/357662
51,Thomas Partey,GHA,"MT,DF",31,35,31,"2,797",31.1,4,2,6,4,0,0,4,0,2.3,2.3,2.1,4.3,36,185,48,0.13,0.06,0.19,0.13,0.19,0.07,0.07,0.14,0.07,0.14,thomas partey,Midfield,right,185.0,GB1,15000000.0,50000000.0,https://img.a.transfermarkt.technology/portrait/header/230784-1668430877.jpg?lm=1,https://www.transfermarkt.co.uk/thomas-partey/profil/spieler/230784
52,Leandro Trossard,BEL,AT,29,38,28,"2,546",28.3,8,7,15,8,0,0,4,1,7.2,7.2,6.1,13.3,80,101,226,0.28,0.25,0.53,0.28,0.53,0.25,0.22,0.47,0.25,0.47,leandro trossard,Attack,right,172.0,GB1,30000000.0,38000000.0,https://img.a.transfermarkt.technology/portrait/header/144028-1702412939.jpg?lm=1,https://www.transfermarkt.co.uk/leandro-trossard/profil/spieler/144028
53,Gabriel Magalhães,BRA,DF,26,28,28,"2,363",26.3,3,1,4,3,0,0,4,0,2.6,2.6,0.9,3.5,10,126,11,0.11,0.04,0.15,0.11,0.15,0.1,0.03,0.13,0.1,0.13,gabriel magalhaes,Defender,left,190.0,GB1,75000000.0,75000000.0,https://img.a.transfermarkt.technology/portrait/header/435338-1684162833.jpg?lm=1,https://www.transfermarkt.co.uk/gabriel-magalhaes/profil/spieler/435338
55,Martin Ødegaard,NOR,MT,25,30,26,"2,325",25.8,3,8,11,2,1,1,4,0,4.8,4.0,5.4,9.5,92,258,154,0.12,0.31,0.43,0.08,0.39,0.19,0.21,0.4,0.16,0.37,martin ødegaard,Midfield,left,178.0,GB1,100000000.0,110000000.0,https://img.a.transfermarkt.technology/portrait/header/316264-1678877651.jpg?lm=1,https://www.transfermarkt.co.uk/martin-odegaard/profil/spieler/316264
56,Mikel Merino,ESP,"MT,AT",28,28,17,"1,586",17.6,7,2,9,7,0,0,4,1,5.9,5.9,2.0,7.9,11,69,94,0.4,0.11,0.51,0.4,0.51,0.34,0.11,0.45,0.34,0.45,mikel merino,Midfield,left,189.0,GB1,35000000.0,50000000.0,https://img.a.transfermarkt.technology/portrait/header/338424-1716803831.jpg?lm=1,https://www.transfermarkt.co.uk/mikel-merino/profil/spieler/338424
57,Myles Lewis-Skelly,ENG,DF,17,23,15,"1,369",15.2,1,0,1,1,0,0,3,2,0.2,0.2,0.4,0.6,37,71,37,0.07,0.0,0.07,0.07,0.07,0.01,0.03,0.04,0.01,0.04,myles lewis skelly,Defender,left,178.0,GB1,28000000.0,28000000.0,https://img.a.transfermarkt.technology/portrait/header/890721-1682599516.jpg?lm=1,https://www.transfermarkt.co.uk/myles-lewis-skelly/profil/spieler/890721
58,Ben White,ENG,DF,26,17,13,"1,198",13.3,0,2,2,0,0,0,2,0,0.5,0.5,1.4,1.8,23,59,42,0.0,0.15,0.15,0.0,0.15,0.03,0.1,0.14,0.03,0.14,ben white,Defender,right,186.0,GB1,50000000.0,55000000.0,https://img.a.transfermarkt.technology/portrait/header/335721-1683275943.jpg?lm=1,https://www.transfermarkt.co.uk/ben-white/profil/spieler/335721
59,Riccardo Calafiori,ITA,DF,22,19,11,983,10.9,2,1,3,2,0,0,4,0,0.9,0.9,0.3,1.1,22,54,29,0.18,0.09,0.27,0.18,0.27,0.08,0.03,0.11,0.08,0.11,riccardo calafiori,Defender,left,188.0,GB1,40000000.0,45000000.0,https://img.a.transfermarkt.technology/portrait/header/502821-1727382174.jpg?lm=1,https://www.transfermarkt.co.uk/riccardo-calafiori/profil/spieler/502821
60,Jakub Kiwior,POL,DF,24,17,10,"1,122",12.5,1,0,1,1,0,0,1,0,0.2,0.2,0.3,0.5,5,48,1,0.08,0.0,0.08,0.08,0.08,0.01,0.03,0.04,0.01,0.04,jakub kiwior,Defender,left,189.0,GB1,22000000.0,30000000.0,https://img.a.transfermarkt.technology/portrait/header/425918-1683101307.jpg?lm=1,https://www.transfermarkt.co.uk/jakub-kiwior/profil/spieler/425918
61,Jorginho,ITA,MT,32,15,9,704,7.8,0,0,0,0,0,0,5,0,0.1,0.1,0.4,0.5,12,48,6,0.0,0.0,0.0,0.0,0.0,0.01,0.05,0.06,0.01,0.06,jorginho,Midfield,right,178.0,GB1,8000000.0,65000000.0,https://img.a.transfermarkt.technology/portrait/header/102017-1682590896.jpg?lm=1,https://www.transfermarkt.co.uk/jorginho/profil/spieler/102017
62,Gabriel Jesus,BRA,AT,27,17,6,608,6.8,3,0,3,3,0,0,4,0,3.0,3.0,0.7,3.7,15,19,57,0.44,0.0,0.44,0.44,0.44,0.44,0.1,0.54,0.44,0.54,gabriel jesus,Attack,right,175.0,GB1,40000000.0,80000000.0,https://img.a.transfermarkt.technology/portrait/header/363205-1669711141.jpg?lm=1,https://www.transfermarkt.co.uk/gabriel-jesus/profil/spieler/363205
64,Takehiro Tomiyasu,JPN,DF,25,1,0,7,0.1,0,0,0,0,0,0,0,0,0.2,0.2,0.0,0.2,0,1,0,0.0,0.0,0.0,0.0,0.0,2.37,0.0,2.37,2.37,2.37,takehiro tomiyasu,Defender,right,188.0,GB1,25000000.0,35000000.0,https://img.a.transfermarkt.technology/portrait/header/331560-1682591217.jpg?lm=1,https://www.transfermarkt.co.uk/takehiro-tomiyasu/profil/spieler/331560
65,Reiss Nelson,ENG,AT,24,1,0,3,0.0,0,0,0,0,0,0,0,0,0.0,0.0,0.0,0.0,0,0,0,0.0,0.0,0.0,0.0,0.0,0.0,0.0,0.0,0.0,0.0,reiss nelson,Attack,right,175.0,GB1,18000000.0,18000000.0,https://img.a.transfermarkt.technology/portrait/header/340325-1667418642.jpg?lm=1,https://www.transfermarkt.co.uk/reiss-nelson/profil/spieler/340325
66,Bruno Guimarães,BRA,MT,26,38,38,"3,271",36.3,5,6,11,5,0,0,7,0,4.3,4.3,6.1,10.4,64,271,96,0.14,0.17,0.3,0.14,0.3,0.12,0.17,0.29,0.12,0.29,bruno guimaraes,Midfield,right,182.0,GB1,80000000.0,85000000.0,https://img.a.transfermarkt.technology/portrait/header/520624-1668522672.jpg?lm=1,https://www.transfermarkt.co.uk/bruno-guimaraes/profil/spieler/520624
67,Dan Burn,ENG,DF,32,37,37,"3,330",37.0,1,1,2,1,0,0,11,0,2.0,2.0,0.9,2.8,12,75,14,0.03,0.03,0.05,0.03,0.05,0.05,0.02,0.08,0.05,0.08,dan burn,Defender,left,201.0,GB1,7000000.0,12000000.0,https://img.a.transfermarkt.technology/portrait/header/134270-1682340860.jpg?lm=1,https://www.transfermarkt.co.uk/dan-burn/profil/spieler/134270
68,Alexander Isak,SWE,AT,24,34,34,"2,756",30.6,23,6,29,19,4,4,1,0,20.3,17.2,4.3,21.6,83,88,217,0.75,0.2,0.95,0.62,0.82,0.66,0.14,0.81,0.56,0.7,alexander isak,Attack,right,192.0,GB1,100000000.0,100000000.0,https://img.a.transfermarkt.technology/portrait/header/349066-1680791339.jpg?lm=1,https://www.transfermarkt.co.uk/alexander-isak/profil/spieler/349066
69,Fabian Schär,SUI,DF,32,34,33,"2,934",32.6,4,0,4,4,0,0,9,1,3.7,3.7,0.4,4.1,18,118,22,0.12,0.0,0.12,0.12,0.12,0.11,0.01,0.13,0.11,0.13,fabian schar,Defender,right,186.0,GB1,9000000.0,16000000.0,https://img.a.transfermarkt.technology/portrait/header/135343-1667990394.jpg?lm=1,https://www.transfermarkt.co.uk/fabian-schar/profil/spieler/135343
71,Jacob Murphy,ENG,AT,29,35,31,"2,360",26.2,8,12,20,8,0,0,4,0,5.7,5.7,8.9,14.6,79,83,231,0.31,0.46,0.76,0.31,0.76,0.22,0.34,0.56,0.22,0.56,jacob murphy,Attack,right,179.0,GB1,16000000.0,16000000.0,https://img.a.transfermarkt.technology/portrait/header/199527-1674210561.jpg?lm=1,https://www.transfermarkt.co.uk/jacob-murphy/profil/spieler/199527
72,Joelinton,BRA,"MT,AT",27,29,29,"2,393",26.6,4,3,7,4,0,0,10,0,3.9,3.9,2.5,6.4,40,116,110,0.15,0.11,0.26,0.15,0.26,0.15,0.09,0.24,0.15,0.24,joelinton,Midfield,right,186.0,GB1,40000000.0,42000000.0,https://img.a.transfermarkt.technology/portrait/header/333241-1674210135.jpg?lm=1,https://www.transfermarkt.co.uk/joelinton/profil/spieler/333241
73,Sandro Tonali,ITA,MT,24,36,28,"2,630",29.2,4,2,6,4,0,0,5,0,4.4,4.4,2.2,6.6,37,128,53,0.14,0.07,0.21,0.14,0.21,0.15,0.07,0.22,0.15,0.22,sandro tonali,Midfield,right,181.0,GB1,45000000.0,60000000.0,https://img.a.transfermarkt.technology/portrait/header/397033-1688389270.jpg?lm=1,https://www.transfermarkt.co.uk/sandro-tonali/profil/spieler/397033
74,Nick Pope,ENG,GB,32,28,28,"2,520",28.0,0,0,0,0,0,0,2,0,0.0,0.0,0.0,0.0,0,1,0,0.0,0.0,0.0,0.0,0.0,0.0,0.0,0.0,0.0,0.0,nick pope,Goalkeeper,right,198.0,GB1,10000000.0,20000000.0,https://img.a.transfermarkt.technology/portrait/header/192080-1663841362.jpg?lm=1,https://www.transfermarkt.co.uk/nick-pope/profil/spieler/192080
75,Lewis Hall,ENG,DF,19,27,24,"2,189",24.3,0,4,4,0,0,0,3,0,0.4,0.4,4.3,4.7,41,123,80,0.0,0.16,0.16,0.0,0.16,0.02,0.18,0.19,0.02,0.19,lewis hall,Defender,left,179.0,GB1,30000000.0,30000000.0,https://img.a.transfermarkt.technology/portrait/header/670858-1699385942.jpg?lm=1,https://www.transfermarkt.co.uk/lewis-hall/profil/spieler/670858
76,Harvey Barnes,ENG,AT,26,33,17,"1,755",19.5,9,4,13,9,0,0,0,0,7.2,7.2,4.0,11.2,93,83,192,0.46,0.21,0.67,0.46,0.67,0.37,0.2,0.57,0.37,0.57,harvey barnes,Attack,right,182.0,GB1,30000000.0,35000000.0,https://img.a.transfermarkt.technology/portrait/header/398065-1700650664.jpg?lm=1,https://www.transfermarkt.co.uk/harvey-barnes/profil/spieler/398065
77,Kieran Trippier,ENG,DF,33,25,14,"1,309",14.5,0,3,3,0,0,0,1,0,0.1,0.1,1.4,1.5,26,117,58,0.0,0.21,0.21,0.0,0.21,0.01,0.1,0.1,0.01,0.1,kieran trippier,Defender,right,173.0,GB1,5000000.0,35000000.0,https://img.a.transfermarkt.technology/portrait/header/95810-1696454076.jpg?lm=1,https://www.transfermarkt.co.uk/kieran-trippier/profil/spieler/95810
78,Joe Willock,ENG,"MT,AT",24,32,11,"1,086",12.1,0,2,2,0,0,0,4,0,1.6,1.6,2.1,3.8,38,41,86,0.0,0.17,0.17,0.0,0.17,0.14,0.18,0.31,0.14,0.31,joe willock,Midfield,right,186.0,GB1,28000000.0,38000000.0,https://img.a.transfermarkt.technology/portrait/header/340329-1683890024.jpg?lm=1,https://www.transfermarkt.co.uk/joe-willock/profil/spieler/340329
79,Martin Dúbravka,SVK,GB,35,10,10,900,10.0,0,0,0,0,0,0,0,0,0.0,0.0,0.0,0.0,0,0,0,0.0,0.0,0.0,0.0,0.0,0.0,0.0,0.0,0.0,0.0,martin dubravka,Goalkeeper,right,191.0,GB1,1000000.0,7500000.0,https://img.a.transfermarkt.technology/portrait/header/74960-1700237195.jpg?lm=1,https://www.transfermarkt.co.uk/martin-dubravka/profil/spieler/74960
80,Sean Longstaff,ENG,MT,26,25,8,798,8.9,0,0,0,0,0,0,2,0,0.6,0.6,0.2,0.8,4,40,22,0.0,0.0,0.0,0.0,0.0,0.07,0.02,0.09,0.07,0.09,sean longstaff,Midfield,right,187.0,GB1,22000000.0,25000000.0,https://img.a.transfermarkt.technology/portrait/header/346707-1682341336.jpg?lm=1,https://www.transfermarkt.co.uk/sean-longstaff/profil/spieler/346707
81,Sven Botman,NED,DF,24,8,6,412,4.6,0,0,0,0,0,0,1,0,0.5,0.5,0.5,1.1,0,7,0,0.0,0.0,0.0,0.0,0.0,0.12,0.12,0.24,0.12,0.24,sven botman,Defender,left,195.0,GB1,45000000.0,45000000.0,https://img.a.transfermarkt.technology/portrait/header/361093-1683290679.jpg?lm=1,https://www.transfermarkt.co.uk/sven-botman/profil/spieler/361093
82,Lloyd Kelly,ENG,DF,25,10,4,303,3.4,0,1,1,0,0,0,2,0,0.4,0.4,0.5,0.9,0,9,5,0.0,0.3,0.3,0.0,0.3,0.12,0.14,0.26,0.12,0.26,lloyd kelly,Defender,left,189.0,IT1,18000000.0,18000000.0,https://img.a.transfermarkt.technology/portrait/header/480116-1739281396.jpg?lm=1,https://www.transfermarkt.co.uk/lloyd-kelly/profil/spieler/480116
83,Callum Wilson,ENG,AT,32,18,2,370,4.1,0,0,0,0,0,0,1,0,0.4,0.4,0.1,0.5,5,4,17,0.0,0.0,0.0,0.0,0.0,0.09,0.03,0.12,0.09,0.12,callum wilson,Attack,right,180.0,GB1,11000000.0,30000000.0,https://img.a.transfermarkt.technology/portrait/header/123682-1668090039.jpg?lm=1,https://www.transfermarkt.co.uk/callum-wilson/profil/spieler/123682
84,Emil Krafth,SWE,DF,29,12,2,342,3.8,0,0,0,0,0,0,2,0,0.0,0.0,0.1,0.1,5,8,3,0.0,0.0,0.0,0.0,0.0,0.01,0.02,0.03,0.01,0.03,emil krafth,Defender,right,184.0,GB1,2500000.0,5000000.0,https://img.a.transfermarkt.technology/portrait/header/184528-1674210829.jpg?lm=1,https://www.transfermarkt.co.uk/emil-krafth/profil/spieler/184528
85,Lewis Miley,ENG,MT,18,14,1,313,3.5,1,0,1,1,0,0,0,0,0.5,0.5,0.0,0.6,2,17,8,0.29,0.0,0.29,0.29,0.29,0.16,0.01,0.16,0.16,0.16,lewis miley,Midfield,right,189.0,GB1,22000000.0,22000000.0,https://img.a.transfermarkt.technology/portrait/header/922769-1696453881.jpg?lm=1,https://www.transfermarkt.co.uk/lewis-miley/profil/spieler/922769
86,Miguel Almirón,PAR,AT,30,9,1,157,1.7,0,0,0,0,0,0,0,0,0.5,0.5,0.3,0.8,3,6,18,0.0,0.0,0.0,0.0,0.0,0.3,0.15,0.45,0.3,0.45,miguel almiron,Attack,left,174.0,GB1,20000000.0,35000000.0,https://img.a.transfermarkt.technology/portrait/header/272999-1674210265.jpg?lm=1,https://www.transfermarkt.co.uk/miguel-almiron/profil/spieler/272999
87,William Osula,DEN,AT,20,14,0,134,1.5,1,0,1,1,0,0,0,0,0.2,0.2,0.1,0.3,5,4,17,0.67,0.0,0.67,0.67,0.67,0.11,0.1,0.21,0.11,0.21,william osula,Attack,right,191.0,GB1,7000000.0,7000000.0,https://img.a.transfermarkt.technology/portrait/header/609556-1693217416.jpg?lm=1,https://www.transfermarkt.co.uk/william-osula/profil/spieler/609556
88,Matt Targett,ENG,DF,28,2,0,21,0.2,0,0,0,0,0,0,0,0,0.0,0.0,0.0,0.0,0,0,1,0.0,0.0,0.0,0.0,0.0,0.0,0.0,0.0,0.0,0.0,matt targett,Defender,left,183.0,GB1,8000000.0,17000000.0,https://img.a.transfermarkt.technology/portrait/header/250478-1643653374.jpg?lm=1,https://www.transfermarkt.co.uk/matt-targett/profil/spieler/250478
89,Álex Remiro,ESP,GB,29,36,36,"3,240",36.0,0,0,0,0,0,0,0,0,0.0,0.0,0.0,0.0,0,1,0,0.0,0.0,0.0,0.0,0.0,0.0,0.0,0.0,0.0,0.0,alex remiro,Goalkeeper,right,191.0,ES1,25000000.0,25000000.0,https://img.a.transfermarkt.technology/portrait/header/212862-1694594210.jpg?lm=1,https://www.transfermarkt.co.uk/alex-remiro/profil/spieler/212862
90,Martín Zubimendi,ESP,MT,25,36,33,"2,962",32.9,2,1,3,2,0,0,6,0,2.6,2.6,1.1,3.7,38,195,43,0.06,0.03,0.09,0.06,0.09,0.08,0.03,0.11,0.08,0.11,martin zubimendi,Midfield,right,181.0,ES1,60000000.0,60000000.0,https://img.a.transfermarkt.technology/portrait/header/423440-1684149419.jpg?lm=1,https://www.transfermarkt.co.uk/martin-zubimendi/profil/spieler/423440
91,Sergio Gómez,ESP,"MT,DF",23,37,31,"2,738",30.4,2,5,7,2,0,0,4,0,1.9,1.9,8.9,10.8,43,93,154,0.07,0.16,0.23,0.07,0.23,0.06,0.29,0.35,0.06,0.35,sergio gomez,Attack,left,171.0,ES1,20000000.0,20000000.0,https://img.a.transfermarkt.technology/portrait/header/366930-1727678534.jpg?lm=1,https://www.transfermarkt.co.uk/sergio-gomez/profil/spieler/366930
92,Jon Aramburu,VEN,DF,22,35,28,"2,460",27.3,1,1,2,1,0,0,8,0,0.4,0.4,1.1,1.6,26,97,53,0.04,0.04,0.07,0.04,0.07,0.02,0.04,0.06,0.02,0.06,jon aramburu,Defender,right,176.0,ES1,12000000.0,12000000.0,https://img.a.transfermarkt.technology/portrait/header/661145-1719915615.jpg?lm=1,https://www.transfermarkt.co.uk/jon-aramburu/profil/spieler/661145
93,Mikel Oyarzabal,ESP,AT,27,35,28,"2,250",25.0,9,3,12,5,4,4,4,1,9.9,6.8,2.4,9.2,31,28,133,0.36,0.12,0.48,0.2,0.32,0.4,0.1,0.5,0.27,0.37,mikel oyarzabal,Attack,left,181.0,ES1,30000000.0,70000000.0,https://img.a.transfermarkt.technology/portrait/header/351478-1599987229.jpg?lm=1,https://www.transfermarkt.co.uk/mikel-oyarzabal/profil/spieler/351478
94,Takefusa Kubo,JPN,"MT,AT",23,36,27,"2,372",26.4,5,0,5,5,0,0,5,0,3.6,3.6,4.5,8.0,133,110,218,0.19,0.0,0.19,0.19,0.19,0.14,0.17,0.31,0.14,0.31,takefusa kubo,Attack,left,173.0,ES1,40000000.0,60000000.0,https://img.a.transfermarkt.technology/portrait/header/405398-1697110254.jpg?lm=1,https://www.transfermarkt.co.uk/takefusa-kubo/profil/spieler/405398
95,Igor Zubeldia,ESP,DF,27,28,27,"2,269",25.2,0,0,0,0,0,0,6,1,0.6,0.6,0.4,1.1,22,101,3,0.0,0.0,0.0,0.0,0.0,0.02,0.02,0.04,0.02,0.04,igor zubeldia,Defender,right,181.0,ES1,18000000.0,30000000.0,https://img.a.transfermarkt.technology/portrait/header/355628-1664974849.jpg?lm=1,https://www.transfermarkt.co.uk/igor-zubeldia/profil/spieler/355628
96,Javi López,ESP,DF,22,29,21,"1,936",21.5,0,0,0,0,0,0,4,0,0.1,0.1,0.4,0.5,36,73,64,0.0,0.0,0.0,0.0,0.0,0.01,0.02,0.03,0.01,0.03,javi lopez,Defender,left,183.0,ES1,7500000.0,7500000.0,https://img.a.transfermarkt.technology/portrait/header/568158-1647530894.jpg?lm=1,https://www.transfermarkt.co.uk/javi-lopez/profil/spieler/568158
98,Nayef Aguerd,MAR,DF,28,21,21,"1,760",19.6,0,0,0,0,0,0,5,0,2.4,2.4,0.1,2.5,26,75,1,0.0,0.0,0.0,0.0,0.0,0.12,0.01,0.13,0.12,0.13,nayef aguerd,Defender,left,190.0,ES1,25000000.0,38000000.0,https://img.a.transfermarkt.technology/portrait/header/361914-1659355782.jpg?lm=1,https://www.transfermarkt.co.uk/nayef-aguerd/profil/spieler/361914
99,Brais Méndez,ESP,MT,27,27,19,"1,531",17.0,3,2,5,3,0,0,4,0,3.5,3.5,2.0,5.5,32,91,86,0.18,0.12,0.29,0.18,0.29,0.21,0.12,0.33,0.21,0.33,brais mendez,Midfield,left,184.0,ES1,28000000.0,40000000.0,https://img.a.transfermarkt.technology/portrait/header/309110-1665057568.jpg?lm=1,https://www.transfermarkt.co.uk/brais-mendez/profil/spieler/309110
100,Aritz Elustondo,ESP,DF,30,22,16,"1,457",16.2,0,0,0,0,0,0,2,1,0.4,0.4,0.2,0.6,17,51,4,0.0,0.0,0.0,0.0,0.0,0.03,0.01,0.04,0.03,0.04,aritz elustondo,Defender,right,180.0,ES1,4000000.0,20000000.0,https://img.a.transfermarkt.technology/portrait/header/229804-1664970965.jpg?lm=1,https://www.transfermarkt.co.uk/aritz-elustondo/profil/spieler/229804
101,Ander Barrenetxea,ESP,"MT,AT",22,30,14,"1,263",14.0,1,3,4,1,0,0,6,0,1.6,1.6,1.9,3.6,43,48,152,0.07,0.21,0.29,0.07,0.29,0.12,0.14,0.26,0.12,0.26,ander barrenetxea,Attack,right,175.0,ES1,18000000.0,20000000.0,https://img.a.transfermarkt.technology/portrait/header/616369-1699472801.jpg?lm=1,https://www.transfermarkt.co.uk/ander-barrenetxea/profil/spieler/616369
102,Pablo Marín,ESP,MT,21,23,14,"1,239",13.8,1,2,3,1,0,0,3,0,1.4,1.4,1.0,2.4,20,45,47,0.07,0.15,0.22,0.07,0.22,0.1,0.07,0.17,0.1,0.17,pablo marin,Midfield,right,178.0,ES1,3000000.0,3000000.0,https://img.a.transfermarkt.technology/portrait/header/907813-1683212131.jpg?lm=1,https://www.transfermarkt.co.uk/pablo-marin/profil/spieler/907813
103,Aihen Muñoz,ESP,DF,26,21,13,"1,098",12.2,0,0,0,0,0,0,5,0,0.2,0.2,0.3,0.4,26,38,28,0.0,0.0,0.0,0.0,0.0,0.01,0.02,0.04,0.01,0.04,aihen munoz,Defender,left,175.0,ES1,5000000.0,8000000.0,https://img.a.transfermarkt.technology/portrait/header/517842-1699007158.jpg?lm=1,https://www.transfermarkt.co.uk/aihen-munoz/profil/spieler/517842
104,Beñat Turrientes,ESP,MT,22,21,11,942,10.5,0,0,0,0,0,0,4,0,0.6,0.6,0.2,0.7,18,42,28,0.0,0.0,0.0,0.0,0.0,0.05,0.01,0.07,0.05,0.07,benat turrientes,Midfield,right,181.0,ES1,16000000.0,20000000.0,https://img.a.transfermarkt.technology/portrait/header/634431-1702416501.jpg?lm=1,https://www.transfermarkt.co.uk/benat-turrientes/profil/spieler/634431
106,Jon Pacheco,ESP,DF,23,14,9,854,9.5,0,0,0,0,0,0,3,0,0.1,0.1,0.1,0.2,12,27,0,0.0,0.0,0.0,0.0,0.0,0.01,0.01,0.02,0.01,0.02,jon pacheco,Defender,left,184.0,ES1,7500000.0,15000000.0,https://img.a.transfermarkt.technology/portrait/header/580560-1631178086.jpg?lm=1,https://www.transfermarkt.co.uk/jon-pacheco/profil/spieler/580560
107,Hamari Traoré,MLI,DF,32,11,9,700,7.8,0,1,1,0,0,0,2,0,0.0,0.0,0.2,0.3,12,26,20,0.0,0.13,0.13,0.0,0.13,0.01,0.03,0.04,0.01,0.04,hamari traore,Defender,right,175.0,ES1,3000000.0,10000000.0,https://img.a.transfermarkt.technology/portrait/header/297070-1664981394.jpg?lm=1,https://www.transfermarkt.co.uk/hamari-traore/profil/spieler/297070
109,Jon Martin,ESP,DF,18,13,6,904,10.0,0,1,1,0,0,0,2,0,0.6,0.6,0.2,0.8,4,34,0,0.0,0.1,0.1,0.0,0.1,0.06,0.02,0.08,0.06,0.08,jon martin,Defender,right,187.0,ES1,2000000.0,2000000.0,https://img.a.transfermarkt.technology/portrait/header/1018938-1732794896.png?lm=1,https://www.transfermarkt.co.uk/jon-martin/profil/spieler/1018938
110,Umar Sadiq,NGA,AT,27,7,2,227,2.5,0,0,0,0,0,0,1,0,0.2,0.2,0.2,0.4,5,5,18,0.0,0.0,0.0,0.0,0.0,0.09,0.06,0.15,0.09,0.15,umar sadiq,Attack,right,191.0,ES1,5000000.0,18000000.0,https://img.a.transfermarkt.technology/portrait/header/337715-1728040426.jpg?lm=1,https://www.transfermarkt.co.uk/umar-sadiq/profil/spieler/337715
111,Unai Marrero,ESP,GB,22,2,2,180,2.0,0,0,0,0,0,0,0,0,0.0,0.0,0.0,0.0,0,0,0,0.0,0.0,0.0,0.0,0.0,0.0,0.0,0.0,0.0,0.0,unai marrero,Goalkeeper,right,189.0,ES1,600000.0,600000.0,https://img.a.transfermarkt.technology/portrait/header/625657-1692370133.jpg?lm=1,https://www.transfermarkt.co.uk/unai-marrero/profil/spieler/625657
112,Arsen Zakharyan,RUS,"MT,AT",21,3,1,73,0.8,1,0,1,1,0,0,0,0,0.2,0.2,0.1,0.3,0,3,4,1.23,0.0,1.23,1.23,1.23,0.24,0.12,0.36,0.24,0.36,arsen zakharyan,Midfield,right,183.0,ES1,15000000.0,18000000.0,https://img.a.transfermarkt.technology/portrait/header/555143-1683292149.jpg?lm=1,https://www.transfermarkt.co.uk/arsen-zakharyan/profil/spieler/555143
114,Álvaro Odriozola,ESP,DF,28,2,0,43,0.5,0,0,0,0,0,0,1,0,0.0,0.0,0.0,0.0,0,3,0,0.0,0.0,0.0,0.0,0.0,0.0,0.0,0.0,0.0,0.0,alvaro odriozola,Defender,right,176.0,ES1,1200000.0,30000000.0,https://img.a.transfermarkt.technology/portrait/header/280730-1579598607.jpg?lm=1,https://www.transfermarkt.co.uk/alvaro-odriozola/profil/spieler/280730
117,Jon Magunazelaia,ESP,MT,23,2,0,7,0.1,0,0,0,0,0,0,0,0,0.0,0.0,0.0,0.0,0,1,0,0.0,0.0,0.0,0.0,0.0,0.0,0.0,0.0,0.0,0.0,jon magunazelaia,Midfield,right,180.0,ES1,1000000.0,1000000.0,https://img.a.transfermarkt.technology/portrait/header/625655-1707947912.jpg?lm=1,https://www.transfermarkt.co.uk/jon-magunazelaia/profil/spieler/625655
118,Bart Verbruggen,NED,GB,21,36,36,"3,240",36.0,0,1,1,0,0,0,5,0,0.0,0.0,0.0,0.0,0,2,0,0.0,0.03,0.03,0.0,0.03,0.0,0.0,0.0,0.0,0.0,bart verbruggen,Goalkeeper,right,194.0,GB1,25000000.0,25000000.0,https://img.a.transfermarkt.technology/portrait/header/565093-1716990260.jpg?lm=1,https://www.transfermarkt.co.uk/bart-verbruggen/profil/spieler/565093
119,Carlos Baleba,CMR,MT,20,34,31,"2,661",29.6,3,1,4,3,0,0,8,1,3.1,3.1,1.3,4.4,43,118,29,0.1,0.03,0.14,0.1,0.14,0.1,0.05,0.15,0.1,0.15,carlos baleba,Midfield,left,179.0,GB1,35000000.0,35000000.0,https://img.a.transfermarkt.technology/portrait/header/973085-1666690662.jpg?lm=1,https://www.transfermarkt.co.uk/carlos-baleba/profil/spieler/973085
120,Pervis Estupiñán,ECU,DF,26,30,26,"2,402",26.7,1,1,2,1,0,0,5,0,1.2,1.2,2.1,3.3,59,132,112,0.04,0.04,0.07,0.04,0.07,0.04,0.08,0.12,0.04,0.12,pervis estupinan,Defender,left,175.0,GB1,30000000.0,35000000.0,https://img.a.transfermarkt.technology/portrait/header/349599-1668498118.jpg?lm=1,https://www.transfermarkt.co.uk/pervis-estupinan/profil/spieler/349599
121,Danny Welbeck,ENG,AT,33,30,24,"2,115",23.5,10,4,14,9,1,1,5,0,9.6,8.8,1.4,10.1,21,47,95,0.43,0.17,0.6,0.38,0.55,0.41,0.06,0.46,0.37,0.43,danny welbeck,Attack,right,185.0,GB1,5000000.0,18000000.0,https://img.a.transfermarkt.technology/portrait/header/67063-1700673547.jpg?lm=1,https://www.transfermarkt.co.uk/danny-welbeck/profil/spieler/67063
122,Lewis Dunk,ENG,DF,32,25,23,"2,083",23.1,0,0,0,0,0,0,5,0,0.8,0.8,0.5,1.3,20,142,3,0.0,0.0,0.0,0.0,0.0,0.03,0.02,0.06,0.03,0.06,lewis dunk,Defender,right,192.0,GB1,8000000.0,27000000.0,https://img.a.transfermarkt.technology/portrait/header/148153-1716297176.jpg?lm=1,https://www.transfermarkt.co.uk/lewis-dunk/profil/spieler/148153
123,Yasin Ayari,SWE,MT,20,34,22,"1,965",21.8,2,1,3,2,0,0,3,0,2.4,2.4,2.3,4.8,30,75,61,0.09,0.05,0.14,0.09,0.14,0.11,0.11,0.22,0.11,0.22,yasin ayari,Midfield,right,172.0,GB1,17000000.0,17000000.0,https://img.a.transfermarkt.technology/portrait/header/667287-1662115248.jpg?lm=1,https://www.transfermarkt.co.uk/yasin-ayari/profil/spieler/667287
124,Jack Hinshelwood,ENG,"MT,DF",19,26,22,"1,842",20.5,5,2,7,5,0,0,5,0,2.7,2.7,1.5,4.2,19,68,54,0.24,0.1,0.34,0.24,0.34,0.13,0.07,0.21,0.13,0.21,jack hinshelwood,Midfield,right,182.0,GB1,24000000.0,24000000.0,https://img.a.transfermarkt.technology/portrait/header/867688-1698353957.jpg?lm=1,https://www.transfermarkt.co.uk/jack-hinshelwood/profil/spieler/867688
125,Joël Veltman,NED,DF,32,21,19,"1,697",18.9,0,0,0,0,0,0,5,0,0.5,0.5,0.5,0.9,32,85,34,0.0,0.0,0.0,0.0,0.0,0.02,0.02,0.05,0.02,0.05,joël veltman,Defender,right,184.0,GB1,7000000.0,10000000.0,https://img.a.transfermarkt.technology/portrait/header/111195-1700650522.jpg?lm=1,https://www.transfermarkt.co.uk/joel-veltman/profil/spieler/111195
126,Georginio Rutter,FRA,"MT,AT",22,28,19,"1,656",18.4,5,3,8,5,0,0,2,0,4.6,4.6,2.5,7.1,42,67,79,0.27,0.16,0.43,0.27,0.43,0.25,0.14,0.39,0.25,0.39,georginio rutter,Attack,left,182.0,GB1,32000000.0,32000000.0,https://img.a.transfermarkt.technology/portrait/header/538977-1727785742.jpg?lm=1,https://www.transfermarkt.co.uk/georginio-rutter/profil/spieler/538977
127,Matt O'Riley,DEN,MT,23,21,11,938,10.4,2,2,4,1,1,1,1,0,2.8,2.0,2.4,4.4,22,38,52,0.19,0.19,0.38,0.1,0.29,0.27,0.23,0.5,0.2,0.42,matt o'riley,Midfield,left,189.0,GB1,22000000.0,22000000.0,https://img.a.transfermarkt.technology/portrait/header/406634-1661800636.jpg?lm=1,https://www.transfermarkt.co.uk/matt-oriley/profil/spieler/406634
128,Adam Webster,ENG,DF,29,14,11,887,9.9,0,0,0,0,0,0,1,0,0.2,0.2,0.5,0.7,8,63,2,0.0,0.0,0.0,0.0,0.0,0.03,0.05,0.08,0.03,0.08,adam webster,Defender,right,190.0,GB1,12000000.0,25000000.0,https://img.a.transfermarkt.technology/portrait/header/212847-1681737411.jpg?lm=1,https://www.transfermarkt.co.uk/adam-webster/profil/spieler/212847
129,Igor,BRA,DF,26,13,10,961,10.7,0,0,0,0,0,0,4,0,0.0,0.0,0.2,0.2,9,49,1,0.0,0.0,0.0,0.0,0.0,0.0,0.02,0.02,0.0,0.02,igor,Defender,left,188.0,GB1,22000000.0,22000000.0,https://img.a.transfermarkt.technology/portrait/header/380350-1700737326.jpg?lm=1,https://www.transfermarkt.co.uk/igor/profil/spieler/380350
130,Tariq Lamptey,GHA,DF,23,15,10,860,9.6,2,2,4,2,0,0,0,0,0.4,0.4,0.8,1.2,32,14,45,0.21,0.21,0.42,0.21,0.42,0.04,0.08,0.12,0.04,0.12,tariq lamptey,Defender,right,163.0,GB1,12000000.0,18000000.0,https://img.a.transfermarkt.technology/portrait/header/504148-1692364960.jpg?lm=1,https://www.transfermarkt.co.uk/tariq-lamptey/profil/spieler/504148
131,Brajan Gruda,GER,"MT,AT",20,21,8,687,7.6,1,4,5,1,0,0,0,0,1.2,1.2,2.1,3.3,22,26,57,0.13,0.52,0.66,0.13,0.66,0.16,0.28,0.43,0.16,0.43,brajan gruda,Attack,left,178.0,GB1,25000000.0,25000000.0,https://img.a.transfermarkt.technology/portrait/header/700106-1699001685.jpg?lm=1,https://www.transfermarkt.co.uk/brajan-gruda/profil/spieler/700106
132,Diego Gómez,PAR,MT,21,16,4,516,5.7,1,0,1,1,0,0,0,0,0.9,0.9,0.7,1.6,8,27,23,0.17,0.0,0.17,0.17,0.17,0.15,0.13,0.28,0.15,0.28,diego gomez,Midfield,right,185.0,GB1,13000000.0,13000000.0,https://img.a.transfermarkt.technology/portrait/header/996897-1710077684.jpg?lm=1,https://www.transfermarkt.co.uk/diego-gomez/profil/spieler/996897
133,James Milner,ENG,MT,38,4,3,170,1.9,0,0,0,0,0,0,1,0,0.2,0.2,0.2,0.4,1,10,10,0.0,0.0,0.0,0.0,0.0,0.09,0.12,0.21,0.09,0.21,james milner,Midfield,right,175.0,GB1,1000000.0,21000000.0,https://img.a.transfermarkt.technology/portrait/header/3333-1662621121.jpg?lm=1,https://www.transfermarkt.co.uk/james-milner/profil/spieler/3333
134,Julio Enciso,PAR,"MT,AT",20,12,2,294,3.3,0,0,0,0,0,0,0,0,1.0,1.0,0.2,1.2,11,14,17,0.0,0.0,0.0,0.0,0.0,0.31,0.07,0.38,0.31,0.38,julio enciso,Midfield,right,173.0,GB1,22000000.0,22000000.0,https://img.a.transfermarkt.technology/portrait/header/660867-1669388786.jpg?lm=1,https://www.transfermarkt.co.uk/julio-enciso/profil/spieler/660867
135,Evan Ferguson,IRL,AT,19,13,2,246,2.7,1,0,1,1,0,0,0,0,0.5,0.5,0.4,1.0,2,1,9,0.37,0.0,0.37,0.37,0.37,0.2,0.15,0.35,0.2,0.35,evan ferguson,Attack,right,188.0,GB1,32000000.0,65000000.0,https://img.a.transfermarkt.technology/portrait/header/648046-1681739980.jpg?lm=1,https://www.transfermarkt.co.uk/evan-ferguson/profil/spieler/648046
136,Jason Steele,ENG,GB,33,2,2,180,2.0,0,0,0,0,0,0,0,0,0.0,0.0,0.0,0.0,0,0,0,0.0,0.0,0.0,0.0,0.0,0.0,0.0,0.0,0.0,0.0,jason steele,Goalkeeper,right,188.0,GB1,2000000.0,4000000.0,https://img.a.transfermarkt.technology/portrait/header/73564-1681383960.jpg?lm=1,https://www.transfermarkt.co.uk/jason-steele/profil/spieler/73564
137,Billy Gilmour,SCO,MT,23,2,1,98,1.1,0,0,0,0,0,0,0,0,0.1,0.1,0.0,0.1,2,11,2,0.0,0.0,0.0,0.0,0.0,0.07,0.0,0.07,0.07,0.07,billy gilmour,Midfield,right,170.0,IT1,16000000.0,18000000.0,https://img.a.transfermarkt.technology/portrait/header/423744-1701544195.jpg?lm=1,https://www.transfermarkt.co.uk/billy-gilmour/profil/spieler/423744
138,Eiran Cashin,IRL,DF,22,2,0,20,0.2,0,0,0,0,0,0,0,0,0.0,0.0,0.0,0.0,0,6,1,0.0,0.0,0.0,0.0,0.0,0.0,0.0,0.0,0.0,0.0,eiran cashin,Defender,left,184.0,GB1,8000000.0,8000000.0,https://img.a.transfermarkt.technology/portrait/header/581330-1699341875.jpg?lm=1,https://www.transfermarkt.co.uk/eiran-cashin/profil/spieler/581330
139,Jakub Moder,POL,MT,25,4,0,11,0.1,0,0,0,0,0,0,0,0,0.0,0.0,0.2,0.2,2,4,0,0.0,0.0,0.0,0.0,0.0,0.0,1.45,1.45,0.0,1.45,jakub moder,Midfield,right,191.0,NL1,10000000.0,12000000.0,https://img.a.transfermarkt.technology/portrait/header/384461-1716985274.jpg?lm=1,https://www.transfermarkt.co.uk/jakub-moder/profil/spieler/384461
140,Jeremy Sarmiento,ECU,MT,22,1,0,9,0.1,0,0,0,0,0,0,0,0,0.0,0.0,0.0,0.0,0,0,2,0.0,0.0,0.0,0.0,0.0,0.0,0.0,0.0,0.0,0.0,jeremy sarmiento,Attack,right,178.0,GB1,7000000.0,7000000.0,https://img.a.transfermarkt.technology/portrait/header/568005-1638484043.jpg?lm=1,https://www.transfermarkt.co.uk/jeremy-sarmiento/profil/spieler/568005
142,Milos Kerkez,HUN,DF,20,38,38,"3,336",37.1,2,5,7,2,0,0,4,0,0.6,0.5,3.9,4.4,106,159,197,0.05,0.13,0.19,0.05,0.19,0.02,0.1,0.12,0.01,0.12,milos kerkez,Defender,left,180.0,GB1,35000000.0,35000000.0,https://img.a.transfermarkt.technology/portrait/header/730861-1660762995.jpg?lm=1,https://www.transfermarkt.co.uk/milos-kerkez/profil/spieler/730861
143,Antoine Semenyo,GHA,AT,24,37,36,"3,203",35.6,11,5,16,11,0,0,9,0,10.0,10.0,5.8,15.8,140,109,282,0.31,0.14,0.45,0.31,0.45,0.28,0.16,0.44,0.28,0.44,antoine semenyo,Midfield,right,185.0,GB1,35000000.0,35000000.0,https://img.a.transfermarkt.technology/portrait/header/583255-1737452028.jpg?lm=1,https://www.transfermarkt.co.uk/antoine-semenyo/profil/spieler/583255
145,Lewis Cook,ENG,"MT,DF",27,36,32,"2,978",33.1,1,3,4,1,0,0,8,1,0.9,0.9,4.1,5.1,33,158,52,0.03,0.09,0.12,0.03,0.12,0.03,0.12,0.15,0.03,0.15,lewis cook,Midfield,right,175.0,GB1,15000000.0,20000000.0,https://img.a.transfermarkt.technology/portrait/header/249089-1700671190.jpg?lm=1,https://www.transfermarkt.co.uk/lewis-cook/profil/spieler/249089
146,Kepa Arrizabalaga,ESP,GB,29,31,31,"2,790",31.0,0,0,0,0,0,0,3,0,0.1,0.1,0.0,0.1,0,2,0,0.0,0.0,0.0,0.0,0.0,0.0,0.0,0.0,0.0,0.0,kepa arrizabalaga,Goalkeeper,right,188.0,GB1,11000000.0,60000000.0,https://img.a.transfermarkt.technology/portrait/header/192279-1661855851.jpg?lm=1,https://www.transfermarkt.co.uk/kepa-arrizabalaga/profil/spieler/192279
147,Justin Kluivert,NED,MT,25,34,29,"2,340",26.0,12,6,18,6,6,6,8,0,10.3,5.6,4.8,10.5,81,105,173,0.46,0.23,0.69,0.23,0.46,0.4,0.19,0.58,0.22,0.4,justin kluivert,Midfield,both,172.0,GB1,35000000.0,35000000.0,https://img.a.transfermarkt.technology/portrait/header/330659-1596107153.jpg?lm=1,https://www.transfermarkt.co.uk/justin-kluivert/profil/spieler/330659
148,Evanilson,BRA,AT,24,31,28,"2,319",25.8,10,1,11,10,0,1,1,1,12.5,11.7,1.9,13.6,29,28,99,0.39,0.04,0.43,0.39,0.43,0.48,0.07,0.56,0.45,0.53,evanilson,Attack,both,183.0,GB1,35000000.0,35000000.0,https://img.a.transfermarkt.technology/portrait/header/711337-1737452098.jpg?lm=1,https://www.transfermarkt.co.uk/evanilson/profil/spieler/711337
149,Ryan Christie,SCO,MT,29,29,27,"2,117",23.5,2,3,5,2,0,0,9,0,1.8,1.8,3.5,5.4,34,137,44,0.09,0.13,0.21,0.09,0.21,0.08,0.15,0.23,0.08,0.23,ryan christie,Midfield,left,178.0,GB1,12000000.0,12000000.0,https://img.a.transfermarkt.technology/portrait/header/188077-1697450633.jpg?lm=1,https://www.transfermarkt.co.uk/ryan-christie/profil/spieler/188077
150,Dean Huijsen,ESP,DF,19,32,26,"2,427",27.0,3,2,5,3,0,0,10,0,1.9,1.9,2.0,3.9,41,132,10,0.11,0.07,0.19,0.11,0.19,0.07,0.08,0.14,0.07,0.14,dean huijsen,Defender,both,197.0,GB1,42000000.0,42000000.0,https://img.a.transfermarkt.technology/portrait/header/890290-1740065734.jpg?lm=1,https://www.transfermarkt.co.uk/dean-huijsen/profil/spieler/890290
151,Dango Ouattara,BFA,AT,22,32,21,"2,005",22.3,7,4,11,7,0,0,3,0,8.4,8.4,5.5,13.8,79,43,191,0.31,0.18,0.49,0.31,0.49,0.38,0.25,0.62,0.38,0.62,dango ouattara,Attack,left,177.0,GB1,25000000.0,25000000.0,https://img.a.transfermarkt.technology/portrait/header/823231-1737452292.jpg?lm=1,https://www.transfermarkt.co.uk/dango-ouattara/profil/spieler/823231
152,Tyler Adams,USA,MT,25,28,21,"1,965",21.8,0,3,3,0,0,0,7,0,1.6,1.6,1.0,2.6,14,76,10,0.0,0.14,0.14,0.0,0.14,0.07,0.05,0.12,0.07,0.12,tyler adams,Midfield,right,175.0,GB1,18000000.0,20000000.0,https://img.a.transfermarkt.technology/portrait/header/332705-1666472142.jpg?lm=1,https://www.transfermarkt.co.uk/tyler-adams/profil/spieler/332705
153,Adam Smith,ENG,DF,33,25,19,"1,590",17.7,0,0,0,0,0,0,7,0,0.7,0.7,0.4,1.1,15,49,34,0.0,0.0,0.0,0.0,0.0,0.04,0.02,0.06,0.04,0.06,adam smith,Defender,right,174.0,GB1,1000000.0,9000000.0,https://img.a.transfermarkt.technology/portrait/header/61841-1737920848.jpg?lm=1,https://www.transfermarkt.co.uk/adam-smith/profil/spieler/61841
154,Marcos Senesi,ARG,DF,27,17,13,"1,106",12.3,0,0,0,0,0,0,5,0,0.8,0.8,0.2,1.1,12,62,7,0.0,0.0,0.0,0.0,0.0,0.07,0.02,0.09,0.07,0.09,marcos senesi,Defender,left,185.0,GB1,24000000.0,24000000.0,https://img.a.transfermarkt.technology/portrait/header/469781-1738824319.jpg?lm=1,https://www.transfermarkt.co.uk/marcos-senesi/profil/spieler/469781
155,Alex Scott,ENG,MT,20,20,8,755,8.4,0,0,0,0,0,0,3,0,0.7,0.7,0.9,1.6,15,52,33,0.0,0.0,0.0,0.0,0.0,0.09,0.11,0.19,0.09,0.19,alex scott,Midfield,right,178.0,GB1,20000000.0,20000000.0,https://img.a.transfermarkt.technology/portrait/header/855256-1656922605.jpg?lm=1,https://www.transfermarkt.co.uk/alex-scott/profil/spieler/855256
156,Julian Araujo,MEX,DF,22,12,7,497,5.5,0,0,0,0,0,0,2,0,0.0,0.0,0.1,0.1,4,14,22,0.0,0.0,0.0,0.0,0.0,0.0,0.01,0.01,0.0,0.01,julian araujo,Defender,right,176.0,GB1,10000000.0,10000000.0,https://img.a.transfermarkt.technology/portrait/header/513970-1646079609.JPG?lm=1,https://www.transfermarkt.co.uk/julian-araujo/profil/spieler/513970
157,James Hill,ENG,DF,22,10,6,448,5.0,0,1,1,0,0,0,1,0,0.3,0.3,0.3,0.6,3,16,8,0.0,0.2,0.2,0.0,0.2,0.06,0.05,0.11,0.06,0.11,james hill,Defender,right,184.0,GB1,2000000.0,2000000.0,https://img.a.transfermarkt.technology/portrait/header/611793-1633426138.png?lm=1,https://www.transfermarkt.co.uk/james-hill/profil/spieler/611793
158,Mark Travers,IRL,GB,25,5,5,450,5.0,0,0,0,0,0,0,0,0,0.0,0.0,0.0,0.0,0,0,0,0.0,0.0,0.0,0.0,0.0,0.0,0.0,0.0,0.0,0.0,mark travers,Goalkeeper,right,191.0,GB1,3500000.0,3500000.0,https://img.a.transfermarkt.technology/portrait/header/357658-1702296610.jpg?lm=1,https://www.transfermarkt.co.uk/mark-travers/profil/spieler/357658
159,Neto,BRA,GB,35,2,2,180,2.0,0,0,0,0,0,0,0,0,0.0,0.0,0.0,0.0,0,0,0,0.0,0.0,0.0,0.0,0.0,0.0,0.0,0.0,0.0,0.0,neto,Goalkeeper,right,190.0,GB1,2000000.0,18000000.0,https://img.a.transfermarkt.technology/portrait/header/111819-1725051877.jpg?lm=1,https://www.transfermarkt.co.uk/neto/profil/spieler/111819
159,Neto,BRA,GB,35,2,2,180,2.0,0,0,0,0,0,0,0,0,0.0,0.0,0.0,0.0,0,0,0,0.0,0.0,0.0,0.0,0.0,0.0,0.0,0.0,0.0,0.0,neto,Midfield,right,181.0,PO1,250000.0,1000000.0,https://img.a.transfermarkt.technology/portrait/header/291968-1663604044.png?lm=1,https://www.transfermarkt.co.uk/neto/profil/spieler/291968
160,Philip Billing,DEN,MT,28,10,1,184,2.0,0,0,0,0,0,0,1,0,0.6,0.6,1.1,1.7,3,15,13,0.0,0.0,0.0,0.0,0.0,0.28,0.54,0.82,0.28,0.82,philip billing,Midfield,left,193.0,IT1,12000000.0,22000000.0,https://img.a.transfermarkt.technology/portrait/header/320411-1674468252.jpg?lm=1,https://www.transfermarkt.co.uk/philip-billing/profil/spieler/320411
161,Max Aarons,ENG,DF,24,3,1,86,1.0,0,0,0,0,0,0,0,0,0.0,0.0,0.0,0.0,1,8,3,0.0,0.0,0.0,0.0,0.0,0.0,0.0,0.0,0.0,0.0,max aarons,Defender,right,177.0,ES1,12000000.0,22000000.0,https://img.a.transfermarkt.technology/portrait/header/471690-1736520346.jpg?lm=1,https://www.transfermarkt.co.uk/max-aarons/profil/spieler/471690
162,Daniel Jebbison,ENG,AT,20,16,0,119,1.3,1,0,1,1,0,0,1,0,1.0,1.0,0.2,1.2,4,3,16,0.76,0.0,0.76,0.76,0.76,0.75,0.15,0.9,0.75,0.9,daniel jebbison,Attack,right,190.0,GB1,4000000.0,4000000.0,https://img.a.transfermarkt.technology/portrait/header/746740-1743015657.jpg?lm=1,https://www.transfermarkt.co.uk/daniel-jebbison/profil/spieler/746740
166,Nathan Collins,IRL,DF,23,38,38,"3,420",38.0,2,3,5,2,0,0,5,0,2.5,2.5,1.8,4.3,32,127,18,0.05,0.08,0.13,0.05,0.13,0.07,0.05,0.11,0.07,0.11,nathan collins,Defender,right,193.0,GB1,28000000.0,28000000.0,https://img.a.transfermarkt.technology/portrait/header/469050-1688381729.jpg?lm=1,https://www.transfermarkt.co.uk/nathan-collins/profil/spieler/469050
167,Bryan Mbeumo,CMR,AT,24,38,38,"3,414",37.9,20,7,27,15,5,6,3,0,12.3,7.5,8.3,15.9,130,141,351,0.53,0.18,0.71,0.4,0.58,0.32,0.22,0.54,0.2,0.42,bryan mbeumo,Attack,left,171.0,GB1,50000000.0,50000000.0,https://img.a.transfermarkt.technology/portrait/header/413039-1668505084.jpg?lm=1,https://www.transfermarkt.co.uk/bryan-mbeumo/profil/spieler/413039
168,Mark Flekken,NED,GB,31,37,37,"3,275",36.4,0,2,2,0,0,0,1,0,0.0,0.0,0.5,0.5,0,0,0,0.0,0.05,0.05,0.0,0.05,0.0,0.01,0.01,0.0,0.01,mark flekken,Goalkeeper,both,195.0,GB1,10000000.0,12000000.0,https://img.a.transfermarkt.technology/portrait/header/125714-1658411484.jpg?lm=1,https://www.transfermarkt.co.uk/mark-flekken/profil/spieler/125714
169,Yoane Wissa,COD,AT,27,35,34,"2,919",32.4,19,4,23,19,0,0,5,0,18.5,18.5,2.6,21.1,60,67,154,0.59,0.12,0.71,0.59,0.71,0.57,0.08,0.65,0.57,0.65,yoane wissa,Attack,right,176.0,GB1,30000000.0,30000000.0,https://img.a.transfermarkt.technology/portrait/header/388165-1740646948.jpg?lm=1,https://www.transfermarkt.co.uk/yoane-wissa/profil/spieler/388165
170,Mikkel Damsgaard,DEN,"MT,AT",24,38,34,"2,911",32.3,2,10,12,2,0,0,2,0,2.8,2.8,8.4,11.2,73,234,137,0.06,0.31,0.37,0.06,0.37,0.09,0.26,0.35,0.09,0.35,mikkel damsgaard,Midfield,right,180.0,GB1,25000000.0,25000000.0,https://img.a.transfermarkt.technology/portrait/header/540941-1668183899.jpg?lm=1,https://www.transfermarkt.co.uk/mikkel-damsgaard/profil/spieler/540941
171,Christian Nørgaard,DEN,MT,30,34,34,"2,819",31.3,5,4,9,5,0,0,8,1,4.3,4.3,1.3,5.6,14,154,42,0.16,0.13,0.29,0.16,0.29,0.14,0.04,0.18,0.14,0.18,christian nørgaard,Midfield,right,187.0,GB1,12000000.0,20000000.0,https://img.a.transfermarkt.technology/portrait/header/148367-1699799827.jpg?lm=1,https://www.transfermarkt.co.uk/christian-norgaard/profil/spieler/148367
172,Vitaly Janelt,GER,MT,26,32,27,"2,254",25.0,1,3,4,1,0,0,3,0,0.8,0.8,2.2,3.0,17,80,38,0.04,0.12,0.16,0.04,0.16,0.03,0.09,0.12,0.03,0.12,vitaly janelt,Midfield,left,184.0,GB1,22000000.0,22000000.0,https://img.a.transfermarkt.technology/portrait/header/270171-1649932358.jpg?lm=1,https://www.transfermarkt.co.uk/vitaly-janelt/profil/spieler/270171
173,Kevin Schade,GER,AT,22,38,26,"2,293",25.5,11,2,13,11,0,0,3,0,8.2,8.2,3.7,11.9,61,38,165,0.43,0.08,0.51,0.43,0.51,0.32,0.14,0.47,0.32,0.47,kevin schade,Attack,right,185.0,GB1,27000000.0,27000000.0,https://img.a.transfermarkt.technology/portrait/header/473050-1700560328.jpg?lm=1,https://www.transfermarkt.co.uk/kevin-schade/profil/spieler/473050
174,Ethan Pinnock,JAM,DF,31,22,21,"1,913",21.3,2,0,2,2,0,0,2,0,1.1,1.1,1.2,2.3,3,41,9,0.09,0.0,0.09,0.09,0.09,0.05,0.05,0.11,0.05,0.11,ethan pinnock,Defender,left,194.0,GB1,8000000.0,15000000.0,https://img.a.transfermarkt.technology/portrait/header/442248-1719836196.jpg?lm=1,https://www.transfermarkt.co.uk/ethan-pinnock/profil/spieler/442248
175,Kristoffer Ajer,NOR,DF,26,24,17,"1,438",16.0,0,0,0,0,0,0,5,0,1.0,1.0,1.2,2.2,27,56,44,0.0,0.0,0.0,0.0,0.0,0.06,0.08,0.14,0.06,0.14,kristoffer ajer,Defender,right,198.0,GB1,18000000.0,18000000.0,https://img.a.transfermarkt.technology/portrait/header/328658-1700649482.jpg?lm=1,https://www.transfermarkt.co.uk/kristoffer-ajer/profil/spieler/328658
177,Mads Roerslev,DEN,DF,25,19,11,"1,101",12.2,0,2,2,0,0,0,2,0,0.2,0.2,3.0,3.2,17,51,54,0.0,0.16,0.16,0.0,0.16,0.02,0.24,0.26,0.02,0.26,mads roerslev,Defender,right,184.0,L1,8000000.0,12000000.0,https://img.a.transfermarkt.technology/portrait/header/391005-1684772936.jpg?lm=1,https://www.transfermarkt.co.uk/mads-roerslev/profil/spieler/391005
178,Mathias Jensen,DEN,MT,28,24,8,862,9.6,0,2,2,0,0,0,2,0,0.2,0.2,1.7,1.9,6,61,27,0.0,0.21,0.21,0.0,0.21,0.03,0.17,0.2,0.03,0.2,mathias jensen,Midfield,right,180.0,GB1,16000000.0,30000000.0,https://img.a.transfermarkt.technology/portrait/header/319859-1684771732.jpg?lm=1,https://www.transfermarkt.co.uk/mathias-jensen/profil/spieler/319859
179,Michael Kayode,ITA,DF,20,12,6,528,5.9,0,1,1,0,0,0,2,0,0.2,0.2,1.2,1.5,12,12,24,0.0,0.17,0.17,0.0,0.17,0.04,0.21,0.25,0.04,0.25,michael kayode,Defender,right,179.0,GB1,18000000.0,25000000.0,https://img.a.transfermarkt.technology/portrait/header/823486-1725531169.jpg?lm=1,https://www.transfermarkt.co.uk/michael-kayode/profil/spieler/823486
180,Ben Mee,ENG,DF,34,7,2,183,2.0,0,0,0,0,0,0,2,0,0.0,0.0,0.0,0.0,3,11,2,0.0,0.0,0.0,0.0,0.0,0.0,0.0,0.0,0.0,0.0,ben mee,Defender,left,180.0,GB1,900000.0,10000000.0,https://img.a.transfermarkt.technology/portrait/header/74810-1700647998.jpg?lm=1,https://www.transfermarkt.co.uk/ben-mee/profil/spieler/74810
181,Hákon Rafn Valdimarsson,ISL,GB,22,2,1,145,1.6,0,0,0,0,0,0,0,0,0.0,0.0,0.0,0.0,0,0,0,0.0,0.0,0.0,0.0,0.0,0.0,0.0,0.0,0.0,0.0,hakon rafn valdimarsson,Goalkeeper,right,195.0,GB1,2500000.0,2500000.0,https://img.a.transfermarkt.technology/portrait/header/488935-1689319830.jpg?lm=1,https://www.transfermarkt.co.uk/hakon-rafn-valdimarsson/profil/spieler/488935
183,Rico Henry,ENG,DF,27,5,0,99,1.1,0,0,0,0,0,0,0,0,0.0,0.0,0.0,0.0,0,4,5,0.0,0.0,0.0,0.0,0.0,0.0,0.0,0.0,0.0,0.0,rico henry,Defender,left,170.0,GB1,17000000.0,28000000.0,https://img.a.transfermarkt.technology/portrait/header/339556-1684771012.jpg?lm=1,https://www.transfermarkt.co.uk/rico-henry/profil/spieler/339556
185,Frank Onyeka,NGA,MT,26,2,0,25,0.3,0,0,0,0,0,0,0,0,0.0,0.0,0.0,0.0,0,1,0,0.0,0.0,0.0,0.0,0.0,0.0,0.0,0.0,0.0,0.0,frank onyeka,Midfield,right,183.0,L1,7000000.0,10000000.0,https://img.a.transfermarkt.technology/portrait/header/421637-1726605377.jpg?lm=1,https://www.transfermarkt.co.uk/frank-onyeka/profil/spieler/421637
187,Ryan Trevitt,ENG,MT,21,1,0,4,0.0,0,0,0,0,0,0,0,0,0.0,0.0,0.0,0.0,0,0,1,0.0,0.0,0.0,0.0,0.0,0.0,0.0,0.0,0.0,0.0,ryan trevitt,Midfield,right,17.0,GB1,275000.0,275000.0,https://img.a.transfermarkt.technology/portrait/header/874538-1686580996.jpg?lm=1,https://www.transfermarkt.co.uk/ryan-trevitt/profil/spieler/874538
188,Bernd Leno,GER,GB,32,38,38,"3,420",38.0,0,1,1,0,0,0,5,0,0.0,0.0,0.1,0.1,0,0,0,0.0,0.03,0.03,0.0,0.03,0.0,0.0,0.0,0.0,0.0,bernd leno,Goalkeeper,right,190.0,GB1,11000000.0,35000000.0,https://img.a.transfermarkt.technology/portrait/header/72476-1642711733.jpg?lm=1,https://www.transfermarkt.co.uk/bernd-leno/profil/spieler/72476
189,Antonee Robinson,USA,DF,26,36,35,"3,167",35.2,0,10,10,0,0,0,8,0,0.7,0.7,4.2,4.9,118,131,274,0.0,0.28,0.28,0.0,0.28,0.02,0.12,0.14,0.02,0.14,antonee robinson,Defender,left,183.0,GB1,35000000.0,35000000.0,https://img.a.transfermarkt.technology/portrait/header/349701-1703926612.jpg?lm=1,https://www.transfermarkt.co.uk/antonee-robinson/profil/spieler/349701
190,Calvin Bassey,NGA,DF,24,35,34,"3,074",34.2,1,0,1,1,0,0,7,0,1.0,1.0,0.1,1.2,39,116,15,0.03,0.0,0.03,0.03,0.03,0.03,0.0,0.03,0.03,0.03,calvin bassey,Defender,left,185.0,GB1,25000000.0,25000000.0,https://img.a.transfermarkt.technology/portrait/header/461883-1662989506.jpg?lm=1,https://www.transfermarkt.co.uk/calvin-bassey/profil/spieler/461883
191,Raúl Jiménez,MEX,AT,33,38,30,"2,494",27.7,12,3,15,9,3,3,4,0,12.0,9.6,3.3,12.9,35,62,125,0.43,0.11,0.54,0.32,0.43,0.43,0.12,0.55,0.35,0.47,raul jimenez,Attack,right,187.0,GB1,5000000.0,50000000.0,https://img.a.transfermarkt.technology/portrait/header/206040-1742820547.jpg?lm=1,https://www.transfermarkt.co.uk/raul-jimenez/profil/spieler/206040
192,Joachim Andersen,DEN,DF,28,29,29,"2,583",28.7,0,0,0,0,0,0,6,1,1.0,1.0,0.5,1.5,16,112,2,0.0,0.0,0.0,0.0,0.0,0.04,0.02,0.05,0.04,0.05,joachim andersen,Defender,right,192.0,GB1,32000000.0,35000000.0,https://img.a.transfermarkt.technology/portrait/header/260827-1668183482.jpg?lm=1,https://www.transfermarkt.co.uk/joachim-andersen/profil/spieler/260827
193,Saša Lukić,SRB,MT,27,30,28,"2,344",26.0,0,2,2,0,0,0,12,0,1.2,1.2,2.7,3.9,39,98,33,0.0,0.08,0.08,0.0,0.08,0.04,0.11,0.15,0.04,0.15,saša lukić,Midfield,right,182.0,GB1,10000000.0,15000000.0,https://img.a.transfermarkt.technology/portrait/header/245056-1596015377.jpg?lm=1,https://www.transfermarkt.co.uk/sasa-lukic/profil/spieler/245056
194,Sander Berge,NOR,MT,26,31,26,"2,224",24.7,0,0,0,0,0,0,6,0,0.4,0.4,0.6,1.0,29,124,9,0.0,0.0,0.0,0.0,0.0,0.01,0.03,0.04,0.01,0.04,sander berge,Midfield,right,195.0,GB1,25000000.0,25000000.0,https://img.a.transfermarkt.technology/portrait/header/333014-1679676693.jpg?lm=1,https://www.transfermarkt.co.uk/sander-berge/profil/spieler/333014
195,Emile Smith Rowe,ENG,MT,24,34,25,"2,043",22.7,6,3,9,6,0,0,3,0,4.5,4.5,1.4,6.0,53,126,127,0.26,0.13,0.4,0.26,0.4,0.2,0.06,0.26,0.2,0.26,emile smith rowe,Midfield,right,182.0,GB1,32000000.0,40000000.0,https://img.a.transfermarkt.technology/portrait/header/392765-1684164628.jpg?lm=1,https://www.transfermarkt.co.uk/emile-smith-rowe/profil/spieler/392765
196,Andreas Pereira,BRA,MT,28,33,25,"2,013",22.4,2,4,6,2,0,1,7,0,3.8,3.0,4.6,7.6,29,104,81,0.09,0.18,0.27,0.09,0.27,0.17,0.21,0.38,0.14,0.34,andreas pereira,Midfield,right,178.0,GB1,20000000.0,20000000.0,https://img.a.transfermarkt.technology/portrait/header/203394-1659355525.jpg?lm=1,https://www.transfermarkt.co.uk/andreas-pereira/profil/spieler/203394
197,Kenny Tete,NED,DF,28,22,21,"1,774",19.7,0,2,2,0,0,0,5,0,1.4,1.4,0.9,2.3,34,63,54,0.0,0.1,0.1,0.0,0.1,0.07,0.05,0.12,0.07,0.12,kenny tete,Defender,right,180.0,GB1,15000000.0,15000000.0,https://img.a.transfermarkt.technology/portrait/header/206746-1599577236.jpg?lm=1,https://www.transfermarkt.co.uk/kenny-tete/profil/spieler/206746
198,Timothy Castagne,BEL,DF,28,24,17,"1,649",18.3,0,1,1,0,0,0,1,0,0.4,0.4,1.2,1.6,17,62,67,0.0,0.05,0.05,0.0,0.05,0.02,0.07,0.09,0.02,0.09,timothy castagne,Defender,right,185.0,GB1,15000000.0,28000000.0,https://img.a.transfermarkt.technology/portrait/header/262226-1665067689.jpg?lm=1,https://www.transfermarkt.co.uk/timothy-castagne/profil/spieler/262226
199,Issa Diop,FRA,DF,27,21,15,"1,339",14.9,0,0,0,0,0,0,2,0,0.5,0.5,0.1,0.6,6,25,3,0.0,0.0,0.0,0.0,0.0,0.04,0.01,0.04,0.04,0.04,issa diop,Defender,right,194.0,GB1,16000000.0,35000000.0,https://img.a.transfermarkt.technology/portrait/header/272622-1660565295.jpg?lm=1,https://www.transfermarkt.co.uk/issa-diop/profil/spieler/272622
200,Rodrigo Muniz,BRA,AT,23,31,8,964,10.7,8,1,9,8,0,0,1,0,5.8,5.8,0.7,6.5,6,27,31,0.75,0.09,0.84,0.75,0.84,0.54,0.07,0.61,0.54,0.61,rodrigo muniz,Attack,right,186.0,GB1,20000000.0,20000000.0,https://img.a.transfermarkt.technology/portrait/header/735571-1657802369.jpg?lm=1,https://www.transfermarkt.co.uk/rodrigo-muniz/profil/spieler/735571
201,Reiss Nelson,ENG,AT,24,11,5,487,5.4,1,1,2,1,0,0,1,0,1.1,1.1,1.0,2.1,45,35,63,0.18,0.18,0.37,0.18,0.37,0.2,0.18,0.39,0.2,0.39,reiss nelson,Attack,right,175.0,GB1,18000000.0,18000000.0,https://img.a.transfermarkt.technology/portrait/header/340325-1667418642.jpg?lm=1,https://www.transfermarkt.co.uk/reiss-nelson/profil/spieler/340325
202,Jorge Cuenca,ESP,DF,24,8,4,351,3.9,0,0,0,0,0,0,0,0,0.0,0.0,0.0,0.0,0,10,0,0.0,0.0,0.0,0.0,0.0,0.01,0.0,0.01,0.01,0.01,jorge cuenca,Defender,left,190.0,GB1,6000000.0,8000000.0,https://img.a.transfermarkt.technology/portrait/header/494880-1737920132.jpg?lm=1,https://www.transfermarkt.co.uk/jorge-cuenca/profil/spieler/494880
203,Tom Cairney,SCO,MT,33,25,3,628,7.0,2,0,2,2,0,0,3,1,0.8,0.8,1.1,1.8,18,53,33,0.29,0.0,0.29,0.29,0.29,0.11,0.15,0.26,0.11,0.26,tom cairney,Midfield,left,185.0,GB1,2000000.0,18000000.0,https://img.a.transfermarkt.technology/portrait/header/123275-1651652849.jpg?lm=1,https://www.transfermarkt.co.uk/tom-cairney/profil/spieler/123275
204,Joshua King,ENG,MT,17,8,1,130,1.4,0,0,0,0,0,0,0,0,0.3,0.3,0.4,0.7,3,9,16,0.0,0.0,0.0,0.0,0.0,0.22,0.3,0.51,0.22,0.51,joshua king,Attack,right,180.0,FR1,2000000.0,20000000.0,https://img.a.transfermarkt.technology/portrait/header/91059-1696447644.png?lm=1,https://www.transfermarkt.co.uk/joshua-king/profil/spieler/91059
205,Harrison Reed,ENG,MT,29,12,0,108,1.2,0,0,0,0,0,0,2,0,0.2,0.2,0.1,0.3,1,4,7,0.0,0.0,0.0,0.0,0.0,0.21,0.07,0.27,0.21,0.27,harrison reed,Midfield,right,181.0,GB1,7000000.0,18000000.0,https://img.a.transfermarkt.technology/portrait/header/226973-1628697428.jpg?lm=1,https://www.transfermarkt.co.uk/harrison-reed/profil/spieler/226973
206,Carlos Vinícius,BRA,"MT,AT",29,3,0,16,0.2,0,0,0,0,0,0,0,0,0.0,0.0,0.0,0.0,1,0,3,0.0,0.0,0.0,0.0,0.0,0.21,0.0,0.21,0.21,0.21,carlos vinicius,Attack,left,190.0,GB1,4000000.0,20000000.0,https://img.a.transfermarkt.technology/portrait/header/525287-1662070180.jpg?lm=1,https://www.transfermarkt.co.uk/carlos-vinicius/profil/spieler/525287
207,Jay Stansfield,ENG,MT,21,1,0,1,0.0,0,0,0,0,0,0,0,0,0.0,0.0,0.0,0.0,0,0,0,0.0,0.0,0.0,0.0,0.0,0.0,0.0,0.0,0.0,0.0,jay stansfield,Attack,right,187.0,GB1,3500000.0,3500000.0,https://img.a.transfermarkt.technology/portrait/header/696346-1669625394.png?lm=1,https://www.transfermarkt.co.uk/jay-stansfield/profil/spieler/696346
208,Dean Henderson,ENG,GB,27,38,38,"3,420",38.0,0,0,0,0,0,0,3,0,0.0,0.0,0.2,0.2,0,0,0,0.0,0.0,0.0,0.0,0.0,0.0,0.0,0.0,0.0,0.0,dean henderson,Goalkeeper,right,188.0,GB1,15000000.0,22000000.0,https://img.a.transfermarkt.technology/portrait/header/258919-1716297478.jpg?lm=1,https://www.transfermarkt.co.uk/dean-henderson/profil/spieler/258919
209,Daniel Muñoz,COL,DF,28,37,37,"3,228",35.9,4,5,9,4,0,0,10,0,4.9,4.9,5.5,10.5,62,97,208,0.11,0.14,0.25,0.11,0.25,0.14,0.15,0.29,0.14,0.29,daniel munoz,Defender,right,181.0,GB1,25000000.0,25000000.0,https://img.a.transfermarkt.technology/portrait/header/493003-1718642628.jpg?lm=1,https://www.transfermarkt.co.uk/daniel-munoz/profil/spieler/493003
210,Tyrick Mitchell,ENG,DF,24,37,37,"3,092",34.4,0,5,5,0,0,0,2,0,1.3,1.3,6.4,7.7,62,70,171,0.0,0.15,0.15,0.0,0.15,0.04,0.19,0.22,0.04,0.22,tyrick mitchell,Defender,left,181.0,GB1,25000000.0,28000000.0,https://img.a.transfermarkt.technology/portrait/header/730893-1693826944.jpg?lm=1,https://www.transfermarkt.co.uk/tyrick-mitchell/profil/spieler/730893
211,Maxence Lacroix,FRA,DF,24,35,35,"3,116",34.6,1,1,2,1,0,0,5,0,3.4,3.4,1.0,4.4,8,65,7,0.03,0.03,0.06,0.03,0.06,0.1,0.03,0.13,0.1,0.13,maxence lacroix,Defender,right,190.0,GB1,22000000.0,28000000.0,https://img.a.transfermarkt.technology/portrait/header/434224-1657202248.jpg?lm=1,https://www.transfermarkt.co.uk/maxence-lacroix/profil/spieler/434224
212,Marc Guéhi,ENG,DF,24,34,34,"3,059",34.0,3,2,5,3,0,0,9,1,2.0,2.0,1.7,3.7,22,134,10,0.09,0.06,0.15,0.09,0.15,0.06,0.05,0.11,0.06,0.11,marc guehi,Defender,right,182.0,GB1,45000000.0,45000000.0,https://img.a.transfermarkt.technology/portrait/header/392757-1683030598.jpg?lm=1,https://www.transfermarkt.co.uk/marc-guehi/profil/spieler/392757
213,Jean-Philippe Mateta,FRA,AT,27,37,33,"2,648",29.4,14,2,16,12,2,2,2,0,13.6,12.0,3.2,15.2,45,53,122,0.48,0.07,0.54,0.41,0.48,0.46,0.11,0.57,0.41,0.52,jean philippe mateta,Attack,right,192.0,GB1,30000000.0,30000000.0,https://img.a.transfermarkt.technology/portrait/header/420002-1723202650.jpg?lm=1,https://www.transfermarkt.co.uk/jean-philippe-mateta/profil/spieler/420002
214,Eberechi Eze,ENG,"MT,AT",26,34,31,"2,588",28.8,8,8,16,7,1,2,1,0,10.4,8.9,6.2,15.1,68,97,153,0.28,0.28,0.56,0.24,0.52,0.36,0.22,0.58,0.31,0.52,eberechi eze,Midfield,right,178.0,GB1,55000000.0,60000000.0,https://img.a.transfermarkt.technology/portrait/header/479999-1678466922.jpg?lm=1,https://www.transfermarkt.co.uk/eberechi-eze/profil/spieler/479999
216,Jefferson Lerma,COL,"MT,DF",29,33,26,"2,274",25.3,0,1,1,0,0,0,9,0,1.1,1.1,1.5,2.6,12,97,26,0.0,0.04,0.04,0.0,0.04,0.04,0.06,0.1,0.04,0.1,jefferson lerma,Midfield,right,179.0,GB1,12000000.0,25000000.0,https://img.a.transfermarkt.technology/portrait/header/262980-1693334146.jpg?lm=1,https://www.transfermarkt.co.uk/jefferson-lerma/profil/spieler/262980
217,Will Hughes,ENG,MT,29,33,24,"2,108",23.4,0,3,3,0,0,0,11,0,1.1,1.1,3.1,4.2,20,87,27,0.0,0.13,0.13,0.0,0.13,0.05,0.13,0.18,0.05,0.18,will hughes,Midfield,left,185.0,GB1,9000000.0,18000000.0,https://img.a.transfermarkt.technology/portrait/header/207014-1700672424.jpg?lm=1,https://www.transfermarkt.co.uk/will-hughes/profil/spieler/207014
218,Chris Richards,USA,DF,24,24,22,"1,922",21.4,1,0,1,1,0,0,4,1,1.3,1.3,0.1,1.4,6,39,2,0.05,0.0,0.05,0.05,0.05,0.06,0.0,0.07,0.06,0.07,chris richards,Defender,right,188.0,GB1,12000000.0,12000000.0,https://img.a.transfermarkt.technology/portrait/header/578539-1708426272.jpg?lm=1,https://www.transfermarkt.co.uk/chris-richards/profil/spieler/578539
219,Adam Wharton,ENG,MT,20,20,16,"1,318",14.6,0,2,2,0,0,0,2,0,0.4,0.4,3.0,3.4,14,107,11,0.0,0.14,0.14,0.0,0.14,0.03,0.21,0.23,0.03,0.23,adam wharton,Midfield,left,182.0,GB1,35000000.0,35000000.0,https://img.a.transfermarkt.technology/portrait/header/744149-1716297290.jpg?lm=1,https://www.transfermarkt.co.uk/adam-wharton/profil/spieler/744149
220,Daichi Kamada,JPN,MT,27,34,15,"1,564",17.4,0,0,0,0,0,0,4,1,1.1,1.1,1.9,3.0,25,88,56,0.0,0.0,0.0,0.0,0.0,0.06,0.11,0.17,0.06,0.17,daichi kamada,Midfield,right,180.0,GB1,15000000.0,30000000.0,https://img.a.transfermarkt.technology/portrait/header/356141-1707947777.jpg?lm=1,https://www.transfermarkt.co.uk/daichi-kamada/profil/spieler/356141
221,Trevoh Chalobah,ENG,DF,25,12,12,"1,060",11.8,3,0,3,3,0,0,1,0,1.2,1.2,0.4,1.6,11,34,6,0.25,0.0,0.25,0.25,0.25,0.1,0.03,0.14,0.1,0.14,trevoh chalobah,Defender,right,192.0,GB1,17000000.0,22000000.0,https://img.a.transfermarkt.technology/portrait/header/346314-1698937171.jpg?lm=1,https://www.transfermarkt.co.uk/trevoh-chalobah/profil/spieler/346314
222,Justin Devenny,NIR,MT,20,23,4,507,5.6,1,1,2,1,0,0,1,0,0.8,0.8,0.6,1.4,5,21,13,0.18,0.18,0.36,0.18,0.36,0.14,0.11,0.25,0.14,0.25,justin devenny,Midfield,left,184.0,GB1,3000000.0,3000000.0,https://img.a.transfermarkt.technology/portrait/header/747009-1736159687.jpg?lm=1,https://www.transfermarkt.co.uk/justin-devenny/profil/spieler/747009
223,Cheick Doucouré,MLI,MT,24,13,4,452,5.0,0,0,0,0,0,0,1,0,0.4,0.4,0.0,0.4,2,19,7,0.0,0.0,0.0,0.0,0.0,0.08,0.0,0.08,0.08,0.08,cheick doucoure,Midfield,right,180.0,GB1,30000000.0,35000000.0,https://img.a.transfermarkt.technology/portrait/header/543387-1693826399.jpg?lm=1,https://www.transfermarkt.co.uk/cheick-doucoure/profil/spieler/543387
224,Ben Chilwell,ENG,DF,27,8,1,259,2.9,1,0,1,1,0,0,1,0,0.2,0.2,0.8,1.1,5,8,15,0.35,0.0,0.35,0.35,0.35,0.08,0.29,0.37,0.08,0.37,ben chilwell,Defender,left,180.0,GB1,18000000.0,50000000.0,https://img.a.transfermarkt.technology/portrait/header/316125-1683899136.jpg?lm=1,https://www.transfermarkt.co.uk/ben-chilwell/profil/spieler/316125
225,Romain Esse,ENG,MT,19,7,1,138,1.5,1,1,2,1,0,0,0,0,0.3,0.3,0.4,0.7,1,7,14,0.65,0.65,1.3,0.65,1.3,0.21,0.27,0.48,0.21,0.48,romain esse,Midfield,left,178.0,GB1,12000000.0,12000000.0,https://img.a.transfermarkt.technology/portrait/header/967319-1725993442.jpg?lm=1,https://www.transfermarkt.co.uk/romain-esse/profil/spieler/967319
226,Odsonne Édouard,FRA,"MT,AT",26,2,1,115,1.3,0,0,0,0,0,0,0,0,0.4,0.4,0.0,0.4,2,4,7,0.0,0.0,0.0,0.0,0.0,0.31,0.04,0.34,0.31,0.34,odsonne edouard,Attack,right,187.0,GB1,10000000.0,20000000.0,https://img.a.transfermarkt.technology/portrait/header/344152-1598301744.jpg?lm=1,https://www.transfermarkt.co.uk/odsonne-edouard/profil/spieler/344152
227,Joachim Andersen,DEN,DF,28,1,1,90,1.0,0,0,0,0,0,0,1,0,0.0,0.0,0.0,0.0,1,4,1,0.0,0.0,0.0,0.0,0.0,0.04,0.0,0.04,0.04,0.04,joachim andersen,Defender,right,192.0,GB1,32000000.0,35000000.0,https://img.a.transfermarkt.technology/portrait/header/260827-1668183482.jpg?lm=1,https://www.transfermarkt.co.uk/joachim-andersen/profil/spieler/260827
228,Chadi Riad,MAR,DF,21,1,1,90,1.0,0,0,0,0,0,0,0,0,0.0,0.0,0.0,0.0,2,7,0,0.0,0.0,0.0,0.0,0.0,0.0,0.0,0.0,0.0,0.0,chadi riad,Defender,left,187.0,GB1,15000000.0,15000000.0,https://img.a.transfermarkt.technology/portrait/header/689637-1704399972.jpg?lm=1,https://www.transfermarkt.co.uk/chadi-riad/profil/spieler/689637
229,Joel Ward,ENG,DF,34,2,1,71,0.8,0,0,0,0,0,0,1,0,0.0,0.0,0.0,0.0,0,1,1,0.0,0.0,0.0,0.0,0.0,0.0,0.06,0.06,0.0,0.06,joel ward,Defender,right,186.0,GB1,600000.0,5000000.0,https://img.a.transfermarkt.technology/portrait/header/92572-1737920630.jpg?lm=1,https://www.transfermarkt.co.uk/joel-ward/profil/spieler/92572
230,Jeffrey Schlupp,GHA,"MT,DF",31,12,0,103,1.1,0,0,0,0,0,0,0,0,0.2,0.2,0.2,0.3,4,5,9,0.0,0.0,0.0,0.0,0.0,0.14,0.14,0.28,0.14,0.28,jeffrey schlupp,Midfield,left,178.0,SC1,5000000.0,12000000.0,https://img.a.transfermarkt.technology/portrait/header/157506-1700672108.jpg?lm=1,https://www.transfermarkt.co.uk/jeffrey-schlupp/profil/spieler/157506
231,Matheus França,BRA,"MT,AT",20,4,0,55,0.6,1,0,1,1,0,0,0,0,0.3,0.3,0.0,0.3,4,3,4,1.64,0.0,1.64,1.64,1.64,0.42,0.0,0.42,0.42,0.42,matheus franca,Midfield,right,184.0,GB1,10000000.0,15000000.0,https://img.a.transfermarkt.technology/portrait/header/743597-1708426107.jpg?lm=1,https://www.transfermarkt.co.uk/matheus-franca/profil/spieler/743597
232,Caleb Kporha,ENG,DF,18,2,0,13,0.1,0,0,0,0,0,0,0,0,0.0,0.0,0.0,0.0,1,0,0,0.0,0.0,0.0,0.0,0.0,0.0,0.0,0.0,0.0,0.0,caleb kporha,Defender,right,,GB1,1000000.0,1000000.0,https://img.a.transfermarkt.technology/portrait/header/1047261-1736159500.jpg?lm=1,https://www.transfermarkt.co.uk/caleb-kporha/profil/spieler/1047261
235,Aaron Wan-Bissaka,ENG,DF,26,36,35,"3,154",35.0,2,5,7,2,0,0,1,0,1.2,1.2,3.5,4.7,110,149,167,0.06,0.14,0.2,0.06,0.2,0.03,0.1,0.14,0.03,0.14,aaron wan bissaka,Defender,right,183.0,GB1,22000000.0,40000000.0,https://img.a.transfermarkt.technology/portrait/header/477758-1617030255.jpg?lm=1,https://www.transfermarkt.co.uk/aaron-wan-bissaka/profil/spieler/477758
237,Lucas Paquetá,BRA,"MT,AT",26,33,27,"2,380",26.4,4,0,4,2,2,2,10,0,5.3,3.7,3.1,6.8,26,155,85,0.15,0.0,0.15,0.08,0.08,0.2,0.12,0.32,0.14,0.26,lucas paqueta,Midfield,left,180.0,GB1,35000000.0,65000000.0,https://img.a.transfermarkt.technology/portrait/header/444523-1695370009.jpg?lm=1,https://www.transfermarkt.co.uk/lucas-paqueta/profil/spieler/444523
239,Alphonse Areola,FRA,GB,31,26,25,"2,260",25.1,0,0,0,0,0,0,0,0,0.0,0.0,0.0,0.0,0,1,0,0.0,0.0,0.0,0.0,0.0,0.0,0.0,0.0,0.0,0.0,alphonse areola,Goalkeeper,right,195.0,GB1,10000000.0,17500000.0,https://img.a.transfermarkt.technology/portrait/header/120629-1663243036.jpg?lm=1,https://www.transfermarkt.co.uk/alphonse-areola/profil/spieler/120629
240,Konstantinos Mavropanos,GRE,DF,26,33,21,"2,045",22.7,0,0,0,0,0,0,6,1,1.5,1.5,0.5,2.0,17,61,2,0.0,0.0,0.0,0.0,0.0,0.07,0.02,0.09,0.07,0.09,konstantinos mavropanos,Defender,right,194.0,GB1,17000000.0,20000000.0,https://img.a.transfermarkt.technology/portrait/header/415912-1691999569.jpg?lm=1,https://www.transfermarkt.co.uk/konstantinos-mavropanos/profil/spieler/415912
241,Jean-Clair Todibo,FRA,DF,24,27,20,"1,825",20.3,0,0,0,0,0,0,3,0,0.4,0.4,0.0,0.4,9,38,5,0.0,0.0,0.0,0.0,0.0,0.02,0.0,0.02,0.02,0.02,jean clair todibo,Defender,right,190.0,GB1,28000000.0,35000000.0,https://img.a.transfermarkt.technology/portrait/header/605184-1699439806.jpg?lm=1,https://www.transfermarkt.co.uk/jean-clair-todibo/profil/spieler/605184
242,Edson Álvarez,MEX,MT,26,28,20,"1,772",19.7,0,1,1,0,0,0,9,1,0.4,0.4,0.8,1.2,24,85,18,0.0,0.05,0.05,0.0,0.05,0.02,0.04,0.06,0.02,0.06,edson alvarez,Midfield,right,190.0,GB1,30000000.0,35000000.0,https://img.a.transfermarkt.technology/portrait/header/401356-1742822886.jpg?lm=1,https://www.transfermarkt.co.uk/edson-alvarez/profil/spieler/401356
243,Guido Rodríguez,ARG,MT,30,23,16,"1,149",12.8,0,1,1,0,0,0,6,0,0.2,0.2,0.2,0.4,4,33,7,0.0,0.08,0.08,0.0,0.08,0.02,0.01,0.03,0.02,0.03,guido rodriguez,Midfield,right,185.0,GB1,12000000.0,28000000.0,https://img.a.transfermarkt.technology/portrait/header/342385-1668181269.jpg?lm=1,https://www.transfermarkt.co.uk/guido-rodriguez/profil/spieler/342385
244,Carlos Soler,ESP,"MT,AT",27,31,14,"1,409",15.7,1,1,2,1,0,0,6,0,1.8,1.8,1.4,3.2,17,56,37,0.06,0.06,0.13,0.06,0.13,0.12,0.09,0.21,0.12,0.21,carlos soler,Midfield,right,180.0,GB1,20000000.0,50000000.0,https://img.a.transfermarkt.technology/portrait/header/372246-1662059930.jpg?lm=1,https://www.transfermarkt.co.uk/carlos-soler/profil/spieler/372246
246,James Ward-Prowse,ENG,MT,29,15,12,"1,039",11.5,1,1,2,1,0,0,2,0,1.6,1.6,1.9,3.6,11,54,9,0.09,0.09,0.17,0.09,0.17,0.14,0.17,0.31,0.14,0.31,james ward prowse,Midfield,right,177.0,GB1,10000000.0,38000000.0,https://img.a.transfermarkt.technology/portrait/header/181579-1684751045.jpg?lm=1,https://www.transfermarkt.co.uk/james-ward-prowse/profil/spieler/181579
247,Vladimír Coufal,CZE,DF,31,22,11,"1,067",11.9,0,0,0,0,0,0,5,0,0.3,0.3,0.7,1.0,26,39,33,0.0,0.0,0.0,0.0,0.0,0.03,0.06,0.08,0.03,0.08,vladimir coufal,Defender,right,174.0,GB1,7000000.0,12000000.0,https://img.a.transfermarkt.technology/portrait/header/157672-1667897675.jpg?lm=1,https://www.transfermarkt.co.uk/vladimir-coufal/profil/spieler/157672
248,Michail Antonio,JAM,AT,34,14,11,836,9.3,1,1,2,1,0,0,1,0,2.2,2.2,1.6,3.8,29,18,59,0.11,0.11,0.22,0.11,0.22,0.24,0.17,0.41,0.24,0.41,michail antonio,Attack,right,180.0,GB1,1000000.0,18000000.0,https://img.a.transfermarkt.technology/portrait/header/104124-1709884222.jpg?lm=1,https://www.transfermarkt.co.uk/michail-antonio/profil/spieler/104124
249,Aaron Cresswell,ENG,DF,34,18,10,824,9.2,0,0,0,0,0,0,3,0,0.2,0.2,1.3,1.6,6,36,4,0.0,0.0,0.0,0.0,0.0,0.03,0.15,0.17,0.03,0.17,aaron cresswell,Defender,left,170.0,GB1,700000.0,12000000.0,https://img.a.transfermarkt.technology/portrait/header/92571-1700670925.jpg?lm=1,https://www.transfermarkt.co.uk/aaron-cresswell/profil/spieler/92571
250,Niclas Füllkrug,GER,AT,31,18,6,790,8.8,3,2,5,3,0,0,2,0,2.2,2.2,1.9,4.1,7,14,31,0.34,0.23,0.57,0.34,0.57,0.25,0.22,0.46,0.25,0.46,niclas fullkrug,Attack,right,189.0,GB1,12000000.0,15000000.0,https://img.a.transfermarkt.technology/portrait/header/75489-1709560033.jpg?lm=1,https://www.transfermarkt.co.uk/niclas-fullkrug/profil/spieler/75489
252,Evan Ferguson,IRL,AT,19,8,1,156,1.7,0,0,0,0,0,0,0,0,0.6,0.6,0.3,0.9,1,1,7,0.0,0.0,0.0,0.0,0.0,0.32,0.17,0.5,0.32,0.5,evan ferguson,Attack,right,188.0,GB1,32000000.0,65000000.0,https://img.a.transfermarkt.technology/portrait/header/648046-1681739980.jpg?lm=1,https://www.transfermarkt.co.uk/evan-ferguson/profil/spieler/648046
253,Luis Guilherme,BRA,"MT,AT",18,12,1,150,1.7,0,0,0,0,0,0,0,0,0.4,0.4,0.1,0.5,4,5,16,0.0,0.0,0.0,0.0,0.0,0.25,0.05,0.3,0.25,0.3,luis guilherme,Attack,left,175.0,GB1,18000000.0,24000000.0,https://img.a.transfermarkt.technology/portrait/header/991800-1736160163.jpg?lm=1,https://www.transfermarkt.co.uk/luis-guilherme/profil/spieler/991800
254,Lewis Orford,ENG,MT,18,2,0,49,0.5,0,0,0,0,0,0,0,0,0.0,0.0,0.0,0.0,0,0,1,0.0,0.0,0.0,0.0,0.0,0.05,0.04,0.09,0.05,0.09,lewis orford,Midfield,right,182.0,GB1,400000.0,400000.0,https://img.a.transfermarkt.technology/portrait/header/845809-1709883922.jpg?lm=1,https://www.transfermarkt.co.uk/lewis-orford/profil/spieler/845809
255,Kaelan Casey,ENG,DF,19,1,0,1,0.0,0,0,0,0,0,0,0,0,0.0,0.0,0.0,0.0,0,0,0,0.0,0.0,0.0,0.0,0.0,0.0,0.0,0.0,0.0,0.0,kaelan casey,Defender,right,185.0,GB1,1000000.0,1000000.0,https://img.a.transfermarkt.technology/portrait/header/845321-1709883861.jpg?lm=1,https://www.transfermarkt.co.uk/kaelan-casey/profil/spieler/845321
256,Bruno Fernandes,POR,MT,29,36,35,"3,018",33.5,8,10,18,5,3,3,5,2,9.9,7.6,8.5,16.1,77,325,129,0.24,0.3,0.54,0.15,0.45,0.3,0.25,0.55,0.23,0.48,bruno fernandes,Midfield,right,179.0,GB1,55000000.0,90000000.0,https://img.a.transfermarkt.technology/portrait/header/240306-1683882766.jpg?lm=1,https://www.transfermarkt.co.uk/bruno-fernandes/profil/spieler/240306
257,André Onana,CMR,GB,28,34,34,"3,060",34.0,0,0,0,0,0,0,0,0,0.0,0.0,0.2,0.2,0,1,0,0.0,0.0,0.0,0.0,0.0,0.0,0.0,0.0,0.0,0.0,andre onana,Goalkeeper,right,190.0,GB1,32000000.0,45000000.0,https://img.a.transfermarkt.technology/portrait/header/234509-1686929812.jpg?lm=1,https://www.transfermarkt.co.uk/andre-onana/profil/spieler/234509
258,Noussair Mazraoui,MAR,DF,26,37,34,"2,838",31.5,0,1,1,0,0,0,3,0,0.7,0.7,1.5,2.2,42,115,58,0.0,0.03,0.03,0.0,0.03,0.02,0.05,0.07,0.02,0.07,noussair mazraoui,Defender,right,183.0,GB1,32000000.0,32000000.0,https://img.a.transfermarkt.technology/portrait/header/340456-1700207898.jpg?lm=1,https://www.transfermarkt.co.uk/noussair-mazraoui/profil/spieler/340456
259,Diogo Dalot,POR,DF,25,33,31,"2,814",31.3,0,3,3,0,0,0,5,0,2.0,2.0,2.0,4.1,62,103,168,0.0,0.1,0.1,0.0,0.1,0.07,0.07,0.13,0.07,0.13,diogo dalot,Defender,right,183.0,GB1,35000000.0,40000000.0,https://img.a.transfermarkt.technology/portrait/header/357147-1727785546.jpg?lm=1,https://www.transfermarkt.co.uk/diogo-dalot/profil/spieler/357147
260,Matthijs de Ligt,NED,DF,24,29,25,"2,123",23.6,2,0,2,2,0,0,3,0,2.5,2.5,0.3,2.8,7,55,6,0.08,0.0,0.08,0.08,0.08,0.1,0.01,0.12,0.1,0.12,matthijs de ligt,Defender,right,189.0,GB1,40000000.0,75000000.0,https://img.a.transfermarkt.technology/portrait/header/326031-1700659567.jpg?lm=1,https://www.transfermarkt.co.uk/matthijs-de-ligt/profil/spieler/326031
261,Alejandro Garnacho,ARG,"MT,AT",20,36,23,"2,199",24.4,6,2,8,6,0,0,3,0,7.3,7.3,4.5,11.8,141,56,290,0.25,0.08,0.33,0.25,0.33,0.3,0.19,0.48,0.3,0.48,alejandro garnacho,Attack,right,180.0,GB1,45000000.0,50000000.0,https://img.a.transfermarkt.technology/portrait/header/811779-1703629085.jpg?lm=1,https://www.transfermarkt.co.uk/alejandro-garnacho/profil/spieler/811779
262,Rasmus Højlund,DEN,AT,21,32,23,"2,004",22.3,4,0,4,4,0,0,2,0,5.3,5.3,1.8,7.1,28,18,101,0.18,0.0,0.18,0.18,0.18,0.24,0.08,0.32,0.24,0.32,rasmus højlund,Attack,left,191.0,GB1,45000000.0,65000000.0,https://img.a.transfermarkt.technology/portrait/header/610442-1699471458.jpg?lm=1,https://www.transfermarkt.co.uk/rasmus-hojlund/profil/spieler/610442
264,Amad Diallo,CIV,"MT,AT",22,26,20,"1,901",21.1,8,6,14,8,0,0,5,0,4.7,4.7,4.9,9.6,109,60,200,0.38,0.28,0.66,0.38,0.66,0.22,0.23,0.45,0.22,0.45,amad diallo,Attack,left,173.0,GB1,40000000.0,40000000.0,https://img.a.transfermarkt.technology/portrait/header/536835-1694616776.jpg?lm=1,https://www.transfermarkt.co.uk/amad-diallo/profil/spieler/536835
265,Lisandro Martínez,ARG,DF,26,20,20,"1,751",19.5,2,1,3,2,0,0,7,0,1.3,1.3,1.1,2.4,23,117,7,0.1,0.05,0.15,0.1,0.15,0.07,0.06,0.13,0.07,0.13,lisandro martinez,Defender,left,175.0,GB1,45000000.0,50000000.0,https://img.a.transfermarkt.technology/portrait/header/480762-1680681507.jpg?lm=1,https://www.transfermarkt.co.uk/lisandro-martinez/profil/spieler/480762
266,Harry Maguire,ENG,DF,31,27,19,"1,758",19.5,1,0,1,1,0,0,7,0,1.8,1.8,0.6,2.4,7,51,7,0.05,0.0,0.05,0.05,0.05,0.09,0.03,0.12,0.09,0.12,harry maguire,Defender,right,194.0,GB1,15000000.0,70000000.0,https://img.a.transfermarkt.technology/portrait/header/177907-1663841733.jpg?lm=1,https://www.transfermarkt.co.uk/harry-maguire/profil/spieler/177907
267,Kobbie Mainoo,ENG,MT,19,25,19,"1,651",18.3,0,0,0,0,0,0,5,0,0.7,0.7,1.6,2.3,22,65,47,0.0,0.0,0.0,0.0,0.0,0.04,0.09,0.12,0.04,0.12,kobbie mainoo,Midfield,right,180.0,GB1,55000000.0,55000000.0,https://img.a.transfermarkt.technology/portrait/header/820374-1719349758.jpg?lm=1,https://www.transfermarkt.co.uk/kobbie-mainoo/profil/spieler/820374
268,Casemiro,BRA,MT,32,24,18,"1,494",16.6,1,0,1,1,0,0,5,0,1.9,1.9,2.3,4.2,4,84,28,0.06,0.0,0.06,0.06,0.06,0.11,0.14,0.25,0.11,0.25,casemiro,Midfield,right,185.0,GB1,12000000.0,80000000.0,https://img.a.transfermarkt.technology/portrait/header/16306-1699018876.jpg?lm=1,https://www.transfermarkt.co.uk/casemiro/profil/spieler/16306
269,Leny Yoro,FRA,DF,18,21,12,"1,165",12.9,0,0,0,0,0,0,5,0,0.7,0.7,0.1,0.8,19,52,4,0.0,0.0,0.0,0.0,0.0,0.05,0.01,0.06,0.05,0.06,leny yoro,Defender,right,190.0,GB1,55000000.0,55000000.0,https://img.a.transfermarkt.technology/portrait/header/923831-1701768506.jpg?lm=1,https://www.transfermarkt.co.uk/leny-yoro/profil/spieler/923831
270,Christian Eriksen,DEN,MT,32,23,11,"1,061",11.8,1,2,3,0,1,1,4,0,1.4,0.6,3.2,3.8,13,55,29,0.08,0.17,0.25,0.0,0.17,0.12,0.27,0.39,0.05,0.32,christian eriksen,Midfield,right,182.0,GB1,6000000.0,100000000.0,https://img.a.transfermarkt.technology/portrait/header/69633-1718628122.jpg?lm=1,https://www.transfermarkt.co.uk/christian-eriksen/profil/spieler/69633
271,Patrick Dorgu,DEN,DF,19,12,10,842,9.4,0,0,0,0,0,0,3,1,0.4,0.4,0.7,1.2,41,34,83,0.0,0.0,0.0,0.0,0.0,0.05,0.08,0.12,0.05,0.12,patrick dorgu,Defender,left,185.0,GB1,25000000.0,25000000.0,https://img.a.transfermarkt.technology/portrait/header/926952-1697182638.jpg?lm=1,https://www.transfermarkt.co.uk/patrick-dorgu/profil/spieler/926952
272,Mason Mount,ENG,MT,25,17,8,622,6.9,1,0,1,1,0,0,3,0,3.2,3.2,0.6,3.8,15,33,41,0.14,0.0,0.14,0.14,0.14,0.47,0.08,0.55,0.47,0.55,mason mount,Midfield,right,181.0,GB1,28000000.0,75000000.0,https://img.a.transfermarkt.technology/portrait/header/346483-1683291495.jpg?lm=1,https://www.transfermarkt.co.uk/mason-mount/profil/spieler/346483
273,Victor Lindelöf,SWE,DF,30,16,6,704,7.8,0,0,0,0,0,0,1,0,0.0,0.0,0.1,0.1,5,26,4,0.0,0.0,0.0,0.0,0.0,0.0,0.01,0.01,0.0,0.01,victor lindelof,Defender,right,187.0,GB1,10000000.0,35000000.0,https://img.a.transfermarkt.technology/portrait/header/184573-1695244778.jpg?lm=1,https://www.transfermarkt.co.uk/victor-lindelof/profil/spieler/184573
274,Altay Bayındır,TUR,GB,26,4,4,360,4.0,0,0,0,0,0,0,0,0,0.0,0.0,0.0,0.0,0,0,0,0.0,0.0,0.0,0.0,0.0,0.0,0.0,0.0,0.0,0.0,altay bayındır,Goalkeeper,right,198.0,GB1,10000000.0,16000000.0,https://img.a.transfermarkt.technology/portrait/header/336077-1699471821.jpg?lm=1,https://www.transfermarkt.co.uk/altay-bayindir/profil/spieler/336077
275,Luke Shaw,ENG,DF,29,7,4,349,3.9,0,0,0,0,0,0,1,0,0.0,0.0,0.7,0.7,7,24,7,0.0,0.0,0.0,0.0,0.0,0.01,0.18,0.19,0.01,0.19,luke shaw,Defender,left,178.0,GB1,16000000.0,42000000.0,https://img.a.transfermarkt.technology/portrait/header/183288-1668500175.jpg?lm=1,https://www.transfermarkt.co.uk/luke-shaw/profil/spieler/183288
276,Harry Amass,ENG,DF,17,5,4,346,3.8,0,0,0,0,0,0,0,0,0.1,0.1,0.0,0.1,9,7,23,0.0,0.0,0.0,0.0,0.0,0.02,0.01,0.02,0.02,0.02,harry amass,Defender,left,181.0,GB1,,,https://img.a.transfermarkt.technology/portrait/header/1011738-1712585934.jpg?lm=1,https://www.transfermarkt.co.uk/harry-amass/profil/spieler/1011738
277,Jonny Evans,NIR,DF,36,7,3,315,3.5,0,0,0,0,0,0,1,0,0.1,0.1,0.0,0.1,3,10,3,0.0,0.0,0.0,0.0,0.0,0.04,0.0,0.04,0.04,0.04,jonny evans,Defender,both,188.0,GB1,1500000.0,15000000.0,https://img.a.transfermarkt.technology/portrait/header/42412-1699471667.jpg?lm=1,https://www.transfermarkt.co.uk/jonny-evans/profil/spieler/42412
278,Ayden Heaven,ENG,DF,17,4,2,170,1.9,0,0,0,0,0,0,1,0,0.1,0.1,0.0,0.2,1,7,1,0.0,0.0,0.0,0.0,0.0,0.07,0.01,0.08,0.07,0.08,ayden heaven,Defender,left,189.0,GB1,1500000.0,1500000.0,https://img.a.transfermarkt.technology/portrait/header/1078163-1727382016.jpg?lm=1,https://www.transfermarkt.co.uk/ayden-heaven/profil/spieler/1078163
280,Tyrell Malacia,NED,DF,24,3,2,100,1.1,0,0,0,0,0,0,1,0,0.0,0.0,0.0,0.0,3,3,6,0.0,0.0,0.0,0.0,0.0,0.0,0.03,0.03,0.0,0.03,tyrell malacia,Defender,left,169.0,NL1,12000000.0,22000000.0,https://img.a.transfermarkt.technology/portrait/header/339340-1657096025.jpg?lm=1,https://www.transfermarkt.co.uk/tyrell-malacia/profil/spieler/339340
282,Toby Collyer,ENG,MT,20,6,0,179,2.0,0,0,0,0,0,0,0,0,0.2,0.2,0.3,0.4,0,5,2,0.0,0.0,0.0,0.0,0.0,0.09,0.13,0.22,0.09,0.22,toby collyer,Midfield,right,180.0,GB1,5000000.0,5000000.0,https://img.a.transfermarkt.technology/portrait/header/654253-1709159230.jpg?lm=1,https://www.transfermarkt.co.uk/toby-collyer/profil/spieler/654253
283,Scott McTominay,SCO,MT,27,2,0,19,0.2,0,0,0,0,0,0,0,0,0.1,0.1,0.0,0.1,0,1,2,0.0,0.0,0.0,0.0,0.0,0.33,0.0,0.33,0.33,0.33,scott mctominay,Midfield,right,191.0,IT1,40000000.0,40000000.0,https://img.a.transfermarkt.technology/portrait/header/315969-1718626681.jpg?lm=1,https://www.transfermarkt.co.uk/scott-mctominay/profil/spieler/315969
284,Pedro Porro,ESP,DF,24,33,28,"2,610",29.0,2,6,8,2,0,0,5,0,1.6,1.6,5.0,6.6,65,154,109,0.07,0.21,0.28,0.07,0.28,0.06,0.17,0.23,0.06,0.23,pedro porro,Defender,right,173.0,GB1,45000000.0,45000000.0,https://img.a.transfermarkt.technology/portrait/header/553875-1730812390.jpg?lm=1,https://www.transfermarkt.co.uk/pedro-porro/profil/spieler/553875
285,Dejan Kulusevski,SWE,"MT,AT",24,32,27,"2,389",26.5,7,4,11,7,0,0,3,0,4.2,4.2,6.2,10.4,120,124,210,0.26,0.15,0.41,0.26,0.41,0.16,0.23,0.39,0.16,0.39,dejan kulusevski,Midfield,left,186.0,GB1,60000000.0,60000000.0,https://img.a.transfermarkt.technology/portrait/header/431755-1684943454.jpg?lm=1,https://www.transfermarkt.co.uk/dejan-kulusevski/profil/spieler/431755
286,Dominic Solanke,ENG,AT,26,27,25,"2,201",24.5,9,3,12,8,1,1,0,0,10.9,10.1,2.9,13.1,31,47,88,0.37,0.12,0.49,0.33,0.45,0.45,0.12,0.57,0.41,0.54,dominic solanke,Attack,right,186.0,GB1,45000000.0,45000000.0,https://img.a.transfermarkt.technology/portrait/header/258889-1708340487.jpg?lm=1,https://www.transfermarkt.co.uk/dominic-solanke/profil/spieler/258889
287,Brennan Johnson,WAL,AT,23,33,24,"2,177",24.2,11,3,14,11,0,0,5,0,10.4,10.4,2.3,12.7,60,71,197,0.45,0.12,0.58,0.45,0.58,0.43,0.09,0.52,0.43,0.52,brennan johnson,Attack,right,186.0,GB1,50000000.0,50000000.0,https://img.a.transfermarkt.technology/portrait/header/470607-1692959021.jpg?lm=1,https://www.transfermarkt.co.uk/brennan-johnson/profil/spieler/470607
288,Guglielmo Vicario,ITA,GB,27,24,24,"2,160",24.0,0,0,0,0,0,0,1,0,0.0,0.0,0.0,0.0,0,1,0,0.0,0.0,0.0,0.0,0.0,0.0,0.0,0.0,0.0,0.0,guglielmo vicario,Goalkeeper,right,194.0,GB1,35000000.0,35000000.0,https://img.a.transfermarkt.technology/portrait/header/286047-1725874745.jpg?lm=1,https://www.transfermarkt.co.uk/guglielmo-vicario/profil/spieler/286047
290,Destiny Udogie,ITA,DF,21,25,24,"1,924",21.4,0,1,1,0,0,0,2,0,0.3,0.3,1.5,1.8,54,121,94,0.0,0.05,0.05,0.0,0.05,0.01,0.07,0.08,0.01,0.08,destiny udogie,Defender,left,188.0,GB1,45000000.0,45000000.0,https://img.a.transfermarkt.technology/portrait/header/556385-1697208468.jpg?lm=1,https://www.transfermarkt.co.uk/destiny-udogie/profil/spieler/556385
291,Pape Matar Sarr,SEN,MT,21,36,22,"1,913",21.3,3,2,5,3,0,0,6,0,3.7,3.7,1.6,5.3,33,88,53,0.14,0.09,0.24,0.14,0.24,0.17,0.08,0.25,0.17,0.25,pape matar sarr,Midfield,right,184.0,GB1,40000000.0,45000000.0,https://img.a.transfermarkt.technology/portrait/header/568693-1668163083.jpg?lm=1,https://www.transfermarkt.co.uk/pape-matar-sarr/profil/spieler/568693
292,James Maddison,ENG,MT,27,31,21,"1,809",20.1,9,7,16,9,0,0,6,0,5.8,5.8,4.2,10.0,45,164,95,0.45,0.35,0.8,0.45,0.8,0.29,0.21,0.5,0.29,0.5,james maddison,Midfield,right,175.0,GB1,50000000.0,70000000.0,https://img.a.transfermarkt.technology/portrait/header/294057-1687982662.jpg?lm=1,https://www.transfermarkt.co.uk/james-maddison/profil/spieler/294057
293,Rodrigo Bentancur,URU,MT,27,26,21,"1,645",18.3,2,0,2,2,0,0,9,0,1.3,1.3,0.4,1.7,28,100,34,0.11,0.0,0.11,0.11,0.11,0.07,0.02,0.1,0.07,0.1,rodrigo bentancur,Midfield,right,187.0,GB1,30000000.0,50000000.0,https://img.a.transfermarkt.technology/portrait/header/354362-1740605779.jpg?lm=1,https://www.transfermarkt.co.uk/rodrigo-bentancur/profil/spieler/354362
294,Djed Spence,ENG,DF,23,25,19,"1,792",19.9,1,2,3,1,0,0,4,1,0.6,0.6,1.8,2.3,59,105,70,0.05,0.1,0.15,0.05,0.15,0.03,0.09,0.12,0.03,0.12,djed spence,Defender,right,184.0,GB1,15000000.0,15000000.0,https://img.a.transfermarkt.technology/portrait/header/483348-1596807960.jpg?lm=1,https://www.transfermarkt.co.uk/djed-spence/profil/spieler/483348
295,Cristian Romero,ARG,DF,26,18,18,"1,416",15.7,1,0,1,1,0,0,3,0,1.6,1.6,0.6,2.2,12,71,3,0.06,0.0,0.06,0.06,0.06,0.1,0.04,0.14,0.1,0.14,cristian romero,Defender,right,185.0,GB1,55000000.0,65000000.0,https://img.a.transfermarkt.technology/portrait/header/355915-1665609429.jpg?lm=1,https://www.transfermarkt.co.uk/cristian-romero/profil/spieler/355915
296,Yves Bissouma,MLI,MT,27,28,16,"1,408",15.6,2,0,2,2,0,0,7,0,0.6,0.6,0.3,0.9,15,75,3,0.13,0.0,0.13,0.13,0.13,0.04,0.02,0.06,0.04,0.06,yves bissouma,Midfield,right,182.0,GB1,28000000.0,35000000.0,https://img.a.transfermarkt.technology/portrait/header/410425-1665607355.jpg?lm=1,https://www.transfermarkt.co.uk/yves-bissouma/profil/spieler/410425
297,Ben Davies,WAL,DF,31,17,14,"1,331",14.8,0,0,0,0,0,0,5,0,0.3,0.3,0.2,0.5,14,52,6,0.0,0.0,0.0,0.0,0.0,0.02,0.01,0.03,0.02,0.03,ben davies,Defender,left,181.0,GB1,8000000.0,25000000.0,https://img.a.transfermarkt.technology/portrait/header/192765-1668520095.jpg?lm=1,https://www.transfermarkt.co.uk/ben-davies/profil/spieler/192765
297,Ben Davies,WAL,DF,31,17,14,"1,331",14.8,0,0,0,0,0,0,5,0,0.3,0.3,0.2,0.5,14,52,6,0.0,0.0,0.0,0.0,0.0,0.02,0.01,0.03,0.02,0.03,ben davies,Defender,left,185.0,SC1,3000000.0,3500000.0,https://img.a.transfermarkt.technology/portrait/header/257097-1551181028.jpg?lm=1,https://www.transfermarkt.co.uk/ben-davies/profil/spieler/257097
298,Radu Drăgușin,ROU,DF,22,16,14,"1,252",13.9,0,0,0,0,0,0,1,0,0.1,0.1,0.4,0.5,7,37,2,0.0,0.0,0.0,0.0,0.0,0.01,0.03,0.04,0.01,0.04,radu drăgușin,Defender,right,191.0,GB1,25000000.0,25000000.0,https://img.a.transfermarkt.technology/portrait/header/568559-1704716630.jpg?lm=1,https://www.transfermarkt.co.uk/radu-dragusin/profil/spieler/568559
299,Lucas Bergvall,SWE,MT,18,27,11,"1,212",13.5,0,1,1,0,0,0,3,0,0.7,0.7,0.6,1.3,33,49,31,0.0,0.07,0.07,0.0,0.07,0.05,0.04,0.09,0.05,0.09,lucas bergvall,Midfield,right,187.0,GB1,25000000.0,25000000.0,https://img.a.transfermarkt.technology/portrait/header/866246-1701861399.jpg?lm=1,https://www.transfermarkt.co.uk/lucas-bergvall/profil/spieler/866246
300,Mathys Tel,FRA,AT,19,13,11,911,10.1,2,1,3,1,1,1,2,0,3.0,2.2,2.5,4.7,28,21,72,0.2,0.1,0.3,0.1,0.2,0.29,0.25,0.54,0.22,0.46,mathys tel,Attack,right,183.0,GB1,40000000.0,50000000.0,https://img.a.transfermarkt.technology/portrait/header/801734-1700040486.jpg?lm=1,https://www.transfermarkt.co.uk/mathys-tel/profil/spieler/801734
301,Kevin Danso,AUT,DF,25,10,9,842,9.4,0,0,0,0,0,0,0,0,0.4,0.4,0.1,0.5,11,19,1,0.0,0.0,0.0,0.0,0.0,0.04,0.01,0.05,0.04,0.05,kevin danso,Defender,right,190.0,GB1,25000000.0,25000000.0,https://img.a.transfermarkt.technology/portrait/header/263236-1691217955.png?lm=1,https://www.transfermarkt.co.uk/kevin-danso/profil/spieler/263236
302,Fraser Forster,ENG,GB,36,7,7,630,7.0,0,0,0,0,0,0,0,0,0.0,0.0,0.0,0.0,0,0,0,0.0,0.0,0.0,0.0,0.0,0.0,0.0,0.0,0.0,0.0,fraser forster,Goalkeeper,right,201.0,GB1,1200000.0,15000000.0,https://img.a.transfermarkt.technology/portrait/header/52570-1676412801.jpg?lm=1,https://www.transfermarkt.co.uk/fraser-forster/profil/spieler/52570
303,Antonín Kinský,CZE,GB,21,6,6,540,6.0,0,0,0,0,0,0,0,0,0.0,0.0,0.1,0.1,1,1,0,0.0,0.0,0.0,0.0,0.0,0.0,0.01,0.01,0.0,0.01,antonin kinský,Goalkeeper,right,190.0,GB1,15000000.0,15000000.0,https://img.a.transfermarkt.technology/portrait/header/725912-1736157609.jpg?lm=1,https://www.transfermarkt.co.uk/antonin-kinsky/profil/spieler/725912
304,Richarlison,BRA,AT,27,15,4,504,5.6,4,1,5,4,0,0,2,0,3.7,3.7,0.9,4.6,8,11,22,0.71,0.18,0.89,0.71,0.89,0.66,0.16,0.82,0.66,0.82,richarlison,Attack,right,184.0,GB1,25000000.0,65000000.0,https://img.a.transfermarkt.technology/portrait/header/378710-1665608231.jpg?lm=1,https://www.transfermarkt.co.uk/richarlison/profil/spieler/378710
305,Mikey Moore,ENG,AT,16,10,3,366,4.1,0,1,1,0,0,0,0,0,0.2,0.2,0.3,0.5,12,9,40,0.0,0.25,0.25,0.0,0.25,0.05,0.08,0.13,0.05,0.13,mikey moore,Attack,right,180.0,GB1,15000000.0,15000000.0,https://img.a.transfermarkt.technology/portrait/header/1011147-1716493553.jpg?lm=1,https://www.transfermarkt.co.uk/mikey-moore/profil/spieler/1011147
306,Sergio Reguilón,ESP,DF,27,4,1,196,2.2,0,0,0,0,0,0,2,0,0.1,0.1,0.0,0.1,5,13,12,0.0,0.0,0.0,0.0,0.0,0.05,0.01,0.07,0.05,0.07,sergio reguilon,Defender,left,178.0,GB1,8000000.0,28000000.0,https://img.a.transfermarkt.technology/portrait/header/282429-1705521655.jpg?lm=1,https://www.transfermarkt.co.uk/sergio-reguilon/profil/spieler/282429
307,Brandon Austin,ENG,GB,25,1,1,90,1.0,0,0,0,0,0,0,0,0,0.0,0.0,0.0,0.0,0,0,0,0.0,0.0,0.0,0.0,0.0,0.0,0.0,0.0,0.0,0.0,brandon austin,Goalkeeper,right,188.0,GB1,600000.0,600000.0,https://img.a.transfermarkt.technology/portrait/header/428016-1737735261.jpg?lm=1,https://www.transfermarkt.co.uk/brandon-austin/profil/spieler/428016
308,Alfie Dorrington,ENG,DF,19,1,0,14,0.2,0,0,0,0,0,0,0,0,0.0,0.0,0.0,0.0,0,0,0,0.0,0.0,0.0,0.0,0.0,0.0,0.0,0.0,0.0,0.0,alfie dorrington,Defender,,,SC1,700000.0,700000.0,https://img.a.transfermarkt.technology/portrait/header/796300-1705304096.jpg?lm=1,https://www.transfermarkt.co.uk/alfie-dorrington/profil/spieler/796300
309,Jamie Vardy,ENG,AT,37,35,35,"2,823",31.4,9,4,13,8,1,2,5,0,11.2,9.6,3.0,12.6,29,22,120,0.29,0.13,0.41,0.26,0.38,0.36,0.1,0.45,0.31,0.4,jamie vardy,Attack,right,179.0,GB1,1000000.0,20000000.0,https://img.a.transfermarkt.technology/portrait/header/197838-1683031278.jpg?lm=1,https://www.transfermarkt.co.uk/jamie-vardy/profil/spieler/197838
310,James Justin,ENG,DF,26,36,34,"2,912",32.4,2,2,4,2,0,0,6,0,1.5,1.5,0.8,2.3,39,91,96,0.06,0.06,0.12,0.06,0.12,0.05,0.03,0.07,0.05,0.07,james justin,Defender,both,183.0,GB1,15000000.0,25000000.0,https://img.a.transfermarkt.technology/portrait/header/413220-1600097627.jpg?lm=1,https://www.transfermarkt.co.uk/james-justin/profil/spieler/413220
311,Wout Faes,BEL,DF,26,34,30,"2,815",31.3,1,0,1,1,0,0,4,0,1.5,1.5,0.1,1.6,12,86,1,0.03,0.0,0.03,0.03,0.03,0.05,0.0,0.05,0.05,0.05,wout faes,Defender,right,187.0,GB1,20000000.0,20000000.0,https://img.a.transfermarkt.technology/portrait/header/292808-1668080038.jpg?lm=1,https://www.transfermarkt.co.uk/wout-faes/profil/spieler/292808
313,Wilfred Ndidi,NGA,MT,27,28,28,"2,324",25.8,0,5,5,0,0,0,8,0,2.0,2.0,1.9,3.9,18,70,75,0.0,0.19,0.19,0.0,0.19,0.08,0.07,0.15,0.08,0.15,wilfred ndidi,Midfield,right,183.0,GB1,18000000.0,60000000.0,https://img.a.transfermarkt.technology/portrait/header/274839-1718269781.jpg?lm=1,https://www.transfermarkt.co.uk/wilfred-ndidi/profil/spieler/274839
314,Mads Hermansen,DEN,GB,24,27,27,"2,385",26.5,0,0,0,0,0,0,1,0,0.0,0.0,0.0,0.0,0,1,0,0.0,0.0,0.0,0.0,0.0,0.0,0.0,0.0,0.0,0.0,mads hermansen,Goalkeeper,right,187.0,GB1,15000000.0,15000000.0,https://img.a.transfermarkt.technology/portrait/header/400536-1707386039.jpg?lm=1,https://www.transfermarkt.co.uk/mads-hermansen/profil/spieler/400536
315,Bilal El Khannouss,MAR,"MT,AT",20,32,27,"2,182",24.2,2,3,5,2,0,0,4,0,1.3,1.3,4.6,5.8,73,128,89,0.08,0.12,0.21,0.08,0.21,0.05,0.19,0.24,0.05,0.24,bilal el khannouss,Midfield,right,180.0,GB1,30000000.0,30000000.0,https://img.a.transfermarkt.technology/portrait/header/654982-1714038053.png?lm=1,https://www.transfermarkt.co.uk/bilal-el-khannouss/profil/spieler/654982
316,Boubakary Soumaré,FRA,MT,25,31,25,"2,171",24.1,0,0,0,0,0,0,8,0,0.3,0.3,0.4,0.7,34,105,23,0.0,0.0,0.0,0.0,0.0,0.01,0.02,0.03,0.01,0.03,boubakary soumare,Midfield,right,188.0,GB1,14000000.0,28000000.0,https://img.a.transfermarkt.technology/portrait/header/344605-1591172562.jpg?lm=1,https://www.transfermarkt.co.uk/boubakary-soumare/profil/spieler/344605
317,Conor Coady,ENG,DF,31,22,19,"1,714",19.0,1,0,1,1,0,0,3,0,0.4,0.4,0.1,0.5,3,32,0,0.05,0.0,0.05,0.05,0.05,0.02,0.0,0.03,0.02,0.03,conor coady,Defender,right,185.0,GB1,3000000.0,25000000.0,https://img.a.transfermarkt.technology/portrait/header/128901-1668090438.jpg?lm=1,https://www.transfermarkt.co.uk/conor-coady/profil/spieler/128901
318,Harry Winks,ENG,MT,28,22,17,"1,538",17.1,0,2,2,0,0,0,4,0,0.2,0.2,1.2,1.5,19,101,11,0.0,0.12,0.12,0.0,0.12,0.01,0.07,0.09,0.01,0.09,harry winks,Midfield,right,178.0,GB1,10000000.0,40000000.0,https://img.a.transfermarkt.technology/portrait/header/249126-1663679564.jpg?lm=1,https://www.transfermarkt.co.uk/harry-winks/profil/spieler/249126
319,Stephy Mavididi,ENG,AT,26,30,16,"1,615",17.9,4,1,5,4,0,0,2,0,1.8,1.8,2.6,4.4,91,57,138,0.22,0.06,0.28,0.22,0.28,0.1,0.15,0.25,0.1,0.25,stephy mavididi,Attack,right,182.0,GB1,11000000.0,11000000.0,https://img.a.transfermarkt.technology/portrait/header/340328-1707385825.jpg?lm=1,https://www.transfermarkt.co.uk/stephy-mavididi/profil/spieler/340328
320,Jannik Vestergaard,DEN,DF,31,18,16,"1,391",15.5,0,0,0,0,0,0,5,0,0.1,0.1,0.1,0.2,3,32,2,0.0,0.0,0.0,0.0,0.0,0.01,0.01,0.01,0.01,0.01,jannik vestergaard,Defender,both,199.0,GB1,3000000.0,20000000.0,https://img.a.transfermarkt.technology/portrait/header/99331-1701083132.jpg?lm=1,https://www.transfermarkt.co.uk/jannik-vestergaard/profil/spieler/99331
321,Luke Thomas,ENG,DF,23,14,13,"1,110",12.3,0,0,0,0,0,0,3,0,0.4,0.4,0.5,0.9,5,37,16,0.0,0.0,0.0,0.0,0.0,0.03,0.04,0.07,0.03,0.07,luke thomas,Defender,left,181.0,GB1,6000000.0,12000000.0,https://img.a.transfermarkt.technology/portrait/header/505194-1687975540.jpg?lm=1,https://www.transfermarkt.co.uk/luke-thomas/profil/spieler/505194
322,Caleb Okoli,ITA,DF,23,19,12,"1,125",12.5,1,0,1,1,0,0,4,0,0.6,0.6,0.0,0.6,3,32,2,0.08,0.0,0.08,0.08,0.08,0.05,0.0,0.05,0.05,0.05,caleb okoli,Defender,right,191.0,GB1,12000000.0,12000000.0,https://img.a.transfermarkt.technology/portrait/header/461833-1652094910.jpg?lm=1,https://www.transfermarkt.co.uk/caleb-okoli/profil/spieler/461833
323,Oliver Skipp,ENG,MT,23,24,10,"1,129",12.5,0,0,0,0,0,0,8,0,0.4,0.4,0.3,0.6,16,35,19,0.0,0.0,0.0,0.0,0.0,0.03,0.02,0.05,0.03,0.05,oliver skipp,Midfield,right,175.0,GB1,12000000.0,20000000.0,https://img.a.transfermarkt.technology/portrait/header/406638-1738824198.jpg?lm=1,https://www.transfermarkt.co.uk/oliver-skipp/profil/spieler/406638
324,Jakub Stolarczyk,POL,GB,23,10,10,900,10.0,0,0,0,0,0,0,1,0,0.0,0.0,0.0,0.0,0,1,0,0.0,0.0,0.0,0.0,0.0,0.0,0.0,0.0,0.0,0.0,jakub stolarczyk,Goalkeeper,right,194.0,GB1,400000.0,400000.0,https://img.a.transfermarkt.technology/portrait/header/486144-1692967745.jpg?lm=1,https://www.transfermarkt.co.uk/jakub-stolarczyk/profil/spieler/486144
325,Kasey McAteer,IRL,AT,22,18,9,852,9.5,1,1,2,1,0,0,3,0,1.0,1.0,0.7,1.7,19,14,71,0.11,0.11,0.21,0.11,0.21,0.11,0.08,0.18,0.11,0.18,kasey mcateer,Attack,right,177.0,GB1,900000.0,900000.0,https://img.a.transfermarkt.technology/portrait/header/621193-1731659829.jpg?lm=1,https://www.transfermarkt.co.uk/kasey-mcateer/profil/spieler/621193
326,Bobby De Cordova-Reid,JAM,AT,31,23,9,744,8.3,1,2,3,1,0,0,2,0,0.8,0.8,1.2,2.0,14,15,48,0.12,0.24,0.36,0.12,0.36,0.1,0.15,0.24,0.1,0.24,bobby de cordova reid,Attack,right,170.0,GB1,4000000.0,10000000.0,https://img.a.transfermarkt.technology/portrait/header/186186-1657802404.jpg?lm=1,https://www.transfermarkt.co.uk/bobby-de-cordova-reid/profil/spieler/186186
328,Ricardo Pereira,POR,DF,30,10,4,388,4.3,0,0,0,0,0,0,1,0,0.1,0.1,0.0,0.1,3,18,5,0.0,0.0,0.0,0.0,0.0,0.02,0.0,0.02,0.02,0.02,ricardo pereira,Defender,right,175.0,GB1,5000000.0,40000000.0,https://img.a.transfermarkt.technology/portrait/header/215876-1720192308.jpg?lm=1,https://www.transfermarkt.co.uk/ricardo-pereira/profil/spieler/215876
329,Danny Ward,WAL,GB,31,2,1,135,1.5,0,0,0,0,0,0,0,0,0.0,0.0,0.0,0.0,0,0,0,0.0,0.0,0.0,0.0,0.0,0.0,0.0,0.0,0.0,0.0,danny ward,Goalkeeper,right,191.0,GB1,1500000.0,10000000.0,https://img.a.transfermarkt.technology/portrait/header/203026-1668070552.jpg?lm=1,https://www.transfermarkt.co.uk/danny-ward/profil/spieler/203026
331,Woyo Coulibaly,MLI,DF,25,4,1,109,1.2,0,0,0,0,0,0,1,0,0.0,0.0,0.0,0.0,4,3,2,0.0,0.0,0.0,0.0,0.0,0.04,0.0,0.04,0.04,0.04,woyo coulibaly,Defender,both,182.0,GB1,2000000.0,2000000.0,https://img.a.transfermarkt.technology/portrait/header/592975-1725530223.jpg?lm=1,https://www.transfermarkt.co.uk/woyo-coulibaly/profil/spieler/592975
332,Odsonne Édouard,FRA,AT,26,4,0,29,0.3,0,0,0,0,0,0,0,0,0.0,0.0,0.0,0.0,0,1,2,0.0,0.0,0.0,0.0,0.0,0.0,0.13,0.13,0.0,0.13,odsonne edouard,Attack,right,187.0,GB1,10000000.0,20000000.0,https://img.a.transfermarkt.technology/portrait/header/344152-1598301744.jpg?lm=1,https://www.transfermarkt.co.uk/odsonne-edouard/profil/spieler/344152
334,Michael Golding,ENG,MT,18,1,0,1,0.0,0,0,0,0,0,0,0,0,0.0,0.0,0.0,0.0,0,0,0,0.0,0.0,0.0,0.0,0.0,0.0,0.0,0.0,0.0,0.0,michael golding,Midfield,right,180.0,GB1,2000000.0,2000000.0,https://img.a.transfermarkt.technology/portrait/header/936842-1715156410.jpg?lm=1,https://www.transfermarkt.co.uk/michael-golding/profil/spieler/936842
335,Dara O'Shea,IRL,DF,25,35,35,"3,122",34.7,0,2,2,0,0,0,6,0,1.3,1.3,0.5,1.8,3,80,8,0.0,0.06,0.06,0.0,0.06,0.04,0.01,0.05,0.04,0.05,dara o'shea,Defender,right,189.0,GB1,14000000.0,14000000.0,https://img.a.transfermarkt.technology/portrait/header/401320-1632909442.jpg?lm=1,https://www.transfermarkt.co.uk/dara-oshea/profil/spieler/401320
336,Leif Davis,ENG,DF,24,33,32,"2,743",30.5,1,2,3,1,0,0,5,1,1.0,1.0,4.9,5.8,52,59,137,0.03,0.07,0.1,0.03,0.1,0.03,0.16,0.19,0.03,0.19,leif davis,Defender,left,182.0,GB1,25000000.0,25000000.0,https://img.a.transfermarkt.technology/portrait/header/596446-1738823882.jpg?lm=1,https://www.transfermarkt.co.uk/leif-davis/profil/spieler/596446
337,Liam Delap,ENG,AT,21,37,32,"2,593",28.8,12,2,14,10,2,2,12,0,9.3,7.8,1.9,9.7,61,30,110,0.42,0.07,0.49,0.35,0.42,0.32,0.07,0.39,0.27,0.34,liam delap,Attack,right,186.0,GB1,35000000.0,35000000.0,https://img.a.transfermarkt.technology/portrait/header/610849-1601282009.jpg?lm=1,https://www.transfermarkt.co.uk/liam-delap/profil/spieler/610849
338,Sam Morsy,EGY,MT,32,33,31,"2,751",30.6,1,1,2,1,0,0,10,0,0.4,0.4,1.2,1.6,22,120,13,0.03,0.03,0.07,0.03,0.07,0.01,0.04,0.05,0.01,0.05,sam morsy,Midfield,right,175.0,GB1,900000.0,1500000.0,https://img.a.transfermarkt.technology/portrait/header/123551-1658821486.jpg?lm=1,https://www.transfermarkt.co.uk/sam-morsy/profil/spieler/123551
339,Omari Hutchinson,ENG,"MT,AT",20,31,30,"2,583",28.7,3,2,5,3,0,0,5,0,2.9,2.9,3.5,6.4,97,75,159,0.1,0.07,0.17,0.1,0.17,0.1,0.12,0.22,0.1,0.22,omari hutchinson,Midfield,left,174.0,GB1,22000000.0,22000000.0,https://img.a.transfermarkt.technology/portrait/header/741238-1646905031.jpg?lm=1,https://www.transfermarkt.co.uk/omari-hutchinson/profil/spieler/741238
340,Jacob Greaves,ENG,DF,23,25,25,"2,205",24.5,1,0,1,1,0,0,5,0,1.3,1.3,0.3,1.6,11,69,11,0.04,0.0,0.04,0.04,0.04,0.05,0.01,0.06,0.05,0.06,jacob greaves,Defender,left,193.0,GB1,20000000.0,20000000.0,https://img.a.transfermarkt.technology/portrait/header/693095-1727786112.jpg?lm=1,https://www.transfermarkt.co.uk/jacob-greaves/profil/spieler/693095
341,Jens Cajuste,SWE,MT,24,30,25,"1,959",21.8,1,1,2,1,0,0,2,0,0.7,0.7,0.8,1.5,26,59,20,0.05,0.05,0.09,0.05,0.09,0.03,0.04,0.07,0.03,0.07,jens cajuste,Midfield,right,188.0,GB1,12000000.0,12000000.0,https://img.a.transfermarkt.technology/portrait/header/468066-1691568301.jpg?lm=1,https://www.transfermarkt.co.uk/jens-cajuste/profil/spieler/468066
342,Axel Tuanzebe,COD,DF,26,22,20,"1,710",19.0,0,1,1,0,0,0,5,1,0.2,0.2,0.3,0.5,10,61,15,0.0,0.05,0.05,0.0,0.05,0.01,0.02,0.03,0.01,0.03,axel tuanzebe,Defender,right,185.0,GB1,5000000.0,10000000.0,https://img.a.transfermarkt.technology/portrait/header/342046-1641553669.jpg?lm=1,https://www.transfermarkt.co.uk/axel-tuanzebe/profil/spieler/342046
343,Arijanet Muric,KVX,GB,25,18,18,"1,620",18.0,0,0,0,0,0,0,1,0,0.0,0.0,0.0,0.0,0,1,0,0.0,0.0,0.0,0.0,0.0,0.0,0.0,0.0,0.0,0.0,arijanet muric,Goalkeeper,right,198.0,GB1,6000000.0,12000000.0,https://img.a.transfermarkt.technology/portrait/header/371021-1685718424.jpg?lm=1,https://www.transfermarkt.co.uk/arijanet-muric/profil/spieler/371021
344,Cameron Burgess,AUS,DF,28,18,16,"1,541",17.1,0,2,2,0,0,0,0,0,1.1,1.1,0.5,1.6,2,42,4,0.0,0.12,0.12,0.0,0.12,0.06,0.03,0.09,0.06,0.09,cameron burgess,Defender,left,194.0,GB1,2500000.0,2500000.0,https://img.a.transfermarkt.technology/portrait/header/255788-1664180001.jpg?lm=1,https://www.transfermarkt.co.uk/cameron-burgess/profil/spieler/255788
345,Kalvin Phillips,ENG,MT,28,19,14,"1,237",13.7,0,0,0,0,0,0,6,1,0.4,0.4,0.2,0.7,4,51,4,0.0,0.0,0.0,0.0,0.0,0.03,0.02,0.05,0.03,0.05,kalvin phillips,Midfield,right,179.0,GB1,15000000.0,50000000.0,https://img.a.transfermarkt.technology/portrait/header/351749-1661978510.jpg?lm=1,https://www.transfermarkt.co.uk/kalvin-phillips/profil/spieler/351749
346,Alex Palmer,ENG,GB,27,13,13,"1,170",13.0,0,0,0,0,0,0,2,0,0.0,0.0,0.0,0.0,0,1,0,0.0,0.0,0.0,0.0,0.0,0.0,0.0,0.0,0.0,0.0,alex palmer,Goalkeeper,right,191.0,GB1,1200000.0,1200000.0,https://img.a.transfermarkt.technology/portrait/header/245625-1632908899.jpg?lm=1,https://www.transfermarkt.co.uk/alex-palmer/profil/spieler/245625
347,Luke Woolfenden,ENG,DF,25,15,12,"1,187",13.2,0,0,0,0,0,0,2,0,0.0,0.0,0.0,0.0,7,15,0,0.0,0.0,0.0,0.0,0.0,0.0,0.0,0.0,0.0,0.0,luke woolfenden,Defender,right,193.0,GB1,2000000.0,2000000.0,https://img.a.transfermarkt.technology/portrait/header/527425-1664180037.jpg?lm=1,https://www.transfermarkt.co.uk/luke-woolfenden/profil/spieler/527425
348,Julio Enciso,PAR,"MT,AT",20,13,12,869,9.7,2,3,5,2,0,0,3,0,1.7,1.7,1.4,3.1,23,28,44,0.21,0.31,0.52,0.21,0.52,0.18,0.14,0.32,0.18,0.32,julio enciso,Midfield,right,173.0,GB1,22000000.0,22000000.0,https://img.a.transfermarkt.technology/portrait/header/660867-1669388786.jpg?lm=1,https://www.transfermarkt.co.uk/julio-enciso/profil/spieler/660867
349,Conor Chaplin,ENG,"MT,AT",27,22,10,857,9.5,1,1,2,1,0,0,2,0,1.5,1.5,0.7,2.2,13,29,23,0.11,0.11,0.21,0.11,0.21,0.16,0.07,0.23,0.16,0.23,conor chaplin,Attack,left,168.0,GB1,8000000.0,8000000.0,https://img.a.transfermarkt.technology/portrait/header/349503-1612349000.jpg?lm=1,https://www.transfermarkt.co.uk/conor-chaplin/profil/spieler/349503
350,Nathan Broadhead,WAL,"MT,AT",26,18,7,702,7.8,2,0,2,2,0,0,1,0,1.7,1.7,0.7,2.4,20,14,33,0.26,0.0,0.26,0.26,0.26,0.22,0.09,0.31,0.22,0.31,nathan broadhead,Attack,right,178.0,GB1,5000000.0,5000000.0,https://img.a.transfermarkt.technology/portrait/header/344009-1629189855.jpg?lm=1,https://www.transfermarkt.co.uk/nathan-broadhead/profil/spieler/344009
351,Christian Walton,ENG,GB,28,7,7,630,7.0,0,0,0,0,0,0,0,0,0.0,0.0,0.0,0.0,0,0,0,0.0,0.0,0.0,0.0,0.0,0.0,0.0,0.0,0.0,0.0,christian walton,Goalkeeper,left,195.0,GB1,1500000.0,1500000.0,https://img.a.transfermarkt.technology/portrait/header/208379-1720189930.jpg?lm=1,https://www.transfermarkt.co.uk/christian-walton/profil/spieler/208379
352,George Hirst,SCO,AT,25,26,5,661,7.3,3,1,4,3,0,0,3,0,2.1,2.1,0.3,2.5,9,13,31,0.41,0.14,0.54,0.41,0.54,0.29,0.05,0.34,0.29,0.34,george hirst,Attack,right,191.0,GB1,5000000.0,5000000.0,https://img.a.transfermarkt.technology/portrait/header/420808-1738823357.jpg?lm=1,https://www.transfermarkt.co.uk/george-hirst/profil/spieler/420808
353,Jack Taylor,IRL,MT,26,32,4,860,9.6,1,0,1,1,0,0,4,0,0.7,0.7,0.5,1.3,11,43,23,0.1,0.0,0.1,0.1,0.1,0.08,0.06,0.13,0.08,0.13,jack taylor,Midfield,right,185.0,GB1,3000000.0,3000000.0,https://img.a.transfermarkt.technology/portrait/header/458178-1706522764.jpg?lm=1,https://www.transfermarkt.co.uk/jack-taylor/profil/spieler/458178
355,Conor Townsend,ENG,DF,31,6,3,335,3.7,0,1,1,0,0,0,1,0,0.0,0.0,0.7,0.7,2,8,13,0.0,0.27,0.27,0.0,0.27,0.01,0.18,0.18,0.01,0.18,conor townsend,Defender,left,183.0,GB1,1200000.0,2500000.0,https://img.a.transfermarkt.technology/portrait/header/146509-1738823694.jpg?lm=1,https://www.transfermarkt.co.uk/conor-townsend/profil/spieler/146509
356,Chiedozie Ogbene,IRL,AT,27,5,3,238,2.6,0,0,0,0,0,0,0,0,0.0,0.0,0.1,0.1,7,0,15,0.0,0.0,0.0,0.0,0.0,0.0,0.03,0.03,0.0,0.03,chiedozie ogbene,Attack,right,181.0,GB1,8000000.0,8000000.0,https://img.a.transfermarkt.technology/portrait/header/392591-1700737518.jpg?lm=1,https://www.transfermarkt.co.uk/chiedozie-ogbene/profil/spieler/392591
357,Massimo Luongo,AUS,MT,31,11,2,201,2.2,0,0,0,0,0,0,0,0,0.0,0.0,0.0,0.0,0,6,1,0.0,0.0,0.0,0.0,0.0,0.0,0.0,0.0,0.0,0.0,massimo luongo,Midfield,right,176.0,GB1,500000.0,5000000.0,https://img.a.transfermarkt.technology/portrait/header/181687-1720191232.jpg?lm=1,https://www.transfermarkt.co.uk/massimo-luongo/profil/spieler/181687
358,Ben Godfrey,ENG,DF,26,3,2,159,1.8,0,0,0,0,0,0,1,0,0.0,0.0,0.0,0.0,2,4,1,0.0,0.0,0.0,0.0,0.0,0.0,0.0,0.0,0.0,0.0,ben godfrey,Defender,right,184.0,GB1,8000000.0,25000000.0,https://img.a.transfermarkt.technology/portrait/header/343475-1700739275.jpg?lm=1,https://www.transfermarkt.co.uk/ben-godfrey/profil/spieler/343475
362,Mateus Fernandes,POR,MT,20,36,34,"2,909",32.3,2,4,6,2,0,0,8,0,4.0,4.0,3.0,7.0,76,145,108,0.06,0.12,0.19,0.06,0.19,0.12,0.09,0.22,0.12,0.22,mateus fernandes,Midfield,right,178.0,GB1,15000000.0,15000000.0,https://img.a.transfermarkt.technology/portrait/header/880245-1727786403.jpg?lm=1,https://www.transfermarkt.co.uk/mateus-fernandes/profil/spieler/880245
363,Kyle Walker-Peters,ENG,DF,27,33,33,"2,918",32.4,0,2,2,0,0,0,5,0,0.8,0.8,2.8,3.6,114,139,144,0.0,0.06,0.06,0.0,0.06,0.03,0.09,0.11,0.03,0.11,kyle walker peters,Defender,right,173.0,GB1,18000000.0,25000000.0,https://img.a.transfermarkt.technology/portrait/header/341051-1693826850.jpg?lm=1,https://www.transfermarkt.co.uk/kyle-walker-peters/profil/spieler/341051
364,Taylor Harwood-Bellis,ENG,DF,22,34,32,"2,825",31.4,1,0,1,1,0,0,9,0,1.8,1.8,1.0,2.8,29,125,9,0.03,0.0,0.03,0.03,0.03,0.06,0.03,0.09,0.06,0.09,taylor harwood bellis,Defender,right,188.0,GB1,25000000.0,25000000.0,https://img.a.transfermarkt.technology/portrait/header/503977-1687975943.jpg?lm=1,https://www.transfermarkt.co.uk/taylor-harwood-bellis/profil/spieler/503977
365,Aaron Ramsdale,ENG,GB,26,30,30,"2,700",30.0,0,0,0,0,0,0,2,0,0.0,0.0,0.0,0.0,0,0,0,0.0,0.0,0.0,0.0,0.0,0.0,0.0,0.0,0.0,0.0,aaron ramsdale,Goalkeeper,right,190.0,GB1,16000000.0,40000000.0,https://img.a.transfermarkt.technology/portrait/header/427568-1681828000.jpg?lm=1,https://www.transfermarkt.co.uk/aaron-ramsdale/profil/spieler/427568
366,Jan Bednarek,POL,DF,28,30,30,"2,531",28.1,2,0,2,2,0,0,7,0,0.7,0.7,0.5,1.2,5,60,2,0.07,0.0,0.07,0.07,0.07,0.02,0.02,0.04,0.02,0.04,jan bednarek,Defender,right,189.0,GB1,11000000.0,25000000.0,https://img.a.transfermarkt.technology/portrait/header/243028-1709158468.jpg?lm=1,https://www.transfermarkt.co.uk/jan-bednarek/profil/spieler/243028
367,Flynn Downes,ENG,MT,25,27,25,"2,151",23.9,1,0,1,1,0,0,12,0,0.6,0.6,1.1,1.7,29,66,29,0.04,0.0,0.04,0.04,0.04,0.03,0.05,0.07,0.03,0.07,flynn downes,Midfield,right,178.0,GB1,15000000.0,15000000.0,https://img.a.transfermarkt.technology/portrait/header/506189-1659355597.jpg?lm=1,https://www.transfermarkt.co.uk/flynn-downes/profil/spieler/506189
368,Joe Aribo,NGA,"MT,DF",28,32,21,"2,013",22.4,3,0,3,3,0,0,1,0,2.7,2.7,1.6,4.3,36,75,65,0.13,0.0,0.13,0.13,0.13,0.12,0.07,0.19,0.12,0.19,joe aribo,Midfield,left,183.0,GB1,6000000.0,15000000.0,https://img.a.transfermarkt.technology/portrait/header/468198-1656428996.png?lm=1,https://www.transfermarkt.co.uk/joe-aribo/profil/spieler/468198
369,Lesley Ugochukwu,FRA,MT,20,26,18,"1,655",18.4,1,1,2,1,0,0,7,0,0.9,0.9,1.0,1.9,29,49,20,0.05,0.05,0.11,0.05,0.11,0.05,0.06,0.1,0.05,0.1,lesley ugochukwu,Midfield,right,190.0,GB1,20000000.0,25000000.0,https://img.a.transfermarkt.technology/portrait/header/711999-1666698684.jpg?lm=1,https://www.transfermarkt.co.uk/lesley-ugochukwu/profil/spieler/711999
370,Jack Stephens,ENG,DF,30,19,17,"1,389",15.4,1,0,1,1,0,0,2,2,0.6,0.6,0.2,0.7,14,63,2,0.06,0.0,0.06,0.06,0.06,0.04,0.01,0.05,0.04,0.05,jack stephens,Defender,right,185.0,GB1,2000000.0,8000000.0,https://img.a.transfermarkt.technology/portrait/header/163744-1720190433.jpg?lm=1,https://www.transfermarkt.co.uk/jack-stephens/profil/spieler/163744
371,Cameron Archer,ENG,AT,23,35,13,"1,441",16.0,2,0,2,2,0,1,0,0,5.7,4.9,0.5,5.4,22,14,66,0.12,0.0,0.12,0.12,0.12,0.36,0.03,0.39,0.31,0.34,cameron archer,Attack,right,175.0,GB1,14000000.0,18000000.0,https://img.a.transfermarkt.technology/portrait/header/533662-1641461875.jpg?lm=1,https://www.transfermarkt.co.uk/cameron-archer/profil/spieler/533662
372,James Bree,ENG,DF,26,17,13,"1,075",11.9,0,1,1,0,0,0,0,0,0.1,0.1,0.9,1.0,13,34,43,0.0,0.08,0.08,0.0,0.08,0.01,0.08,0.08,0.01,0.08,james bree,Defender,right,178.0,GB1,2500000.0,3000000.0,https://img.a.transfermarkt.technology/portrait/header/324223-1720190887.jpg?lm=1,https://www.transfermarkt.co.uk/james-bree/profil/spieler/324223
373,Paul Onuachu,NGA,AT,30,25,11,"1,050",11.7,4,1,5,4,0,0,4,0,3.6,3.6,0.5,4.1,7,13,40,0.34,0.09,0.43,0.34,0.43,0.31,0.04,0.35,0.31,0.35,paul onuachu,Attack,right,201.0,GB1,8000000.0,22000000.0,https://img.a.transfermarkt.technology/portrait/header/272855-1695672883.png?lm=1,https://www.transfermarkt.co.uk/paul-onuachu/profil/spieler/272855
376,Welington,BRA,DF,23,10,6,482,5.4,0,0,0,0,0,0,1,0,0.0,0.0,0.1,0.1,5,11,19,0.0,0.0,0.0,0.0,0.0,0.01,0.01,0.02,0.01,0.02,welington,Defender,left,170.0,GB1,3500000.0,4000000.0,https://img.a.transfermarkt.technology/portrait/header/729264-1625147299.jpg?lm=1,https://www.transfermarkt.co.uk/welington/profil/spieler/729264
377,Alex McCarthy,ENG,GB,34,5,5,450,5.0,0,0,0,0,0,0,0,0,0.0,0.0,0.0,0.0,0,0,0,0.0,0.0,0.0,0.0,0.0,0.0,0.0,0.0,0.0,0.0,alex mccarthy,Goalkeeper,right,193.0,GB1,500000.0,6500000.0,https://img.a.transfermarkt.technology/portrait/header/95976-1737919833.jpg?lm=1,https://www.transfermarkt.co.uk/alex-mccarthy/profil/spieler/95976
378,Adam Lallana,ENG,MT,36,14,5,361,4.0,0,2,2,0,0,0,4,0,0.2,0.2,0.9,1.1,6,24,10,0.0,0.5,0.5,0.0,0.5,0.04,0.23,0.27,0.04,0.27,adam lallana,Midfield,both,172.0,GB1,900000.0,25000000.0,https://img.a.transfermarkt.technology/portrait/header/43530-1662663337.jpg?lm=1,https://www.transfermarkt.co.uk/adam-lallana/profil/spieler/43530
380,Ross Stewart,SCO,AT,28,12,4,389,4.3,1,0,1,1,0,0,1,0,1.1,1.1,0.0,1.1,3,2,10,0.23,0.0,0.23,0.23,0.23,0.25,0.0,0.25,0.25,0.25,ross stewart,Attack,right,188.0,GB1,4500000.0,4500000.0,https://img.a.transfermarkt.technology/portrait/header/447995-1645779367.jpg?lm=1,https://www.transfermarkt.co.uk/ross-stewart/profil/spieler/447995
381,Charlie Taylor,ENG,DF,30,8,3,356,4.0,0,0,0,0,0,0,1,0,0.0,0.0,0.1,0.1,3,9,7,0.0,0.0,0.0,0.0,0.0,0.0,0.02,0.02,0.0,0.02,charlie taylor,Defender,left,183.0,GB1,2800000.0,7000000.0,https://img.a.transfermarkt.technology/portrait/header/195633-1700671881.jpg?lm=1,https://www.transfermarkt.co.uk/charlie-taylor/profil/spieler/195633
382,Joe Lumley,ENG,GB,29,3,3,270,3.0,0,0,0,0,0,0,0,0,0.0,0.0,0.0,0.0,0,0,0,0.0,0.0,0.0,0.0,0.0,0.0,0.0,0.0,0.0,0.0,joe lumley,Goalkeeper,right,190.0,GB1,600000.0,1000000.0,https://img.a.transfermarkt.technology/portrait/header/336367-1709158388.jpg?lm=1,https://www.transfermarkt.co.uk/joe-lumley/profil/spieler/336367
383,Armel Bella Kotchap,GER,DF,22,4,2,331,3.7,0,0,0,0,0,0,0,0,0.3,0.3,0.0,0.3,0,5,0,0.0,0.0,0.0,0.0,0.0,0.09,0.0,0.09,0.09,0.09,armel bella kotchap,Defender,right,190.0,GB1,12000000.0,20000000.0,https://img.a.transfermarkt.technology/portrait/header/467563-1663251475.jpg?lm=1,https://www.transfermarkt.co.uk/armel-bella-kotchap/profil/spieler/467563
385,Maxwel Cornet,CIV,AT,27,2,1,72,0.8,0,0,0,0,0,0,1,0,0.2,0.2,0.0,0.2,1,0,5,0.0,0.0,0.0,0.0,0.0,0.2,0.0,0.2,0.2,0.2,maxwel cornet,Attack,left,179.0,IT1,8000000.0,18000000.0,https://img.a.transfermarkt.technology/portrait/header/234781-1739281982.jpg?lm=1,https://www.transfermarkt.co.uk/maxwel-cornet/profil/spieler/234781
386,Joachim Kayi Sanda,FRA,DF,17,2,0,14,0.2,0,0,0,0,0,0,0,0,0.0,0.0,0.0,0.0,0,1,0,0.0,0.0,0.0,0.0,0.0,0.0,0.0,0.0,0.0,0.0,joachim kayi sanda,Defender,right,186.0,GB1,1500000.0,1500000.0,https://img.a.transfermarkt.technology/portrait/header/986298-1732104484.jpg?lm=1,https://www.transfermarkt.co.uk/joachim-kayi-sanda/profil/spieler/986298
388,Pedri,ESP,MT,21,37,35,"2,879",32.0,4,5,9,4,0,0,3,0,2.2,2.2,7.4,9.6,92,360,136,0.13,0.16,0.28,0.13,0.28,0.07,0.23,0.3,0.07,0.3,pedri,Midfield,right,174.0,ES1,120000000.0,120000000.0,https://img.a.transfermarkt.technology/portrait/header/683840-1744278342.jpg?lm=1,https://www.transfermarkt.co.uk/pedri/profil/spieler/683840
389,Robert Lewandowski,POL,AT,35,34,32,"2,667",29.6,27,2,29,24,3,4,1,0,27.1,24.0,2.3,26.3,27,48,164,0.91,0.07,0.98,0.81,0.88,0.92,0.08,0.99,0.81,0.89,robert lewandowski,Attack,right,185.0,ES1,15000000.0,90000000.0,https://img.a.transfermarkt.technology/portrait/header/38253-1701118759.jpg?lm=1,https://www.transfermarkt.co.uk/robert-lewandowski/profil/spieler/38253
390,Lamine Yamal,ESP,AT,17,35,31,"2,856",31.7,9,13,22,9,0,0,3,0,9.8,9.8,13.9,23.8,181,160,433,0.28,0.41,0.69,0.28,0.69,0.31,0.44,0.75,0.31,0.75,lamine yamal,Attack,left,180.0,ES1,180000000.0,180000000.0,https://img.a.transfermarkt.technology/portrait/header/937958-1720606123.jpg?lm=1,https://www.transfermarkt.co.uk/lamine-yamal/profil/spieler/937958
391,Pau Cubarsí,ESP,DF,17,35,29,"2,618",29.1,0,3,3,0,0,0,3,0,0.8,0.8,1.6,2.5,26,191,6,0.0,0.1,0.1,0.0,0.1,0.03,0.06,0.08,0.03,0.08,pau cubarsi,Defender,right,184.0,ES1,70000000.0,70000000.0,https://img.a.transfermarkt.technology/portrait/header/962110-1712779232.jpg?lm=1,https://www.transfermarkt.co.uk/pau-cubarsi/profil/spieler/962110
392,Jules Koundé,FRA,DF,25,32,29,"2,605",28.9,2,3,5,2,0,0,4,0,1.8,1.8,3.9,5.7,44,165,190,0.07,0.1,0.17,0.07,0.17,0.06,0.13,0.2,0.06,0.2,jules kounde,Defender,right,180.0,ES1,60000000.0,60000000.0,https://img.a.transfermarkt.technology/portrait/header/411975-1702502639.jpg?lm=1,https://www.transfermarkt.co.uk/jules-kounde/profil/spieler/411975
393,Iñigo Martínez,ESP,DF,33,28,28,"2,490",27.7,0,4,4,0,0,0,5,0,0.5,0.5,2.6,3.1,70,260,11,0.0,0.14,0.14,0.0,0.14,0.02,0.1,0.11,0.02,0.11,inigo martinez,Defender,left,182.0,ES1,5000000.0,32000000.0,https://img.a.transfermarkt.technology/portrait/header/158863-1730119186.jpg?lm=1,https://www.transfermarkt.co.uk/inigo-martinez/profil/spieler/158863
394,Alejandro Balde,ESP,DF,20,32,26,"2,284",25.4,0,4,4,0,0,0,2,0,0.5,0.5,3.4,3.9,107,93,246,0.0,0.16,0.16,0.0,0.16,0.02,0.13,0.15,0.02,0.15,alejandro balde,Defender,left,175.0,ES1,60000000.0,60000000.0,https://img.a.transfermarkt.technology/portrait/header/636688-1662836200.jpg?lm=1,https://www.transfermarkt.co.uk/alejandro-balde/profil/spieler/636688
395,Marc Casado,ESP,MT,20,23,20,"1,611",17.9,1,3,4,1,0,0,4,1,1.1,1.1,1.4,2.4,12,107,24,0.06,0.17,0.22,0.06,0.22,0.06,0.08,0.13,0.06,0.13,marc casado,Midfield,right,172.0,ES1,30000000.0,30000000.0,https://img.a.transfermarkt.technology/portrait/header/636695-1729771427.jpg?lm=1,https://www.transfermarkt.co.uk/marc-casado/profil/spieler/636695
396,Iñaki Peña,ESP,GB,25,16,15,"1,396",15.5,0,0,0,0,0,0,1,0,0.0,0.0,0.0,0.0,0,3,0,0.0,0.0,0.0,0.0,0.0,0.0,0.0,0.0,0.0,0.0,inaki pena,Goalkeeper,right,184.0,ES1,10000000.0,10000000.0,https://img.a.transfermarkt.technology/portrait/header/283170-1702502364.jpg?lm=1,https://www.transfermarkt.co.uk/inaki-pena/profil/spieler/283170
398,Gavi,ESP,"MT,AT",19,26,14,"1,085",12.1,1,1,2,1,0,0,4,0,0.9,0.9,1.6,2.4,13,77,42,0.08,0.08,0.17,0.08,0.17,0.07,0.13,0.2,0.07,0.2,gavi,Midfield,right,173.0,ES1,70000000.0,90000000.0,https://img.a.transfermarkt.technology/portrait/header/646740-1682685701.jpg?lm=1,https://www.transfermarkt.co.uk/gavi/profil/spieler/646740
399,Dani Olmo,ESP,"MT,AT",26,25,13,"1,212",13.5,10,3,13,8,2,2,1,0,6.5,4.9,3.0,7.9,33,81,97,0.74,0.22,0.97,0.59,0.82,0.48,0.22,0.7,0.37,0.59,dani olmo,Midfield,right,179.0,ES1,60000000.0,60000000.0,https://img.a.transfermarkt.technology/portrait/header/293385-1711546268.jpg?lm=1,https://www.transfermarkt.co.uk/dani-olmo/profil/spieler/293385
400,Fermin López,ESP,"MT,AT",21,28,12,"1,252",13.9,6,5,11,6,0,0,4,1,5.6,5.6,3.9,9.5,31,79,108,0.43,0.36,0.79,0.43,0.79,0.41,0.28,0.69,0.41,0.69,fermin lopez,Midfield,right,174.0,ES1,50000000.0,50000000.0,https://img.a.transfermarkt.technology/portrait/header/636703-1698086824.jpg?lm=1,https://www.transfermarkt.co.uk/fermin-lopez/profil/spieler/636703
401,Gerard Martín,ESP,DF,22,28,11,"1,038",11.5,1,3,4,1,0,0,2,0,0.5,0.5,1.1,1.6,10,40,122,0.09,0.26,0.35,0.09,0.35,0.04,0.1,0.14,0.04,0.14,gerard martin,Defender,left,186.0,ES1,7500000.0,7500000.0,https://img.a.transfermarkt.technology/portrait/header/705395-1730119053.jpg?lm=1,https://www.transfermarkt.co.uk/gerard-martin/profil/spieler/705395
402,Ronald Araújo,URU,DF,25,12,11,754,8.4,1,1,2,1,0,0,3,0,1.0,1.0,0.4,1.4,6,49,3,0.12,0.12,0.24,0.12,0.24,0.11,0.05,0.17,0.11,0.17,ronald araujo,Defender,right,192.0,ES1,50000000.0,70000000.0,https://img.a.transfermarkt.technology/portrait/header/480267-1736431980.jpg?lm=1,https://www.transfermarkt.co.uk/ronald-araujo/profil/spieler/480267
403,Frenkie de Jong,NED,MT,27,26,9,"1,143",12.7,2,2,4,2,0,0,3,0,0.7,0.7,2.0,2.6,36,120,24,0.16,0.16,0.31,0.16,0.31,0.05,0.16,0.21,0.05,0.21,frenkie de jong,Midfield,right,181.0,ES1,45000000.0,90000000.0,https://img.a.transfermarkt.technology/portrait/header/326330-1656499973.png?lm=1,https://www.transfermarkt.co.uk/frenkie-de-jong/profil/spieler/326330
404,Marc-André ter Stegen,GER,GB,32,8,8,674,7.5,0,0,0,0,0,0,0,0,0.0,0.0,0.0,0.0,0,2,0,0.0,0.0,0.0,0.0,0.0,0.0,0.0,0.0,0.0,0.0,marc andre ter stegen,Goalkeeper,right,187.0,ES1,15000000.0,90000000.0,https://img.a.transfermarkt.technology/portrait/header/74857-1674465246.jpg?lm=1,https://www.transfermarkt.co.uk/marc-andre-ter-stegen/profil/spieler/74857
405,Héctor Fort,ESP,DF,17,17,5,585,6.5,0,0,0,0,0,0,2,0,0.2,0.2,0.9,1.1,14,26,33,0.0,0.0,0.0,0.0,0.0,0.04,0.13,0.17,0.04,0.17,hector fort,Defender,right,185.0,ES1,10000000.0,10000000.0,https://img.a.transfermarkt.technology/portrait/header/937955-1702504973.jpg?lm=1,https://www.transfermarkt.co.uk/hector-fort/profil/spieler/937955
406,Pablo Torre,ESP,"MT,AT",21,10,4,310,3.4,3,1,4,3,0,0,0,0,0.4,0.4,0.8,1.1,5,17,20,0.87,0.29,1.16,0.87,1.16,0.11,0.23,0.33,0.11,0.33,pablo torre,Midfield,right,173.0,ES1,7500000.0,7500000.0,https://img.a.transfermarkt.technology/portrait/header/720038-1724406086.jpg?lm=1,https://www.transfermarkt.co.uk/pablo-torre/profil/spieler/720038
407,Marc Bernal,ESP,MT,17,3,3,242,2.7,0,0,0,0,0,0,2,0,0.1,0.1,0.0,0.1,0,8,2,0.0,0.0,0.0,0.0,0.0,0.03,0.01,0.03,0.03,0.03,marc bernal,Midfield,left,191.0,ES1,5000000.0,5000000.0,https://img.a.transfermarkt.technology/portrait/header/1018920-1724052540.jpg?lm=1,https://www.transfermarkt.co.uk/marc-bernal/profil/spieler/1018920
408,Ansu Fati,ESP,AT,21,6,3,233,2.6,0,0,0,0,0,0,1,0,1.0,1.0,0.2,1.1,7,6,32,0.0,0.0,0.0,0.0,0.0,0.38,0.06,0.44,0.38,0.44,ansu fati,Attack,right,178.0,ES1,5000000.0,80000000.0,https://img.a.transfermarkt.technology/portrait/header/466810-1721828228.jpg?lm=1,https://www.transfermarkt.co.uk/ansu-fati/profil/spieler/466810
409,Pau Victor,ESP,AT,22,21,2,319,3.5,2,1,3,2,0,0,2,0,3.0,3.0,0.9,3.9,6,11,28,0.56,0.28,0.85,0.56,0.85,0.85,0.24,1.09,0.85,1.09,pau victor,Attack,right,184.0,ES1,5000000.0,5000000.0,https://img.a.transfermarkt.technology/portrait/header/707572-1724052852.jpg?lm=1,https://www.transfermarkt.co.uk/pau-victor/profil/spieler/707572
410,Andreas Christensen,DEN,DF,28,5,2,254,2.8,0,0,0,0,0,0,3,0,0.0,0.0,0.0,0.1,1,15,1,0.0,0.0,0.0,0.0,0.0,0.01,0.01,0.02,0.01,0.02,andreas christensen,Defender,right,187.0,ES1,15000000.0,40000000.0,https://img.a.transfermarkt.technology/portrait/header/196948-1668183241.jpg?lm=1,https://www.transfermarkt.co.uk/andreas-christensen/profil/spieler/196948
413,Iñaki Williams,GHA,AT,30,35,29,"2,652",29.5,6,8,14,6,0,0,1,0,7.6,7.6,7.8,15.4,107,76,302,0.2,0.27,0.48,0.2,0.48,0.26,0.27,0.52,0.26,0.52,inaki williams,Attack,right,186.0,ES1,20000000.0,50000000.0,https://img.a.transfermarkt.technology/portrait/header/255508-1709676323.png?lm=1,https://www.transfermarkt.co.uk/inaki-williams/profil/spieler/255508
415,Mikel Jauregizar,ESP,MT,20,34,25,"2,244",24.9,2,1,3,2,0,0,4,1,1.1,1.1,1.4,2.5,14,118,31,0.08,0.04,0.12,0.08,0.12,0.04,0.06,0.1,0.04,0.1,mikel jauregizar,Midfield,right,177.0,ES1,20000000.0,20000000.0,https://img.a.transfermarkt.technology/portrait/header/938729-1709675994.png?lm=1,https://www.transfermarkt.co.uk/mikel-jauregizar/profil/spieler/938729
416,Yuri Berchiche,ESP,DF,34,30,22,"2,044",22.7,0,2,2,0,0,0,5,0,0.6,0.6,2.2,2.8,43,161,66,0.0,0.09,0.09,0.0,0.09,0.02,0.1,0.12,0.02,0.12,yuri berchiche,Defender,left,181.0,ES1,1500000.0,20000000.0,https://img.a.transfermarkt.technology/portrait/header/61812-1709675167.png?lm=1,https://www.transfermarkt.co.uk/yuri-berchiche/profil/spieler/61812
417,Nico Williams,ESP,AT,22,29,22,"1,996",22.2,5,5,10,5,0,0,1,0,4.2,4.2,3.5,7.7,118,69,254,0.23,0.23,0.45,0.23,0.45,0.19,0.16,0.35,0.19,0.35,nico williams,Attack,right,181.0,ES1,70000000.0,70000000.0,https://img.a.transfermarkt.technology/portrait/header/709187-1709676169.png?lm=1,https://www.transfermarkt.co.uk/nico-williams/profil/spieler/709187
418,Unai Simón,ESP,GB,27,21,21,"1,890",21.0,0,0,0,0,0,0,0,0,0.0,0.0,0.0,0.0,0,0,0,0.0,0.0,0.0,0.0,0.0,0.0,0.0,0.0,0.0,0.0,unai simon,Goalkeeper,right,190.0,ES1,28000000.0,30000000.0,https://img.a.transfermarkt.technology/portrait/header/262396-1709674901.png?lm=1,https://www.transfermarkt.co.uk/unai-simon/profil/spieler/262396
419,Gorka Guruzeta,ESP,AT,27,36,21,"1,840",20.4,7,2,9,7,0,0,2,0,6.7,6.6,1.5,8.1,8,31,64,0.34,0.1,0.44,0.34,0.44,0.33,0.07,0.4,0.32,0.4,gorka guruzeta,Attack,right,188.0,ES1,12000000.0,18000000.0,https://img.a.transfermarkt.technology/portrait/header/340205-1709676375.png?lm=1,https://www.transfermarkt.co.uk/gorka-guruzeta/profil/spieler/340205
420,Aitor Paredes,ESP,DF,24,23,21,"1,812",20.1,3,0,3,3,0,0,4,1,2.3,2.3,0.1,2.3,4,46,2,0.15,0.0,0.15,0.15,0.15,0.11,0.0,0.12,0.11,0.12,aitor paredes,Defender,right,185.0,ES1,22000000.0,22000000.0,https://img.a.transfermarkt.technology/portrait/header/591916-1709675052.png?lm=1,https://www.transfermarkt.co.uk/aitor-paredes/profil/spieler/591916
421,Beñat Prados,ESP,MT,23,30,21,"1,715",19.1,1,0,1,1,0,0,7,0,1.0,1.0,1.1,2.1,20,78,32,0.05,0.0,0.05,0.05,0.05,0.05,0.06,0.11,0.05,0.11,benat prados,Midfield,right,180.0,ES1,18000000.0,20000000.0,https://img.a.transfermarkt.technology/portrait/header/625047-1709675858.png?lm=1,https://www.transfermarkt.co.uk/benat-prados/profil/spieler/625047
422,Yeray Álvarez,ESP,DF,29,21,20,"1,781",19.8,1,0,1,1,0,0,4,0,0.5,0.5,0.2,0.7,19,105,0,0.05,0.0,0.05,0.05,0.05,0.02,0.01,0.04,0.02,0.04,yeray alvarez,Defender,right,182.0,ES1,7500000.0,30000000.0,https://img.a.transfermarkt.technology/portrait/header/255488-1709675129.png?lm=1,https://www.transfermarkt.co.uk/yeray-alvarez/profil/spieler/255488
423,Oihan Sancet,ESP,MT,24,29,19,"1,620",18.0,15,1,16,12,3,3,2,0,9.7,7.3,1.9,9.2,52,90,115,0.83,0.06,0.89,0.67,0.72,0.54,0.1,0.64,0.4,0.51,oihan sancet,Midfield,right,188.0,ES1,60000000.0,60000000.0,https://img.a.transfermarkt.technology/portrait/header/571020-1709676037.png?lm=1,https://www.transfermarkt.co.uk/oihan-sancet/profil/spieler/571020
424,Óscar de Marcos,ESP,DF,35,26,17,"1,564",17.4,0,4,4,0,0,0,0,0,1.0,1.0,2.6,3.6,26,102,78,0.0,0.23,0.23,0.0,0.23,0.06,0.15,0.21,0.06,0.21,oscar de marcos,Defender,right,182.0,ES1,1500000.0,10000000.0,https://img.a.transfermarkt.technology/portrait/header/96718-1709675357.png?lm=1,https://www.transfermarkt.co.uk/oscar-de-marcos/profil/spieler/96718
425,Andoni Gorosabel,ESP,DF,27,20,17,"1,485",16.5,0,2,2,0,0,0,5,0,0.3,0.3,1.8,2.1,17,51,59,0.0,0.12,0.12,0.0,0.12,0.02,0.11,0.13,0.02,0.13,andoni gorosabel,Defender,right,174.0,ES1,5000000.0,10000000.0,https://img.a.transfermarkt.technology/portrait/header/289255-1739190147.jpeg?lm=1,https://www.transfermarkt.co.uk/andoni-gorosabel/profil/spieler/289255
426,Unai Gómez,ESP,"MT,AT",21,32,14,"1,284",14.3,1,3,4,1,0,0,1,0,1.9,1.9,0.8,2.7,19,23,49,0.07,0.21,0.28,0.07,0.28,0.13,0.06,0.19,0.13,0.19,unai gomez,Midfield,left,183.0,ES1,6000000.0,8000000.0,https://img.a.transfermarkt.technology/portrait/header/834752-1709676122.png?lm=1,https://www.transfermarkt.co.uk/unai-gomez/profil/spieler/834752
427,Julen Agirrezabala,ESP,GB,23,14,14,"1,206",13.4,0,0,0,0,0,0,1,1,0.0,0.0,0.0,0.0,0,0,0,0.0,0.0,0.0,0.0,0.0,0.0,0.0,0.0,0.0,0.0,julen agirrezabala,Goalkeeper,left,187.0,ES1,15000000.0,15000000.0,https://img.a.transfermarkt.technology/portrait/header/625014-1709674945.png?lm=1,https://www.transfermarkt.co.uk/julen-agirrezabala/profil/spieler/625014
428,Mikel Vesga,ESP,MT,31,25,10,988,11.0,0,0,0,0,0,1,1,0,1.2,0.4,1.0,1.4,10,64,22,0.0,0.0,0.0,0.0,0.0,0.11,0.09,0.2,0.04,0.13,mikel vesga,Midfield,left,191.0,ES1,3000000.0,6000000.0,https://img.a.transfermarkt.technology/portrait/header/300168-1709675412.png?lm=1,https://www.transfermarkt.co.uk/mikel-vesga/profil/spieler/300168
429,Iñigo Lekue,ESP,DF,31,16,8,773,8.6,0,0,0,0,0,0,1,0,0.2,0.2,0.5,0.7,13,35,21,0.0,0.0,0.0,0.0,0.0,0.02,0.06,0.08,0.02,0.08,inigo lekue,Defender,right,180.0,ES1,2500000.0,7500000.0,https://img.a.transfermarkt.technology/portrait/header/255501-1709675295.png?lm=1,https://www.transfermarkt.co.uk/inigo-lekue/profil/spieler/255501
430,Maroan Sannadi,MAR,AT,23,16,7,754,8.4,1,1,2,1,0,0,0,0,3.5,3.5,0.6,4.1,21,15,67,0.12,0.12,0.24,0.12,0.24,0.41,0.07,0.48,0.41,0.48,maroan sannadi,Attack,right,192.0,ES1,5000000.0,5000000.0,https://img.a.transfermarkt.technology/portrait/header/1054934-1736857054.jpg?lm=1,https://www.transfermarkt.co.uk/maroan-sannadi/profil/spieler/1054934
431,Álvaro djaló,ESP,AT,24,17,7,659,7.3,1,0,1,1,0,0,2,0,0.8,0.8,0.9,1.7,22,13,60,0.14,0.0,0.14,0.14,0.14,0.11,0.12,0.23,0.11,0.23,alvaro djalo,Attack,right,175.0,ES1,8000000.0,15000000.0,https://img.a.transfermarkt.technology/portrait/header/671649-1732115086.jpg?lm=1,https://www.transfermarkt.co.uk/alvaro-djalo/profil/spieler/671649
432,Unai Núñez,ESP,DF,27,10,7,645,7.2,0,0,0,0,0,0,4,0,0.2,0.2,0.1,0.3,2,26,0,0.0,0.0,0.0,0.0,0.0,0.03,0.01,0.04,0.03,0.04,unai nunez,Defender,right,186.0,ES1,3000000.0,20000000.0,https://img.a.transfermarkt.technology/portrait/header/338285-1620308088.jpg?lm=1,https://www.transfermarkt.co.uk/unai-nunez/profil/spieler/338285
433,Alex Padilla,ESP,GB,20,5,3,321,3.6,0,0,0,0,0,0,0,0,0.0,0.0,0.0,0.0,0,0,0,0.0,0.0,0.0,0.0,0.0,0.0,0.0,0.0,0.0,0.0,alex padilla,Goalkeeper,right,190.0,ES1,200000.0,200000.0,https://img.a.transfermarkt.technology/portrait/header/834483-1709676711.png?lm=1,https://www.transfermarkt.co.uk/alex-padilla/profil/spieler/834483
434,Ander Herrera,ESP,MT,34,8,2,273,3.0,0,0,0,0,0,1,2,0,1.7,0.9,0.1,1.1,2,16,5,0.0,0.0,0.0,0.0,0.0,0.57,0.04,0.61,0.31,0.35,ander herrera,Midfield,right,182.0,ES1,2000000.0,30000000.0,https://img.a.transfermarkt.technology/portrait/header/99343-1709675915.png?lm=1,https://www.transfermarkt.co.uk/ander-herrera/profil/spieler/99343
435,Peio Canales,ESP,"MT,AT",19,8,2,259,2.9,0,0,0,0,0,0,0,0,0.2,0.2,0.2,0.4,6,6,11,0.0,0.0,0.0,0.0,0.0,0.07,0.08,0.15,0.07,0.15,peio canales,Midfield,right,175.0,ES1,500000.0,500000.0,https://img.a.transfermarkt.technology/portrait/header/1056966-1709678026.png?lm=1,https://www.transfermarkt.co.uk/peio-canales/profil/spieler/1056966
437,Aingeru Olabarrieta,ESP,AT,18,1,1,54,0.6,0,0,0,0,0,0,0,0,0.0,0.0,0.0,0.0,2,1,3,0.0,0.0,0.0,0.0,0.0,0.0,0.0,0.0,0.0,0.0,aingeru olabarrieta,Attack,left,182.0,ES1,500000.0,500000.0,https://img.a.transfermarkt.technology/portrait/header/1056971-1709678151.png?lm=1,https://www.transfermarkt.co.uk/aingeru-olabarrieta/profil/spieler/1056971
438,Adu Ares,ESP,AT,22,1,0,19,0.2,0,0,0,0,0,0,0,0,0.0,0.0,0.0,0.0,1,3,2,0.0,0.0,0.0,0.0,0.0,0.0,0.0,0.0,0.0,0.0,adu ares,Attack,right,183.0,ES1,2000000.0,2000000.0,https://img.a.transfermarkt.technology/portrait/header/895480-1709676270.png?lm=1,https://www.transfermarkt.co.uk/adu-ares/profil/spieler/895480
440,Sergi Cardona,ESP,DF,25,35,34,"2,945",32.7,1,7,8,1,0,0,11,0,2.4,2.4,5.8,8.2,52,77,198,0.03,0.21,0.24,0.03,0.24,0.07,0.18,0.25,0.07,0.25,sergi cardona,Defender,both,186.0,ES1,8000000.0,8000000.0,https://img.a.transfermarkt.technology/portrait/header/678406-1697540707.jpg?lm=1,https://www.transfermarkt.co.uk/sergi-cardona/profil/spieler/678406
441,Alex Baena,ESP,"MT,AT",23,32,30,"2,595",28.8,7,9,16,7,0,1,9,0,7.1,6.3,11.7,18.1,91,189,154,0.24,0.31,0.55,0.24,0.55,0.25,0.41,0.65,0.22,0.63,alex baena,Attack,right,174.0,ES1,50000000.0,50000000.0,https://img.a.transfermarkt.technology/portrait/header/548111-1714487266.jpg?lm=1,https://www.transfermarkt.co.uk/alex-baena/profil/spieler/548111
442,Santi Comesaña,ESP,MT,27,35,30,"2,560",28.4,4,2,6,4,0,0,7,0,4.6,4.6,2.0,6.6,39,154,58,0.14,0.07,0.21,0.14,0.21,0.16,0.07,0.23,0.16,0.23,santi comesana,Midfield,both,188.0,ES1,8000000.0,8000000.0,https://img.a.transfermarkt.technology/portrait/header/380598-1726231263.jpg?lm=1,https://www.transfermarkt.co.uk/santi-comesana/profil/spieler/380598
443,Logan Costa,CPV,DF,23,32,28,"2,587",28.7,2,1,3,2,0,0,3,0,0.7,0.7,0.6,1.3,25,116,10,0.07,0.03,0.1,0.07,0.1,0.02,0.02,0.05,0.02,0.05,logan costa,Defender,right,190.0,ES1,15000000.0,18000000.0,https://img.a.transfermarkt.technology/portrait/header/484988-1708555203.jpg?lm=1,https://www.transfermarkt.co.uk/logan-costa/profil/spieler/484988
444,Kiko Femenía,ESP,DF,33,28,27,"2,227",24.7,0,1,1,0,0,0,7,0,0.4,0.4,1.3,1.7,52,112,44,0.0,0.04,0.04,0.0,0.04,0.01,0.05,0.07,0.01,0.07,kiko femenia,Defender,right,174.0,ES1,1200000.0,6000000.0,https://img.a.transfermarkt.technology/portrait/header/76467-1726231817.jpg?lm=1,https://www.transfermarkt.co.uk/kiko-femenia/profil/spieler/76467
446,Pape Gueye,SEN,MT,25,34,26,"2,224",24.7,4,0,4,4,0,0,6,2,3.4,3.4,1.1,4.5,36,156,69,0.16,0.0,0.16,0.16,0.16,0.14,0.04,0.18,0.14,0.18,pape gueye,Midfield,left,189.0,ES1,10000000.0,12000000.0,https://img.a.transfermarkt.technology/portrait/header/485963-1604255792.jpg?lm=1,https://www.transfermarkt.co.uk/pape-gueye/profil/spieler/485963
447,Thierno Barry,FRA,AT,21,35,25,"2,323",25.8,11,4,15,10,1,1,4,0,12.5,11.7,2.9,14.6,44,27,124,0.43,0.15,0.58,0.39,0.54,0.48,0.11,0.6,0.45,0.57,thierno barry,Attack,right,195.0,ES1,14000000.0,14000000.0,https://img.a.transfermarkt.technology/portrait/header/937941-1743672693.jpg?lm=1,https://www.transfermarkt.co.uk/thierno-barry/profil/spieler/937941
449,Ayoze Pérez,ESP,AT,31,30,22,"1,970",21.9,19,2,21,19,0,0,4,0,12.7,12.7,3.0,15.7,59,73,124,0.87,0.09,0.96,0.87,0.96,0.58,0.13,0.71,0.58,0.71,ayoze perez,Attack,right,178.0,ES1,10000000.0,30000000.0,https://img.a.transfermarkt.technology/portrait/header/246968-1716803546.jpg?lm=1,https://www.transfermarkt.co.uk/ayoze-perez/profil/spieler/246968
450,Diego Conde,ESP,GB,25,22,22,"1,962",21.8,0,1,1,0,0,0,2,0,0.0,0.0,0.2,0.2,0,0,0,0.0,0.05,0.05,0.0,0.05,0.0,0.01,0.01,0.0,0.01,diego conde,Goalkeeper,right,188.0,ES1,10000000.0,10000000.0,https://img.a.transfermarkt.technology/portrait/header/341713-1669364743.jpg?lm=1,https://www.transfermarkt.co.uk/diego-conde/profil/spieler/341713
451,Juan Foyth,ARG,DF,26,19,17,"1,517",16.9,1,0,1,1,0,0,4,0,2.4,2.4,0.3,2.8,13,65,11,0.06,0.0,0.06,0.06,0.06,0.14,0.02,0.16,0.14,0.16,juan foyth,Defender,right,187.0,ES1,10000000.0,25000000.0,https://img.a.transfermarkt.technology/portrait/header/480763-1662668281.jpg?lm=1,https://www.transfermarkt.co.uk/juan-foyth/profil/spieler/480763
452,Raúl Albiol,ESP,DF,38,15,14,"1,188",13.2,0,0,0,0,0,0,5,0,0.1,0.1,0.0,0.1,3,34,0,0.0,0.0,0.0,0.0,0.0,0.01,0.0,0.01,0.01,0.01,raul albiol,Defender,right,190.0,ES1,1300000.0,18000000.0,https://img.a.transfermarkt.technology/portrait/header/15452-1664974689.jpg?lm=1,https://www.transfermarkt.co.uk/raul-albiol/profil/spieler/15452
453,Willy Kambwala,FRA,DF,19,19,12,"1,117",12.4,0,0,0,0,0,0,1,1,0.3,0.3,0.1,0.5,2,16,0,0.0,0.0,0.0,0.0,0.0,0.03,0.01,0.04,0.03,0.04,willy kambwala,Defender,right,192.0,ES1,4000000.0,5000000.0,https://img.a.transfermarkt.technology/portrait/header/780630-1743688107.jpg?lm=1,https://www.transfermarkt.co.uk/willy-kambwala/profil/spieler/780630
454,Pau Navarro,ESP,DF,19,17,8,916,10.2,0,0,0,0,0,0,1,0,0.0,0.0,0.0,0.0,3,40,7,0.0,0.0,0.0,0.0,0.0,0.0,0.0,0.0,0.0,0.0,pau navarro,Defender,right,185.0,ES1,1000000.0,1000000.0,https://img.a.transfermarkt.technology/portrait/header/1061336-1734596703.jpg?lm=1,https://www.transfermarkt.co.uk/pau-navarro/profil/spieler/1061336
455,Eric Bailly,CIV,DF,30,12,8,617,6.9,0,0,0,0,0,0,2,1,0.3,0.3,0.0,0.3,1,18,0,0.0,0.0,0.0,0.0,0.0,0.05,0.0,0.05,0.05,0.05,eric bailly,Defender,right,187.0,ES1,2500000.0,35000000.0,https://img.a.transfermarkt.technology/portrait/header/286384-1696075364.png?lm=1,https://www.transfermarkt.co.uk/eric-bailly/profil/spieler/286384
456,Denis Suárez,ESP,MT,30,21,7,608,6.8,1,1,2,1,0,0,0,0,0.9,0.9,1.5,2.4,27,35,24,0.15,0.15,0.3,0.15,0.3,0.14,0.22,0.36,0.14,0.36,denis suarez,Midfield,right,176.0,ES1,1300000.0,18000000.0,https://img.a.transfermarkt.technology/portrait/header/165007-1687272769.jpg?lm=1,https://www.transfermarkt.co.uk/denis-suarez/profil/spieler/165007
457,Ilias Akhomach,MAR,"MT,AT",20,11,7,584,6.5,1,0,1,1,0,0,1,0,0.6,0.6,1.0,1.6,30,12,64,0.15,0.0,0.15,0.15,0.15,0.09,0.15,0.23,0.09,0.23,ilias akhomach,Attack,left,175.0,ES1,15000000.0,15000000.0,https://img.a.transfermarkt.technology/portrait/header/709969-1636472170.jpg?lm=1,https://www.transfermarkt.co.uk/ilias-akhomach/profil/spieler/709969
458,Gerard Moreno,ESP,AT,32,17,6,721,8.0,3,2,5,0,3,3,0,0,4.2,1.8,3.6,5.5,19,53,60,0.37,0.25,0.62,0.0,0.25,0.53,0.45,0.98,0.23,0.69,gerard moreno,Attack,left,180.0,ES1,5000000.0,40000000.0,https://img.a.transfermarkt.technology/portrait/header/177467-1726231623.jpg?lm=1,https://www.transfermarkt.co.uk/gerard-moreno/profil/spieler/177467
459,Tajon Buchanan,CAN,MT,25,13,4,416,4.6,1,2,3,1,0,0,2,0,0.9,0.9,0.5,1.4,19,5,45,0.22,0.43,0.65,0.22,0.65,0.19,0.12,0.31,0.19,0.31,tajon buchanan,Attack,right,183.0,ES1,6000000.0,12000000.0,https://img.a.transfermarkt.technology/portrait/header/638793-1673727337.jpg?lm=1,https://www.transfermarkt.co.uk/tajon-buchanan/profil/spieler/638793
460,Arnaut Danjuma,NED,AT,27,3,3,200,2.2,2,0,2,2,0,0,1,0,0.8,0.8,0.0,0.8,4,1,17,0.9,0.0,0.9,0.9,0.9,0.37,0.01,0.38,0.37,0.38,arnaut danjuma,Attack,right,178.0,ES1,5000000.0,50000000.0,https://img.a.transfermarkt.technology/portrait/header/355861-1674657323.jpg?lm=1,https://www.transfermarkt.co.uk/arnaut-danjuma/profil/spieler/355861
461,Ramón Terrats,ESP,"MT,AT",23,11,1,131,1.5,0,0,0,0,0,0,1,0,0.1,0.1,0.3,0.3,1,7,3,0.0,0.0,0.0,0.0,0.0,0.04,0.19,0.22,0.04,0.22,ramon terrats,Midfield,left,181.0,ES1,4000000.0,4000000.0,https://img.a.transfermarkt.technology/portrait/header/783396-1726231968.jpg?lm=1,https://www.transfermarkt.co.uk/ramon-terrats/profil/spieler/783396
462,Pau Cabanes,ESP,"MT,AT",19,10,0,163,1.8,1,0,1,1,0,0,0,0,0.5,0.5,0.4,0.9,10,11,33,0.55,0.0,0.55,0.55,0.55,0.26,0.22,0.47,0.26,0.47,pau cabanes,Attack,right,179.0,ES1,800000.0,800000.0,https://img.a.transfermarkt.technology/portrait/header/default.jpg?lm=1,https://www.transfermarkt.co.uk/pau-cabanes/profil/spieler/1063553
467,Diego Llorente,ESP,DF,30,30,29,"2,519",28.0,2,0,2,2,0,0,4,0,1.5,1.5,0.3,1.8,7,81,3,0.07,0.0,0.07,0.07,0.07,0.05,0.01,0.06,0.05,0.06,diego llorente,Defender,right,186.0,ES1,6000000.0,25000000.0,https://img.a.transfermarkt.technology/portrait/header/246291-1675246130.jpg?lm=1,https://www.transfermarkt.co.uk/diego-llorente/profil/spieler/246291
467,Diego Llorente,ESP,DF,30,30,29,"2,519",28.0,2,0,2,2,0,0,4,0,1.5,1.5,0.3,1.8,7,81,3,0.07,0.0,0.07,0.07,0.07,0.05,0.01,0.06,0.05,0.06,diego llorente,Attack,right,180.0,PO1,100000.0,100000.0,https://img.a.transfermarkt.technology/portrait/header/default.jpg?lm=1,https://www.transfermarkt.co.uk/diego-llorente/profil/spieler/710131
468,Johnny Cardoso,USA,MT,22,28,24,"2,144",23.8,3,1,4,3,0,0,4,0,2.0,2.0,0.9,3.0,19,71,28,0.13,0.04,0.17,0.13,0.17,0.09,0.04,0.12,0.09,0.12,johnny cardoso,Midfield,right,186.0,ES1,20000000.0,25000000.0,https://img.a.transfermarkt.technology/portrait/header/689505-1742036970.jpg?lm=1,https://www.transfermarkt.co.uk/johnny-cardoso/profil/spieler/689505
469,Natan,BRA,DF,23,31,23,"2,175",24.2,1,1,2,1,0,0,5,1,0.3,0.3,0.6,1.0,12,52,6,0.04,0.04,0.08,0.04,0.08,0.01,0.03,0.04,0.01,0.04,natan,Defender,left,188.0,ES1,9000000.0,13000000.0,https://img.a.transfermarkt.technology/portrait/header/735568-1708553167.jpg?lm=1,https://www.transfermarkt.co.uk/natan/profil/spieler/735568
470,Marc Bartra,ESP,DF,33,25,23,"2,099",23.3,2,1,3,2,0,0,2,0,1.2,1.2,0.2,1.4,7,68,1,0.09,0.04,0.13,0.09,0.13,0.05,0.01,0.06,0.05,0.06,marc bartra,Defender,right,184.0,ES1,1000000.0,22000000.0,https://img.a.transfermarkt.technology/portrait/header/99922-1724053472.jpg?lm=1,https://www.transfermarkt.co.uk/marc-bartra/profil/spieler/99922
471,Romain Perraud,FRA,DF,26,28,22,"2,002",22.2,2,2,4,2,0,0,8,1,0.6,0.6,1.6,2.1,51,62,106,0.09,0.09,0.18,0.09,0.18,0.02,0.07,0.1,0.02,0.1,romain perraud,Defender,left,173.0,ES1,5000000.0,12000000.0,https://img.a.transfermarkt.technology/portrait/header/318523-1582538263.jpg?lm=1,https://www.transfermarkt.co.uk/romain-perraud/profil/spieler/318523
472,Sergi Altimira,ESP,MT,22,32,22,"1,972",21.9,0,1,1,0,0,0,4,0,1.7,1.6,1.7,3.3,25,99,30,0.0,0.05,0.05,0.0,0.05,0.08,0.08,0.16,0.07,0.15,sergi altimira,Midfield,right,188.0,ES1,10000000.0,10000000.0,https://img.a.transfermarkt.technology/portrait/header/466801-1676910380.png?lm=1,https://www.transfermarkt.co.uk/sergi-altimira/profil/spieler/466801
473,Pablo Fornals,ESP,"MT,AT",28,26,22,"1,827",20.3,2,0,2,2,0,0,2,0,1.8,1.8,3.3,5.1,32,146,85,0.1,0.0,0.1,0.1,0.1,0.09,0.16,0.25,0.09,0.25,pablo fornals,Midfield,right,178.0,ES1,6000000.0,30000000.0,https://img.a.transfermarkt.technology/portrait/header/357885-1714124764.jpg?lm=1,https://www.transfermarkt.co.uk/pablo-fornals/profil/spieler/357885
474,Youssouf Sabaly,SEN,DF,31,22,20,"1,581",17.6,0,1,1,0,0,0,1,0,0.2,0.2,0.8,1.0,25,62,63,0.0,0.06,0.06,0.0,0.06,0.01,0.05,0.06,0.01,0.06,youssouf sabaly,Defender,right,173.0,ES1,2000000.0,10000000.0,https://img.a.transfermarkt.technology/portrait/header/135492-1532700291.jpg?lm=1,https://www.transfermarkt.co.uk/youssouf-sabaly/profil/spieler/135492
475,Adrián,ESP,GB,37,19,19,"1,710",19.0,0,0,0,0,0,0,3,0,0.0,0.0,0.0,0.0,0,0,0,0.0,0.0,0.0,0.0,0.0,0.0,0.0,0.0,0.0,0.0,adrian,Goalkeeper,right,190.0,ES1,500000.0,9000000.0,https://img.a.transfermarkt.technology/portrait/header/71271-1687166366.jpg?lm=1,https://www.transfermarkt.co.uk/adrian/profil/spieler/71271
476,Isco,ESP,MT,32,22,17,"1,547",17.2,9,8,17,4,5,6,5,0,8.6,3.9,4.4,8.2,38,152,112,0.52,0.47,0.99,0.23,0.7,0.5,0.25,0.76,0.22,0.48,isco,Midfield,right,176.0,ES1,6000000.0,90000000.0,https://img.a.transfermarkt.technology/portrait/header/85288-1699613327.jpg?lm=1,https://www.transfermarkt.co.uk/isco/profil/spieler/85288
477,Giovani Lo Celso,ARG,"MT,AT",28,25,15,"1,457",16.2,8,3,11,6,2,3,4,0,4.8,2.4,4.9,7.3,26,132,66,0.49,0.19,0.68,0.37,0.56,0.29,0.3,0.59,0.15,0.45,giovani lo celso,Midfield,left,177.0,ES1,20000000.0,50000000.0,https://img.a.transfermarkt.technology/portrait/header/348795-1726734706.jpg?lm=1,https://www.transfermarkt.co.uk/giovani-lo-celso/profil/spieler/348795
478,Antony,BRA,AT,24,17,15,"1,362",15.1,5,2,7,5,0,0,2,1,2.9,2.9,3.5,6.3,94,67,157,0.33,0.13,0.46,0.33,0.46,0.19,0.23,0.42,0.19,0.42,antony,Attack,left,172.0,ES1,20000000.0,75000000.0,https://img.a.transfermarkt.technology/portrait/header/602105-1743410455.jpg?lm=1,https://www.transfermarkt.co.uk/antony/profil/spieler/602105
479,Rui Silva,POR,GB,30,15,15,"1,350",15.0,0,0,0,0,0,0,1,0,0.0,0.0,0.1,0.1,0,0,0,0.0,0.0,0.0,0.0,0.0,0.0,0.01,0.01,0.0,0.01,rui silva,Goalkeeper,left,191.0,PO1,6000000.0,15000000.0,https://img.a.transfermarkt.technology/portrait/header/234811-1666770953.jpg?lm=1,https://www.transfermarkt.co.uk/rui-silva/profil/spieler/234811
480,Ricardo Rodríguez,SUI,DF,31,18,15,"1,274",14.2,0,1,1,0,0,0,0,0,0.2,0.2,0.4,0.6,19,63,32,0.0,0.07,0.07,0.0,0.07,0.01,0.03,0.04,0.01,0.04,ricardo rodriguez,Defender,left,182.0,ES1,2500000.0,28000000.0,https://img.a.transfermarkt.technology/portrait/header/86784-1718216908.jpg?lm=1,https://www.transfermarkt.co.uk/ricardo-rodriguez/profil/spieler/86784
481,Jesus Rodríguez,ESP,AT,18,21,15,"1,111",12.3,2,0,2,2,0,0,0,0,2.3,2.3,0.2,2.5,53,35,99,0.16,0.0,0.16,0.16,0.16,0.18,0.02,0.2,0.18,0.2,jesus rodriguez,Attack,right,185.0,ES1,10000000.0,10000000.0,https://img.a.transfermarkt.technology/portrait/header/1190411-1739792761.jpg?lm=1,https://www.transfermarkt.co.uk/jesus-rodriguez/profil/spieler/1190411
482,Vitor Roque,BRA,AT,19,22,14,"1,235",13.7,4,0,4,4,0,0,4,0,6.1,6.1,1.2,7.3,24,17,57,0.29,0.0,0.29,0.29,0.29,0.44,0.09,0.53,0.44,0.53,vitor roque,Attack,right,174.0,ES1,30000000.0,40000000.0,https://img.a.transfermarkt.technology/portrait/header/943837-1704703716.jpg?lm=1,https://www.transfermarkt.co.uk/vitor-roque/profil/spieler/943837
484,Marc Roca,ESP,MT,27,14,11,906,10.1,2,2,4,2,0,0,4,0,1.1,1.1,1.0,2.1,11,59,13,0.2,0.2,0.4,0.2,0.4,0.11,0.1,0.21,0.11,0.21,marc roca,Midfield,left,184.0,ES1,8000000.0,30000000.0,https://img.a.transfermarkt.technology/portrait/header/336869-1719579269.jpg?lm=1,https://www.transfermarkt.co.uk/marc-roca/profil/spieler/336869
485,Cédric Bakambu,COD,AT,33,25,6,710,7.9,2,2,4,2,0,0,4,0,3.2,3.2,0.6,3.7,9,14,43,0.25,0.25,0.51,0.25,0.51,0.4,0.07,0.47,0.4,0.47,cedric bakambu,Attack,right,182.0,ES1,1800000.0,25000000.0,https://img.a.transfermarkt.technology/portrait/header/127048-1563441766.jpg?lm=1,https://www.transfermarkt.co.uk/cedric-bakambu/profil/spieler/127048
487,Héctor Bellerín,ESP,DF,29,9,6,580,6.4,0,2,2,0,0,0,1,0,0.2,0.2,2.0,2.2,3,24,22,0.0,0.31,0.31,0.0,0.31,0.03,0.32,0.35,0.03,0.35,hector bellerin,Defender,right,178.0,ES1,3000000.0,40000000.0,https://img.a.transfermarkt.technology/portrait/header/191217-1676903202.jpg?lm=1,https://www.transfermarkt.co.uk/hector-bellerin/profil/spieler/191217
488,William Carvalho,POR,MT,32,14,6,484,5.4,0,0,0,0,0,0,1,0,0.2,0.2,0.2,0.5,5,45,10,0.0,0.0,0.0,0.0,0.0,0.04,0.05,0.09,0.04,0.09,william carvalho,Midfield,right,187.0,ES1,2000000.0,30000000.0,https://img.a.transfermarkt.technology/portrait/header/100131-1662113601.jpg?lm=1,https://www.transfermarkt.co.uk/william-carvalho/profil/spieler/100131
489,Fran Vieites,ESP,GB,25,4,4,360,4.0,0,0,0,0,0,0,0,0,0.0,0.0,0.0,0.0,0,0,0,0.0,0.0,0.0,0.0,0.0,0.01,0.0,0.01,0.01,0.01,fran vieites,Goalkeeper,left,196.0,ES1,800000.0,800000.0,https://img.a.transfermarkt.technology/portrait/header/551182-1701083106.jpg?lm=1,https://www.transfermarkt.co.uk/fran-vieites/profil/spieler/551182
490,Ángel Ortíz,ESP,DF,20,5,4,353,3.9,0,1,1,0,0,0,0,0,0.0,0.0,0.1,0.2,4,15,20,0.0,0.25,0.25,0.0,0.25,0.01,0.03,0.04,0.01,0.04,angel ortiz,Defender,right,167.0,ES1,2500000.0,2500000.0,https://img.a.transfermarkt.technology/portrait/header/default.jpg?lm=1,https://www.transfermarkt.co.uk/angel-ortiz/profil/spieler/933908
491,Iker Losada,ESP,"MT,AT",22,10,3,336,3.7,0,0,0,0,0,0,0,0,0.5,0.5,0.3,0.8,9,14,16,0.0,0.0,0.0,0.0,0.0,0.13,0.08,0.21,0.13,0.21,iker losada,Attack,right,175.0,ES1,1800000.0,1800000.0,https://img.a.transfermarkt.technology/portrait/header/632741-1569337955.jpg?lm=1,https://www.transfermarkt.co.uk/iker-losada/profil/spieler/632741
492,Assane Diao,SEN,AT,18,10,2,277,3.1,1,2,3,1,0,0,0,0,0.8,0.8,1.5,2.3,9,1,27,0.32,0.65,0.97,0.32,0.97,0.26,0.5,0.75,0.26,0.75,assane diao,Attack,right,185.0,IT1,25000000.0,25000000.0,https://img.a.transfermarkt.technology/portrait/header/1061282-1699273116.jpg?lm=1,https://www.transfermarkt.co.uk/assane-diao/profil/spieler/1061282
493,Nabil Fekir,FRA,MT,31,2,2,180,2.0,0,1,1,0,0,0,0,0,0.7,0.7,0.6,1.2,9,10,18,0.0,0.5,0.5,0.0,0.5,0.34,0.28,0.62,0.34,0.62,nabil fekir,Midfield,left,173.0,ES1,10000000.0,70000000.0,https://img.a.transfermarkt.technology/portrait/header/203496-1653041152.jpg?lm=1,https://www.transfermarkt.co.uk/nabil-fekir/profil/spieler/203496
495,Mateo Flores,ESP,MT,20,6,1,153,1.7,0,0,0,0,0,0,1,0,0.0,0.0,0.0,0.0,0,9,2,0.0,0.0,0.0,0.0,0.0,0.0,0.0,0.0,0.0,0.0,mateo flores,Midfield,left,178.0,ES1,1000000.0,1000000.0,https://img.a.transfermarkt.technology/portrait/header/default.jpg?lm=1,https://www.transfermarkt.co.uk/mateo-flores/profil/spieler/1061283
496,Rodri,ESP,AT,24,3,1,118,1.3,0,0,0,0,0,0,0,0,0.2,0.2,0.1,0.2,4,8,11,0.0,0.0,0.0,0.0,0.0,0.13,0.06,0.19,0.13,0.19,rodri,Midfield,right,191.0,GB1,130000000.0,130000000.0,https://img.a.transfermarkt.technology/portrait/header/357565-1682587890.jpg?lm=1,https://www.transfermarkt.co.uk/rodri/profil/spieler/357565
497,Nobel Mendy,FRA,DF,19,2,1,108,1.2,0,0,0,0,0,0,1,0,0.0,0.0,0.0,0.0,0,3,0,0.0,0.0,0.0,0.0,0.0,0.0,0.0,0.0,0.0,0.0,nobel mendy,Defender,left,187.0,ES1,1000000.0,1000000.0,https://img.a.transfermarkt.technology/portrait/header/default.jpg?lm=1,https://www.transfermarkt.co.uk/nobel-mendy/profil/spieler/1034853
498,Sergio Arribas,ESP,DF,21,1,1,90,1.0,0,0,0,0,0,0,0,0,0.0,0.0,0.0,0.0,0,1,4,0.0,0.0,0.0,0.0,0.0,0.0,0.0,0.0,0.0,0.0,sergio arribas,Midfield,left,174.0,ES1,10000000.0,10000000.0,https://img.a.transfermarkt.technology/portrait/header/537762-1688305963.jpg?lm=1,https://www.transfermarkt.co.uk/sergio-arribas/profil/spieler/537762
499,Vicente Guaita,ESP,GB,37,34,34,"3,060",34.0,0,0,0,0,0,0,0,0,0.0,0.0,0.0,0.0,0,1,0,0.0,0.0,0.0,0.0,0.0,0.0,0.0,0.0,0.0,0.0,vicente guaita,Goalkeeper,right,190.0,ES1,800000.0,10000000.0,https://img.a.transfermarkt.technology/portrait/header/64399-1744193190.jpg?lm=1,https://www.transfermarkt.co.uk/vicente-guaita/profil/spieler/64399
500,Óscar Mingueza,ESP,"MT,DF",25,34,31,"2,729",30.3,4,6,10,4,0,0,6,1,1.5,1.5,5.6,7.1,69,200,194,0.13,0.2,0.33,0.13,0.33,0.05,0.19,0.23,0.05,0.23,oscar mingueza,Defender,right,184.0,ES1,20000000.0,20000000.0,https://img.a.transfermarkt.technology/portrait/header/331505-1698852962.jpg?lm=1,https://www.transfermarkt.co.uk/oscar-mingueza/profil/spieler/331505
501,Marcos Alonso,ESP,DF,33,31,29,"2,647",29.4,3,0,3,0,3,3,10,2,4.0,1.6,1.3,2.9,64,215,49,0.1,0.0,0.1,0.0,0.0,0.14,0.04,0.18,0.05,0.1,marcos alonso,Defender,left,188.0,ES1,1800000.0,45000000.0,https://img.a.transfermarkt.technology/portrait/header/112515-1694505734.jpg?lm=1,https://www.transfermarkt.co.uk/marcos-alonso/profil/spieler/112515
502,Fran Beltrán,ESP,MT,25,34,29,"2,421",26.9,2,1,3,2,0,0,3,0,1.0,1.0,1.8,2.8,28,152,29,0.07,0.04,0.11,0.07,0.11,0.04,0.07,0.1,0.04,0.1,fran beltran,Midfield,right,165.0,ES1,6000000.0,18000000.0,https://img.a.transfermarkt.technology/portrait/header/423444-1693921591.jpg?lm=1,https://www.transfermarkt.co.uk/fran-beltran/profil/spieler/423444
503,Javi Rodríguez,ESP,DF,21,36,26,"2,514",27.9,3,2,5,3,0,0,7,0,2.3,2.3,1.0,3.3,29,114,51,0.11,0.07,0.18,0.11,0.18,0.08,0.04,0.12,0.08,0.12,javi rodriguez,Defender,right,178.0,ES1,10000000.0,10000000.0,https://img.a.transfermarkt.technology/portrait/header/1076815-1732611843.jpg?lm=1,https://www.transfermarkt.co.uk/javi-rodriguez/profil/spieler/1076815
504,Carl Starfelt,SWE,DF,29,28,26,"2,270",25.2,1,0,1,1,0,0,5,0,0.5,0.5,0.2,0.7,11,66,1,0.04,0.0,0.04,0.04,0.04,0.02,0.01,0.03,0.02,0.03,carl starfelt,Defender,right,187.0,ES1,6000000.0,6500000.0,https://img.a.transfermarkt.technology/portrait/header/258987-1600613124.png?lm=1,https://www.transfermarkt.co.uk/carl-starfelt/profil/spieler/258987
505,Borja Iglesias,ESP,AT,31,37,24,"1,952",21.7,11,3,14,11,0,0,2,0,9.3,9.3,3.2,12.6,22,28,108,0.51,0.14,0.65,0.51,0.65,0.43,0.15,0.58,0.43,0.58,borja iglesias,Attack,right,187.0,ES1,3000000.0,28000000.0,https://img.a.transfermarkt.technology/portrait/header/278359-1686661509.jpg?lm=1,https://www.transfermarkt.co.uk/borja-iglesias/profil/spieler/278359
506,Ilaix Moriba,GUI,MT,21,33,22,"2,132",23.7,1,1,2,1,0,0,9,1,1.7,1.7,1.5,3.2,34,119,64,0.04,0.04,0.08,0.04,0.08,0.07,0.06,0.14,0.07,0.14,ilaix moriba,Midfield,right,185.0,ES1,4000000.0,25000000.0,https://img.a.transfermarkt.technology/portrait/header/617074-1695158882.jpg?lm=1,https://www.transfermarkt.co.uk/ilaix-moriba/profil/spieler/617074
507,Sergio Carreira,ESP,"MT,DF",23,23,19,"1,656",18.4,0,4,4,0,0,0,1,0,0.6,0.6,3.1,3.7,39,53,140,0.0,0.22,0.22,0.0,0.22,0.03,0.17,0.2,0.03,0.2,sergio carreira,Defender,right,170.0,ES1,3000000.0,3000000.0,https://img.a.transfermarkt.technology/portrait/header/545647-1637743729.jpg?lm=1,https://www.transfermarkt.co.uk/sergio-carreira/profil/spieler/545647
508,Hugo Álvarez,ESP,"MT,DF",21,26,16,"1,572",17.5,4,3,7,4,0,0,6,0,2.5,2.5,1.1,3.6,74,60,171,0.23,0.17,0.4,0.23,0.4,0.14,0.07,0.21,0.14,0.21,hugo alvarez,Attack,right,176.0,ES1,7500000.0,7500000.0,https://img.a.transfermarkt.technology/portrait/header/892929-1715867247.jpg?lm=1,https://www.transfermarkt.co.uk/hugo-alvarez/profil/spieler/892929
509,Hugo Sotelo,ESP,MT,20,24,15,"1,254",13.9,0,0,0,0,0,0,5,0,0.2,0.2,1.7,1.8,21,83,38,0.0,0.0,0.0,0.0,0.0,0.01,0.12,0.13,0.01,0.13,hugo sotelo,Midfield,right,180.0,ES1,5000000.0,5000000.0,https://img.a.transfermarkt.technology/portrait/header/892221-1696862451.jpg?lm=1,https://www.transfermarkt.co.uk/hugo-sotelo/profil/spieler/892221
510,Carlos Dominguez,ESP,DF,23,19,13,"1,181",13.1,0,0,0,0,0,0,1,0,0.2,0.2,0.1,0.3,15,66,4,0.0,0.0,0.0,0.0,0.0,0.02,0.0,0.02,0.02,0.02,carlos dominguez,Defender,left,187.0,ES1,2500000.0,3000000.0,https://img.a.transfermarkt.technology/portrait/header/636093-1629886975.jpg?lm=1,https://www.transfermarkt.co.uk/carlos-dominguez/profil/spieler/636093
511,Damián Rodríguez,ESP,MT,21,17,10,927,10.3,0,0,0,0,0,0,3,0,0.1,0.1,0.8,0.9,8,71,12,0.0,0.0,0.0,0.0,0.0,0.01,0.08,0.09,0.01,0.09,damian rodriguez,Midfield,left,180.0,ES1,3000000.0,3000000.0,https://img.a.transfermarkt.technology/portrait/header/715628-1732612000.jpg?lm=1,https://www.transfermarkt.co.uk/damian-rodriguez/profil/spieler/715628
512,Yoel Lago,ESP,DF,20,8,7,583,6.5,0,1,1,0,0,0,2,0,0.0,0.0,0.1,0.1,1,31,0,0.0,0.15,0.15,0.0,0.15,0.0,0.02,0.02,0.0,0.02,yoel lago,Defender,,,ES1,200000.0,200000.0,https://img.a.transfermarkt.technology/portrait/header/default.jpg?lm=1,https://www.transfermarkt.co.uk/yoel-lago/profil/spieler/939374
513,Javier Manquillo,ESP,DF,30,10,7,515,5.7,0,0,0,0,0,0,1,0,0.0,0.0,0.0,0.0,3,24,5,0.0,0.0,0.0,0.0,0.0,0.0,0.0,0.0,0.0,0.0,javier manquillo,Defender,right,178.0,ES1,1800000.0,6000000.0,https://img.a.transfermarkt.technology/portrait/header/162029-1700647906.jpg?lm=1,https://www.transfermarkt.co.uk/javier-manquillo/profil/spieler/162029
514,Anastasios Douvikas,GRE,AT,24,20,6,700,7.8,3,1,4,3,0,0,2,0,4.4,4.4,0.2,4.7,6,6,43,0.39,0.13,0.51,0.39,0.51,0.57,0.03,0.6,0.57,0.6,anastasios douvikas,Attack,right,186.0,IT1,8000000.0,12000000.0,https://img.a.transfermarkt.technology/portrait/header/523318-1682331342.jpg?lm=1,https://www.transfermarkt.co.uk/anastasios-douvikas/profil/spieler/523318
515,Iván Villar,ESP,GB,27,4,4,360,4.0,0,0,0,0,0,0,0,0,0.0,0.0,0.0,0.0,0,0,0,0.0,0.0,0.0,0.0,0.0,0.0,0.0,0.0,0.0,0.0,ivan villar,Goalkeeper,right,186.0,ES1,900000.0,2500000.0,https://img.a.transfermarkt.technology/portrait/header/297194-1516876837.jpg?lm=1,https://www.transfermarkt.co.uk/ivan-villar/profil/spieler/297194
516,Joseph Aidoo,GHA,DF,28,1,0,2,0.0,0,0,0,0,0,0,0,0,0.0,0.0,0.0,0.0,0,1,0,0.0,0.0,0.0,0.0,0.0,0.0,0.0,0.0,0.0,0.0,joseph aidoo,Defender,right,181.0,ES1,1400000.0,8000000.0,https://img.a.transfermarkt.technology/portrait/header/358250-1496923402.jpg?lm=1,https://www.transfermarkt.co.uk/joseph-aidoo/profil/spieler/358250
517,Tadeo Allende,ARG,AT,25,1,0,2,0.0,0,0,0,0,0,0,1,0,0.0,0.0,0.0,0.0,0,0,0,0.0,0.0,0.0,0.0,0.0,0.0,0.0,0.0,0.0,0.0,tadeo allende,Attack,right,183.0,ES1,4000000.0,4500000.0,https://img.a.transfermarkt.technology/portrait/header/872184-1657542237.JPG?lm=1,https://www.transfermarkt.co.uk/tadeo-allende/profil/spieler/872184
518,Florian Lejeune,FRA,DF,33,37,37,"3,325",36.9,2,3,5,2,0,0,8,0,3.6,3.6,1.9,5.4,21,143,5,0.05,0.08,0.14,0.05,0.14,0.1,0.05,0.15,0.1,0.15,florian lejeune,Defender,right,190.0,ES1,2800000.0,8000000.0,https://img.a.transfermarkt.technology/portrait/header/127108-1496825998.jpg?lm=1,https://www.transfermarkt.co.uk/florian-lejeune/profil/spieler/127108
520,Augusto Batalla,ARG,GB,28,32,32,"2,880",32.0,0,0,0,0,0,0,6,0,0.0,0.0,0.0,0.0,0,2,0,0.0,0.0,0.0,0.0,0.0,0.0,0.0,0.0,0.0,0.0,augusto batalla,Goalkeeper,right,186.0,ES1,6000000.0,6000000.0,https://img.a.transfermarkt.technology/portrait/header/275218-1656336113.JPG?lm=1,https://www.transfermarkt.co.uk/augusto-batalla/profil/spieler/275218
522,Pathé Ciss,SEN,"MT,DF",30,33,25,"2,140",23.8,4,1,5,4,0,0,12,0,1.8,1.7,1.1,2.8,19,128,12,0.17,0.04,0.21,0.17,0.21,0.08,0.05,0.12,0.07,0.12,pathe ciss,Midfield,right,186.0,ES1,2000000.0,4000000.0,https://img.a.transfermarkt.technology/portrait/header/525578-1541089527.jpg?lm=1,https://www.transfermarkt.co.uk/pathe-ciss/profil/spieler/525578
523,Abdul Mumin,GHA,DF,26,24,24,"2,017",22.4,2,1,3,2,0,0,6,1,0.6,0.6,0.2,0.8,12,40,6,0.09,0.04,0.13,0.09,0.13,0.03,0.01,0.03,0.03,0.03,abdul mumin,Defender,right,188.0,ES1,5000000.0,5000000.0,https://img.a.transfermarkt.technology/portrait/header/451801-1631003939.jpg?lm=1,https://www.transfermarkt.co.uk/abdul-mumin/profil/spieler/451801
524,Unai López,ESP,MT,28,32,23,"1,707",19.0,3,1,4,3,0,0,9,1,1.6,1.6,1.0,2.6,22,112,40,0.16,0.05,0.21,0.16,0.21,0.08,0.05,0.14,0.08,0.14,unai lopez,Midfield,right,170.0,ES1,2800000.0,12000000.0,https://img.a.transfermarkt.technology/portrait/header/192009-1726662500.jpg?lm=1,https://www.transfermarkt.co.uk/unai-lopez/profil/spieler/192009
525,Óscar Valentín,ESP,MT,29,34,18,"1,835",20.4,0,0,0,0,0,0,5,0,0.4,0.4,0.9,1.3,13,86,8,0.0,0.0,0.0,0.0,0.0,0.02,0.04,0.06,0.02,0.06,oscar valentin,Midfield,right,177.0,ES1,3500000.0,5000000.0,https://img.a.transfermarkt.technology/portrait/header/517753-1641140471.jpg?lm=1,https://www.transfermarkt.co.uk/oscar-valentin/profil/spieler/517753
526,Randy Nteka,ANG,AT,26,24,16,"1,129",12.5,3,0,3,3,0,0,6,0,2.6,2.6,0.5,3.1,10,8,44,0.24,0.0,0.24,0.24,0.24,0.21,0.04,0.25,0.21,0.25,randy nteka,Midfield,left,189.0,ES1,1500000.0,4000000.0,https://img.a.transfermarkt.technology/portrait/header/560483-1600680162.jpg?lm=1,https://www.transfermarkt.co.uk/randy-nteka/profil/spieler/560483
527,Sergio Camello,ESP,AT,23,23,14,"1,134",12.6,3,2,5,3,0,0,2,0,4.1,4.1,2.0,6.1,20,27,68,0.24,0.16,0.4,0.24,0.4,0.32,0.16,0.48,0.32,0.48,sergio camello,Attack,right,182.0,ES1,3500000.0,10000000.0,https://img.a.transfermarkt.technology/portrait/header/505674-1617806102.jpg?lm=1,https://www.transfermarkt.co.uk/sergio-camello/profil/spieler/505674
528,Pedro Díaz,ESP,MT,26,26,12,"1,211",13.5,3,0,3,3,0,1,2,0,2.4,1.6,2.1,3.7,27,62,49,0.22,0.0,0.22,0.22,0.22,0.18,0.16,0.33,0.12,0.27,pedro diaz,Midfield,right,180.0,ES1,2500000.0,2500000.0,https://img.a.transfermarkt.technology/portrait/header/363057-1664207844.jpg?lm=1,https://www.transfermarkt.co.uk/pedro-diaz/profil/spieler/363057
529,Iván Balliu,ALB,DF,32,25,12,"1,200",13.3,0,0,0,0,0,0,3,0,0.0,0.0,0.5,0.5,8,46,21,0.0,0.0,0.0,0.0,0.0,0.0,0.04,0.04,0.0,0.04,ivan balliu,Defender,right,172.0,ES1,1500000.0,4000000.0,https://img.a.transfermarkt.technology/portrait/header/85295-1688119678.jpg?lm=1,https://www.transfermarkt.co.uk/ivan-balliu/profil/spieler/85295
530,Aridane Hernández,ESP,DF,35,14,11,"1,025",11.4,0,0,0,0,0,0,1,0,0.9,0.9,0.0,1.0,2,38,0,0.0,0.0,0.0,0.0,0.0,0.08,0.0,0.08,0.08,0.08,aridane hernandez,Defender,right,188.0,ES1,400000.0,4000000.0,https://img.a.transfermarkt.technology/portrait/header/82503-1484149571.jpg?lm=1,https://www.transfermarkt.co.uk/aridane-hernandez/profil/spieler/82503
531,Alfonso Espino,URU,DF,32,16,9,833,9.3,0,1,1,0,0,0,4,0,0.4,0.4,0.6,1.1,10,39,29,0.0,0.11,0.11,0.0,0.11,0.05,0.07,0.12,0.05,0.12,alfonso espino,Defender,left,172.0,ES1,1500000.0,6000000.0,https://img.a.transfermarkt.technology/portrait/header/311044-1635328827.jpg?lm=1,https://www.transfermarkt.co.uk/alfonso-espino/profil/spieler/311044
532,Gerard Gumbau,ESP,MT,29,22,7,849,9.4,0,1,1,0,0,0,4,0,1.1,1.1,1.3,2.4,2,41,21,0.0,0.11,0.11,0.0,0.11,0.11,0.14,0.26,0.11,0.26,gerard gumbau,Midfield,left,188.0,ES1,2000000.0,3500000.0,https://img.a.transfermarkt.technology/portrait/header/268670-1499871303.jpg?lm=1,https://www.transfermarkt.co.uk/gerard-gumbau/profil/spieler/268670
533,Dani Cárdenas,ESP,GB,27,6,6,540,6.0,0,0,0,0,0,0,0,0,0.0,0.0,0.0,0.0,0,0,0,0.0,0.0,0.0,0.0,0.0,0.0,0.0,0.0,0.0,0.0,dani cardenas,Goalkeeper,right,186.0,ES1,1800000.0,2000000.0,https://img.a.transfermarkt.technology/portrait/header/397676-1663571879.jpg?lm=1,https://www.transfermarkt.co.uk/dani-cardenas/profil/spieler/397676
534,Óscar Trejo,ARG,MT,36,19,6,496,5.5,1,0,1,1,0,0,1,0,0.6,0.6,1.0,1.6,15,37,28,0.18,0.0,0.18,0.18,0.18,0.11,0.18,0.28,0.11,0.28,oscar trejo,Midfield,right,180.0,ES1,800000.0,4000000.0,https://img.a.transfermarkt.technology/portrait/header/30321-1653039805.jpg?lm=1,https://www.transfermarkt.co.uk/oscar-trejo/profil/spieler/30321
535,Sergi Guardiola,ESP,AT,33,16,1,362,4.0,0,0,0,0,0,0,1,0,2.4,2.4,0.1,2.5,2,3,22,0.0,0.0,0.0,0.0,0.0,0.59,0.03,0.62,0.59,0.62,sergi guardiola,Attack,left,185.0,ES1,600000.0,7500000.0,https://img.a.transfermarkt.technology/portrait/header/256429-1521447903.jpg?lm=1,https://www.transfermarkt.co.uk/sergi-guardiola/profil/spieler/256429
537,Pelayo Fernandez,ESP,DF,21,2,1,98,1.1,0,0,0,0,0,0,1,0,0.0,0.0,0.0,0.0,0,1,0,0.0,0.0,0.0,0.0,0.0,0.0,0.0,0.0,0.0,0.0,pelayo fernandez,Defender,right,193.0,ES1,500000.0,500000.0,https://img.a.transfermarkt.technology/portrait/header/default.jpg?lm=1,https://www.transfermarkt.co.uk/pelayo-fernandez/profil/spieler/692208
539,Sergio Herrera,ESP,GB,31,37,37,"3,330",37.0,0,0,0,0,0,0,5,0,0.0,0.0,0.0,0.0,0,2,0,0.0,0.0,0.0,0.0,0.0,0.0,0.0,0.0,0.0,0.0,sergio herrera,Goalkeeper,right,192.0,ES1,4000000.0,8000000.0,https://img.a.transfermarkt.technology/portrait/header/248738-1732220099.jpg?lm=1,https://www.transfermarkt.co.uk/sergio-herrera/profil/spieler/248738
540,Jesús Areso,ESP,DF,25,36,35,"3,079",34.2,0,3,3,0,0,0,9,0,0.2,0.2,3.5,3.7,101,106,203,0.0,0.09,0.09,0.0,0.09,0.01,0.1,0.11,0.01,0.11,jesus areso,Defender,right,182.0,ES1,8000000.0,8000000.0,https://img.a.transfermarkt.technology/portrait/header/488626-1675800186.jpg?lm=1,https://www.transfermarkt.co.uk/jesus-areso/profil/spieler/488626
542,Aimar Oroz,ESP,MT,22,37,35,"2,966",33.0,5,4,9,4,1,1,8,0,4.2,3.5,2.9,6.5,74,163,142,0.15,0.12,0.27,0.12,0.24,0.13,0.09,0.22,0.11,0.2,aimar oroz,Midfield,right,177.0,ES1,15000000.0,15000000.0,https://img.a.transfermarkt.technology/portrait/header/634131-1732220023.jpg?lm=1,https://www.transfermarkt.co.uk/aimar-oroz/profil/spieler/634131
543,Lucas Torró,ESP,MT,30,35,35,"2,957",32.9,3,0,3,3,0,0,10,0,2.3,2.3,1.2,3.5,10,109,30,0.09,0.0,0.09,0.09,0.09,0.07,0.04,0.11,0.07,0.11,lucas torro,Midfield,right,190.0,ES1,3500000.0,8000000.0,https://img.a.transfermarkt.technology/portrait/header/213670-1732219931.jpg?lm=1,https://www.transfermarkt.co.uk/lucas-torro/profil/spieler/213670
544,Ante Budimir,CRO,AT,33,38,34,"2,952",32.8,21,4,25,13,8,8,4,0,18.3,12.3,1.7,13.9,23,24,134,0.64,0.12,0.76,0.4,0.52,0.56,0.05,0.61,0.37,0.42,ante budimir,Attack,left,190.0,ES1,5000000.0,15000000.0,https://img.a.transfermarkt.technology/portrait/header/46413-1732219707.jpg?lm=1,https://www.transfermarkt.co.uk/ante-budimir/profil/spieler/46413
545,Enzo Boyomo,CMR,DF,22,34,33,"2,987",33.2,2,0,2,2,0,0,5,0,1.5,1.5,0.9,2.4,16,111,7,0.06,0.0,0.06,0.06,0.06,0.05,0.03,0.07,0.05,0.07,enzo boyomo,Defender,right,184.0,ES1,20000000.0,20000000.0,https://img.a.transfermarkt.technology/portrait/header/541555-1728038860.jpg?lm=1,https://www.transfermarkt.co.uk/enzo-boyomo/profil/spieler/541555
546,Jon Moncayola,ESP,MT,26,32,26,"2,099",23.3,0,0,0,0,0,0,8,0,1.6,1.6,3.7,5.3,25,107,51,0.0,0.0,0.0,0.0,0.0,0.07,0.16,0.23,0.07,0.23,jon moncayola,Midfield,right,182.0,ES1,7000000.0,12000000.0,https://img.a.transfermarkt.technology/portrait/header/552425-1583310847.jpg?lm=1,https://www.transfermarkt.co.uk/jon-moncayola/profil/spieler/552425
549,Jorge Herrando,ESP,DF,23,18,15,"1,366",15.2,1,0,1,1,0,0,3,0,1.2,1.2,0.0,1.2,7,38,1,0.07,0.0,0.07,0.07,0.07,0.08,0.0,0.08,0.08,0.08,jorge herrando,Defender,left,192.0,ES1,4000000.0,6000000.0,https://img.a.transfermarkt.technology/portrait/header/555500-1732219992.jpg?lm=1,https://www.transfermarkt.co.uk/jorge-herrando/profil/spieler/555500
550,Pablo Ibáñez,ESP,MT,25,28,13,"1,294",14.4,1,1,2,1,0,0,4,0,1.6,1.6,1.6,3.2,21,51,31,0.07,0.07,0.14,0.07,0.14,0.11,0.11,0.22,0.11,0.22,pablo ibanez,Midfield,right,179.0,ES1,2300000.0,2500000.0,https://img.a.transfermarkt.technology/portrait/header/785353-1680676751.jpg?lm=1,https://www.transfermarkt.co.uk/pablo-ibanez/profil/spieler/785353
551,Moi Gómez,ESP,"MT,AT",30,26,6,796,8.8,0,0,0,0,0,0,1,0,0.5,0.5,0.8,1.2,13,49,16,0.0,0.0,0.0,0.0,0.0,0.05,0.08,0.14,0.05,0.14,moi gomez,Attack,right,176.0,ES1,3000000.0,10000000.0,https://img.a.transfermarkt.technology/portrait/header/175449-1664970613.jpg?lm=1,https://www.transfermarkt.co.uk/moi-gomez/profil/spieler/175449
552,Iker Muñoz,ESP,MT,21,23,4,610,6.8,0,1,1,0,0,0,2,0,0.5,0.5,1.0,1.4,6,24,10,0.0,0.15,0.15,0.0,0.15,0.07,0.14,0.21,0.07,0.21,iker munoz,Midfield,right,180.0,ES1,3000000.0,5000000.0,https://img.a.transfermarkt.technology/portrait/header/710677-1697557434.jpg?lm=1,https://www.transfermarkt.co.uk/iker-munoz/profil/spieler/710677
553,Nacho Vidal,ESP,DF,29,5,1,124,1.4,0,0,0,0,0,0,0,0,0.0,0.0,0.0,0.0,3,1,5,0.0,0.0,0.0,0.0,0.0,0.0,0.0,0.0,0.0,0.0,nacho vidal,Defender,right,180.0,ES1,2000000.0,5000000.0,https://img.a.transfermarkt.technology/portrait/header/216870-1510233362.jpg?lm=1,https://www.transfermarkt.co.uk/nacho-vidal/profil/spieler/216870
554,Aitor Fernández,ESP,GB,33,1,1,90,1.0,0,0,0,0,0,0,0,0,0.0,0.0,0.0,0.0,0,0,0,0.0,0.0,0.0,0.0,0.0,0.0,0.0,0.0,0.0,0.0,aitor fernandez,Goalkeeper,right,182.0,ES1,1500000.0,10000000.0,https://img.a.transfermarkt.technology/portrait/header/118997-1683281584.jpg?lm=1,https://www.transfermarkt.co.uk/aitor-fernandez/profil/spieler/118997
555,Unai García,ESP,DF,32,3,1,65,0.7,0,0,0,0,0,0,0,0,0.0,0.0,0.0,0.0,0,3,0,0.0,0.0,0.0,0.0,0.0,0.0,0.0,0.0,0.0,0.0,unai garcia,Defender,right,186.0,ES1,1000000.0,2500000.0,https://img.a.transfermarkt.technology/portrait/header/197122-1490623673.jpg?lm=1,https://www.transfermarkt.co.uk/unai-garcia/profil/spieler/197122
556,Javi Martínez,ESP,MT,24,1,0,6,0.1,0,0,0,0,0,0,0,0,0.0,0.0,0.0,0.0,0,1,0,0.0,0.0,0.0,0.0,0.0,0.0,0.0,0.0,0.0,0.0,javi martinez,Midfield,right,181.0,ES1,1200000.0,2500000.0,https://img.a.transfermarkt.technology/portrait/header/471474-1694423354.png?lm=1,https://www.transfermarkt.co.uk/javi-martinez/profil/spieler/471474
557,Antonio Raillo,ESP,DF,32,36,36,"3,207",35.6,2,0,2,2,0,0,7,1,2.0,2.0,1.6,3.7,31,108,20,0.06,0.0,0.06,0.06,0.06,0.06,0.05,0.1,0.06,0.1,antonio raillo,Defender,,187.0,ES1,2000000.0,4000000.0,https://img.a.transfermarkt.technology/portrait/header/278296-1447228780.jpg?lm=1,https://www.transfermarkt.co.uk/antonio-raillo/profil/spieler/278296
558,Sergi Darder,ESP,"MT,AT",30,38,34,"2,744",30.5,2,6,8,2,0,0,4,0,2.1,2.1,3.7,5.8,37,142,83,0.07,0.2,0.26,0.07,0.26,0.07,0.12,0.19,0.07,0.19,sergi darder,Midfield,right,180.0,ES1,4000000.0,16000000.0,https://img.a.transfermarkt.technology/portrait/header/142021-1664975574.jpg?lm=1,https://www.transfermarkt.co.uk/sergi-darder/profil/spieler/142021
559,Dominik Greif,SVK,GB,27,31,31,"2,790",31.0,0,0,0,0,0,0,1,0,0.0,0.0,0.0,0.0,0,0,0,0.0,0.0,0.0,0.0,0.0,0.0,0.0,0.0,0.0,0.0,dominik greif,Goalkeeper,right,197.0,ES1,6000000.0,6000000.0,https://img.a.transfermarkt.technology/portrait/header/316884-1581331466.png?lm=1,https://www.transfermarkt.co.uk/dominik-greif/profil/spieler/316884
560,Martin Valjent,SVK,DF,28,31,31,"2,763",30.7,3,0,3,3,0,0,4,0,0.8,0.8,0.1,0.9,23,91,17,0.1,0.0,0.1,0.1,0.1,0.03,0.0,0.03,0.03,0.03,martin valjent,Defender,right,187.0,ES1,6000000.0,6000000.0,https://img.a.transfermarkt.technology/portrait/header/277384-1738232660.jpg?lm=1,https://www.transfermarkt.co.uk/martin-valjent/profil/spieler/277384
561,Samu Costa,POR,MT,23,32,31,"2,649",29.4,0,2,2,0,0,0,10,1,1.8,1.8,1.2,3.0,24,116,69,0.0,0.07,0.07,0.0,0.07,0.06,0.04,0.1,0.06,0.1,samu costa,Midfield,left,185.0,ES1,15000000.0,15000000.0,https://img.a.transfermarkt.technology/portrait/header/657430-1624028681.jpg?lm=1,https://www.transfermarkt.co.uk/samu-costa/profil/spieler/657430
562,Johan Mojica,COL,DF,31,36,30,"2,755",30.6,1,2,3,1,0,0,5,0,0.9,0.9,4.1,5.0,66,130,142,0.03,0.07,0.1,0.03,0.1,0.03,0.13,0.16,0.03,0.16,johan mojica,Defender,left,185.0,ES1,2200000.0,5000000.0,https://img.a.transfermarkt.technology/portrait/header/262939-1541161893.jpg?lm=1,https://www.transfermarkt.co.uk/johan-mojica/profil/spieler/262939
563,Pablo Maffeo,ESP,DF,27,30,28,"2,368",26.3,0,2,2,0,0,0,7,0,0.3,0.3,4.1,4.4,46,74,122,0.0,0.08,0.08,0.0,0.08,0.01,0.16,0.17,0.01,0.17,pablo maffeo,Defender,right,172.0,ES1,5000000.0,10000000.0,https://img.a.transfermarkt.technology/portrait/header/251876-1699449290.jpg?lm=1,https://www.transfermarkt.co.uk/pablo-maffeo/profil/spieler/251876
564,Dani Rodríguez,ESP,"MT,AT",36,37,26,"2,162",24.0,4,7,11,4,0,0,5,0,2.8,2.8,3.1,6.0,37,78,108,0.17,0.29,0.46,0.17,0.46,0.12,0.13,0.25,0.12,0.25,dani rodriguez,Midfield,right,178.0,ES1,900000.0,1500000.0,https://img.a.transfermarkt.technology/portrait/header/139435-1583332711.jpg?lm=1,https://www.transfermarkt.co.uk/dani-rodriguez/profil/spieler/139435
565,Vedat Muriqi,KVX,AT,30,29,24,"2,058",22.9,7,2,9,5,2,3,1,2,9.7,7.3,2.2,9.5,23,30,103,0.31,0.09,0.39,0.22,0.31,0.42,0.1,0.52,0.32,0.41,vedat muriqi,Attack,left,194.0,ES1,8000000.0,17000000.0,https://img.a.transfermarkt.technology/portrait/header/256267-1627914833.jpg?lm=1,https://www.transfermarkt.co.uk/vedat-muriqi/profil/spieler/256267
566,Omar Mascarell,EQG,MT,31,32,21,"1,992",22.1,1,0,1,1,0,0,5,1,0.5,0.5,0.2,0.7,10,75,12,0.05,0.0,0.05,0.05,0.05,0.02,0.01,0.03,0.02,0.03,omar mascarell,Midfield,right,181.0,ES1,900000.0,14000000.0,https://img.a.transfermarkt.technology/portrait/header/142031-1531813358.jpg?lm=1,https://www.transfermarkt.co.uk/omar-mascarell/profil/spieler/142031
567,Cyle Larin,CAN,AT,29,32,21,"1,764",19.6,7,2,9,6,1,1,4,0,6.9,6.1,1.4,7.5,20,20,95,0.36,0.1,0.46,0.31,0.41,0.35,0.07,0.42,0.31,0.38,cyle larin,Attack,right,188.0,ES1,3500000.0,11500000.0,https://img.a.transfermarkt.technology/portrait/header/343463-1720430112.jpg?lm=1,https://www.transfermarkt.co.uk/cyle-larin/profil/spieler/343463
569,Manu Morlanes,ESP,MT,25,23,15,"1,338",14.9,0,0,0,0,0,0,7,0,0.6,0.6,0.3,0.9,16,88,39,0.0,0.0,0.0,0.0,0.0,0.04,0.02,0.06,0.04,0.06,manu morlanes,Midfield,right,178.0,ES1,2500000.0,5000000.0,https://img.a.transfermarkt.technology/portrait/header/335225-1552044533.jpg?lm=1,https://www.transfermarkt.co.uk/manu-morlanes/profil/spieler/335225
571,Antonio Sánchez,ESP,"MT,DF",27,33,12,"1,395",15.5,0,0,0,0,0,0,3,0,1.1,1.1,0.6,1.7,18,38,53,0.0,0.0,0.0,0.0,0.0,0.07,0.04,0.11,0.07,0.11,antonio sanchez,Midfield,right,179.0,ES1,2500000.0,2500000.0,https://img.a.transfermarkt.technology/portrait/header/513031-1576533215.jpg?lm=1,https://www.transfermarkt.co.uk/antonio-sanchez/profil/spieler/513031
572,Mateu Morey,ESP,DF,24,16,8,741,8.2,0,0,0,0,0,0,1,0,0.4,0.4,0.3,0.7,17,17,32,0.0,0.0,0.0,0.0,0.0,0.05,0.03,0.08,0.05,0.08,mateu morey,Defender,right,173.0,ES1,800000.0,7000000.0,https://img.a.transfermarkt.technology/portrait/header/388513-1661413734.jpg?lm=1,https://www.transfermarkt.co.uk/mateu-morey/profil/spieler/388513
573,Leo Román,ESP,GB,24,7,7,630,7.0,0,0,0,0,0,0,0,0,0.0,0.0,0.0,0.0,0,0,0,0.0,0.0,0.0,0.0,0.0,0.0,0.0,0.0,0.0,0.0,leo roman,Goalkeeper,right,189.0,ES1,2500000.0,2500000.0,https://img.a.transfermarkt.technology/portrait/header/562742-1648453168.jpg?lm=1,https://www.transfermarkt.co.uk/leo-roman/profil/spieler/562742
574,Toni Lato,ESP,DF,26,14,7,621,6.9,0,0,0,0,0,0,1,1,0.0,0.0,0.4,0.4,15,26,35,0.0,0.0,0.0,0.0,0.0,0.0,0.06,0.06,0.0,0.06,toni lato,Defender,left,171.0,ES1,2000000.0,8000000.0,https://img.a.transfermarkt.technology/portrait/header/320271-1496906352.jpg?lm=1,https://www.transfermarkt.co.uk/toni-lato/profil/spieler/320271
575,David López,ESP,DF,21,2,2,169,1.9,0,0,0,0,0,0,0,0,0.0,0.0,0.0,0.0,0,4,0,0.0,0.0,0.0,0.0,0.0,0.0,0.0,0.0,0.0,0.0,david lopez,Defender,right,185.0,ES1,2000000.0,15000000.0,https://img.a.transfermarkt.technology/portrait/header/129444-1448529645.jpg?lm=1,https://www.transfermarkt.co.uk/david-lopez/profil/spieler/129444
575,David López,ESP,DF,21,2,2,169,1.9,0,0,0,0,0,0,0,0,0.0,0.0,0.0,0.0,0,4,0,0.0,0.0,0.0,0.0,0.0,0.0,0.0,0.0,0.0,0.0,david lopez,Defender,,195.0,ES1,500000.0,500000.0,https://img.a.transfermarkt.technology/portrait/header/947431-1725880281.jpg?lm=1,https://www.transfermarkt.co.uk/david-lopez/profil/spieler/947431
576,Valery Fernández,ESP,"MT,AT",24,18,1,309,3.4,2,0,2,2,0,0,1,0,0.8,0.8,0.0,0.9,2,5,14,0.58,0.0,0.58,0.58,0.58,0.24,0.01,0.25,0.24,0.25,valery fernandez,Attack,right,182.0,ES1,2500000.0,5000000.0,https://img.a.transfermarkt.technology/portrait/header/331496-1715882117.jpg?lm=1,https://www.transfermarkt.co.uk/valery-fernandez/profil/spieler/331496
577,Chiquinho,POR,"MT,AT",24,8,1,146,1.6,0,0,0,0,0,0,2,0,0.3,0.3,0.0,0.3,4,1,12,0.0,0.0,0.0,0.0,0.0,0.19,0.02,0.21,0.19,0.21,chiquinho,Midfield,right,175.0,GR1,4500000.0,9000000.0,https://img.a.transfermarkt.technology/portrait/header/334557-1728417990.png?lm=1,https://www.transfermarkt.co.uk/chiquinho/profil/spieler/334557
577,Chiquinho,POR,"MT,AT",24,8,1,146,1.6,0,0,0,0,0,0,2,0,0.3,0.3,0.0,0.3,4,1,12,0.0,0.0,0.0,0.0,0.0,0.19,0.02,0.21,0.19,0.21,chiquinho,Attack,right,179.0,ES1,2500000.0,3000000.0,https://img.a.transfermarkt.technology/portrait/header/695454-1641552728.png?lm=1,https://www.transfermarkt.co.uk/chiquinho/profil/spieler/695454
580,Daniel Luna,COL,MT,21,2,0,20,0.2,0,0,0,0,0,0,0,0,0.0,0.0,0.0,0.0,1,0,2,0.0,0.0,0.0,0.0,0.0,0.0,0.0,0.0,0.0,0.0,daniel luna,Midfield,left,178.0,ES1,300000.0,1000000.0,https://img.a.transfermarkt.technology/portrait/header/857830-1663127882.JPG?lm=1,https://www.transfermarkt.co.uk/daniel-luna/profil/spieler/857830
581,Cristhian Mosquera,ESP,DF,20,37,37,"3,319",36.9,1,0,1,1,0,0,6,0,0.4,0.4,0.0,0.4,35,123,6,0.03,0.0,0.03,0.03,0.03,0.01,0.0,0.01,0.01,0.01,cristhian mosquera,Defender,right,191.0,ES1,30000000.0,30000000.0,https://img.a.transfermarkt.technology/portrait/header/646750-1644238478.jpg?lm=1,https://www.transfermarkt.co.uk/cristhian-mosquera/profil/spieler/646750
582,Diego López,ESP,"MT,AT",22,38,35,"2,737",30.4,8,5,13,8,0,0,3,0,6.6,6.6,5.0,11.6,76,85,219,0.26,0.16,0.43,0.26,0.43,0.22,0.17,0.38,0.22,0.38,diego lopez,Attack,right,172.0,ES1,10000000.0,14000000.0,https://img.a.transfermarkt.technology/portrait/header/617081-1683211924.jpg?lm=1,https://www.transfermarkt.co.uk/diego-lopez/profil/spieler/617081
582,Diego López,ESP,"MT,AT",22,38,35,"2,737",30.4,8,5,13,8,0,0,3,0,6.6,6.6,5.0,11.6,76,85,219,0.26,0.16,0.43,0.26,0.43,0.22,0.17,0.38,0.22,0.38,diego lopez,Midfield,,,ES1,100000.0,100000.0,https://img.a.transfermarkt.technology/portrait/header/default.jpg?lm=1,https://www.transfermarkt.co.uk/diego-lopez/profil/spieler/891091
583,Giorgi Mamardashvili,GEO,GB,23,34,34,"3,060",34.0,0,0,0,0,0,0,2,0,0.0,0.0,0.1,0.1,1,0,0,0.0,0.0,0.0,0.0,0.0,0.0,0.0,0.0,0.0,0.0,giorgi mamardashvili,Goalkeeper,left,197.0,ES1,30000000.0,45000000.0,https://img.a.transfermarkt.technology/portrait/header/502676-1716542116.jpg?lm=1,https://www.transfermarkt.co.uk/giorgi-mamardashvili/profil/spieler/502676
584,César Tárrega,ESP,DF,22,34,34,"3,026",33.6,2,0,2,2,0,0,7,0,1.9,1.9,0.1,2.1,20,79,1,0.06,0.0,0.06,0.06,0.06,0.06,0.0,0.06,0.06,0.06,cesar tarrega,Defender,right,194.0,ES1,6000000.0,6000000.0,https://img.a.transfermarkt.technology/portrait/header/707274-1698963222.jpg?lm=1,https://www.transfermarkt.co.uk/cesar-tarrega/profil/spieler/707274
585,Luis Rioja,ESP,"MT,AT",30,36,33,"2,831",31.5,5,3,8,3,2,2,6,0,3.3,1.7,4.5,6.2,93,103,228,0.16,0.1,0.25,0.1,0.19,0.1,0.14,0.25,0.05,0.2,luis rioja,Attack,left,176.0,ES1,2000000.0,4000000.0,https://img.a.transfermarkt.technology/portrait/header/278837-1647530464.jpg?lm=1,https://www.transfermarkt.co.uk/luis-rioja/profil/spieler/278837
587,Enzo Barrenechea,ARG,MT,23,30,26,"2,191",24.3,1,2,3,1,0,0,6,0,1.3,1.3,0.9,2.3,21,126,16,0.04,0.08,0.12,0.04,0.12,0.05,0.04,0.09,0.05,0.09,enzo barrenechea,Midfield,right,186.0,ES1,7500000.0,7500000.0,https://img.a.transfermarkt.technology/portrait/header/671915-1695034257.jpg?lm=1,https://www.transfermarkt.co.uk/enzo-barrenechea/profil/spieler/671915
588,Dimitri Foulquier,FRA,DF,31,32,25,"2,299",25.5,0,1,1,0,0,0,6,0,0.4,0.4,1.4,1.8,48,97,66,0.0,0.04,0.04,0.0,0.04,0.02,0.05,0.07,0.02,0.07,dimitri foulquier,Defender,right,183.0,ES1,2000000.0,4000000.0,https://img.a.transfermarkt.technology/portrait/header/170472-1447230887.jpg?lm=1,https://www.transfermarkt.co.uk/dimitri-foulquier/profil/spieler/170472
589,Hugo Duro,ESP,AT,24,31,25,"2,166",24.1,11,2,13,10,1,1,5,0,9.4,8.6,1.3,9.9,13,28,88,0.46,0.08,0.54,0.42,0.5,0.39,0.05,0.44,0.36,0.41,hugo duro,Attack,left,177.0,ES1,10000000.0,16000000.0,https://img.a.transfermarkt.technology/portrait/header/573775-1683213249.jpg?lm=1,https://www.transfermarkt.co.uk/hugo-duro/profil/spieler/573775
591,Jesus Vazquez,ESP,DF,21,19,10,919,10.2,0,0,0,0,0,0,3,0,0.1,0.1,0.6,0.8,32,21,48,0.0,0.0,0.0,0.0,0.0,0.01,0.06,0.08,0.01,0.08,jesus vazquez,Defender,left,182.0,ES1,3000000.0,5000000.0,https://img.a.transfermarkt.technology/portrait/header/623024-1644238446.jpg?lm=1,https://www.transfermarkt.co.uk/jesus-vazquez/profil/spieler/623024
592,Yarek Gasiorowski,ESP,DF,19,15,9,947,10.5,0,0,0,0,0,0,1,0,1.1,1.1,0.1,1.2,9,38,0,0.0,0.0,0.0,0.0,0.0,0.11,0.01,0.12,0.11,0.12,yarek gasiorowski,Defender,left,192.0,ES1,12000000.0,15000000.0,https://img.a.transfermarkt.technology/portrait/header/895334-1730461387.jpg?lm=1,https://www.transfermarkt.co.uk/yarek-gasiorowski/profil/spieler/895334
593,Umar Sadiq,NGA,AT,27,16,9,825,9.2,5,0,5,5,0,0,4,0,3.4,3.4,0.7,4.1,9,7,49,0.55,0.0,0.55,0.55,0.55,0.37,0.08,0.45,0.37,0.45,umar sadiq,Attack,right,191.0,ES1,5000000.0,18000000.0,https://img.a.transfermarkt.technology/portrait/header/337715-1728040426.jpg?lm=1,https://www.transfermarkt.co.uk/umar-sadiq/profil/spieler/337715
594,Thierry Correia,POR,DF,25,11,9,768,8.5,0,0,0,0,0,0,1,0,0.3,0.3,0.3,0.6,16,44,48,0.0,0.0,0.0,0.0,0.0,0.04,0.04,0.08,0.04,0.08,thierry correia,Defender,right,176.0,ES1,6000000.0,14000000.0,https://img.a.transfermarkt.technology/portrait/header/367466-1548510976.jpg?lm=1,https://www.transfermarkt.co.uk/thierry-correia/profil/spieler/367466
595,Mouctar Diakhaby,GUI,DF,27,13,7,653,7.3,2,0,2,2,0,0,0,0,1.5,1.5,0.0,1.5,5,14,2,0.28,0.0,0.28,0.28,0.28,0.2,0.0,0.21,0.2,0.21,mouctar diakhaby,Defender,right,192.0,ES1,2000000.0,30000000.0,https://img.a.transfermarkt.technology/portrait/header/346289-1709636432.jpg?lm=1,https://www.transfermarkt.co.uk/mouctar-diakhaby/profil/spieler/346289
597,Hugo Guillamón,ESP,MT,24,12,4,364,4.0,0,0,0,0,0,0,2,0,0.1,0.1,0.0,0.1,0,15,5,0.0,0.0,0.0,0.0,0.0,0.02,0.01,0.03,0.02,0.03,hugo guillamon,Midfield,right,178.0,ES1,5000000.0,25000000.0,https://img.a.transfermarkt.technology/portrait/header/495629-1694617306.jpg?lm=1,https://www.transfermarkt.co.uk/hugo-guillamon/profil/spieler/495629
598,Stole Dimitrievski,MKD,GB,30,4,4,360,4.0,0,0,0,0,0,0,1,0,0.0,0.0,0.0,0.0,0,0,0,0.0,0.0,0.0,0.0,0.0,0.0,0.0,0.0,0.0,0.0,stole dimitrievski,Goalkeeper,right,188.0,ES1,3000000.0,4000000.0,https://img.a.transfermarkt.technology/portrait/header/165467-1541150592.jpg?lm=1,https://www.transfermarkt.co.uk/stole-dimitrievski/profil/spieler/165467
599,Sergi Canós,ESP,"MT,AT",27,17,2,370,4.1,0,1,1,0,0,0,3,0,0.5,0.5,0.2,0.7,7,9,47,0.0,0.24,0.24,0.0,0.24,0.13,0.05,0.17,0.13,0.17,sergi canos,Attack,right,177.0,ES1,1500000.0,14000000.0,https://img.a.transfermarkt.technology/portrait/header/251845-1538466933.jpg?lm=1,https://www.transfermarkt.co.uk/sergi-canos/profil/spieler/251845
602,Maximiliano Caufriez,BEL,DF,27,1,1,90,1.0,0,0,0,0,0,0,0,0,0.0,0.0,0.0,0.0,0,1,0,0.0,0.0,0.0,0.0,0.0,0.0,0.0,0.0,0.0,0.0,maximiliano caufriez,Defender,right,189.0,FR1,2500000.0,3000000.0,https://img.a.transfermarkt.technology/portrait/header/369267-1679507795.jpg?lm=1,https://www.transfermarkt.co.uk/maximiliano-caufriez/profil/spieler/369267
604,Martín Tejón,ESP,"MT,DF",20,4,0,49,0.5,0,0,0,0,0,0,0,0,0.1,0.1,0.0,0.1,0,4,6,0.0,0.0,0.0,0.0,0.0,0.16,0.05,0.21,0.16,0.21,martin tejon,Midfield,right,165.0,ES1,500000.0,500000.0,https://img.a.transfermarkt.technology/portrait/header/941883-1724053169.jpg?lm=1,https://www.transfermarkt.co.uk/martin-tejon/profil/spieler/941883
606,David Otorbi,ESP,MT,16,1,0,14,0.2,0,0,0,0,0,0,0,0,0.0,0.0,0.0,0.0,1,0,0,0.0,0.0,0.0,0.0,0.0,0.0,0.0,0.0,0.0,0.0,david otorbi,Attack,right,180.0,ES1,500000.0,500000.0,https://img.a.transfermarkt.technology/portrait/header/1009766-1724053276.jpg?lm=1,https://www.transfermarkt.co.uk/david-otorbi/profil/spieler/1009766
607,Alberto Marí,ESP,AT,23,1,0,7,0.1,0,0,0,0,0,0,0,0,0.0,0.0,0.0,0.0,0,1,2,0.0,0.0,0.0,0.0,0.0,0.0,0.0,0.0,0.0,0.0,alberto mari,Attack,right,183.0,ES1,1500000.0,1500000.0,https://img.a.transfermarkt.technology/portrait/header/634105-1690382984.jpg?lm=1,https://www.transfermarkt.co.uk/alberto-mari/profil/spieler/634105
608,David Soria,ESP,GB,31,38,38,"3,420",38.0,0,0,0,0,0,0,2,0,0.0,0.0,0.0,0.0,0,1,0,0.0,0.0,0.0,0.0,0.0,0.0,0.0,0.0,0.0,0.0,david soria,Goalkeeper,right,192.0,ES1,4000000.0,18000000.0,https://img.a.transfermarkt.technology/portrait/header/226012-1696863038.jpg?lm=1,https://www.transfermarkt.co.uk/david-soria/profil/spieler/226012
609,Omar Alderete,PAR,DF,27,34,34,"2,971",33.0,1,0,1,1,0,0,8,0,1.7,1.7,0.9,2.6,25,112,7,0.03,0.0,0.03,0.03,0.03,0.05,0.03,0.08,0.05,0.08,omar alderete,Defender,left,188.0,ES1,8000000.0,10000000.0,https://img.a.transfermarkt.technology/portrait/header/353032-1669365021.jpg?lm=1,https://www.transfermarkt.co.uk/omar-alderete/profil/spieler/353032
611,Luis Milla,ESP,MT,29,33,32,"2,875",31.9,1,4,5,0,1,1,6,0,1.8,1.0,3.9,4.9,32,152,30,0.03,0.13,0.16,0.0,0.13,0.06,0.12,0.18,0.03,0.15,luis milla,Midfield,right,175.0,ES1,3500000.0,6000000.0,https://img.a.transfermarkt.technology/portrait/header/281989-1669364960.jpg?lm=1,https://www.transfermarkt.co.uk/luis-milla/profil/spieler/281989
612,Diego Rico,ESP,DF,31,33,32,"2,819",31.3,0,3,3,0,0,0,9,1,0.4,0.4,2.7,3.1,27,136,84,0.0,0.1,0.1,0.0,0.1,0.01,0.09,0.1,0.01,0.1,diego rico,Defender,left,183.0,ES1,1300000.0,10000000.0,https://img.a.transfermarkt.technology/portrait/header/249513-1697221474.jpg?lm=1,https://www.transfermarkt.co.uk/diego-rico/profil/spieler/249513
613,Mauro Arambarri,URU,MT,28,35,31,"2,661",29.6,10,0,10,7,3,3,10,0,8.2,5.8,0.6,6.5,17,75,55,0.34,0.0,0.34,0.24,0.24,0.28,0.02,0.3,0.2,0.22,mauro arambarri,Midfield,right,175.0,ES1,7000000.0,25000000.0,https://img.a.transfermarkt.technology/portrait/header/290249-1669365106.jpg?lm=1,https://www.transfermarkt.co.uk/mauro-arambarri/profil/spieler/290249
614,Domingos Duarte,POR,DF,29,22,21,"1,859",20.7,1,0,1,1,0,0,4,2,0.2,0.2,0.1,0.3,3,47,3,0.05,0.0,0.05,0.05,0.05,0.01,0.0,0.01,0.01,0.01,domingos duarte,Defender,right,192.0,ES1,800000.0,12000000.0,https://img.a.transfermarkt.technology/portrait/header/257376-1583309064.jpg?lm=1,https://www.transfermarkt.co.uk/domingos-duarte/profil/spieler/257376
615,Carles Pérez,ESP,"MT,AT",26,27,15,"1,431",15.9,3,0,3,3,0,0,2,0,2.4,2.4,1.5,3.9,31,20,77,0.19,0.0,0.19,0.19,0.19,0.15,0.1,0.24,0.15,0.24,carles perez,Attack,left,173.0,ES1,2500000.0,10000000.0,https://img.a.transfermarkt.technology/portrait/header/282810-1698852701.jpg?lm=1,https://www.transfermarkt.co.uk/carles-perez/profil/spieler/282810
616,Ramón Terrats,ESP,"MT,AT",23,15,15,"1,219",13.5,4,1,5,4,0,0,1,0,2.2,2.2,2.5,4.7,8,36,37,0.3,0.07,0.37,0.3,0.37,0.16,0.19,0.35,0.16,0.35,ramon terrats,Midfield,left,181.0,ES1,4000000.0,4000000.0,https://img.a.transfermarkt.technology/portrait/header/783396-1726231968.jpg?lm=1,https://www.transfermarkt.co.uk/ramon-terrats/profil/spieler/783396
617,Bertuğ Yıldırım,TUR,AT,22,22,14,"1,083",12.0,1,0,1,1,0,0,7,0,2.5,2.5,1.2,3.7,8,14,48,0.08,0.0,0.08,0.08,0.08,0.21,0.1,0.31,0.21,0.31,bertuğ yıldırım,Attack,right,191.0,ES1,2500000.0,5000000.0,https://img.a.transfermarkt.technology/portrait/header/672803-1681998915.png?lm=1,https://www.transfermarkt.co.uk/bertug-yildirim/profil/spieler/672803
618,Alex Sola,ESP,"MT,AT",25,19,13,"1,029",11.4,0,1,1,0,0,0,4,0,1.0,1.0,0.7,1.6,24,23,61,0.0,0.09,0.09,0.0,0.09,0.08,0.06,0.14,0.08,0.14,alex sola,Attack,right,178.0,ES1,3000000.0,4000000.0,https://img.a.transfermarkt.technology/portrait/header/434990-1680536108.jpg?lm=1,https://www.transfermarkt.co.uk/alex-sola/profil/spieler/434990
619,Coba da Costa,ESP,"MT,AT",22,19,12,"1,006",11.2,1,1,2,1,0,0,4,0,1.1,1.1,1.4,2.6,46,16,83,0.09,0.09,0.18,0.09,0.18,0.1,0.13,0.23,0.1,0.23,coba da costa,Attack,right,,ES1,3000000.0,3000000.0,https://img.a.transfermarkt.technology/portrait/header/1033005-1732139109.JPG?lm=1,https://www.transfermarkt.co.uk/coba-da-costa/profil/spieler/1033005
620,Juan Berrocal,ESP,DF,25,19,11,"1,063",11.8,0,0,0,0,0,0,8,1,0.4,0.4,0.0,0.4,1,25,1,0.0,0.0,0.0,0.0,0.0,0.03,0.0,0.03,0.03,0.03,juan berrocal,Defender,both,187.0,ES1,1800000.0,2200000.0,https://img.a.transfermarkt.technology/portrait/header/461843-1626938167.jpg?lm=1,https://www.transfermarkt.co.uk/juan-berrocal/profil/spieler/461843
621,Juan Bernat,ESP,"MT,DF",31,14,9,699,7.8,0,1,1,0,0,0,0,0,0.1,0.1,0.7,0.8,2,14,36,0.0,0.13,0.13,0.0,0.13,0.02,0.09,0.11,0.02,0.11,juan bernat,Defender,left,170.0,ES1,2500000.0,20000000.0,https://img.a.transfermarkt.technology/portrait/header/126719-1672304606.jpg?lm=1,https://www.transfermarkt.co.uk/juan-bernat/profil/spieler/126719
622,Borja Mayoral,ESP,AT,27,24,7,"1,114",12.4,5,1,6,4,1,1,0,0,3.4,2.6,0.9,3.6,10,13,43,0.4,0.08,0.48,0.32,0.4,0.28,0.07,0.35,0.21,0.29,borja mayoral,Attack,right,182.0,ES1,9000000.0,15000000.0,https://img.a.transfermarkt.technology/portrait/header/298976-1669365430.jpg?lm=1,https://www.transfermarkt.co.uk/borja-mayoral/profil/spieler/298976
623,Álvaro Rodríguez,URU,AT,20,22,7,852,9.5,2,0,2,2,0,0,6,0,1.2,1.2,0.3,1.5,6,13,50,0.21,0.0,0.21,0.21,0.21,0.13,0.03,0.16,0.13,0.16,alvaro rodriguez,Attack,left,193.0,ES1,2500000.0,6000000.0,https://img.a.transfermarkt.technology/portrait/header/948275-1660124773.jpg?lm=1,https://www.transfermarkt.co.uk/alvaro-rodriguez/profil/spieler/948275
624,Carles Aleñá,ESP,"MT,AT",26,10,5,452,5.0,0,0,0,0,0,0,1,0,0.9,0.9,0.1,1.0,3,12,10,0.0,0.0,0.0,0.0,0.0,0.18,0.02,0.2,0.18,0.2,carles alena,Midfield,left,180.0,ES1,2500000.0,30000000.0,https://img.a.transfermarkt.technology/portrait/header/284854-1669364902.jpg?lm=1,https://www.transfermarkt.co.uk/carles-alena/profil/spieler/284854
626,Nabil Aberdin,FRA,MT,21,7,4,263,2.9,0,0,0,0,0,0,1,0,0.0,0.0,0.0,0.1,2,6,2,0.0,0.0,0.0,0.0,0.0,0.01,0.01,0.02,0.01,0.02,nabil aberdin,Defender,right,192.0,ES1,100000.0,100000.0,https://img.a.transfermarkt.technology/portrait/header/default.jpg?lm=1,https://www.transfermarkt.co.uk/nabil-aberdin/profil/spieler/908621
629,Alberto Risco,ESP,"MT,AT",18,5,0,69,0.8,0,0,0,0,0,0,0,0,0.2,0.2,0.1,0.3,3,3,6,0.0,0.0,0.0,0.0,0.0,0.22,0.19,0.41,0.22,0.41,alberto risco,Midfield,,,ES1,200000.0,200000.0,https://img.a.transfermarkt.technology/portrait/header/1255616-1732138298.png?lm=1,https://www.transfermarkt.co.uk/alberto-risco/profil/spieler/1255616
632,Joan García,ESP,GB,23,38,38,"3,420",38.0,0,0,0,0,0,0,2,0,0.1,0.1,0.0,0.1,0,1,0,0.0,0.0,0.0,0.0,0.0,0.0,0.0,0.0,0.0,0.0,joan garcia,Goalkeeper,right,191.0,ES1,20000000.0,20000000.0,https://img.a.transfermarkt.technology/portrait/header/561613-1719399406.jpg?lm=1,https://www.transfermarkt.co.uk/joan-garcia/profil/spieler/561613
633,Omar El Hilali,MAR,DF,20,36,36,"3,153",35.0,0,2,2,0,0,0,11,0,0.0,0.0,0.8,0.9,35,84,61,0.0,0.06,0.06,0.0,0.06,0.0,0.02,0.02,0.0,0.02,omar el hilali,Defender,right,183.0,ES1,10000000.0,10000000.0,https://img.a.transfermarkt.technology/portrait/header/822331-1683211692.jpg?lm=1,https://www.transfermarkt.co.uk/omar-el-hilali/profil/spieler/822331
634,Marash Kumbulla,ALB,DF,24,35,34,"2,972",33.0,3,0,3,3,0,0,9,0,1.8,1.8,0.0,1.9,11,71,3,0.09,0.0,0.09,0.09,0.09,0.05,0.0,0.06,0.05,0.06,marash kumbulla,Defender,right,191.0,ES1,6000000.0,27000000.0,https://img.a.transfermarkt.technology/portrait/header/371371-1716969202.jpg?lm=1,https://www.transfermarkt.co.uk/marash-kumbulla/profil/spieler/371371
635,Leandro Cabrera,URU,DF,33,33,32,"2,869",31.9,4,2,6,4,0,0,4,1,1.1,1.1,0.9,2.1,9,69,6,0.13,0.06,0.19,0.13,0.19,0.03,0.03,0.06,0.03,0.06,leandro cabrera,Defender,left,190.0,ES1,1000000.0,10000000.0,https://img.a.transfermarkt.technology/portrait/header/102423-1500024381.jpg?lm=1,https://www.transfermarkt.co.uk/leandro-cabrera/profil/spieler/102423
636,Alex Král,CZE,MT,26,37,29,"2,714",30.2,0,1,1,0,0,0,1,0,1.5,1.5,1.5,3.0,49,78,79,0.0,0.03,0.03,0.0,0.03,0.05,0.05,0.1,0.05,0.1,alex kral,Midfield,right,186.0,ES1,6000000.0,10000000.0,https://img.a.transfermarkt.technology/portrait/header/337333-1691614545.jpg?lm=1,https://www.transfermarkt.co.uk/alex-kral/profil/spieler/337333
637,Carlos Romero,ESP,DF,22,34,28,"2,554",28.4,2,1,3,2,0,0,7,0,2.0,2.0,2.1,4.2,50,64,113,0.07,0.04,0.11,0.07,0.11,0.07,0.07,0.15,0.07,0.15,carlos romero,Defender,left,174.0,ES1,3000000.0,3000000.0,https://img.a.transfermarkt.technology/portrait/header/709372-1698946783.jpg?lm=1,https://www.transfermarkt.co.uk/carlos-romero/profil/spieler/709372
638,Pol Lozano,ESP,MT,24,30,27,"1,943",21.6,0,1,1,0,0,0,12,0,0.2,0.2,0.8,1.0,18,115,12,0.0,0.05,0.05,0.0,0.05,0.01,0.04,0.05,0.01,0.05,pol lozano,Midfield,right,176.0,ES1,4000000.0,4000000.0,https://img.a.transfermarkt.technology/portrait/header/412045-1568028635.jpg?lm=1,https://www.transfermarkt.co.uk/pol-lozano/profil/spieler/412045
640,Roberto Férnandez,ESP,AT,22,19,18,"1,497",16.6,6,0,6,6,0,0,1,0,3.6,3.6,0.6,4.2,7,17,50,0.36,0.0,0.36,0.36,0.36,0.21,0.04,0.25,0.21,0.25,roberto fernandez,Defender,left,188.0,RU1,3500000.0,3500000.0,https://img.a.transfermarkt.technology/portrait/header/491589-1721727605.png?lm=1,https://www.transfermarkt.co.uk/roberto-fernandez/profil/spieler/491589
640,Roberto Férnandez,ESP,AT,22,19,18,"1,497",16.6,6,0,6,6,0,0,1,0,3.6,3.6,0.6,4.2,7,17,50,0.36,0.0,0.36,0.36,0.36,0.21,0.04,0.25,0.21,0.25,roberto fernandez,Defender,left,174.0,RU1,1000000.0,1000000.0,https://img.a.transfermarkt.technology/portrait/header/598101-1726165240.png?lm=1,https://www.transfermarkt.co.uk/roberto-fernandez/profil/spieler/598101
640,Roberto Férnandez,ESP,AT,22,19,18,"1,497",16.6,6,0,6,6,0,0,1,0,3.6,3.6,0.6,4.2,7,17,50,0.36,0.0,0.36,0.36,0.36,0.21,0.04,0.25,0.21,0.25,roberto fernandez,Attack,right,186.0,ES1,4000000.0,4000000.0,https://img.a.transfermarkt.technology/portrait/header/720518-1732827310.jpg?lm=1,https://www.transfermarkt.co.uk/roberto-fernandez/profil/spieler/720518
642,Álvaro Tejero,ESP,"MT,DF",28,28,13,"1,238",13.8,1,4,5,1,0,0,2,0,0.6,0.6,2.9,3.5,27,46,72,0.07,0.29,0.36,0.07,0.36,0.04,0.21,0.26,0.04,0.26,alvaro tejero,Defender,both,174.0,ES1,2000000.0,3000000.0,https://img.a.transfermarkt.technology/portrait/header/290273-1557741576.jpg?lm=1,https://www.transfermarkt.co.uk/alvaro-tejero/profil/spieler/290273
643,Edu Expósito,ESP,MT,27,19,12,"1,045",11.6,0,2,2,0,0,0,3,0,1.0,1.0,3.2,4.2,23,64,41,0.0,0.17,0.17,0.0,0.17,0.09,0.27,0.36,0.09,0.36,edu exposito,Midfield,right,178.0,ES1,1500000.0,6000000.0,https://img.a.transfermarkt.technology/portrait/header/506248-1544776296.jpg?lm=1,https://www.transfermarkt.co.uk/edu-exposito/profil/spieler/506248
644,Brian Oliván,ESP,DF,30,17,12,"1,017",11.3,0,1,1,0,0,0,2,0,0.4,0.4,1.1,1.5,21,40,57,0.0,0.09,0.09,0.0,0.09,0.03,0.1,0.13,0.03,0.13,brian olivan,Defender,left,175.0,ES1,2000000.0,6000000.0,https://img.a.transfermarkt.technology/portrait/header/166677-1626938634.jpg?lm=1,https://www.transfermarkt.co.uk/brian-olivan/profil/spieler/166677
645,Alejo Véliz,ARG,AT,20,27,10,"1,127",12.5,1,0,1,1,0,0,3,0,2.3,2.3,0.6,2.8,2,8,27,0.08,0.0,0.08,0.08,0.08,0.18,0.04,0.22,0.18,0.22,alejo veliz,Attack,right,186.0,ES1,2800000.0,11000000.0,https://img.a.transfermarkt.technology/portrait/header/888493-1674736266.JPG?lm=1,https://www.transfermarkt.co.uk/alejo-veliz/profil/spieler/888493
646,José Gragera,ESP,MT,23,10,7,569,6.3,0,0,0,0,0,0,0,0,0.0,0.0,0.0,0.1,1,14,3,0.0,0.0,0.0,0.0,0.0,0.01,0.0,0.01,0.01,0.01,jose gragera,Midfield,right,186.0,ES1,2000000.0,3000000.0,https://img.a.transfermarkt.technology/portrait/header/557147-1664207582.jpg?lm=1,https://www.transfermarkt.co.uk/jose-gragera/profil/spieler/557147
647,Sergi Gómez,ESP,DF,32,12,6,664,7.4,0,0,0,0,0,0,1,0,0.3,0.3,0.0,0.3,0,8,1,0.0,0.0,0.0,0.0,0.0,0.04,0.0,0.04,0.04,0.04,sergi gomez,Defender,right,185.0,ES1,900000.0,10000000.0,https://img.a.transfermarkt.technology/portrait/header/92947-1447159892.jpg?lm=1,https://www.transfermarkt.co.uk/sergi-gomez/profil/spieler/92947
648,Walid Cheddira,MAR,AT,26,22,5,640,7.1,1,1,2,1,0,0,3,0,1.0,1.0,1.2,2.2,8,12,34,0.14,0.14,0.28,0.14,0.28,0.14,0.17,0.31,0.14,0.31,walid cheddira,Attack,right,187.0,ES1,3000000.0,8000000.0,https://img.a.transfermarkt.technology/portrait/header/521407-1686124424.jpg?lm=1,https://www.transfermarkt.co.uk/walid-cheddira/profil/spieler/521407
649,Álvaro Aguado,ESP,MT,28,16,4,443,4.9,0,1,1,0,0,0,3,0,0.6,0.6,0.6,1.2,15,37,4,0.0,0.2,0.2,0.0,0.2,0.12,0.12,0.24,0.12,0.24,alvaro aguado,Midfield,right,175.0,ES1,2000000.0,3000000.0,https://img.a.transfermarkt.technology/portrait/header/449496-1659984006.jpeg?lm=1,https://www.transfermarkt.co.uk/alvaro-aguado/profil/spieler/449496
650,Justin Smith,CAN,MT,21,5,3,209,2.3,0,0,0,0,0,0,0,0,0.0,0.0,0.0,0.0,4,6,7,0.0,0.0,0.0,0.0,0.0,0.0,0.02,0.02,0.0,0.02,justin smith,Midfield,right,189.0,ES1,300000.0,300000.0,https://img.a.transfermarkt.technology/portrait/header/904712-1669737787.jpg?lm=1,https://www.transfermarkt.co.uk/justin-smith/profil/spieler/904712
652,Pere Milla,ESP,"MT,AT",31,20,1,456,5.1,3,0,3,3,0,0,3,0,1.5,1.5,0.3,1.8,9,13,27,0.59,0.0,0.59,0.59,0.59,0.29,0.06,0.35,0.29,0.35,pere milla,Attack,left,180.0,ES1,1500000.0,3000000.0,https://img.a.transfermarkt.technology/portrait/header/225593-1541151194.jpg?lm=1,https://www.transfermarkt.co.uk/pere-milla/profil/spieler/225593
653,Naci Ünüvar,NED,"MT,DF",21,2,0,31,0.3,0,0,0,0,0,0,0,0,0.0,0.0,0.0,0.1,1,1,4,0.0,0.0,0.0,0.0,0.0,0.14,0.09,0.23,0.14,0.23,naci unuvar,Attack,right,168.0,NL1,2000000.0,6000000.0,https://img.a.transfermarkt.technology/portrait/header/508639-1694855282.jpg?lm=1,https://www.transfermarkt.co.uk/naci-unuvar/profil/spieler/508639
655,Nahuel Tenaglia,ARG,DF,28,34,33,"2,922",32.5,2,1,3,2,0,0,11,0,2.2,2.2,1.6,3.7,42,103,98,0.06,0.03,0.09,0.06,0.09,0.07,0.05,0.12,0.07,0.12,nahuel tenaglia,Defender,right,181.0,ES1,3000000.0,5200000.0,https://img.a.transfermarkt.technology/portrait/header/533568-1647530141.jpg?lm=1,https://www.transfermarkt.co.uk/nahuel-tenaglia/profil/spieler/533568
656,Antonio Sivera,ESP,GB,27,32,32,"2,810",31.2,0,0,0,0,0,0,6,1,0.0,0.0,0.1,0.1,0,1,0,0.0,0.0,0.0,0.0,0.0,0.0,0.0,0.0,0.0,0.0,antonio sivera,Goalkeeper,right,185.0,ES1,6000000.0,6000000.0,https://img.a.transfermarkt.technology/portrait/header/298197-1713856039.jpg?lm=1,https://www.transfermarkt.co.uk/antonio-sivera/profil/spieler/298197
657,Antonio Blanco,ESP,MT,24,35,32,"2,727",30.3,0,1,1,0,0,0,11,1,0.8,0.8,1.6,2.4,13,146,19,0.0,0.03,0.03,0.0,0.03,0.03,0.05,0.08,0.03,0.08,antonio blanco,Midfield,right,176.0,ES1,7500000.0,7500000.0,https://img.a.transfermarkt.technology/portrait/header/495621-1705337231.jpg?lm=1,https://www.transfermarkt.co.uk/antonio-blanco/profil/spieler/495621
658,Manu Sánchez,ESP,DF,23,33,30,"2,634",29.3,1,0,1,1,0,0,6,1,1.7,1.7,1.2,2.9,47,78,97,0.03,0.0,0.03,0.03,0.03,0.06,0.04,0.1,0.06,0.1,manu sanchez,Defender,left,171.0,ES1,6000000.0,10000000.0,https://img.a.transfermarkt.technology/portrait/header/618809-1673281847.jpg?lm=1,https://www.transfermarkt.co.uk/manu-sanchez/profil/spieler/618809
660,Abdel Abqar,MAR,DF,25,29,29,"2,463",27.4,0,1,1,0,0,0,13,0,0.9,0.9,0.3,1.2,16,79,4,0.0,0.04,0.04,0.0,0.04,0.03,0.01,0.04,0.03,0.04,abdel abqar,Defender,right,188.0,ES1,7500000.0,7500000.0,https://img.a.transfermarkt.technology/portrait/header/559979-1705337125.jpg?lm=1,https://www.transfermarkt.co.uk/abdel-abqar/profil/spieler/559979
661,Jon Guridi,ESP,"MT,AT",29,33,27,"2,080",23.1,3,1,4,2,1,1,6,0,4.2,3.4,1.2,4.6,27,79,90,0.13,0.04,0.17,0.09,0.13,0.18,0.05,0.23,0.15,0.2,jon guridi,Midfield,left,179.0,ES1,3000000.0,5000000.0,https://img.a.transfermarkt.technology/portrait/header/289257-1604301765.jpg?lm=1,https://www.transfermarkt.co.uk/jon-guridi/profil/spieler/289257
662,Ander Guevara,ESP,MT,27,33,20,"1,947",21.6,0,1,1,0,0,0,3,0,0.9,0.9,0.6,1.5,14,112,19,0.0,0.05,0.05,0.0,0.05,0.04,0.03,0.07,0.04,0.07,ander guevara,Midfield,right,180.0,ES1,4000000.0,7500000.0,https://img.a.transfermarkt.technology/portrait/header/465967-1705338008.jpg?lm=1,https://www.transfermarkt.co.uk/ander-guevara/profil/spieler/465967
663,Moussa Diarra,MLI,DF,23,26,20,"1,866",20.7,0,0,0,0,0,0,6,0,0.0,0.0,0.1,0.2,12,70,31,0.0,0.0,0.0,0.0,0.0,0.0,0.01,0.01,0.0,0.01,moussa diarra,Defender,left,185.0,ES1,2000000.0,2000000.0,https://img.a.transfermarkt.technology/portrait/header/694509-1708555512.jpg?lm=1,https://www.transfermarkt.co.uk/moussa-diarra/profil/spieler/694509
664,Santiago Mouriño,URU,DF,22,25,20,"1,849",20.5,0,1,1,0,0,0,7,0,0.9,0.9,0.9,1.8,14,46,1,0.0,0.05,0.05,0.0,0.05,0.05,0.04,0.09,0.05,0.09,santiago mourino,Defender,right,186.0,ES1,2000000.0,2000000.0,https://img.a.transfermarkt.technology/portrait/header/953901-1691396102.jpg?lm=1,https://www.transfermarkt.co.uk/santiago-mourino/profil/spieler/953901
665,Joan Jordán,ESP,MT,30,25,15,"1,414",15.7,5,2,7,2,3,4,4,0,4.8,1.6,2.3,4.0,7,104,35,0.32,0.13,0.45,0.13,0.25,0.3,0.15,0.45,0.1,0.25,joan jordan,Midfield,right,185.0,ES1,2500000.0,30000000.0,https://img.a.transfermarkt.technology/portrait/header/263727-1620305031.jpg?lm=1,https://www.transfermarkt.co.uk/joan-jordan/profil/spieler/263727
666,Carles Aleñá,ESP,"MT,AT",26,14,13,"1,090",12.1,0,2,2,0,0,0,1,0,0.7,0.7,1.3,2.0,18,58,43,0.0,0.17,0.17,0.0,0.17,0.06,0.11,0.17,0.06,0.17,carles alena,Midfield,left,180.0,ES1,2500000.0,30000000.0,https://img.a.transfermarkt.technology/portrait/header/284854-1669364902.jpg?lm=1,https://www.transfermarkt.co.uk/carles-alena/profil/spieler/284854
667,Toni Martínez,ESP,AT,27,28,9,"1,012",11.2,4,0,4,4,0,0,1,0,3.6,3.6,0.6,4.2,13,11,57,0.36,0.0,0.36,0.36,0.36,0.32,0.05,0.37,0.32,0.37,toni martinez,Attack,right,187.0,ES1,2800000.0,7000000.0,https://img.a.transfermarkt.technology/portrait/header/302371-1606396665.png?lm=1,https://www.transfermarkt.co.uk/toni-martinez/profil/spieler/302371
668,Facundo Garcés,MAS,DF,24,10,7,678,7.5,0,0,0,0,0,0,2,0,0.1,0.1,0.8,0.9,3,12,3,0.0,0.0,0.0,0.0,0.0,0.01,0.11,0.12,0.01,0.12,facundo garces,Defender,right,189.0,ES1,1200000.0,4500000.0,https://img.a.transfermarkt.technology/portrait/header/533354-1633539030.JPG?lm=1,https://www.transfermarkt.co.uk/facundo-garces/profil/spieler/533354
669,Aleksandar Sedlar,SRB,DF,32,9,7,594,6.6,0,0,0,0,0,0,1,1,0.0,0.0,0.0,0.0,2,12,1,0.0,0.0,0.0,0.0,0.0,0.0,0.0,0.0,0.0,0.0,aleksandar sedlar,Defender,right,180.0,ES1,400000.0,900000.0,https://img.a.transfermarkt.technology/portrait/header/237499-1583331610.jpg?lm=1,https://www.transfermarkt.co.uk/aleksandar-sedlar/profil/spieler/237499
673,Jesús Owono,EQG,GB,23,6,5,487,5.4,0,0,0,0,0,0,0,0,0.0,0.0,0.0,0.0,0,0,0,0.0,0.0,0.0,0.0,0.0,0.0,0.0,0.0,0.0,0.0,jesus owono,Goalkeeper,both,186.0,ES1,1000000.0,1000000.0,https://img.a.transfermarkt.technology/portrait/header/631693-1647530906.jpg?lm=1,https://www.transfermarkt.co.uk/jesus-owono/profil/spieler/631693
674,Asier Villalibre,ESP,AT,26,16,2,333,3.7,1,1,2,0,1,1,2,0,1.6,0.8,1.0,1.8,4,7,18,0.27,0.27,0.54,0.0,0.27,0.43,0.27,0.69,0.21,0.48,asier villalibre,Attack,left,182.0,ES1,1800000.0,4500000.0,https://img.a.transfermarkt.technology/portrait/header/251897-1709676417.png?lm=1,https://www.transfermarkt.co.uk/asier-villalibre/profil/spieler/251897
675,Pau Cabanes,ESP,"MT,AT",19,6,2,188,2.1,0,0,0,0,0,0,1,0,0.0,0.0,0.0,0.1,15,5,15,0.0,0.0,0.0,0.0,0.0,0.02,0.01,0.03,0.02,0.03,pau cabanes,Attack,right,179.0,ES1,800000.0,800000.0,https://img.a.transfermarkt.technology/portrait/header/default.jpg?lm=1,https://www.transfermarkt.co.uk/pau-cabanes/profil/spieler/1063553
676,Adrian Rodriguez,ESP,GB,23,2,1,122,1.4,0,0,0,0,0,0,1,0,0.0,0.0,0.0,0.0,0,0,0,0.0,0.0,0.0,0.0,0.0,0.0,0.0,0.0,0.0,0.0,adrian rodriguez,Goalkeeper,right,195.0,ES1,100000.0,150000.0,https://img.a.transfermarkt.technology/portrait/header/default.jpg?lm=1,https://www.transfermarkt.co.uk/adrian-rodriguez/profil/spieler/608382
677,Luis Rioja,ESP,AT,30,1,0,23,0.3,0,0,0,0,0,0,0,0,0.0,0.0,0.1,0.1,4,1,3,0.0,0.0,0.0,0.0,0.0,0.0,0.57,0.57,0.0,0.57,luis rioja,Attack,left,176.0,ES1,2000000.0,4000000.0,https://img.a.transfermarkt.technology/portrait/header/278837-1647530464.jpg?lm=1,https://www.transfermarkt.co.uk/luis-rioja/profil/spieler/278837
678,Paulo Gazzaniga,ARG,GB,32,36,36,"3,195",35.5,0,0,0,0,0,0,4,0,0.0,0.0,0.0,0.0,0,0,0,0.0,0.0,0.0,0.0,0.0,0.0,0.0,0.0,0.0,0.0,paulo gazzaniga,Goalkeeper,right,195.0,ES1,3500000.0,4000000.0,https://img.a.transfermarkt.technology/portrait/header/195488-1544621003.jpg?lm=1,https://www.transfermarkt.co.uk/paulo-gazzaniga/profil/spieler/195488
679,Daley Blind,NED,DF,34,34,31,"2,780",30.9,0,2,2,0,0,0,2,0,0.5,0.5,1.6,2.1,71,272,61,0.0,0.06,0.06,0.0,0.06,0.02,0.05,0.07,0.02,0.07,daley blind,Defender,left,180.0,ES1,2000000.0,25000000.0,https://img.a.transfermarkt.technology/portrait/header/12282-1718096647.jpg?lm=1,https://www.transfermarkt.co.uk/daley-blind/profil/spieler/12282
681,David López,ESP,DF,34,29,27,"2,429",27.0,1,1,2,1,0,0,4,0,0.9,0.9,0.6,1.5,17,132,7,0.04,0.04,0.07,0.04,0.07,0.03,0.02,0.06,0.03,0.06,david lopez,Defender,right,185.0,ES1,2000000.0,15000000.0,https://img.a.transfermarkt.technology/portrait/header/129444-1448529645.jpg?lm=1,https://www.transfermarkt.co.uk/david-lopez/profil/spieler/129444
681,David López,ESP,DF,34,29,27,"2,429",27.0,1,1,2,1,0,0,4,0,0.9,0.9,0.6,1.5,17,132,7,0.04,0.04,0.07,0.04,0.07,0.03,0.02,0.06,0.03,0.06,david lopez,Defender,,195.0,ES1,500000.0,500000.0,https://img.a.transfermarkt.technology/portrait/header/947431-1725880281.jpg?lm=1,https://www.transfermarkt.co.uk/david-lopez/profil/spieler/947431
682,Yangel Herrera,VEN,MT,26,29,27,"2,257",25.1,4,3,7,4,0,0,10,1,3.6,3.6,1.5,5.1,31,110,99,0.16,0.12,0.28,0.16,0.28,0.14,0.06,0.2,0.14,0.2,yangel herrera,Midfield,right,184.0,ES1,20000000.0,25000000.0,https://img.a.transfermarkt.technology/portrait/header/378293-1719230693.jpg?lm=1,https://www.transfermarkt.co.uk/yangel-herrera/profil/spieler/378293
683,Iván Martín,ESP,MT,25,32,24,"2,039",22.7,1,1,2,1,0,0,1,0,1.8,1.8,1.9,3.6,57,131,76,0.04,0.04,0.09,0.04,0.09,0.08,0.08,0.16,0.08,0.16,ivan martin,Midfield,left,178.0,ES1,10000000.0,15000000.0,https://img.a.transfermarkt.technology/portrait/header/341278-1703177977.jpg?lm=1,https://www.transfermarkt.co.uk/ivan-martin/profil/spieler/341278
684,Oriol Romeu,ESP,MT,32,25,17,"1,356",15.1,0,0,0,0,0,0,5,0,0.1,0.1,0.3,0.4,22,73,8,0.0,0.0,0.0,0.0,0.0,0.01,0.02,0.03,0.01,0.03,oriol romeu,Midfield,right,183.0,ES1,1800000.0,12000000.0,https://img.a.transfermarkt.technology/portrait/header/66100-1701118491.jpg?lm=1,https://www.transfermarkt.co.uk/oriol-romeu/profil/spieler/66100
685,Abel Ruiz,ESP,AT,24,23,17,"1,346",15.0,4,0,4,3,1,2,3,0,4.6,3.0,0.5,3.5,21,23,71,0.27,0.0,0.27,0.2,0.2,0.31,0.03,0.34,0.2,0.23,abel ruiz,Attack,right,182.0,ES1,6000000.0,14000000.0,https://img.a.transfermarkt.technology/portrait/header/340376-1694617385.jpg?lm=1,https://www.transfermarkt.co.uk/abel-ruiz/profil/spieler/340376
686,Alejandro Francés,ESP,DF,21,18,13,"1,173",13.0,0,0,0,0,0,0,2,0,0.2,0.2,0.3,0.6,18,63,21,0.0,0.0,0.0,0.0,0.0,0.02,0.03,0.04,0.02,0.04,alejandro frances,Defender,right,182.0,ES1,2500000.0,5000000.0,https://img.a.transfermarkt.technology/portrait/header/632896-1697808516.jpg?lm=1,https://www.transfermarkt.co.uk/alejandro-frances/profil/spieler/632896
687,Bojan Miovski,MKD,AT,25,17,12,869,9.7,2,1,3,2,0,0,0,0,2.7,2.7,0.2,2.9,4,4,33,0.21,0.1,0.31,0.21,0.31,0.28,0.02,0.3,0.28,0.3,bojan miovski,Attack,left,189.0,ES1,3000000.0,4000000.0,https://img.a.transfermarkt.technology/portrait/header/476219-1611947628.jpeg?lm=1,https://www.transfermarkt.co.uk/bojan-miovski/profil/spieler/476219
688,Arthur Melo,BRA,MT,27,15,10,941,10.5,0,0,0,0,0,0,2,0,0.2,0.2,0.2,0.4,24,70,17,0.0,0.0,0.0,0.0,0.0,0.02,0.02,0.04,0.02,0.04,arthur melo,Midfield,right,172.0,ES1,5000000.0,70000000.0,https://img.a.transfermarkt.technology/portrait/header/362842-1692880101.jpg?lm=1,https://www.transfermarkt.co.uk/arthur-melo/profil/spieler/362842
689,Juanpe,ESP,DF,33,12,8,727,8.1,0,0,0,0,0,0,2,0,0.1,0.1,0.2,0.2,2,26,0,0.0,0.0,0.0,0.0,0.0,0.01,0.02,0.03,0.01,0.03,juanpe,Defender,right,190.0,ES1,900000.0,7500000.0,https://img.a.transfermarkt.technology/portrait/header/115333-1510233713.jpg?lm=1,https://www.transfermarkt.co.uk/juanpe/profil/spieler/115333
690,Cristhian Stuani,URU,AT,37,32,6,"1,078",12.0,11,2,13,8,3,3,4,0,8.1,5.8,0.6,6.5,2,10,36,0.92,0.17,1.09,0.67,0.83,0.68,0.05,0.73,0.49,0.54,cristhian stuani,Attack,right,184.0,ES1,1200000.0,10000000.0,https://img.a.transfermarkt.technology/portrait/header/59323-1726736068.jpg?lm=1,https://www.transfermarkt.co.uk/cristhian-stuani/profil/spieler/59323
691,Jhon Solis,COL,MT,19,19,3,535,5.9,1,0,1,1,0,0,3,0,0.7,0.7,0.1,0.7,9,29,15,0.17,0.0,0.17,0.17,0.17,0.11,0.01,0.12,0.11,0.12,jhon solis,Midfield,right,186.0,ES1,3500000.0,4000000.0,https://img.a.transfermarkt.technology/portrait/header/742521-1715882394.jpg?lm=1,https://www.transfermarkt.co.uk/jhon-solis/profil/spieler/742521
693,Silvi Clúa,ESP,MT,19,4,2,163,1.8,0,0,0,0,0,0,0,0,0.0,0.0,0.0,0.1,4,3,3,0.0,0.0,0.0,0.0,0.0,0.02,0.02,0.04,0.02,0.04,silvi clua,Midfield,left,189.0,ES1,,,https://img.a.transfermarkt.technology/portrait/header/default.jpg?lm=1,https://www.transfermarkt.co.uk/silvi-clua/profil/spieler/1061660
695,Pau López,ESP,GB,29,1,0,45,0.5,0,0,0,0,0,0,0,0,0.0,0.0,0.0,0.0,0,0,0,0.0,0.0,0.0,0.0,0.0,0.0,0.0,0.0,0.0,0.0,pau lopez,Goalkeeper,left,189.0,FR1,10000000.0,24000000.0,https://img.a.transfermarkt.technology/portrait/header/286415-1666815446.jpg?lm=1,https://www.transfermarkt.co.uk/pau-lopez/profil/spieler/286415
698,Dodi Lukebakio,BEL,AT,26,38,36,"3,092",34.4,11,2,13,10,1,1,3,1,10.1,9.3,4.5,13.8,131,93,247,0.32,0.06,0.38,0.29,0.35,0.29,0.13,0.42,0.27,0.4,dodi lukebakio,Attack,left,187.0,ES1,25000000.0,25000000.0,https://img.a.transfermarkt.technology/portrait/header/303259-1657098989.jpg?lm=1,https://www.transfermarkt.co.uk/dodi-lukebakio/profil/spieler/303259
700,Loïc Bade,FRA,DF,24,32,31,"2,686",29.8,1,1,2,1,0,0,7,1,0.6,0.6,0.7,1.3,11,62,6,0.03,0.03,0.07,0.03,0.07,0.02,0.02,0.04,0.02,0.04,loïc bade,Defender,right,191.0,ES1,30000000.0,30000000.0,https://img.a.transfermarkt.technology/portrait/header/730581-1681464974.jpg?lm=1,https://www.transfermarkt.co.uk/loic-bade/profil/spieler/730581
701,Ørjan Nyland,NOR,GB,33,30,30,"2,673",29.7,0,0,0,0,0,0,2,0,0.0,0.0,0.3,0.3,0,1,0,0.0,0.0,0.0,0.0,0.0,0.0,0.01,0.01,0.0,0.01,ørjan nyland,Goalkeeper,right,192.0,ES1,1000000.0,3000000.0,https://img.a.transfermarkt.technology/portrait/header/73517-1532082757.jpg?lm=1,https://www.transfermarkt.co.uk/orjan-nyland/profil/spieler/73517
702,Nemanja Gudelj,SRB,"MT,DF",32,31,27,"2,493",27.7,1,1,2,0,1,1,6,0,1.6,0.8,0.6,1.5,14,64,5,0.04,0.04,0.07,0.0,0.04,0.06,0.02,0.08,0.03,0.05,nemanja gudelj,Midfield,right,187.0,ES1,3500000.0,7000000.0,https://img.a.transfermarkt.technology/portrait/header/74294-1718893660.jpg?lm=1,https://www.transfermarkt.co.uk/nemanja-gudelj/profil/spieler/74294
703,Adrià Pedrosa,ESP,DF,26,31,27,"2,298",25.5,1,1,2,1,0,0,7,0,0.9,0.9,1.6,2.5,41,79,96,0.04,0.04,0.08,0.04,0.08,0.04,0.06,0.1,0.04,0.1,adria pedrosa,Defender,left,172.0,ES1,7000000.0,10000000.0,https://img.a.transfermarkt.technology/portrait/header/501418-1583506190.jpg?lm=1,https://www.transfermarkt.co.uk/adria-pedrosa/profil/spieler/501418
704,Isaac Romero,ESP,AT,24,31,26,"2,156",24.0,4,2,6,4,0,1,10,1,6.8,6.0,2.1,8.1,21,29,95,0.17,0.08,0.25,0.17,0.25,0.28,0.09,0.37,0.25,0.34,isaac romero,Attack,left,183.0,ES1,10000000.0,18000000.0,https://img.a.transfermarkt.technology/portrait/header/687609-1704970459.jpg?lm=1,https://www.transfermarkt.co.uk/isaac-romero/profil/spieler/687609
705,Kike Salas,ESP,DF,22,31,25,"2,238",24.9,3,2,5,3,0,0,6,0,1.9,1.9,0.6,2.5,7,59,18,0.12,0.08,0.2,0.12,0.2,0.08,0.02,0.1,0.08,0.1,kike salas,Defender,left,188.0,ES1,8000000.0,10000000.0,https://img.a.transfermarkt.technology/portrait/header/766583-1736865960.jpg?lm=1,https://www.transfermarkt.co.uk/kike-salas/profil/spieler/766583
706,Lucien Agoume,FRA,MT,22,35,24,"2,114",23.5,1,3,4,1,0,0,5,1,0.9,0.9,2.5,3.3,29,135,23,0.04,0.13,0.17,0.04,0.17,0.04,0.11,0.14,0.04,0.14,lucien agoume,Midfield,right,185.0,ES1,7000000.0,7000000.0,https://img.a.transfermarkt.technology/portrait/header/569384-1656577561.jpg?lm=1,https://www.transfermarkt.co.uk/lucien-agoume/profil/spieler/569384
707,Djibril Sow,SUI,MT,27,30,24,"2,062",22.9,2,1,3,2,0,0,5,0,2.4,2.4,1.6,4.0,23,100,50,0.09,0.04,0.13,0.09,0.13,0.1,0.07,0.18,0.1,0.18,djibril sow,Midfield,right,184.0,ES1,7500000.0,22000000.0,https://img.a.transfermarkt.technology/portrait/header/212723-1663065652.jpg?lm=1,https://www.transfermarkt.co.uk/djibril-sow/profil/spieler/212723
708,Juanlu Sánchez,ESP,"MT,DF",20,32,18,"1,722",19.1,4,4,8,4,0,0,6,1,2.1,2.1,2.8,5.0,44,68,83,0.21,0.21,0.42,0.21,0.42,0.11,0.15,0.26,0.11,0.26,juanlu sanchez,Defender,right,186.0,ES1,12000000.0,15000000.0,https://img.a.transfermarkt.technology/portrait/header/676042-1695240552.jpg?lm=1,https://www.transfermarkt.co.uk/juanlu-sanchez/profil/spieler/676042
709,Saúl Ñíguez,ESP,MT,29,24,17,"1,553",17.3,1,6,7,1,0,0,8,1,2.8,2.8,2.5,5.3,13,66,39,0.06,0.35,0.41,0.06,0.41,0.16,0.14,0.31,0.16,0.31,saul niguez,Midfield,left,184.0,ES1,3500000.0,90000000.0,https://img.a.transfermarkt.technology/portrait/header/148928-1648555027.jpg?lm=1,https://www.transfermarkt.co.uk/saul-niguez/profil/spieler/148928
710,Albert Sambi Lokonga,BEL,MT,24,22,16,"1,471",16.3,0,2,2,0,0,0,4,0,0.9,0.9,1.0,1.9,24,93,20,0.0,0.12,0.12,0.0,0.12,0.06,0.06,0.12,0.06,0.12,albert sambi lokonga,Midfield,right,183.0,ES1,9000000.0,16000000.0,https://img.a.transfermarkt.technology/portrait/header/381967-1678466372.jpg?lm=1,https://www.transfermarkt.co.uk/albert-sambi-lokonga/profil/spieler/381967
712,Chidera Ejuke,NGA,AT,26,25,9,966,10.7,2,1,3,2,0,0,0,0,1.1,1.1,1.9,3.0,75,38,101,0.19,0.09,0.28,0.19,0.28,0.1,0.17,0.28,0.1,0.28,chidera ejuke,Attack,right,176.0,ES1,6000000.0,9000000.0,https://img.a.transfermarkt.technology/portrait/header/500067-1706264992.jpg?lm=1,https://www.transfermarkt.co.uk/chidera-ejuke/profil/spieler/500067
713,Álvaro Fernández,ESP,GB,26,9,8,747,8.3,0,0,0,0,0,0,2,0,0.0,0.0,0.1,0.1,0,0,0,0.0,0.0,0.0,0.0,0.0,0.0,0.02,0.02,0.0,0.02,alvaro fernandez,Goalkeeper,right,185.0,ES1,2500000.0,4000000.0,https://img.a.transfermarkt.technology/portrait/header/453704-1694431085.jpg?lm=1,https://www.transfermarkt.co.uk/alvaro-fernandez/profil/spieler/453704
714,Marcão,BRA,DF,28,12,6,552,6.1,0,0,0,0,0,0,6,1,0.0,0.0,0.0,0.0,0,19,1,0.0,0.0,0.0,0.0,0.0,0.0,0.0,0.0,0.0,0.0,marcao,Defender,left,185.0,ES1,3000000.0,15000000.0,https://img.a.transfermarkt.technology/portrait/header/439022-1681476532.jpg?lm=1,https://www.transfermarkt.co.uk/marcao/profil/spieler/439022
714,Marcão,BRA,DF,28,12,6,552,6.1,0,0,0,0,0,0,6,1,0.0,0.0,0.0,0.0,0,19,1,0.0,0.0,0.0,0.0,0.0,0.0,0.0,0.0,0.0,0.0,marcao,Attack,both,196.0,TR1,1200000.0,4500000.0,https://img.a.transfermarkt.technology/portrait/header/476102-1715595053.png?lm=1,https://www.transfermarkt.co.uk/marcao/profil/spieler/476102
715,Tanguy Nianzou,FRA,DF,22,6,6,518,5.8,0,0,0,0,0,0,3,1,0.2,0.2,0.0,0.2,4,10,0,0.0,0.0,0.0,0.0,0.0,0.03,0.0,0.03,0.03,0.03,tanguy nianzou,Defender,right,191.0,ES1,3000000.0,12000000.0,https://img.a.transfermarkt.technology/portrait/header/538996-1681463642.jpg?lm=1,https://www.transfermarkt.co.uk/tanguy-nianzou/profil/spieler/538996
719,Lucas Ocampos,ARG,AT,30,2,2,175,1.9,0,1,1,0,0,0,0,0,0.2,0.2,0.3,0.5,5,7,20,0.0,0.51,0.51,0.0,0.51,0.08,0.17,0.25,0.08,0.25,lucas ocampos,Attack,both,187.0,ES1,9000000.0,50000000.0,https://img.a.transfermarkt.technology/portrait/header/189441-1693305399.jpg?lm=1,https://www.transfermarkt.co.uk/lucas-ocampos/profil/spieler/189441
720,Manu Bueno,ESP,"MT,AT",20,9,1,140,1.6,1,0,1,1,0,0,0,0,0.1,0.1,0.0,0.1,2,5,5,0.64,0.0,0.64,0.64,0.64,0.08,0.0,0.08,0.08,0.08,manu bueno,Midfield,left,178.0,ES1,1500000.0,1500000.0,https://img.a.transfermarkt.technology/portrait/header/766723-1702412015.jpg?lm=1,https://www.transfermarkt.co.uk/manu-bueno/profil/spieler/766723
721,Akor Adams,NGA,AT,24,4,1,134,1.5,0,0,0,0,0,0,0,0,0.4,0.4,0.0,0.4,0,5,5,0.0,0.0,0.0,0.0,0.0,0.29,0.0,0.29,0.29,0.29,akor adams,Attack,right,190.0,ES1,7500000.0,12000000.0,https://img.a.transfermarkt.technology/portrait/header/607034-1702663135.JPG?lm=1,https://www.transfermarkt.co.uk/akor-adams/profil/spieler/607034
729,Seydouba Cissé,GUI,MT,23,34,31,"2,435",27.1,3,1,4,3,0,0,3,1,3.0,3.0,1.0,4.0,26,110,42,0.11,0.04,0.15,0.11,0.15,0.11,0.04,0.15,0.11,0.15,seydouba cisse,Midfield,right,178.0,ES1,3000000.0,3000000.0,https://img.a.transfermarkt.technology/portrait/header/543537-1698881175.jpg?lm=1,https://www.transfermarkt.co.uk/seydouba-cisse/profil/spieler/543537
730,Valentin Rosier,FRA,DF,27,32,28,"2,595",28.8,1,2,3,1,0,0,8,0,0.9,0.9,1.1,2.0,41,74,89,0.03,0.07,0.1,0.03,0.1,0.03,0.04,0.07,0.03,0.07,valentin rosier,Defender,right,175.0,ES1,3000000.0,8000000.0,https://img.a.transfermarkt.technology/portrait/header/441170-1666619891.png?lm=1,https://www.transfermarkt.co.uk/valentin-rosier/profil/spieler/441170
731,Renato Tapia,PER,"MT,DF",29,34,28,"2,424",26.9,1,0,1,1,0,0,8,0,0.6,0.6,0.4,1.0,17,83,20,0.04,0.0,0.04,0.04,0.04,0.02,0.01,0.04,0.02,0.04,renato tapia,Midfield,right,185.0,ES1,3500000.0,20000000.0,https://img.a.transfermarkt.technology/portrait/header/277137-1718679726.jpg?lm=1,https://www.transfermarkt.co.uk/renato-tapia/profil/spieler/277137
732,Javi Hernández,ESP,DF,26,31,27,"2,389",26.5,2,1,3,2,0,0,6,0,0.8,0.8,1.5,2.2,40,80,90,0.08,0.04,0.11,0.08,0.11,0.03,0.06,0.08,0.03,0.08,javi hernandez,Defender,left,180.0,ES1,2000000.0,3000000.0,https://img.a.transfermarkt.technology/portrait/header/422466-1601367999.jpg?lm=1,https://www.transfermarkt.co.uk/javi-hernandez/profil/spieler/422466
733,Yvan Neyou,CMR,MT,27,30,27,"2,312",25.7,1,1,2,1,0,0,14,0,0.6,0.6,0.6,1.3,24,96,30,0.04,0.04,0.08,0.04,0.08,0.03,0.03,0.05,0.03,0.05,yvan neyou,Midfield,right,180.0,ES1,2500000.0,5000000.0,https://img.a.transfermarkt.technology/portrait/header/469669-1703762516.jpg?lm=1,https://www.transfermarkt.co.uk/yvan-neyou/profil/spieler/469669
734,Matija Nastasić,SRB,DF,31,26,24,"2,110",23.4,1,0,1,1,0,0,3,0,0.1,0.1,0.1,0.2,1,59,0,0.04,0.0,0.04,0.04,0.04,0.0,0.01,0.01,0.0,0.01,matija nastasić,Defender,left,187.0,ES1,1000000.0,22000000.0,https://img.a.transfermarkt.technology/portrait/header/143559-1531813376.jpg?lm=1,https://www.transfermarkt.co.uk/matija-nastasic/profil/spieler/143559
735,Jorge Sáenz,ESP,DF,27,23,19,"1,690",18.8,1,0,1,1,0,0,4,1,1.3,1.3,0.1,1.4,5,36,2,0.05,0.0,0.05,0.05,0.05,0.07,0.01,0.07,0.07,0.07,jorge saenz,Defender,right,188.0,ES1,1200000.0,3000000.0,https://img.a.transfermarkt.technology/portrait/header/340339-1544697354.jpg?lm=1,https://www.transfermarkt.co.uk/jorge-saenz/profil/spieler/340339
736,Miguel,ESP,AT,24,34,17,"1,724",19.2,1,3,4,0,1,2,3,0,4.9,3.3,1.4,4.8,14,16,90,0.05,0.16,0.21,0.0,0.16,0.26,0.07,0.33,0.17,0.25,miguel,Midfield,right,174.0,RU1,1200000.0,3500000.0,https://img.a.transfermarkt.technology/portrait/header/662338-1724229063.png?lm=1,https://www.transfermarkt.co.uk/miguel/profil/spieler/662338
741,Juan Soriano,ESP,GB,26,6,6,540,6.0,0,0,0,0,0,0,1,1,0.0,0.0,0.0,0.0,0,0,0,0.0,0.0,0.0,0.0,0.0,0.0,0.0,0.0,0.0,0.0,juan soriano,Goalkeeper,right,185.0,ES1,1200000.0,2500000.0,https://img.a.transfermarkt.technology/portrait/header/251892-1583333927.jpg?lm=1,https://www.transfermarkt.co.uk/juan-soriano/profil/spieler/251892
742,Sébastien Haller,CIV,AT,30,8,5,404,4.5,0,0,0,0,0,0,0,0,0.4,0.4,0.2,0.6,3,4,14,0.0,0.0,0.0,0.0,0.0,0.09,0.05,0.13,0.09,0.13,sebastien haller,Attack,right,190.0,NL1,3000000.0,45000000.0,https://img.a.transfermarkt.technology/portrait/header/181375-1709560699.jpg?lm=1,https://www.transfermarkt.co.uk/sebastien-haller/profil/spieler/181375
743,Roberto López,ESP,MT,24,13,3,396,4.4,0,1,1,0,0,0,0,0,0.5,0.5,0.9,1.4,3,20,11,0.0,0.23,0.23,0.0,0.23,0.11,0.2,0.31,0.11,0.31,roberto lopez,Midfield,left,179.0,ES1,1500000.0,8000000.0,https://img.a.transfermarkt.technology/portrait/header/569866-1568978272.png?lm=1,https://www.transfermarkt.co.uk/roberto-lopez/profil/spieler/569866
744,Julián Chicco,ARG,"MT,DF",26,14,2,302,3.4,0,1,1,0,0,0,0,0,0.5,0.5,0.2,0.6,8,16,7,0.0,0.3,0.3,0.0,0.3,0.14,0.05,0.19,0.14,0.19,julian chicco,Midfield,right,187.0,ES1,600000.0,1000000.0,https://img.a.transfermarkt.technology/portrait/header/401583-1446023137.jpg?lm=1,https://www.transfermarkt.co.uk/julian-chicco/profil/spieler/401583
746,Duk,CPV,"MT,AT",24,10,1,179,2.0,0,0,0,0,0,0,1,0,0.0,0.0,0.7,0.7,10,3,21,0.0,0.0,0.0,0.0,0.0,0.01,0.33,0.34,0.01,0.34,duk,Attack,right,182.0,ES1,1200000.0,1800000.0,https://img.a.transfermarkt.technology/portrait/header/535959-1681745685.jpg?lm=1,https://www.transfermarkt.co.uk/duktm/profil/spieler/535959
748,Álex Suárez,ESP,DF,31,30,30,"2,460",27.3,0,0,0,0,0,0,12,0,0.5,0.5,0.1,0.6,6,53,3,0.0,0.0,0.0,0.0,0.0,0.02,0.0,0.02,0.02,0.02,alex suarez,Defender,right,180.0,ES1,1000000.0,1200000.0,https://img.a.transfermarkt.technology/portrait/header/510396-1702391032.jpg?lm=1,https://www.transfermarkt.co.uk/alex-suarez/profil/spieler/510396
750,Scott McKenna,SCO,DF,27,29,28,"2,466",27.4,0,0,0,0,0,0,5,1,1.1,1.1,0.7,1.8,11,45,3,0.0,0.0,0.0,0.0,0.0,0.04,0.03,0.07,0.04,0.07,scott mckenna,Defender,left,189.0,ES1,5000000.0,10000000.0,https://img.a.transfermarkt.technology/portrait/header/255906-1718274297.jpg?lm=1,https://www.transfermarkt.co.uk/scott-mckenna/profil/spieler/255906
751,Mika Mármol,ESP,DF,23,30,27,"2,399",26.7,0,1,1,0,0,0,5,0,0.4,0.4,1.5,1.9,33,106,62,0.0,0.04,0.04,0.0,0.04,0.02,0.06,0.07,0.02,0.07,mika marmol,Defender,left,181.0,ES1,12000000.0,15000000.0,https://img.a.transfermarkt.technology/portrait/header/617060-1737366208.jpg?lm=1,https://www.transfermarkt.co.uk/mika-marmol/profil/spieler/617060
752,Jasper Cillessen,NED,GB,35,27,27,"2,335",25.9,0,0,0,0,0,0,1,0,0.0,0.0,0.0,0.0,0,0,0,0.0,0.0,0.0,0.0,0.0,0.0,0.0,0.0,0.0,0.0,jasper cillessen,Goalkeeper,right,187.0,ES1,900000.0,20000000.0,https://img.a.transfermarkt.technology/portrait/header/146227-1660814229.jpg?lm=1,https://www.transfermarkt.co.uk/jasper-cillessen/profil/spieler/146227
753,Dario Essugo,POR,MT,19,27,25,"1,938",21.5,1,0,1,1,0,0,11,2,0.7,0.7,0.4,1.0,18,76,8,0.05,0.0,0.05,0.05,0.05,0.03,0.02,0.05,0.03,0.05,dario essugo,Midfield,right,178.0,ES1,15000000.0,15000000.0,https://img.a.transfermarkt.technology/portrait/header/670717-1742314930.jpg?lm=1,https://www.transfermarkt.co.uk/dario-essugo/profil/spieler/670717
755,Fábio Silva,POR,AT,22,24,22,"1,866",20.7,10,3,13,8,2,3,7,0,8.8,6.4,2.0,8.4,30,26,119,0.48,0.14,0.63,0.39,0.53,0.42,0.1,0.52,0.31,0.41,fabio silva,Attack,right,185.0,ES1,20000000.0,25000000.0,https://img.a.transfermarkt.technology/portrait/header/505653-1723794084.png?lm=1,https://www.transfermarkt.co.uk/fabio-silva/profil/spieler/505653
756,Kirian Rodríguez,ESP,MT,28,21,21,"1,758",19.5,0,3,3,0,0,0,2,0,1.6,1.6,1.5,3.0,25,128,39,0.0,0.15,0.15,0.0,0.15,0.08,0.07,0.16,0.08,0.16,kirian rodriguez,Midfield,right,178.0,ES1,12000000.0,12000000.0,https://img.a.transfermarkt.technology/portrait/header/566574-1737366030.jpg?lm=1,https://www.transfermarkt.co.uk/kirian-rodriguez/profil/spieler/566574
758,Álex Muñoz,ESP,DF,30,21,18,"1,415",15.7,3,0,3,3,0,0,3,0,0.9,0.9,0.5,1.4,15,45,53,0.19,0.0,0.19,0.19,0.19,0.05,0.03,0.09,0.05,0.09,alex munoz,Defender,left,187.0,ES1,1200000.0,1200000.0,https://img.a.transfermarkt.technology/portrait/header/243760-1737365855.jpg?lm=1,https://www.transfermarkt.co.uk/alex-munoz/profil/spieler/243760
760,José Campaña,ESP,MT,31,25,15,"1,189",13.2,0,3,3,0,0,0,5,0,0.1,0.1,0.9,1.1,11,87,15,0.0,0.23,0.23,0.0,0.23,0.01,0.07,0.08,0.01,0.08,jose campana,Midfield,right,179.0,ES1,1000000.0,25000000.0,https://img.a.transfermarkt.technology/portrait/header/120095-1601644816.jpg?lm=1,https://www.transfermarkt.co.uk/jose-campana/profil/spieler/120095
761,Stefan Bajcetic,ESP,"MT,DF",19,14,12,969,10.8,1,0,1,1,0,0,4,0,0.3,0.3,0.2,0.5,8,39,9,0.09,0.0,0.09,0.09,0.09,0.03,0.02,0.05,0.03,0.05,stefan bajcetic,Midfield,right,185.0,ES1,9000000.0,13000000.0,https://img.a.transfermarkt.technology/portrait/header/864799-1661441233.jpg?lm=1,https://www.transfermarkt.co.uk/stefan-bajcetic/profil/spieler/864799
763,Enzo Loiodice,FRA,MT,23,17,7,684,7.6,0,0,0,0,0,0,3,0,0.3,0.3,0.2,0.4,3,31,3,0.0,0.0,0.0,0.0,0.0,0.04,0.02,0.06,0.04,0.06,enzo loiodice,Midfield,left,177.0,ES1,1500000.0,5500000.0,https://img.a.transfermarkt.technology/portrait/header/581781-1737366411.jpg?lm=1,https://www.transfermarkt.co.uk/enzo-loiodice/profil/spieler/581781
764,Adnan Januzaj,BEL,"MT,AT",29,18,5,598,6.6,2,1,3,2,0,0,5,0,0.8,0.8,1.1,1.9,24,41,58,0.3,0.15,0.45,0.3,0.45,0.13,0.16,0.29,0.13,0.29,adnan januzaj,Attack,left,186.0,ES1,1200000.0,15000000.0,https://img.a.transfermarkt.technology/portrait/header/177847-1685115304.png?lm=1,https://www.transfermarkt.co.uk/adnan-januzaj/profil/spieler/177847
765,Andy Pelmard,FRA,DF,24,4,2,205,2.3,0,0,0,0,0,0,1,0,0.0,0.0,0.0,0.1,1,13,5,0.0,0.0,0.0,0.0,0.0,0.0,0.02,0.03,0.0,0.03,andy pelmard,Defender,right,180.0,ES1,2500000.0,5000000.0,https://img.a.transfermarkt.technology/portrait/header/494236-1730185580.jpg?lm=1,https://www.transfermarkt.co.uk/andy-pelmard/profil/spieler/494236
767,Daley Sinkgraven,NED,DF,29,2,1,91,1.0,0,0,0,0,0,0,0,0,0.0,0.0,0.0,0.0,2,3,7,0.0,0.0,0.0,0.0,0.0,0.0,0.02,0.02,0.0,0.02,daley sinkgraven,Defender,left,179.0,NL1,700000.0,9000000.0,https://img.a.transfermarkt.technology/portrait/header/215099-1658913308.jpg?lm=1,https://www.transfermarkt.co.uk/daley-sinkgraven/profil/spieler/215099
768,Fabio González,ESP,MT,27,2,0,53,0.6,0,0,0,0,0,0,0,0,0.1,0.1,0.0,0.1,0,6,0,0.0,0.0,0.0,0.0,0.0,0.12,0.0,0.12,0.12,0.12,fabio gonzalez,Midfield,right,176.0,ES1,500000.0,600000.0,https://img.a.transfermarkt.technology/portrait/header/531062-1701789610.jpg?lm=1,https://www.transfermarkt.co.uk/fabio-gonzalez/profil/spieler/531062
771,Pejiño,ESP,AT,28,1,0,16,0.2,0,0,0,0,0,0,0,0,0.0,0.0,0.0,0.0,1,1,2,0.0,0.0,0.0,0.0,0.0,0.17,0.0,0.17,0.17,0.17,pejino,Attack,left,178.0,ES1,1200000.0,1800000.0,https://img.a.transfermarkt.technology/portrait/header/534379-1630918134.jpg?lm=1,https://www.transfermarkt.co.uk/pejino/profil/spieler/534379
774,Aboubacar Bassinga,CIV,MT,19,1,0,4,0.0,0,0,0,0,0,0,0,0,0.0,0.0,0.0,0.0,0,0,0,0.0,0.0,0.0,0.0,0.0,0.0,0.0,0.0,0.0,0.0,aboubacar bassinga,Midfield,,,ES1,,,https://img.a.transfermarkt.technology/portrait/header/default.jpg?lm=1,https://www.transfermarkt.co.uk/aboubacar-bassinga/profil/spieler/1210422
776,Luis Pérez,ESP,DF,29,30,28,"2,558",28.4,0,0,0,0,0,0,2,0,0.2,0.2,2.1,2.2,41,89,117,0.0,0.0,0.0,0.0,0.0,0.01,0.07,0.08,0.01,0.08,luis perez,Defender,right,173.0,ES1,1500000.0,2000000.0,https://img.a.transfermarkt.technology/portrait/header/358115-1544697482.jpg?lm=1,https://www.transfermarkt.co.uk/luis-perez/profil/spieler/358115
777,Raúl Moro,ESP,"MT,AT",21,33,26,"2,341",26.0,4,5,9,4,0,0,2,0,4.1,4.1,5.7,9.8,112,81,190,0.15,0.19,0.35,0.15,0.35,0.16,0.22,0.38,0.16,0.38,raul moro,Attack,right,169.0,ES1,5000000.0,5000000.0,https://img.a.transfermarkt.technology/portrait/header/624942-1632729036.jpg?lm=1,https://www.transfermarkt.co.uk/raul-moro/profil/spieler/624942
778,Javi Sánchez,ESP,DF,27,25,25,"2,026",22.5,2,0,2,2,0,0,6,0,0.5,0.5,0.3,0.8,4,34,4,0.09,0.0,0.09,0.09,0.09,0.02,0.01,0.03,0.02,0.03,javi sanchez,Defender,right,189.0,ES1,1800000.0,3000000.0,https://img.a.transfermarkt.technology/portrait/header/340853-1448530734.jpg?lm=1,https://www.transfermarkt.co.uk/javi-sanchez/profil/spieler/340853
780,Anuar,MAR,"MT,AT",29,26,21,"1,720",19.1,2,0,2,2,0,0,7,0,1.7,1.7,1.2,2.9,24,30,68,0.1,0.0,0.1,0.1,0.1,0.09,0.06,0.15,0.09,0.15,anuar,Attack,right,173.0,ES1,900000.0,1500000.0,https://img.a.transfermarkt.technology/portrait/header/327126-1541148555.jpg?lm=1,https://www.transfermarkt.co.uk/anuar/profil/spieler/327126
781,Mario Martín,ESP,MT,20,30,20,"1,748",19.4,0,1,1,0,0,0,8,3,1.8,1.8,1.4,3.2,18,66,22,0.0,0.05,0.05,0.0,0.05,0.09,0.07,0.16,0.09,0.16,mario martin,Midfield,right,177.0,ES1,1500000.0,1500000.0,https://img.a.transfermarkt.technology/portrait/header/948273-1707861820.jpg?lm=1,https://www.transfermarkt.co.uk/mario-martin/profil/spieler/948273
783,Selim Amallah,MAR,MT,27,24,18,"1,376",15.3,3,1,4,2,1,1,6,0,3.5,2.7,1.1,3.8,24,57,27,0.2,0.07,0.26,0.13,0.2,0.23,0.07,0.3,0.18,0.25,selim amallah,Midfield,right,185.0,ES1,1800000.0,7000000.0,https://img.a.transfermarkt.technology/portrait/header/377219-1616872969.jpg?lm=1,https://www.transfermarkt.co.uk/selim-amallah/profil/spieler/377219
784,David Torres,ESP,DF,21,18,15,"1,387",15.4,0,0,0,0,0,0,5,0,0.3,0.3,0.0,0.3,11,37,3,0.0,0.0,0.0,0.0,0.0,0.02,0.0,0.02,0.02,0.02,david torres,Defender,left,182.0,ES1,1400000.0,1500000.0,https://img.a.transfermarkt.technology/portrait/header/857832-1702391225.jpg?lm=1,https://www.transfermarkt.co.uk/david-torres/profil/spieler/857832
785,Juanmi Latasa,ESP,AT,23,28,14,"1,398",15.5,3,0,3,3,0,0,6,1,4.2,4.2,0.9,5.1,3,17,40,0.19,0.0,0.19,0.19,0.19,0.27,0.06,0.33,0.27,0.33,juanmi latasa,Attack,left,192.0,ES1,2500000.0,3000000.0,https://img.a.transfermarkt.technology/portrait/header/623521-1696862713.jpg?lm=1,https://www.transfermarkt.co.uk/juanmi-latasa/profil/spieler/623521
786,Kike Pérez,ESP,MT,27,19,14,"1,191",13.2,2,0,2,2,0,0,6,0,2.1,2.1,1.0,3.1,19,67,28,0.15,0.0,0.15,0.15,0.15,0.16,0.08,0.24,0.16,0.24,kike perez,Midfield,left,184.0,IT1,2800000.0,4500000.0,https://img.a.transfermarkt.technology/portrait/header/527698-1739282423.jpg?lm=1,https://www.transfermarkt.co.uk/kike-perez/profil/spieler/527698
787,Marcos André,BRA,AT,27,22,14,"1,188",13.2,1,2,3,1,0,0,5,0,2.7,2.7,0.8,3.5,11,16,39,0.08,0.15,0.23,0.08,0.23,0.2,0.06,0.27,0.2,0.27,marcos andre,Attack,right,185.0,ES1,1200000.0,8500000.0,https://img.a.transfermarkt.technology/portrait/header/481084-1601535152.jpg?lm=1,https://www.transfermarkt.co.uk/marcos-andre/profil/spieler/481084
787,Marcos André,BRA,AT,27,22,14,"1,188",13.2,1,2,3,1,0,0,5,0,2.7,2.7,0.8,3.5,11,16,39,0.08,0.15,0.23,0.08,0.23,0.2,0.06,0.27,0.2,0.27,marcos andre,Attack,,185.0,UKR1,100000.0,100000.0,https://img.a.transfermarkt.technology/portrait/header/1084075-1693509733.png?lm=1,https://www.transfermarkt.co.uk/marcos-andre/profil/spieler/1084075
788,Antonio Candela,ITA,DF,24,12,12,906,10.1,0,0,0,0,0,0,1,0,0.0,0.0,0.8,0.9,16,22,29,0.0,0.0,0.0,0.0,0.0,0.0,0.08,0.08,0.0,0.08,antonio candela,Defender,right,185.0,ES1,2000000.0,2300000.0,https://img.a.transfermarkt.technology/portrait/header/392881-1717659772.jpg?lm=1,https://www.transfermarkt.co.uk/antonio-candela/profil/spieler/392881
789,Iván Sánchez,ESP,"MT,AT",31,32,11,"1,404",15.6,2,1,3,2,0,0,4,0,0.7,0.7,2.9,3.5,60,77,93,0.13,0.06,0.19,0.13,0.19,0.04,0.19,0.23,0.04,0.23,ivan sanchez,Attack,left,169.0,ES1,600000.0,1200000.0,https://img.a.transfermarkt.technology/portrait/header/221311-1601023639.jpg?lm=1,https://www.transfermarkt.co.uk/ivan-sanchez/profil/spieler/221311
790,Adam Aznou,MAR,DF,18,13,10,876,9.7,0,0,0,0,0,0,1,0,0.3,0.3,0.3,0.6,16,25,26,0.0,0.0,0.0,0.0,0.0,0.03,0.03,0.06,0.03,0.06,adam aznou,Defender,left,178.0,ES1,3000000.0,3000000.0,https://img.a.transfermarkt.technology/portrait/header/938146-1739807816.jpg?lm=1,https://www.transfermarkt.co.uk/adam-aznou/profil/spieler/938146
791,Juma Bah,SLE,DF,18,12,10,864,9.6,0,0,0,0,0,0,1,0,0.3,0.3,0.0,0.3,0,13,1,0.0,0.0,0.0,0.0,0.0,0.03,0.0,0.03,0.03,0.03,juma bah,Defender,right,195.0,FR1,4000000.0,4000000.0,https://img.a.transfermarkt.technology/portrait/header/1121298-1732218272.jpg?lm=1,https://www.transfermarkt.co.uk/juma-bah/profil/spieler/1121298
792,Tamás Nikitscher,HUN,"MT,DF",24,13,9,858,9.5,0,0,0,0,0,0,2,0,0.1,0.1,0.0,0.1,2,13,7,0.0,0.0,0.0,0.0,0.0,0.01,0.0,0.01,0.01,0.01,tamas nikitscher,Midfield,right,193.0,ES1,1000000.0,1000000.0,https://img.a.transfermarkt.technology/portrait/header/633056-1732087351.jpg?lm=1,https://www.transfermarkt.co.uk/tamas-nikitscher/profil/spieler/633056
794,Cenk Özkacar,TUR,DF,23,11,8,757,8.4,0,0,0,0,0,0,1,0,0.1,0.1,0.0,0.1,2,15,0,0.0,0.0,0.0,0.0,0.0,0.01,0.0,0.02,0.01,0.02,cenk ozkacar,Defender,left,190.0,ES1,1500000.0,5000000.0,https://img.a.transfermarkt.technology/portrait/header/615350-1641457298.jpg?lm=1,https://www.transfermarkt.co.uk/cenk-ozkacar/profil/spieler/615350
795,Darwin Machís,VEN,"MT,AT",31,18,7,639,7.1,0,1,1,0,0,0,0,0,0.9,0.9,0.5,1.4,17,19,43,0.0,0.14,0.14,0.0,0.14,0.12,0.07,0.2,0.12,0.2,darwin machis,Attack,right,171.0,ES1,1000000.0,10000000.0,https://img.a.transfermarkt.technology/portrait/header/211251-1719836851.jpg?lm=1,https://www.transfermarkt.co.uk/darwin-machis/profil/spieler/211251
796,Florian Grillitsch,AUT,MT,28,13,7,623,6.9,0,0,0,0,0,0,1,0,0.1,0.1,0.7,0.8,9,38,7,0.0,0.0,0.0,0.0,0.0,0.01,0.1,0.11,0.01,0.11,florian grillitsch,Midfield,right,187.0,ES1,3000000.0,25000000.0,https://img.a.transfermarkt.technology/portrait/header/195736-1691269821.jpg?lm=1,https://www.transfermarkt.co.uk/florian-grillitsch/profil/spieler/195736
797,Joseph Aidoo,GHA,DF,28,8,6,583,6.5,0,0,0,0,0,0,0,0,0.0,0.0,0.0,0.0,1,14,0,0.0,0.0,0.0,0.0,0.0,0.01,0.0,0.01,0.01,0.01,joseph aidoo,Defender,right,181.0,ES1,1400000.0,8000000.0,https://img.a.transfermarkt.technology/portrait/header/358250-1496923402.jpg?lm=1,https://www.transfermarkt.co.uk/joseph-aidoo/profil/spieler/358250
798,André Ferreira,POR,GB,28,6,6,540,6.0,0,0,0,0,0,0,0,0,0.0,0.0,0.0,0.0,0,0,0,0.0,0.0,0.0,0.0,0.0,0.0,0.0,0.0,0.0,0.0,andre ferreira,Goalkeeper,right,193.0,ES1,800000.0,900000.0,https://img.a.transfermarkt.technology/portrait/header/290346-1548259586.jpg?lm=1,https://www.transfermarkt.co.uk/andre-ferreira/profil/spieler/290346
800,Enzo Boyomo,CMR,DF,22,3,3,270,3.0,0,0,0,0,0,0,0,0,0.1,0.1,0.0,0.1,1,7,0,0.0,0.0,0.0,0.0,0.0,0.02,0.0,0.02,0.02,0.02,enzo boyomo,Defender,right,184.0,ES1,20000000.0,20000000.0,https://img.a.transfermarkt.technology/portrait/header/541555-1728038860.jpg?lm=1,https://www.transfermarkt.co.uk/enzo-boyomo/profil/spieler/541555
807,Jonathan Tah,GER,DF,28,33,33,"2,970",33.0,3,0,3,3,0,0,3,0,1.1,1.1,0.4,1.5,15,169,9,0.09,0.0,0.09,0.09,0.09,0.03,0.01,0.05,0.03,0.05,jonathan tah,Defender,right,195.0,L1,30000000.0,40000000.0,https://img.a.transfermarkt.technology/portrait/header/196357-1695367765.jpg?lm=1,https://www.transfermarkt.co.uk/jonathan-tah/profil/spieler/196357
808,Granit Xhaka,SUI,MT,31,33,33,"2,888",32.1,2,7,9,2,0,0,3,0,0.9,0.9,4.4,5.3,42,318,72,0.06,0.22,0.28,0.06,0.28,0.03,0.14,0.17,0.03,0.17,granit xhaka,Midfield,left,186.0,L1,17000000.0,50000000.0,https://img.a.transfermarkt.technology/portrait/header/111455-1689711080.jpg?lm=1,https://www.transfermarkt.co.uk/granit-xhaka/profil/spieler/111455
811,Edmond Tapsoba,BFA,DF,25,29,29,"2,507",27.9,0,0,0,0,0,0,4,0,1.1,1.1,0.2,1.3,52,164,17,0.0,0.0,0.0,0.0,0.0,0.04,0.01,0.05,0.04,0.05,edmond tapsoba,Defender,right,194.0,L1,40000000.0,45000000.0,https://img.a.transfermarkt.technology/portrait/header/564545-1695368009.jpg?lm=1,https://www.transfermarkt.co.uk/edmond-tapsoba/profil/spieler/564545
812,Piero Hincapié,ECU,DF,22,32,28,"2,670",29.7,2,2,4,2,0,0,8,0,2.9,2.9,3.2,6.1,52,152,72,0.07,0.07,0.13,0.07,0.13,0.1,0.11,0.21,0.1,0.21,piero hincapie,Defender,left,184.0,L1,50000000.0,50000000.0,https://img.a.transfermarkt.technology/portrait/header/659813-1727377918.jpg?lm=1,https://www.transfermarkt.co.uk/piero-hincapie/profil/spieler/659813
813,Florian Wirtz,GER,"MT,AT",21,31,25,"2,351",26.1,10,12,22,8,2,4,3,0,9.4,6.1,7.0,13.1,131,176,309,0.38,0.46,0.84,0.31,0.77,0.36,0.27,0.63,0.23,0.5,florian wirtz,Midfield,right,177.0,L1,140000000.0,140000000.0,https://img.a.transfermarkt.technology/portrait/header/598577-1689710503.jpg?lm=1,https://www.transfermarkt.co.uk/florian-wirtz/profil/spieler/598577
814,Patrik Schick,CZE,AT,28,31,19,"1,684",18.7,21,0,21,20,1,1,4,0,12.7,11.9,0.6,12.5,7,21,107,1.12,0.0,1.12,1.07,1.07,0.68,0.03,0.71,0.63,0.67,patrik schick,Attack,left,191.0,L1,27000000.0,50000000.0,https://img.a.transfermarkt.technology/portrait/header/242086-1727378322.jpg?lm=1,https://www.transfermarkt.co.uk/patrik-schick/profil/spieler/242086
815,Robert Andrich,GER,"MT,DF",29,23,19,"1,598",17.8,2,2,4,2,0,0,7,0,1.3,1.3,0.3,1.6,8,65,17,0.11,0.11,0.23,0.11,0.23,0.07,0.02,0.09,0.07,0.09,robert andrich,Midfield,right,187.0,L1,15000000.0,17000000.0,https://img.a.transfermarkt.technology/portrait/header/159088-1689710866.jpg?lm=1,https://www.transfermarkt.co.uk/robert-andrich/profil/spieler/159088
816,Aleix García,ESP,MT,27,28,17,"1,455",16.2,3,4,7,3,0,0,3,0,1.0,1.0,4.9,5.9,27,120,47,0.19,0.25,0.43,0.19,0.43,0.06,0.3,0.36,0.06,0.36,aleix garcia,Midfield,right,173.0,L1,20000000.0,25000000.0,https://img.a.transfermarkt.technology/portrait/header/261504-1727378020.jpg?lm=1,https://www.transfermarkt.co.uk/aleix-garcia/profil/spieler/261504
817,Nathan Tella,NGA,"MT,AT",25,27,17,"1,359",15.1,2,4,6,2,0,0,1,0,3.1,3.1,1.5,4.6,38,22,130,0.13,0.26,0.4,0.13,0.4,0.2,0.1,0.31,0.2,0.31,nathan tella,Midfield,right,173.0,L1,18000000.0,23000000.0,https://img.a.transfermarkt.technology/portrait/header/340322-1727377772.jpg?lm=1,https://www.transfermarkt.co.uk/nathan-tella/profil/spieler/340322
818,Victor Boniface,NGA,AT,23,19,12,"1,008",11.2,8,1,9,8,0,1,2,0,7.8,7.1,1.1,8.1,26,23,61,0.71,0.09,0.8,0.71,0.8,0.7,0.1,0.8,0.63,0.73,victor boniface,Attack,right,190.0,L1,45000000.0,45000000.0,https://img.a.transfermarkt.technology/portrait/header/656681-1727378262.jpg?lm=1,https://www.transfermarkt.co.uk/victor-boniface/profil/spieler/656681
819,Exequiel Palacios,ARG,MT,25,24,11,"1,155",12.8,1,6,7,1,0,0,2,0,1.5,1.5,2.3,3.8,15,97,40,0.08,0.47,0.55,0.08,0.55,0.12,0.18,0.3,0.12,0.3,exequiel palacios,Midfield,right,178.0,L1,40000000.0,45000000.0,https://img.a.transfermarkt.technology/portrait/header/401578-1695368200.jpg?lm=1,https://www.transfermarkt.co.uk/exequiel-palacios/profil/spieler/401578
820,Nordi Mukiele,FRA,DF,26,15,10,899,10.0,1,0,1,1,0,0,4,0,1.4,1.4,1.0,2.4,20,36,28,0.1,0.0,0.1,0.1,0.1,0.14,0.1,0.24,0.14,0.24,nordi mukiele,Defender,right,187.0,L1,10000000.0,25000000.0,https://img.a.transfermarkt.technology/portrait/header/348026-1727378130.jpg?lm=1,https://www.transfermarkt.co.uk/nordi-mukiele/profil/spieler/348026
821,Arthur,BRA,DF,21,20,7,752,8.4,0,1,1,0,0,0,1,0,0.1,0.1,0.4,0.4,15,25,53,0.0,0.12,0.12,0.0,0.12,0.01,0.04,0.05,0.01,0.05,arthur,Defender,right,174.0,L1,7000000.0,7000000.0,https://img.a.transfermarkt.technology/portrait/header/977464-1689709842.jpg?lm=1,https://www.transfermarkt.co.uk/arthur/profil/spieler/977464
822,Martin Terrier,FRA,"MT,AT",27,15,7,584,6.5,2,1,3,2,0,0,1,0,2.4,2.4,0.9,3.3,11,14,35,0.31,0.15,0.46,0.31,0.46,0.38,0.14,0.52,0.38,0.52,martin terrier,Attack,right,184.0,L1,17000000.0,35000000.0,https://img.a.transfermarkt.technology/portrait/header/442891-1727378397.jpg?lm=1,https://www.transfermarkt.co.uk/martin-terrier/profil/spieler/442891
823,Amine Adli,MAR,"MT,AT",24,20,6,766,8.5,2,0,2,2,0,0,3,0,2.7,2.7,0.7,3.4,37,24,100,0.23,0.0,0.23,0.23,0.23,0.32,0.08,0.4,0.32,0.4,amine adli,Attack,left,180.0,L1,22000000.0,30000000.0,https://img.a.transfermarkt.technology/portrait/header/532776-1689710574.jpg?lm=1,https://www.transfermarkt.co.uk/amine-adli/profil/spieler/532776
824,Matej Kovar,CZE,GB,24,5,5,450,5.0,0,0,0,0,0,0,0,0,0.0,0.0,0.0,0.0,0,0,0,0.0,0.0,0.0,0.0,0.0,0.0,0.0,0.0,0.0,0.0,matej kovar,Goalkeeper,right,196.0,L1,7000000.0,7000000.0,https://img.a.transfermarkt.technology/portrait/header/550829-1727378079.jpg?lm=1,https://www.transfermarkt.co.uk/matej-kovar/profil/spieler/550829
825,Jonas Hofmann,GER,"MT,DF",32,11,4,356,4.0,2,1,3,2,0,0,1,0,1.0,1.0,0.4,1.4,10,14,29,0.51,0.25,0.76,0.51,0.76,0.25,0.11,0.35,0.25,0.35,jonas hofmann,Midfield,right,176.0,L1,3000000.0,16000000.0,https://img.a.transfermarkt.technology/portrait/header/7161-1689710421.jpg?lm=1,https://www.transfermarkt.co.uk/jonas-hofmann/profil/spieler/7161
826,Mario Hermoso,ESP,DF,29,4,3,293,3.3,0,0,0,0,0,0,0,0,0.4,0.4,0.2,0.6,2,20,3,0.0,0.0,0.0,0.0,0.0,0.11,0.06,0.17,0.11,0.17,mario hermoso,Defender,left,184.0,L1,10000000.0,35000000.0,https://img.a.transfermarkt.technology/portrait/header/281769-1666818938.jpg?lm=1,https://www.transfermarkt.co.uk/mario-hermoso/profil/spieler/281769
828,Arthur Theate,BEL,DF,24,31,31,"2,704",30.0,0,0,0,0,0,0,6,1,2.4,2.4,1.0,3.4,50,171,24,0.0,0.0,0.0,0.0,0.0,0.08,0.03,0.11,0.08,0.11,arthur theate,Defender,left,185.0,L1,24000000.0,24000000.0,https://img.a.transfermarkt.technology/portrait/header/368891-1666698276.jpg?lm=1,https://www.transfermarkt.co.uk/arthur-theate/profil/spieler/368891
829,Hugo Ekitike,FRA,AT,22,33,31,"2,563",28.5,15,8,23,14,1,3,1,0,21.6,19.3,6.8,26.0,93,53,215,0.53,0.28,0.81,0.49,0.77,0.76,0.24,0.99,0.68,0.91,hugo ekitike,Attack,right,190.0,L1,55000000.0,55000000.0,https://img.a.transfermarkt.technology/portrait/header/709726-1724772213.jpg?lm=1,https://www.transfermarkt.co.uk/hugo-ekitike/profil/spieler/709726
830,Robin Koch,GER,DF,28,30,30,"2,586",28.7,3,0,3,3,0,0,3,0,1.7,1.7,0.2,2.0,9,93,4,0.1,0.0,0.1,0.1,0.1,0.06,0.01,0.07,0.06,0.07,robin koch,Defender,right,192.0,L1,18000000.0,18000000.0,https://img.a.transfermarkt.technology/portrait/header/328784-1696508822.jpg?lm=1,https://www.transfermarkt.co.uk/robin-koch/profil/spieler/328784
831,Rasmus Kristensen,DEN,DF,27,30,28,"2,513",27.9,5,3,8,5,0,0,4,0,2.5,2.5,3.1,5.6,51,172,162,0.18,0.11,0.29,0.18,0.29,0.09,0.11,0.2,0.09,0.2,rasmus kristensen,Defender,right,187.0,L1,10000000.0,15000000.0,https://img.a.transfermarkt.technology/portrait/header/369684-1725875948.jpg?lm=1,https://www.transfermarkt.co.uk/rasmus-kristensen/profil/spieler/369684
832,Hugo Larsson,SWE,MT,20,33,28,"2,393",26.6,3,1,4,3,0,0,2,0,3.1,3.1,2.1,5.2,16,121,33,0.11,0.04,0.15,0.11,0.15,0.12,0.08,0.19,0.12,0.19,hugo larsson,Midfield,right,187.0,L1,40000000.0,40000000.0,https://img.a.transfermarkt.technology/portrait/header/931838-1696509259.jpg?lm=1,https://www.transfermarkt.co.uk/hugo-larsson/profil/spieler/931838
833,Kevin Trapp,GER,GB,34,26,26,"2,295",25.5,0,0,0,0,0,0,0,0,0.0,0.0,0.0,0.0,0,1,0,0.0,0.0,0.0,0.0,0.0,0.0,0.0,0.0,0.0,0.0,kevin trapp,Goalkeeper,right,189.0,L1,3000000.0,12000000.0,https://img.a.transfermarkt.technology/portrait/header/45672-1724772525.jpg?lm=1,https://www.transfermarkt.co.uk/kevin-trapp/profil/spieler/45672
834,Ellyes Skhiri,TUN,MT,29,30,26,"2,231",24.8,1,2,3,1,0,0,6,0,1.4,1.4,1.4,2.8,17,105,27,0.04,0.08,0.12,0.04,0.12,0.06,0.06,0.11,0.06,0.11,ellyes skhiri,Midfield,right,185.0,L1,9000000.0,13000000.0,https://img.a.transfermarkt.technology/portrait/header/290587-1696509403.jpg?lm=1,https://www.transfermarkt.co.uk/ellyes-skhiri/profil/spieler/290587
835,Ansgar Knauff,GER,"MT,DF",22,30,18,"1,597",17.7,4,5,9,4,0,0,3,0,4.9,4.9,5.2,10.0,53,58,146,0.23,0.28,0.51,0.23,0.51,0.28,0.29,0.57,0.28,0.57,ansgar knauff,Attack,right,180.0,L1,10000000.0,10000000.0,https://img.a.transfermarkt.technology/portrait/header/429874-1663065826.jpg?lm=1,https://www.transfermarkt.co.uk/ansgar-knauff/profil/spieler/429874
836,Mario Götze,GER,"MT,AT",32,24,18,"1,542",17.1,3,2,5,3,0,0,1,0,2.9,2.9,3.1,6.0,29,88,96,0.18,0.12,0.29,0.18,0.29,0.17,0.18,0.35,0.17,0.35,mario gotze,Midfield,right,176.0,L1,5000000.0,55000000.0,https://img.a.transfermarkt.technology/portrait/header/74842-1663065102.jpg?lm=1,https://www.transfermarkt.co.uk/mario-gotze/profil/spieler/74842
837,Omar Marmoush,EGY,AT,25,17,17,"1,448",16.1,15,9,24,13,2,2,2,0,8.8,7.3,6.2,13.5,73,50,125,0.93,0.56,1.49,0.81,1.37,0.55,0.39,0.94,0.45,0.84,omar marmoush,Attack,right,183.0,GB1,75000000.0,75000000.0,https://img.a.transfermarkt.technology/portrait/header/445939-1696508916.jpg?lm=1,https://www.transfermarkt.co.uk/omar-marmoush/profil/spieler/445939
838,Nnamdi Collins,GER,DF,20,24,15,"1,489",16.5,1,1,2,1,0,0,4,0,0.8,0.8,1.0,1.8,30,63,42,0.06,0.06,0.12,0.06,0.12,0.05,0.06,0.11,0.05,0.11,nnamdi collins,Defender,right,191.0,L1,10000000.0,10000000.0,https://img.a.transfermarkt.technology/portrait/header/684315-1724772257.jpg?lm=1,https://www.transfermarkt.co.uk/nnamdi-collins/profil/spieler/684315
839,Fares Chaïbi,ALG,"MT,AT",21,26,10,"1,013",11.3,1,3,4,1,0,0,2,0,2.6,2.6,2.9,5.5,20,52,73,0.09,0.27,0.36,0.09,0.36,0.23,0.26,0.49,0.23,0.49,fares chaïbi,Midfield,right,183.0,L1,9000000.0,18000000.0,https://img.a.transfermarkt.technology/portrait/header/855015-1693383538.jpg?lm=1,https://www.transfermarkt.co.uk/fares-chaibi/profil/spieler/855015
840,Jean Mattéo Bahoya,FRA,"MT,AT",19,24,10,921,10.2,2,3,5,2,0,0,3,0,1.9,1.9,1.7,3.6,24,28,93,0.2,0.29,0.49,0.2,0.49,0.18,0.17,0.35,0.18,0.35,jean matteo bahoya,Attack,right,180.0,L1,9000000.0,9000000.0,https://img.a.transfermarkt.technology/portrait/header/939964-1724772389.jpg?lm=1,https://www.transfermarkt.co.uk/jean-matteo-bahoya/profil/spieler/939964
841,Kauã Santos,BRA,GB,21,9,8,765,8.5,0,0,0,0,0,0,0,0,0.0,0.0,0.0,0.0,0,1,0,0.0,0.0,0.0,0.0,0.0,0.0,0.0,0.0,0.0,0.0,kaua santos,Goalkeeper,right,198.0,L1,2500000.0,2500000.0,https://img.a.transfermarkt.technology/portrait/header/997861-1696509170.jpg?lm=1,https://www.transfermarkt.co.uk/kaua-santos/profil/spieler/997861
842,Oscar Højlund,DEN,MT,19,20,7,722,8.0,1,0,1,1,0,0,0,0,1.0,1.0,1.1,2.0,17,49,9,0.12,0.0,0.12,0.12,0.12,0.12,0.13,0.25,0.12,0.25,oscar højlund,Midfield,right,187.0,L1,7500000.0,7500000.0,https://img.a.transfermarkt.technology/portrait/header/846310-1724771793.jpg?lm=1,https://www.transfermarkt.co.uk/oscar-hojlund/profil/spieler/846310
843,Can Uzun,TUR,"MT,AT",18,20,6,675,7.5,4,1,5,4,0,0,1,0,3.0,3.0,1.1,4.1,11,42,45,0.53,0.13,0.67,0.53,0.67,0.4,0.15,0.55,0.4,0.55,can uzun,Midfield,right,186.0,L1,18000000.0,18000000.0,https://img.a.transfermarkt.technology/portrait/header/816585-1724772468.jpg?lm=1,https://www.transfermarkt.co.uk/can-uzun/profil/spieler/816585
844,Mahmoud Dahoud,GER,MT,28,9,3,364,4.0,1,1,2,1,0,0,2,0,0.5,0.5,0.7,1.2,1,17,6,0.25,0.25,0.49,0.25,0.49,0.13,0.18,0.31,0.13,0.31,mahmoud dahoud,Midfield,right,178.0,L1,5000000.0,18000000.0,https://img.a.transfermarkt.technology/portrait/header/191422-1726605307.jpg?lm=1,https://www.transfermarkt.co.uk/mahmoud-dahoud/profil/spieler/191422
845,Michy Batshuayi,BEL,AT,30,10,3,300,3.3,3,0,3,3,0,0,2,0,1.2,1.2,0.0,1.3,3,8,15,0.9,0.0,0.9,0.9,0.9,0.36,0.01,0.38,0.36,0.38,michy batshuayi,Attack,right,185.0,L1,5000000.0,40000000.0,https://img.a.transfermarkt.technology/portrait/header/179184-1738614857.jpg?lm=1,https://www.transfermarkt.co.uk/michy-batshuayi/profil/spieler/179184
846,Junior Dina Ebimbe,FRA,"MT,AT",23,7,3,293,3.3,0,1,1,0,0,0,0,0,0.9,0.9,0.9,1.8,5,3,27,0.0,0.31,0.31,0.0,0.31,0.26,0.29,0.56,0.26,0.56,junior dina ebimbe,Midfield,right,184.0,L1,7000000.0,14000000.0,https://img.a.transfermarkt.technology/portrait/header/536482-1663065378.jpg?lm=1,https://www.transfermarkt.co.uk/junior-dina-ebimbe/profil/spieler/536482
847,Igor Matanovic,CRO,AT,21,16,2,312,3.5,1,0,1,1,0,0,0,0,1.1,1.1,0.0,1.2,2,6,19,0.29,0.0,0.29,0.29,0.29,0.33,0.01,0.34,0.33,0.34,igor matanovic,Attack,right,194.0,L1,6000000.0,8000000.0,https://img.a.transfermarkt.technology/portrait/header/605268-1724772594.jpg?lm=1,https://www.transfermarkt.co.uk/igor-matanovic/profil/spieler/605268
848,Aurele Amenda,SUI,DF,21,8,1,96,1.1,0,0,0,0,0,0,1,0,0.0,0.0,0.3,0.3,1,2,1,0.0,0.0,0.0,0.0,0.0,0.0,0.23,0.23,0.0,0.23,aurele amenda,Defender,right,197.0,L1,7500000.0,9500000.0,https://img.a.transfermarkt.technology/portrait/header/635645-1724772426.jpg?lm=1,https://www.transfermarkt.co.uk/aurele-amenda/profil/spieler/635645
849,Timothy Chandler,USA,DF,34,3,0,24,0.3,0,0,0,0,0,0,0,0,0.0,0.0,0.0,0.0,1,3,4,0.0,0.0,0.0,0.0,0.0,0.0,0.0,0.0,0.0,0.0,timothy chandler,Defender,right,187.0,L1,350000.0,5000000.0,https://img.a.transfermarkt.technology/portrait/header/49723-1663064872.jpg?lm=1,https://www.transfermarkt.co.uk/timothy-chandler/profil/spieler/49723
850,Maximilian Eggestein,GER,MT,27,33,33,"2,845",31.6,2,0,2,2,0,0,4,0,2.0,2.0,1.5,3.5,34,141,41,0.06,0.0,0.06,0.06,0.06,0.06,0.05,0.11,0.06,0.11,maximilian eggestein,Midfield,right,181.0,L1,10000000.0,30000000.0,https://img.a.transfermarkt.technology/portrait/header/190284-1723189965.jpg?lm=1,https://www.transfermarkt.co.uk/maximilian-eggestein/profil/spieler/190284
851,Philipp Lienhart,AUT,DF,28,32,31,"2,770",30.8,1,0,1,1,0,0,5,0,0.5,0.5,0.8,1.2,44,138,9,0.03,0.0,0.03,0.03,0.03,0.02,0.02,0.04,0.02,0.04,philipp lienhart,Defender,right,189.0,L1,15000000.0,20000000.0,https://img.a.transfermarkt.technology/portrait/header/225657-1658411602.jpg?lm=1,https://www.transfermarkt.co.uk/philipp-lienhart/profil/spieler/225657
852,Matthias Ginter,GER,DF,30,32,28,"2,561",28.5,2,1,3,2,0,0,5,0,2.8,2.8,0.7,3.5,11,113,16,0.07,0.04,0.11,0.07,0.11,0.1,0.02,0.12,0.1,0.12,matthias ginter,Defender,right,189.0,L1,8000000.0,35000000.0,https://img.a.transfermarkt.technology/portrait/header/124502-1658411624.jpg?lm=1,https://www.transfermarkt.co.uk/matthias-ginter/profil/spieler/124502
853,Christian Günter,GER,DF,31,29,27,"2,314",25.7,2,2,4,2,0,0,0,0,0.8,0.6,2.5,3.2,19,52,109,0.08,0.08,0.16,0.08,0.16,0.03,0.1,0.13,0.02,0.12,christian gunter,Defender,left,184.0,L1,4000000.0,12000000.0,https://img.a.transfermarkt.technology/portrait/header/93707-1658411784.jpg?lm=1,https://www.transfermarkt.co.uk/christian-gunter/profil/spieler/93707
854,Patrick Osterhage,GER,MT,24,30,27,"2,267",25.2,1,0,1,1,0,0,6,1,1.7,1.7,1.4,3.1,26,73,50,0.04,0.0,0.04,0.04,0.04,0.07,0.06,0.12,0.07,0.12,patrick osterhage,Midfield,left,186.0,L1,8500000.0,8500000.0,https://img.a.transfermarkt.technology/portrait/header/443331-1723190030.jpg?lm=1,https://www.transfermarkt.co.uk/patrick-osterhage/profil/spieler/443331
855,Noah Atubolu,GER,GB,22,26,26,"2,307",25.6,0,0,0,0,0,0,2,0,0.0,0.0,0.0,0.0,0,2,0,0.0,0.0,0.0,0.0,0.0,0.0,0.0,0.0,0.0,0.0,noah atubolu,Goalkeeper,right,190.0,L1,15000000.0,15000000.0,https://img.a.transfermarkt.technology/portrait/header/526845-1658411548.jpg?lm=1,https://www.transfermarkt.co.uk/noah-atubolu/profil/spieler/526845
856,Lukas Kübler,GER,DF,31,28,22,"1,842",20.5,5,1,6,5,0,0,5,0,2.7,2.7,0.8,3.5,24,78,49,0.24,0.05,0.29,0.24,0.29,0.13,0.04,0.17,0.13,0.17,lukas kubler,Defender,right,182.0,L1,2000000.0,3000000.0,https://img.a.transfermarkt.technology/portrait/header/93604-1658412582.jpg?lm=1,https://www.transfermarkt.co.uk/lukas-kubler/profil/spieler/93604
857,Junior Adamu,AUT,AT,23,25,19,"1,545",17.2,2,2,4,2,0,0,5,1,5.5,5.5,2.4,7.9,8,14,84,0.12,0.12,0.23,0.12,0.23,0.32,0.14,0.46,0.32,0.46,junior adamu,Attack,right,183.0,L1,6000000.0,8000000.0,https://img.a.transfermarkt.technology/portrait/header/452477-1691998414.jpg?lm=1,https://www.transfermarkt.co.uk/junior-adamu/profil/spieler/452477
858,Max Rosenfelder,GER,DF,21,25,13,"1,249",13.9,1,0,1,1,0,0,2,0,0.4,0.4,0.7,1.0,24,29,18,0.07,0.0,0.07,0.07,0.07,0.03,0.05,0.08,0.03,0.08,max rosenfelder,Defender,right,186.0,L1,4000000.0,4000000.0,https://img.a.transfermarkt.technology/portrait/header/599419-1658503667.jpg?lm=1,https://www.transfermarkt.co.uk/max-rosenfelder/profil/spieler/599419
859,Eren Dinkçi,GER,"MT,AT",22,23,13,"1,196",13.3,0,3,3,0,0,0,1,0,1.1,1.1,2.2,3.3,33,35,71,0.0,0.23,0.23,0.0,0.23,0.09,0.16,0.25,0.09,0.25,eren dinkci,Attack,right,188.0,L1,12000000.0,12000000.0,https://img.a.transfermarkt.technology/portrait/header/645774-1690186275.jpg?lm=1,https://www.transfermarkt.co.uk/eren-dinkci/profil/spieler/645774
860,Merlin Röhl,GER,"MT,AT",22,19,11,965,10.7,0,1,1,0,0,0,2,0,0.8,0.8,1.7,2.5,20,22,60,0.0,0.09,0.09,0.0,0.09,0.07,0.16,0.23,0.07,0.23,merlin rohl,Midfield,right,192.0,L1,12000000.0,12000000.0,https://img.a.transfermarkt.technology/portrait/header/608832-1726649794.jpg?lm=1,https://www.transfermarkt.co.uk/merlin-rohl/profil/spieler/608832
861,Kiliann Sildillia,FRA,DF,22,21,8,801,8.9,2,0,2,2,0,0,2,0,0.5,0.5,0.7,1.1,11,29,34,0.22,0.0,0.22,0.22,0.22,0.05,0.07,0.13,0.05,0.13,kiliann sildillia,Defender,right,186.0,L1,10000000.0,18000000.0,https://img.a.transfermarkt.technology/portrait/header/548348-1691998588.jpg?lm=1,https://www.transfermarkt.co.uk/kiliann-sildillia/profil/spieler/548348
862,Florian Müller,GER,GB,26,9,8,753,8.4,0,0,0,0,0,0,0,0,0.0,0.0,0.0,0.0,0,0,0,0.0,0.0,0.0,0.0,0.0,0.0,0.0,0.0,0.0,0.0,florian muller,Goalkeeper,left,190.0,L1,1200000.0,10000000.0,https://img.a.transfermarkt.technology/portrait/header/284769-1691998669.jpg?lm=1,https://www.transfermarkt.co.uk/florian-muller/profil/spieler/284769
863,Nicolas Höfler,GER,MT,34,20,7,794,8.8,0,0,0,0,0,0,3,0,0.2,0.2,0.1,0.3,1,30,3,0.0,0.0,0.0,0.0,0.0,0.03,0.01,0.04,0.03,0.04,nicolas hofler,Midfield,right,181.0,L1,700000.0,4500000.0,https://img.a.transfermarkt.technology/portrait/header/55099-1658412737.jpg?lm=1,https://www.transfermarkt.co.uk/nicolas-hofler/profil/spieler/55099
864,Jordy Makengo,FRA,DF,22,19,7,745,8.3,0,0,0,0,0,0,1,0,0.0,0.0,0.2,0.2,9,15,35,0.0,0.0,0.0,0.0,0.0,0.0,0.03,0.03,0.0,0.03,jordy makengo,Defender,left,191.0,L1,3000000.0,3500000.0,https://img.a.transfermarkt.technology/portrait/header/815078-1691998545.jpg?lm=1,https://www.transfermarkt.co.uk/jordy-makengo/profil/spieler/815078
865,Michael Gregoritsch,AUT,AT,30,20,5,639,7.1,2,1,3,2,0,0,2,0,1.8,1.8,0.4,2.2,6,19,36,0.28,0.14,0.42,0.28,0.42,0.25,0.06,0.31,0.25,0.31,michael gregoritsch,Attack,left,193.0,L1,4000000.0,20000000.0,https://img.a.transfermarkt.technology/portrait/header/120205-1658413549.jpg?lm=1,https://www.transfermarkt.co.uk/michael-gregoritsch/profil/spieler/120205
866,Noah Weißhaupt,GER,AT,22,3,0,80,0.9,0,0,0,0,0,0,0,0,0.0,0.0,0.0,0.0,8,6,10,0.0,0.0,0.0,0.0,0.0,0.05,0.0,0.05,0.05,0.05,noah weißhaupt,Attack,right,181.0,L1,5000000.0,7000000.0,https://img.a.transfermarkt.technology/portrait/header/392163-1658413281.jpg?lm=1,https://www.transfermarkt.co.uk/noah-weisshaupt/profil/spieler/392163
868,Maximilian Philipp,GER,"MT,AT",30,2,0,17,0.2,0,0,0,0,0,0,0,0,0.0,0.0,0.0,0.0,0,0,0,0.0,0.0,0.0,0.0,0.0,0.22,0.0,0.22,0.22,0.22,maximilian philipp,Attack,right,183.0,L1,1000000.0,20000000.0,https://img.a.transfermarkt.technology/portrait/header/143891-1723189806.jpg?lm=1,https://www.transfermarkt.co.uk/maximilian-philipp/profil/spieler/143891
869,Kaishu Sano,JPN,MT,23,34,34,"3,043",33.8,0,0,0,0,0,0,3,0,0.9,0.9,1.2,2.1,53,159,46,0.0,0.0,0.0,0.0,0.0,0.03,0.04,0.06,0.03,0.06,kaishu sano,Midfield,right,176.0,L1,17000000.0,17000000.0,https://img.a.transfermarkt.technology/portrait/header/643574-1705758334.jpg?lm=1,https://www.transfermarkt.co.uk/kaishu-sano/profil/spieler/643574
870,Anthony Caci,FRA,DF,27,33,33,"2,684",29.8,1,7,8,1,0,0,6,0,3.1,3.1,6.6,9.7,45,133,152,0.03,0.23,0.27,0.03,0.27,0.1,0.22,0.32,0.1,0.32,anthony caci,Midfield,right,184.0,L1,10000000.0,10000000.0,https://img.a.transfermarkt.technology/portrait/header/453016-1657706767.jpg?lm=1,https://www.transfermarkt.co.uk/anthony-caci/profil/spieler/453016
871,Robin Zentner,GER,GB,29,32,32,"2,880",32.0,0,0,0,0,0,0,3,0,0.0,0.0,0.3,0.3,0,2,0,0.0,0.0,0.0,0.0,0.0,0.0,0.01,0.01,0.0,0.01,robin zentner,Goalkeeper,right,195.0,L1,4000000.0,5000000.0,https://img.a.transfermarkt.technology/portrait/header/160963-1676499369.jpg?lm=1,https://www.transfermarkt.co.uk/robin-zentner/profil/spieler/160963
872,Phillipp Mwene,AUT,DF,30,32,32,"2,607",29.0,1,4,5,1,0,0,7,0,1.5,1.5,1.9,3.4,62,106,144,0.03,0.14,0.17,0.03,0.17,0.05,0.06,0.12,0.05,0.12,phillipp mwene,Defender,right,170.0,L1,1800000.0,3000000.0,https://img.a.transfermarkt.technology/portrait/header/127573-1722886402.jpg?lm=1,https://www.transfermarkt.co.uk/phillipp-mwene/profil/spieler/127573
874,Nadiem Amiri,GER,MT,27,30,30,"2,473",27.5,7,5,12,5,2,2,9,2,5.5,3.9,6.6,10.5,50,204,64,0.25,0.18,0.44,0.18,0.36,0.2,0.24,0.44,0.14,0.38,nadiem amiri,Midfield,right,180.0,L1,18000000.0,22000000.0,https://img.a.transfermarkt.technology/portrait/header/232454-1722885996.jpg?lm=1,https://www.transfermarkt.co.uk/nadiem-amiri/profil/spieler/232454
875,Jonathan Burkardt,GER,AT,24,29,28,"2,109",23.4,18,2,20,16,2,2,0,0,14.8,13.2,3.1,16.3,32,42,157,0.77,0.09,0.85,0.68,0.77,0.63,0.13,0.76,0.56,0.7,jonathan burkardt,Attack,right,183.0,L1,35000000.0,35000000.0,https://img.a.transfermarkt.technology/portrait/header/333647-1698840239.jpg?lm=1,https://www.transfermarkt.co.uk/jonathan-burkardt/profil/spieler/333647
876,Paul Nebel,GER,MT,21,31,26,"2,345",26.1,10,4,14,10,0,0,5,1,5.8,5.8,4.1,9.8,67,91,219,0.38,0.15,0.54,0.38,0.54,0.22,0.16,0.38,0.22,0.38,paul nebel,Midfield,both,169.0,L1,17000000.0,17000000.0,https://img.a.transfermarkt.technology/portrait/header/503160-1722886613.jpg?lm=1,https://www.transfermarkt.co.uk/paul-nebel/profil/spieler/503160
877,Danny da Costa,GER,DF,31,25,25,"2,006",22.3,0,1,1,0,0,0,0,0,0.1,0.1,0.6,0.7,21,109,22,0.0,0.04,0.04,0.0,0.04,0.0,0.03,0.03,0.0,0.03,danny da costa,Defender,right,187.0,L1,1500000.0,15000000.0,https://img.a.transfermarkt.technology/portrait/header/85906-1657707067.jpg?lm=1,https://www.transfermarkt.co.uk/danny-da-costa/profil/spieler/85906
878,Moritz Jenz,GER,DF,25,19,18,"1,600",17.8,0,0,0,0,0,0,4,0,1.6,1.6,0.3,1.8,1,47,3,0.0,0.0,0.0,0.0,0.0,0.09,0.01,0.1,0.09,0.1,moritz jenz,Defender,right,190.0,L1,6000000.0,7500000.0,https://img.a.transfermarkt.technology/portrait/header/460245-1689865901.jpg?lm=1,https://www.transfermarkt.co.uk/moritz-jenz/profil/spieler/460245
879,Stefan Bell,GER,DF,32,18,15,"1,436",16.0,0,1,1,0,0,0,4,0,0.8,0.8,1.0,1.8,8,38,5,0.0,0.06,0.06,0.0,0.06,0.05,0.06,0.11,0.05,0.11,stefan bell,Defender,right,192.0,L1,800000.0,6000000.0,https://img.a.transfermarkt.technology/portrait/header/82350-1657706740.jpg?lm=1,https://www.transfermarkt.co.uk/stefan-bell/profil/spieler/82350
880,Andreas Hanche-Olsen,NOR,DF,27,22,12,"1,284",14.3,1,1,2,1,0,0,4,1,0.8,0.8,0.3,1.1,2,34,5,0.07,0.07,0.14,0.07,0.14,0.06,0.02,0.08,0.06,0.08,andreas hanche olsen,Defender,right,185.0,L1,6000000.0,9000000.0,https://img.a.transfermarkt.technology/portrait/header/370683-1692000124.jpg?lm=1,https://www.transfermarkt.co.uk/andreas-hanche-olsen/profil/spieler/370683
881,Maxim Leitsch,GER,DF,26,14,6,674,7.5,1,0,1,1,0,0,2,0,1.2,1.2,0.2,1.4,4,25,5,0.13,0.0,0.13,0.13,0.13,0.16,0.03,0.19,0.16,0.19,maxim leitsch,Defender,left,189.0,L1,2000000.0,5000000.0,https://img.a.transfermarkt.technology/portrait/header/334207-1676499456.jpg?lm=1,https://www.transfermarkt.co.uk/maxim-leitsch/profil/spieler/334207
883,Silvan Widmer,SUI,DF,31,27,3,504,5.6,0,1,1,0,0,0,3,0,0.3,0.3,0.4,0.7,3,23,36,0.0,0.18,0.18,0.0,0.18,0.06,0.07,0.13,0.06,0.13,silvan widmer,Defender,right,183.0,L1,1500000.0,9000000.0,https://img.a.transfermarkt.technology/portrait/header/168989-1629202510.jpg?lm=1,https://www.transfermarkt.co.uk/silvan-widmer/profil/spieler/168989
884,Lasse Rieß,GER,GB,23,2,2,180,2.0,0,0,0,0,0,0,0,0,0.0,0.0,0.0,0.0,0,0,0,0.0,0.0,0.0,0.0,0.0,0.0,0.0,0.0,0.0,0.0,lasse rieß,Goalkeeper,right,192.0,L1,200000.0,200000.0,https://img.a.transfermarkt.technology/portrait/header/490609-1720079547.png?lm=1,https://www.transfermarkt.co.uk/lasse-riess/profil/spieler/490609
885,Karim Onisiwo,AUT,"MT,AT",32,6,1,110,1.2,0,0,0,0,0,0,0,0,0.1,0.1,0.3,0.4,1,0,8,0.0,0.0,0.0,0.0,0.0,0.06,0.27,0.33,0.06,0.33,karim onisiwo,Attack,right,188.0,L1,1500000.0,4500000.0,https://img.a.transfermarkt.technology/portrait/header/119234-1722886304.jpg?lm=1,https://www.transfermarkt.co.uk/karim-onisiwo/profil/spieler/119234
886,Aymen Barkok,MAR,MT,26,4,0,73,0.8,0,0,0,0,0,0,0,0,0.0,0.0,0.1,0.1,2,5,6,0.0,0.0,0.0,0.0,0.0,0.0,0.17,0.17,0.0,0.17,aymen barkok,Midfield,right,189.0,L1,1000000.0,3500000.0,https://img.a.transfermarkt.technology/portrait/header/315332-1657707404.jpg?lm=1,https://www.transfermarkt.co.uk/aymen-barkok/profil/spieler/315332
887,Lennard Maloney,USA,MT,24,5,0,26,0.3,0,0,0,0,0,0,1,0,0.0,0.0,0.0,0.0,1,0,0,0.0,0.0,0.0,0.0,0.0,0.0,0.0,0.0,0.0,0.0,lennard maloney,Midfield,right,188.0,L1,5000000.0,5000000.0,https://img.a.transfermarkt.technology/portrait/header/392710-1657874790.jpg?lm=1,https://www.transfermarkt.co.uk/lennard-maloney/profil/spieler/392710
888,Gabriel Vidovic,CRO,MT,20,1,0,4,0.0,0,0,0,0,0,0,0,0,0.1,0.1,0.0,0.1,0,0,2,0.0,0.0,0.0,0.0,0.0,1.17,0.0,1.17,1.17,1.17,gabriel vidovic,Attack,right,180.0,L1,3000000.0,3500000.0,https://img.a.transfermarkt.technology/portrait/header/604327-1693303272.jpg?lm=1,https://www.transfermarkt.co.uk/gabriel-vidovic/profil/spieler/604327
889,Péter Gulácsi,HUN,GB,34,30,30,"2,631",29.2,0,0,0,0,0,0,0,0,0.0,0.0,0.0,0.0,0,0,0,0.0,0.0,0.0,0.0,0.0,0.0,0.0,0.0,0.0,0.0,peter gulacsi,Goalkeeper,right,193.0,L1,2500000.0,13000000.0,https://img.a.transfermarkt.technology/portrait/header/57071-1719214600.jpg?lm=1,https://www.transfermarkt.co.uk/peter-gulacsi/profil/spieler/57071
890,Willi Orban,HUN,DF,31,25,25,"2,222",24.7,5,0,5,5,0,0,4,2,4.0,4.0,1.0,5.0,15,106,8,0.2,0.0,0.2,0.2,0.2,0.16,0.04,0.2,0.16,0.2,willi orban,Defender,right,186.0,L1,10000000.0,20000000.0,https://img.a.transfermarkt.technology/portrait/header/93740-1724337179.jpg?lm=1,https://www.transfermarkt.co.uk/willi-orban/profil/spieler/93740
891,Xavi Simons,NED,MT,21,25,25,"2,150",23.9,10,6,16,10,0,0,5,0,5.1,5.1,6.3,11.4,85,140,185,0.42,0.25,0.67,0.42,0.67,0.21,0.26,0.48,0.21,0.48,xavi simons,Midfield,right,179.0,L1,70000000.0,80000000.0,https://img.a.transfermarkt.technology/portrait/header/566931-1729778226.jpg?lm=1,https://www.transfermarkt.co.uk/xavi-simons/profil/spieler/566931
892,David Raum,GER,DF,26,22,21,"1,783",19.8,1,5,6,1,0,0,5,0,0.5,0.5,6.5,6.9,36,71,127,0.05,0.25,0.3,0.05,0.3,0.02,0.33,0.35,0.02,0.35,david raum,Defender,left,181.0,L1,25000000.0,26000000.0,https://img.a.transfermarkt.technology/portrait/header/318204-1713945422.jpg?lm=1,https://www.transfermarkt.co.uk/david-raum/profil/spieler/318204
893,Nicolas Seiwald,AUT,"MT,DF",23,30,20,"2,084",23.2,0,0,0,0,0,0,2,0,0.2,0.2,1.7,2.0,17,140,30,0.0,0.0,0.0,0.0,0.0,0.01,0.08,0.08,0.01,0.08,nicolas seiwald,Midfield,right,180.0,L1,16000000.0,20000000.0,https://img.a.transfermarkt.technology/portrait/header/404950-1716315232.jpg?lm=1,https://www.transfermarkt.co.uk/nicolas-seiwald/profil/spieler/404950
894,Lukas Klostermann,GER,DF,28,28,20,"1,838",20.4,1,0,1,1,0,0,5,0,0.3,0.3,0.1,0.4,16,83,26,0.05,0.0,0.05,0.05,0.05,0.02,0.01,0.02,0.02,0.02,lukas klostermann,Defender,right,189.0,L1,8000000.0,38000000.0,https://img.a.transfermarkt.technology/portrait/header/215599-1724337278.jpg?lm=1,https://www.transfermarkt.co.uk/lukas-klostermann/profil/spieler/215599
895,Christoph Baumgartner,AUT,MT,24,31,18,"1,610",17.9,2,1,3,2,0,0,5,0,4.5,4.5,1.3,5.8,37,53,95,0.11,0.06,0.17,0.11,0.17,0.25,0.07,0.33,0.25,0.33,christoph baumgartner,Midfield,right,180.0,L1,15000000.0,24000000.0,https://img.a.transfermarkt.technology/portrait/header/324278-1716315718.jpg?lm=1,https://www.transfermarkt.co.uk/christoph-baumgartner/profil/spieler/324278
896,Kevin Kampl,SVN,MT,33,26,18,"1,593",17.7,1,0,1,1,0,0,5,0,0.8,0.8,1.4,2.2,21,106,32,0.06,0.0,0.06,0.06,0.06,0.05,0.08,0.13,0.05,0.13,kevin kampl,Midfield,right,178.0,L1,3000000.0,22000000.0,https://img.a.transfermarkt.technology/portrait/header/53418-1742828221.jpg?lm=1,https://www.transfermarkt.co.uk/kevin-kampl/profil/spieler/53418
897,Castello Lukeba,FRA,DF,21,23,18,"1,577",17.5,0,0,0,0,0,0,2,0,0.4,0.4,0.2,0.6,18,80,23,0.0,0.0,0.0,0.0,0.0,0.02,0.01,0.04,0.02,0.04,castello lukeba,Defender,left,184.0,L1,50000000.0,50000000.0,https://img.a.transfermarkt.technology/portrait/header/618472-1713897532.jpg?lm=1,https://www.transfermarkt.co.uk/castello-lukeba/profil/spieler/618472
898,Arthur Vermeeren,BEL,MT,19,28,18,"1,572",17.5,0,2,2,0,0,0,7,0,0.4,0.4,0.9,1.3,14,77,20,0.0,0.11,0.11,0.0,0.11,0.02,0.05,0.07,0.02,0.07,arthur vermeeren,Midfield,right,180.0,L1,22000000.0,30000000.0,https://img.a.transfermarkt.technology/portrait/header/926694-1729520583.jpg?lm=1,https://www.transfermarkt.co.uk/arthur-vermeeren/profil/spieler/926694
899,Lutsharel Geertruida,NED,DF,24,24,17,"1,557",17.3,1,0,1,1,0,0,2,0,1.1,1.1,1.0,2.0,21,93,34,0.06,0.0,0.06,0.06,0.06,0.06,0.06,0.12,0.06,0.12,lutsharel geertruida,Defender,right,184.0,L1,27000000.0,35000000.0,https://img.a.transfermarkt.technology/portrait/header/420210-1729520430.jpg?lm=1,https://www.transfermarkt.co.uk/lutsharel-geertruida/profil/spieler/420210
900,Antonio Nusa,NOR,"MT,DF",19,25,16,"1,558",17.3,3,3,6,3,0,0,0,0,1.6,1.6,2.8,4.4,57,52,123,0.17,0.17,0.35,0.17,0.35,0.09,0.16,0.26,0.09,0.26,antonio nusa,Attack,right,183.0,L1,28000000.0,28000000.0,https://img.a.transfermarkt.technology/portrait/header/894914-1724337096.jpg?lm=1,https://www.transfermarkt.co.uk/antonio-nusa/profil/spieler/894914
901,Amadou Haidara,MLI,MT,26,28,16,"1,320",14.7,0,1,1,0,0,0,7,0,1.4,1.4,0.9,2.2,7,65,24,0.0,0.07,0.07,0.0,0.07,0.09,0.06,0.15,0.09,0.15,amadou haidara,Midfield,right,178.0,L1,20000000.0,24000000.0,https://img.a.transfermarkt.technology/portrait/header/402008-1713945184.jpg?lm=1,https://www.transfermarkt.co.uk/amadou-haidara/profil/spieler/402008
902,El Chadaille Bitshiabu,FRA,DF,19,21,13,"1,130",12.6,0,0,0,0,0,0,2,1,0.3,0.3,0.4,0.7,4,69,2,0.0,0.0,0.0,0.0,0.0,0.02,0.03,0.05,0.02,0.05,el chadaille bitshiabu,Defender,left,196.0,L1,12000000.0,15000000.0,https://img.a.transfermarkt.technology/portrait/header/787912-1672304780.jpg?lm=1,https://www.transfermarkt.co.uk/el-chadaille-bitshiabu/profil/spieler/787912
903,Benjamin Henrichs,GER,DF,27,15,10,935,10.4,0,2,2,0,0,0,3,0,0.5,0.4,1.4,1.8,9,29,55,0.0,0.19,0.19,0.0,0.19,0.05,0.14,0.18,0.04,0.18,benjamin henrichs,Defender,right,185.0,L1,17000000.0,20000000.0,https://img.a.transfermarkt.technology/portrait/header/202591-1715858341.jpg?lm=1,https://www.transfermarkt.co.uk/benjamin-henrichs/profil/spieler/202591
905,Maarten Vandevoordt,BEL,GB,22,6,4,429,4.8,0,0,0,0,0,0,0,0,0.0,0.0,0.0,0.0,0,4,0,0.0,0.0,0.0,0.0,0.0,0.0,0.0,0.0,0.0,0.0,maarten vandevoordt,Goalkeeper,right,192.0,L1,8000000.0,11000000.0,https://img.a.transfermarkt.technology/portrait/header/486046-1724337345.jpg?lm=1,https://www.transfermarkt.co.uk/maarten-vandevoordt/profil/spieler/486046
906,Xaver Schlager,AUT,MT,26,4,2,181,2.0,0,0,0,0,0,0,1,0,0.1,0.1,0.7,0.8,5,6,2,0.0,0.0,0.0,0.0,0.0,0.03,0.35,0.38,0.03,0.38,xaver schlager,Midfield,left,174.0,L1,18000000.0,28000000.0,https://img.a.transfermarkt.technology/portrait/header/223979-1713945331.jpg?lm=1,https://www.transfermarkt.co.uk/xaver-schlager/profil/spieler/223979
907,Tidiam Gomis,FRA,"MT,AT",17,8,1,152,1.7,0,1,1,0,0,0,2,0,0.3,0.3,0.9,1.2,5,3,14,0.0,0.59,0.59,0.0,0.59,0.15,0.55,0.7,0.15,0.7,tidiam gomis,Attack,right,183.0,L1,3000000.0,3000000.0,https://img.a.transfermarkt.technology/portrait/header/955448-1736408355.jpg?lm=1,https://www.transfermarkt.co.uk/tidiam-gomis/profil/spieler/955448
908,Mohamed Simakan,FRA,DF,24,1,1,54,0.6,0,0,0,0,0,0,0,0,0.0,0.0,0.3,0.3,3,7,4,0.0,0.0,0.0,0.0,0.0,0.0,0.46,0.46,0.0,0.46,mohamed simakan,Defender,right,187.0,L1,35000000.0,35000000.0,https://img.a.transfermarkt.technology/portrait/header/666234-1713944910.jpg?lm=1,https://www.transfermarkt.co.uk/mohamed-simakan/profil/spieler/666234
909,Assan Ouedraogo,GER,MT,18,3,0,50,0.6,0,0,0,0,0,0,0,0,0.1,0.1,0.0,0.1,2,1,2,0.0,0.0,0.0,0.0,0.0,0.11,0.0,0.11,0.11,0.11,assan ouedraogo,Midfield,right,191.0,L1,10000000.0,10000000.0,https://img.a.transfermarkt.technology/portrait/header/897424-1689877890.jpg?lm=1,https://www.transfermarkt.co.uk/assan-ouedraogo/profil/spieler/897424
911,Viggo Gebel,GER,MT,16,1,0,14,0.2,0,0,0,0,0,0,0,0,0.0,0.0,0.0,0.0,0,0,3,0.0,0.0,0.0,0.0,0.0,0.0,0.0,0.0,0.0,0.0,viggo gebel,Midfield,,175.0,L1,350000.0,350000.0,https://img.a.transfermarkt.technology/portrait/header/1074526-1723447785.jpg?lm=1,https://www.transfermarkt.co.uk/viggo-gebel/profil/spieler/1074526
913,Michael Zetterer,GER,GB,29,34,34,"3,060",34.0,0,0,0,0,0,0,2,0,0.0,0.0,0.0,0.0,0,3,0,0.0,0.0,0.0,0.0,0.0,0.0,0.0,0.0,0.0,0.0,michael zetterer,Goalkeeper,both,187.0,L1,4500000.0,4500000.0,https://img.a.transfermarkt.technology/portrait/header/196813-1660208839.jpg?lm=1,https://www.transfermarkt.co.uk/michael-zetterer/profil/spieler/196813
914,Romano Schmid,AUT,MT,24,32,32,"2,834",31.5,5,4,9,4,1,1,4,0,4.3,3.5,6.2,9.7,107,279,201,0.16,0.13,0.29,0.13,0.25,0.14,0.2,0.33,0.11,0.31,romano schmid,Midfield,right,168.0,L1,15000000.0,15000000.0,https://img.a.transfermarkt.technology/portrait/header/346853-1730117104.jpg?lm=1,https://www.transfermarkt.co.uk/romano-schmid/profil/spieler/346853
915,Senne Lynen,BEL,MT,25,32,32,"2,733",30.4,0,1,1,0,0,0,9,0,1.1,1.1,0.6,1.7,9,91,28,0.0,0.03,0.03,0.0,0.03,0.04,0.02,0.06,0.04,0.06,senne lynen,Midfield,right,185.0,L1,9000000.0,9000000.0,https://img.a.transfermarkt.technology/portrait/header/338668-1722887459.jpg?lm=1,https://www.transfermarkt.co.uk/senne-lynen/profil/spieler/338668
916,Marvin Ducksch,GER,AT,30,32,30,"2,418",26.9,8,8,16,7,1,2,3,0,10.1,8.5,8.5,17.0,26,86,166,0.3,0.3,0.6,0.26,0.56,0.38,0.31,0.69,0.32,0.63,marvin ducksch,Attack,right,188.0,L1,7500000.0,9000000.0,https://img.a.transfermarkt.technology/portrait/header/125103-1660206693.jpg?lm=1,https://www.transfermarkt.co.uk/marvin-ducksch/profil/spieler/125103
917,Jens Stage,DEN,MT,27,28,26,"2,204",24.5,10,5,15,10,0,0,10,0,7.2,7.2,2.8,10.0,28,104,89,0.41,0.2,0.61,0.41,0.61,0.29,0.12,0.41,0.29,0.41,jens stage,Midfield,right,187.0,L1,12000000.0,12000000.0,https://img.a.transfermarkt.technology/portrait/header/289835-1660208628.jpg?lm=1,https://www.transfermarkt.co.uk/jens-stage/profil/spieler/289835
918,Marco Friedl,AUT,DF,26,26,25,"2,161",24.0,0,0,0,0,0,0,10,2,0.5,0.5,0.2,0.7,4,69,1,0.0,0.0,0.0,0.0,0.0,0.02,0.01,0.03,0.02,0.03,marco friedl,Defender,left,187.0,L1,10000000.0,10000000.0,https://img.a.transfermarkt.technology/portrait/header/156990-1660207986.jpg?lm=1,https://www.transfermarkt.co.uk/marco-friedl/profil/spieler/156990
919,Niklas Stark,GER,DF,29,26,25,"2,106",23.4,0,1,1,0,0,0,6,1,1.1,1.1,0.1,1.2,7,62,3,0.0,0.04,0.04,0.0,0.04,0.05,0.0,0.05,0.05,0.05,niklas stark,Defender,right,190.0,L1,5000000.0,20000000.0,https://img.a.transfermarkt.technology/portrait/header/162434-1660208662.jpg?lm=1,https://www.transfermarkt.co.uk/niklas-stark/profil/spieler/162434
920,Felix Agu,NGA,DF,24,22,21,"1,751",19.5,3,0,3,3,0,0,1,0,1.4,1.4,1.8,3.2,33,43,105,0.15,0.0,0.15,0.15,0.15,0.07,0.09,0.17,0.07,0.17,felix agu,Defender,right,180.0,L1,6000000.0,6000000.0,https://img.a.transfermarkt.technology/portrait/header/393512-1722887707.jpg?lm=1,https://www.transfermarkt.co.uk/felix-agu/profil/spieler/393512
921,Anthony Jung,GER,DF,32,28,20,"1,898",21.1,0,0,0,0,0,0,1,0,0.0,0.0,0.1,0.1,20,121,6,0.0,0.0,0.0,0.0,0.0,0.0,0.0,0.0,0.0,0.0,anthony jung,Defender,left,186.0,L1,1000000.0,1500000.0,https://img.a.transfermarkt.technology/portrait/header/58995-1660208184.jpg?lm=1,https://www.transfermarkt.co.uk/anthony-jung/profil/spieler/58995
922,Amos Pieper,GER,DF,26,23,16,"1,498",16.6,0,0,0,0,0,0,3,0,0.4,0.4,0.6,1.0,11,62,3,0.0,0.0,0.0,0.0,0.0,0.03,0.04,0.06,0.03,0.06,amos pieper,Defender,right,192.0,L1,3000000.0,7000000.0,https://img.a.transfermarkt.technology/portrait/header/334221-1660208427.jpg?lm=1,https://www.transfermarkt.co.uk/amos-pieper/profil/spieler/334221
924,Leonardo Bittencourt,GER,MT,30,27,10,982,10.9,2,1,3,2,0,0,3,0,1.6,1.6,1.6,3.2,19,64,38,0.18,0.09,0.27,0.18,0.27,0.15,0.14,0.29,0.15,0.29,leonardo bittencourt,Midfield,right,171.0,L1,2000000.0,7000000.0,https://img.a.transfermarkt.technology/portrait/header/93844-1660206490.jpg?lm=1,https://www.transfermarkt.co.uk/leonardo-bittencourt/profil/spieler/93844
925,Oliver Burke,SCO,AT,27,25,9,908,10.1,5,0,5,5,0,0,4,0,4.1,4.1,1.7,5.8,22,15,88,0.5,0.0,0.5,0.5,0.5,0.41,0.17,0.57,0.41,0.57,oliver burke,Attack,right,188.0,L1,1800000.0,12000000.0,https://img.a.transfermarkt.technology/portrait/header/341317-1660206566.jpg?lm=1,https://www.transfermarkt.co.uk/oliver-burke/profil/spieler/341317
926,Julián Malatini,ARG,DF,23,10,5,454,5.0,1,1,2,1,0,0,1,0,0.2,0.2,0.5,0.7,8,24,4,0.2,0.2,0.4,0.2,0.4,0.05,0.09,0.14,0.05,0.14,julian malatini,Defender,right,191.0,L1,3000000.0,3000000.0,https://img.a.transfermarkt.technology/portrait/header/830108-1722887346.jpg?lm=1,https://www.transfermarkt.co.uk/julian-malatini/profil/spieler/830108
927,André Silva,POR,AT,28,7,4,375,4.2,1,0,1,0,1,2,1,0,2.6,1.0,0.4,1.4,6,10,28,0.24,0.0,0.24,0.0,0.0,0.62,0.09,0.71,0.24,0.33,andre silva,Attack,right,186.0,L1,5000000.0,45000000.0,https://img.a.transfermarkt.technology/portrait/header/198008-1724336978.jpg?lm=1,https://www.transfermarkt.co.uk/andre-silva/profil/spieler/198008
927,André Silva,POR,AT,28,7,4,375,4.2,1,0,1,0,1,2,1,0,2.6,1.0,0.4,1.4,6,10,28,0.24,0.0,0.24,0.0,0.0,0.62,0.09,0.71,0.24,0.33,andre silva,Attack,left,181.0,PO1,3500000.0,3500000.0,https://img.a.transfermarkt.technology/portrait/header/565232-1695208367.jpg?lm=1,https://www.transfermarkt.co.uk/andre-silva/profil/spieler/565232
928,Skelly Alvero,FRA,MT,22,12,1,236,2.6,0,0,0,0,0,0,1,0,0.0,0.0,0.0,0.0,1,8,0,0.0,0.0,0.0,0.0,0.0,0.01,0.0,0.01,0.01,0.01,skelly alvero,Midfield,right,202.0,L1,3000000.0,4000000.0,https://img.a.transfermarkt.technology/portrait/header/855134-1706082508.jpg?lm=1,https://www.transfermarkt.co.uk/skelly-alvero/profil/spieler/855134
929,Olivier Deman,BEL,DF,24,9,0,67,0.7,0,0,0,0,0,0,1,0,0.0,0.0,0.1,0.1,2,4,1,0.0,0.0,0.0,0.0,0.0,0.0,0.15,0.15,0.0,0.15,olivier deman,Defender,left,181.0,BE1,3000000.0,6000000.0,https://img.a.transfermarkt.technology/portrait/header/621802-1722887784.jpg?lm=1,https://www.transfermarkt.co.uk/olivier-deman/profil/spieler/621802
930,Alexander Nübel,GER,GB,27,34,34,"3,060",34.0,0,1,1,0,0,0,0,0,0.0,0.0,0.3,0.3,0,0,0,0.0,0.03,0.03,0.0,0.03,0.0,0.01,0.01,0.0,0.01,alexander nubel,Goalkeeper,right,193.0,L1,12000000.0,16000000.0,https://img.a.transfermarkt.technology/portrait/header/195778-1691998861.jpg?lm=1,https://www.transfermarkt.co.uk/alexander-nubel/profil/spieler/195778
931,Angelo Stiller,GER,MT,23,32,31,"2,741",30.5,1,8,9,1,0,0,6,0,1.8,1.8,7.2,9.0,39,289,69,0.03,0.26,0.3,0.03,0.3,0.06,0.24,0.29,0.06,0.29,angelo stiller,Midfield,left,183.0,L1,38000000.0,38000000.0,https://img.a.transfermarkt.technology/portrait/header/443710-1723707618.jpg?lm=1,https://www.transfermarkt.co.uk/angelo-stiller/profil/spieler/443710
932,Maximilian Mittelstädt,GER,DF,27,31,28,"2,469",27.4,1,7,8,1,0,0,5,0,0.9,0.9,4.7,5.6,62,182,155,0.04,0.26,0.29,0.04,0.29,0.03,0.17,0.2,0.03,0.2,maximilian mittelstadt,Defender,left,180.0,L1,20000000.0,20000000.0,https://img.a.transfermarkt.technology/portrait/header/282660-1723707584.jpg?lm=1,https://www.transfermarkt.co.uk/maximilian-mittelstadt/profil/spieler/282660
934,Chris Führich,GER,"MT,AT",26,33,23,"1,981",22.0,2,3,5,2,0,0,1,0,2.9,2.9,3.7,6.6,114,95,202,0.09,0.14,0.23,0.09,0.23,0.13,0.17,0.3,0.13,0.3,chris fuhrich,Attack,right,181.0,L1,18000000.0,28000000.0,https://img.a.transfermarkt.technology/portrait/header/272278-1691999004.jpg?lm=1,https://www.transfermarkt.co.uk/chris-fuhrich/profil/spieler/272278
935,Enzo Millot,FRA,"MT,AT",22,29,22,"1,843",20.5,6,5,11,6,0,1,9,0,7.6,6.7,3.1,9.8,44,118,123,0.29,0.24,0.54,0.29,0.54,0.37,0.15,0.52,0.33,0.48,enzo millot,Midfield,left,175.0,L1,35000000.0,42000000.0,https://img.a.transfermarkt.technology/portrait/header/569366-1723707547.jpg?lm=1,https://www.transfermarkt.co.uk/enzo-millot/profil/spieler/569366
936,Jamie Leweling,GER,"MT,AT",23,27,22,"1,663",18.5,2,2,4,2,0,0,4,0,1.6,1.6,3.8,5.4,55,51,164,0.11,0.11,0.22,0.11,0.22,0.08,0.21,0.29,0.08,0.29,jamie leweling,Attack,both,185.0,L1,20000000.0,20000000.0,https://img.a.transfermarkt.technology/portrait/header/518505-1691999306.jpg?lm=1,https://www.transfermarkt.co.uk/jamie-leweling/profil/spieler/518505
938,Anthony Rouault,FRA,DF,23,18,14,"1,212",13.5,1,0,1,1,0,0,1,0,0.5,0.5,0.3,0.8,6,52,4,0.07,0.0,0.07,0.07,0.07,0.04,0.02,0.06,0.04,0.06,anthony rouault,Defender,right,186.0,FR1,10000000.0,10000000.0,https://img.a.transfermarkt.technology/portrait/header/690799-1723707069.jpg?lm=1,https://www.transfermarkt.co.uk/anthony-rouault/profil/spieler/690799
939,Leonidas Stergiou,SUI,DF,22,12,11,852,9.5,1,2,3,1,0,0,0,1,1.1,1.1,0.9,2.0,11,39,32,0.11,0.21,0.32,0.11,0.32,0.11,0.1,0.21,0.11,0.21,leonidas stergiou,Defender,right,181.0,L1,5000000.0,7000000.0,https://img.a.transfermarkt.technology/portrait/header/507345-1723707260.jpg?lm=1,https://www.transfermarkt.co.uk/leonidas-stergiou/profil/spieler/507345
940,Ramon Hendriks,NED,DF,23,25,10,"1,154",12.8,0,1,1,0,0,0,3,0,0.6,0.6,1.0,1.6,8,36,22,0.0,0.08,0.08,0.0,0.08,0.04,0.08,0.12,0.04,0.12,ramon hendriks,Defender,left,189.0,L1,5000000.0,5000000.0,https://img.a.transfermarkt.technology/portrait/header/436064-1723707702.jpg?lm=1,https://www.transfermarkt.co.uk/ramon-hendriks/profil/spieler/436064
941,Finn Jeltsch,GER,DF,18,12,9,780,8.7,0,0,0,0,0,0,2,0,0.1,0.1,0.1,0.1,8,31,5,0.0,0.0,0.0,0.0,0.0,0.01,0.01,0.02,0.01,0.02,finn jeltsch,Defender,right,188.0,L1,12000000.0,12000000.0,https://img.a.transfermarkt.technology/portrait/header/924117-1700052918.jpg?lm=1,https://www.transfermarkt.co.uk/finn-jeltsch/profil/spieler/924117
942,Fabian Rieder,SUI,"MT,AT",22,21,8,867,9.6,1,3,4,1,0,0,1,0,1.4,1.4,2.0,3.4,20,38,61,0.1,0.31,0.42,0.1,0.42,0.14,0.21,0.35,0.14,0.35,fabian rieder,Attack,left,179.0,L1,7000000.0,15000000.0,https://img.a.transfermarkt.technology/portrait/header/507341-1723707005.jpg?lm=1,https://www.transfermarkt.co.uk/fabian-rieder/profil/spieler/507341
943,Anrie Chase,JPN,DF,20,12,7,734,8.2,0,0,0,0,0,0,1,0,0.1,0.1,0.0,0.1,6,28,2,0.0,0.0,0.0,0.0,0.0,0.02,0.0,0.02,0.02,0.02,anrie chase,Defender,right,188.0,L1,4000000.0,5000000.0,https://img.a.transfermarkt.technology/portrait/header/948537-1723636639.jpg?lm=1,https://www.transfermarkt.co.uk/anrie-chase/profil/spieler/948537
944,Ameen Al-Dakhil,BEL,DF,22,7,6,432,4.8,0,0,0,0,0,0,0,1,0.1,0.1,0.2,0.2,1,12,0,0.0,0.0,0.0,0.0,0.0,0.01,0.04,0.05,0.01,0.05,ameen al dakhil,Defender,right,187.0,L1,7500000.0,15000000.0,https://img.a.transfermarkt.technology/portrait/header/620598-1626685322.jpg?lm=1,https://www.transfermarkt.co.uk/ameen-al-dakhil/profil/spieler/620598
945,Pascal Stenzel,GER,DF,28,10,4,290,3.2,0,0,0,0,0,0,0,0,0.3,0.3,0.6,0.9,2,12,16,0.0,0.0,0.0,0.0,0.0,0.1,0.17,0.28,0.1,0.28,pascal stenzel,Defender,right,183.0,L1,2500000.0,6500000.0,https://img.a.transfermarkt.technology/portrait/header/195246-1657181494.jpg?lm=1,https://www.transfermarkt.co.uk/pascal-stenzel/profil/spieler/195246
946,Jacob Bruun Larsen,DEN,"MT,AT",25,15,3,414,4.6,1,0,1,1,0,0,1,0,0.6,0.6,1.2,1.8,19,19,40,0.22,0.0,0.22,0.22,0.22,0.13,0.27,0.39,0.13,0.39,jacob bruun larsen,Attack,right,183.0,L1,6000000.0,20000000.0,https://img.a.transfermarkt.technology/portrait/header/293281-1657201254.jpg?lm=1,https://www.transfermarkt.co.uk/jacob-bruun-larsen/profil/spieler/293281
947,Yannik Keitel,GER,MT,24,11,2,270,3.0,0,0,0,0,0,0,1,0,0.5,0.5,0.0,0.6,2,11,3,0.0,0.0,0.0,0.0,0.0,0.18,0.01,0.19,0.18,0.19,yannik keitel,Midfield,both,186.0,L1,3500000.0,5000000.0,https://img.a.transfermarkt.technology/portrait/header/342039-1723707660.jpg?lm=1,https://www.transfermarkt.co.uk/yannik-keitel/profil/spieler/342039
948,Luca Jaquez,SUI,DF,21,5,2,253,2.8,0,0,0,0,0,0,0,0,0.2,0.2,0.0,0.2,5,18,0,0.0,0.0,0.0,0.0,0.0,0.08,0.0,0.08,0.08,0.08,luca jaquez,Defender,right,187.0,L1,6000000.0,6000000.0,https://img.a.transfermarkt.technology/portrait/header/539798-1652899441.png?lm=1,https://www.transfermarkt.co.uk/luca-jaquez/profil/spieler/539798
949,Frans Krätzig,GER,DF,21,1,1,56,0.6,0,0,0,0,0,0,0,0,0.0,0.0,0.0,0.0,0,2,2,0.0,0.0,0.0,0.0,0.0,0.0,0.0,0.0,0.0,0.0,frans kratzig,Midfield,left,177.0,L1,2000000.0,2000000.0,https://img.a.transfermarkt.technology/portrait/header/604320-1723707384.jpg?lm=1,https://www.transfermarkt.co.uk/frans-kratzig/profil/spieler/604320
950,Nikolas Nartey,DEN,MT,24,1,0,22,0.2,0,0,0,0,0,0,0,0,0.0,0.0,0.0,0.0,0,0,0,0.0,0.0,0.0,0.0,0.0,0.0,0.0,0.0,0.0,0.0,nikolas nartey,Midfield,left,186.0,L1,400000.0,1800000.0,https://img.a.transfermarkt.technology/portrait/header/400546-1657181830.jpg?lm=1,https://www.transfermarkt.co.uk/nikolas-nartey/profil/spieler/400546
951,Jarzinho Malanga,GER,DF,18,1,0,2,0.0,0,0,0,0,0,0,0,0,0.0,0.0,0.0,0.0,0,0,2,0.0,0.0,0.0,0.0,0.0,0.0,0.0,0.0,0.0,0.0,jarzinho malanga,Attack,right,179.0,L1,1400000.0,1400000.0,https://img.a.transfermarkt.technology/portrait/header/1031774-1684406188.jpg?lm=1,https://www.transfermarkt.co.uk/jarzinho-malanga/profil/spieler/1031774
952,Julian Weigl,GER,MT,28,33,33,"2,881",32.0,0,2,2,0,0,0,8,0,0.7,0.7,1.1,1.9,11,122,9,0.0,0.06,0.06,0.0,0.06,0.02,0.03,0.06,0.02,0.06,julian weigl,Midfield,right,186.0,L1,6000000.0,30000000.0,https://img.a.transfermarkt.technology/portrait/header/196792-1662965628.jpg?lm=1,https://www.transfermarkt.co.uk/julian-weigl/profil/spieler/196792
953,Ko Itakura,JPN,DF,27,31,31,"2,790",31.0,3,0,3,3,0,0,5,0,1.6,1.6,0.8,2.5,23,69,5,0.1,0.0,0.1,0.1,0.1,0.05,0.03,0.08,0.05,0.08,ko itakura,Defender,right,188.0,L1,12000000.0,15000000.0,https://img.a.transfermarkt.technology/portrait/header/355816-1662966245.jpg?lm=1,https://www.transfermarkt.co.uk/ko-itakura/profil/spieler/355816
954,Tim Kleindienst,GER,AT,28,31,31,"2,737",30.4,16,7,23,15,1,2,5,1,13.6,11.9,6.2,18.0,45,63,145,0.53,0.23,0.76,0.49,0.72,0.45,0.2,0.65,0.39,0.59,tim kleindienst,Attack,both,194.0,L1,17000000.0,17000000.0,https://img.a.transfermarkt.technology/portrait/header/193033-1722945738.jpg?lm=1,https://www.transfermarkt.co.uk/tim-kleindienst/profil/spieler/193033
955,Joe Scally,USA,DF,21,32,30,"2,578",28.6,0,0,0,0,0,0,6,0,0.4,0.4,1.1,1.5,52,68,69,0.0,0.0,0.0,0.0,0.0,0.01,0.04,0.05,0.01,0.05,joe scally,Defender,right,184.0,L1,10000000.0,12000000.0,https://img.a.transfermarkt.technology/portrait/header/504153-1662965954.jpg?lm=1,https://www.transfermarkt.co.uk/joe-scally/profil/spieler/504153
956,Nico Elvedi,SUI,DF,27,25,25,"2,135",23.7,1,1,2,1,0,0,1,0,2.0,2.0,0.4,2.5,20,55,5,0.04,0.04,0.08,0.04,0.08,0.09,0.02,0.1,0.09,0.1,nico elvedi,Defender,right,189.0,L1,8000000.0,35000000.0,https://img.a.transfermarkt.technology/portrait/header/192635-1691249306.jpg?lm=1,https://www.transfermarkt.co.uk/nico-elvedi/profil/spieler/192635
957,Lukas Ullrich,GER,DF,20,26,24,"1,903",21.1,1,2,3,1,0,0,4,0,0.9,0.9,1.8,2.7,31,39,71,0.05,0.09,0.14,0.05,0.14,0.04,0.09,0.13,0.04,0.13,lukas ullrich,Defender,left,180.0,L1,8000000.0,8000000.0,https://img.a.transfermarkt.technology/portrait/header/787151-1691248738.jpg?lm=1,https://www.transfermarkt.co.uk/lukas-ullrich/profil/spieler/787151
958,Alassane Pléa,FRA,"MT,AT",31,30,24,"1,902",21.1,11,4,15,10,1,1,3,0,7.4,6.6,3.1,9.8,51,116,141,0.52,0.19,0.71,0.47,0.66,0.35,0.15,0.5,0.31,0.46,alassane plea,Attack,right,181.0,L1,6000000.0,38000000.0,https://img.a.transfermarkt.technology/portrait/header/167329-1627997314.jpg?lm=1,https://www.transfermarkt.co.uk/alassane-plea/profil/spieler/167329
959,Rocco Reitz,GER,MT,22,27,21,"1,830",20.3,2,1,3,2,0,0,1,0,1.7,1.7,2.1,3.8,18,91,30,0.1,0.05,0.15,0.1,0.15,0.08,0.1,0.19,0.08,0.19,rocco reitz,Midfield,right,176.0,L1,15000000.0,15000000.0,https://img.a.transfermarkt.technology/portrait/header/467434-1662966138.jpg?lm=1,https://www.transfermarkt.co.uk/rocco-reitz/profil/spieler/467434
960,Moritz Nicolas,GER,GB,26,19,19,"1,639",18.2,0,0,0,0,0,0,0,0,0.0,0.0,0.0,0.0,0,0,0,0.0,0.0,0.0,0.0,0.0,0.0,0.0,0.0,0.0,0.0,moritz nicolas,Goalkeeper,right,193.0,L1,5000000.0,5000000.0,https://img.a.transfermarkt.technology/portrait/header/284270-1722945496.jpg?lm=1,https://www.transfermarkt.co.uk/moritz-nicolas/profil/spieler/284270
961,Franck Honorat,FRA,AT,27,19,18,"1,439",16.0,4,7,11,4,0,0,0,0,4.5,4.5,5.3,9.8,63,45,124,0.25,0.44,0.69,0.25,0.69,0.28,0.33,0.61,0.28,0.61,franck honorat,Attack,right,180.0,L1,12000000.0,12000000.0,https://img.a.transfermarkt.technology/portrait/header/229006-1691248904.jpg?lm=1,https://www.transfermarkt.co.uk/franck-honorat/profil/spieler/229006
962,Kevin Stöger,AUT,MT,30,31,16,"1,551",17.2,3,3,6,1,2,2,3,0,3.9,2.3,5.3,7.6,40,121,95,0.17,0.17,0.35,0.06,0.23,0.22,0.31,0.53,0.13,0.44,kevin stoger,Midfield,left,175.0,L1,4500000.0,6000000.0,https://img.a.transfermarkt.technology/portrait/header/106872-1722945684.jpg?lm=1,https://www.transfermarkt.co.uk/kevin-stoger/profil/spieler/106872
963,Philipp Sander,GER,MT,26,27,16,"1,400",15.6,1,0,1,1,0,0,2,0,1.2,1.2,0.6,1.8,16,60,29,0.06,0.0,0.06,0.06,0.06,0.08,0.04,0.12,0.08,0.12,philipp sander,Midfield,both,186.0,L1,4000000.0,4000000.0,https://img.a.transfermarkt.technology/portrait/header/388409-1706105305.jpg?lm=1,https://www.transfermarkt.co.uk/philipp-sander/profil/spieler/388409
964,Jonas Omlin,SUI,GB,30,12,11,978,10.9,0,0,0,0,0,0,0,1,0.0,0.0,0.0,0.0,0,0,0,0.0,0.0,0.0,0.0,0.0,0.0,0.0,0.0,0.0,0.0,jonas omlin,Goalkeeper,right,190.0,L1,2500000.0,9000000.0,https://img.a.transfermarkt.technology/portrait/header/247915-1691248651.jpg?lm=1,https://www.transfermarkt.co.uk/jonas-omlin/profil/spieler/247915
965,Marvin Friedrich,GER,DF,28,22,9,989,11.0,0,1,1,0,0,0,0,0,0.4,0.4,0.6,1.1,11,36,3,0.0,0.09,0.09,0.0,0.09,0.04,0.06,0.1,0.04,0.1,marvin friedrich,Defender,right,193.0,L1,3500000.0,10000000.0,https://img.a.transfermarkt.technology/portrait/header/196231-1662966392.jpg?lm=1,https://www.transfermarkt.co.uk/marvin-friedrich/profil/spieler/196231
967,Luca Netz,GER,DF,21,24,8,969,10.8,0,2,2,0,0,0,2,0,0.2,0.2,1.9,2.1,16,28,55,0.0,0.19,0.19,0.0,0.19,0.02,0.18,0.2,0.02,0.2,luca netz,Defender,left,184.0,L1,7000000.0,10000000.0,https://img.a.transfermarkt.technology/portrait/header/524285-1662966052.jpg?lm=1,https://www.transfermarkt.co.uk/luca-netz/profil/spieler/524285
969,Stefan Lainer,AUT,DF,31,21,6,757,8.4,1,0,1,1,0,0,2,0,0.3,0.3,1.0,1.3,25,25,32,0.12,0.0,0.12,0.12,0.12,0.04,0.12,0.15,0.04,0.15,stefan lainer,Defender,right,175.0,L1,1800000.0,18000000.0,https://img.a.transfermarkt.technology/portrait/header/85791-1627997478.jpg?lm=1,https://www.transfermarkt.co.uk/stefan-lainer/profil/spieler/85791
971,Fabio Chiarodia,ITA,DF,19,16,3,379,4.2,1,0,1,1,0,0,0,0,0.3,0.3,0.4,0.7,1,10,1,0.24,0.0,0.24,0.24,0.24,0.07,0.1,0.17,0.07,0.17,fabio chiarodia,Defender,left,186.0,L1,2000000.0,2000000.0,https://img.a.transfermarkt.technology/portrait/header/724104-1722945535.jpg?lm=1,https://www.transfermarkt.co.uk/fabio-chiarodia/profil/spieler/724104
972,Florian Neuhaus,GER,MT,27,18,2,382,4.2,0,1,1,0,0,0,1,0,0.6,0.6,0.3,0.9,10,27,8,0.0,0.24,0.24,0.0,0.24,0.14,0.08,0.22,0.14,0.22,florian neuhaus,Midfield,right,185.0,L1,3500000.0,38000000.0,https://img.a.transfermarkt.technology/portrait/header/278332-1739091435.jpg?lm=1,https://www.transfermarkt.co.uk/florian-neuhaus/profil/spieler/278332
974,Tobias Sippel,GER,GB,36,1,0,59,0.7,0,0,0,0,0,0,0,0,0.0,0.0,0.0,0.0,0,0,0,0.0,0.0,0.0,0.0,0.0,0.0,0.0,0.0,0.0,0.0,tobias sippel,Goalkeeper,right,183.0,L1,300000.0,3000000.0,https://img.a.transfermarkt.technology/portrait/header/31653-1662965792.jpg?lm=1,https://www.transfermarkt.co.uk/tobias-sippel/profil/spieler/31653
977,Kamil Grabara,POL,GB,25,29,29,"2,585",28.7,0,0,0,0,0,0,2,0,0.0,0.0,0.0,0.0,0,2,0,0.0,0.0,0.0,0.0,0.0,0.0,0.0,0.0,0.0,0.0,kamil grabara,Goalkeeper,right,195.0,L1,14000000.0,14000000.0,https://img.a.transfermarkt.technology/portrait/header/346551-1724770843.jpg?lm=1,https://www.transfermarkt.co.uk/kamil-grabara/profil/spieler/346551
978,Mohamed Amoura,ALG,AT,24,31,29,"2,467",27.4,10,9,19,8,2,2,6,0,8.7,7.2,4.0,11.2,81,61,244,0.36,0.33,0.69,0.29,0.62,0.32,0.15,0.46,0.26,0.41,mohamed amoura,Attack,right,170.0,L1,32000000.0,32000000.0,https://img.a.transfermarkt.technology/portrait/header/746910-1724771303.jpg?lm=1,https://www.transfermarkt.co.uk/mohamed-amoura/profil/spieler/746910
979,Kilian Fischer,GER,DF,23,32,29,"2,297",25.5,1,0,1,1,0,0,7,0,0.3,0.3,0.5,0.8,51,110,89,0.04,0.0,0.04,0.04,0.04,0.01,0.02,0.03,0.01,0.03,kilian fischer,Defender,both,182.0,L1,6000000.0,6000000.0,https://img.a.transfermarkt.technology/portrait/header/435796-1657202527.jpg?lm=1,https://www.transfermarkt.co.uk/kilian-fischer/profil/spieler/435796
980,Konstantinos Koulierakis,GRE,DF,20,30,28,"2,468",27.4,0,2,2,0,0,0,4,0,1.0,1.0,1.0,1.9,20,104,8,0.0,0.07,0.07,0.0,0.07,0.03,0.04,0.07,0.03,0.07,konstantinos koulierakis,Defender,left,188.0,L1,20000000.0,20000000.0,https://img.a.transfermarkt.technology/portrait/header/669380-1694780769.png?lm=1,https://www.transfermarkt.co.uk/konstantinos-koulierakis/profil/spieler/669380
981,Denis Vavro,SVK,DF,28,29,27,"2,461",27.3,2,0,2,2,0,0,4,0,1.4,1.4,0.2,1.6,9,96,3,0.07,0.0,0.07,0.07,0.07,0.05,0.01,0.06,0.05,0.06,denis vavro,Defender,right,189.0,L1,7000000.0,8000000.0,https://img.a.transfermarkt.technology/portrait/header/239962-1731920675.jpg?lm=1,https://www.transfermarkt.co.uk/denis-vavro/profil/spieler/239962
982,Maximilian Arnold,GER,MT,30,28,27,"2,356",26.2,3,5,8,3,0,0,7,1,0.9,0.9,3.5,4.3,9,128,16,0.11,0.19,0.31,0.11,0.31,0.03,0.13,0.17,0.03,0.17,maximilian arnold,Midfield,left,184.0,L1,7000000.0,19000000.0,https://img.a.transfermarkt.technology/portrait/header/117674-1660652294.JPG?lm=1,https://www.transfermarkt.co.uk/maximilian-arnold/profil/spieler/117674
984,Patrick Wimmer,AUT,"MT,AT",23,29,22,"1,770",19.7,3,4,7,3,0,0,5,1,3.7,3.7,2.9,6.7,46,91,75,0.15,0.2,0.36,0.15,0.36,0.19,0.15,0.34,0.19,0.34,patrick wimmer,Attack,right,182.0,L1,15000000.0,18000000.0,https://img.a.transfermarkt.technology/portrait/header/533295-1657203456.jpg?lm=1,https://www.transfermarkt.co.uk/patrick-wimmer/profil/spieler/533295
985,Bence Dárdai,HUN,MT,18,21,16,"1,304",14.5,1,1,2,1,0,0,0,0,1.0,1.0,1.0,2.1,5,39,24,0.07,0.07,0.14,0.07,0.14,0.07,0.07,0.14,0.07,0.14,bence dardai,Midfield,right,189.0,L1,9000000.0,9000000.0,https://img.a.transfermarkt.technology/portrait/header/789252-1695045596.jpg?lm=1,https://www.transfermarkt.co.uk/bence-dardai/profil/spieler/789252
986,Yannick Gerhardt,GER,"MT,DF",30,29,15,"1,518",16.9,1,1,2,1,0,0,5,1,1.2,1.2,0.2,1.4,27,57,63,0.06,0.06,0.12,0.06,0.12,0.07,0.01,0.08,0.07,0.08,yannick gerhardt,Midfield,left,184.0,L1,3000000.0,12000000.0,https://img.a.transfermarkt.technology/portrait/header/119277-1657203024.jpg?lm=1,https://www.transfermarkt.co.uk/yannick-gerhardt/profil/spieler/119277
987,Mattias Svanberg,SWE,MT,25,20,14,"1,219",13.5,3,1,4,3,0,0,4,0,3.6,3.6,1.7,5.4,11,36,39,0.22,0.07,0.3,0.22,0.3,0.27,0.13,0.4,0.27,0.4,mattias svanberg,Midfield,right,185.0,L1,12000000.0,18000000.0,https://img.a.transfermarkt.technology/portrait/header/342405-1689866072.jpg?lm=1,https://www.transfermarkt.co.uk/mattias-svanberg/profil/spieler/342405
988,Sebastiaan Bornauw,BEL,DF,25,15,8,788,8.8,2,1,3,2,0,0,2,0,1.2,1.2,0.5,1.7,3,21,1,0.23,0.11,0.34,0.23,0.34,0.14,0.06,0.2,0.14,0.2,sebastiaan bornauw,Defender,right,191.0,L1,7000000.0,14000000.0,https://img.a.transfermarkt.technology/portrait/header/338629-1657202272.jpg?lm=1,https://www.transfermarkt.co.uk/sebastiaan-bornauw/profil/spieler/338629
989,Aster Vranckx,BEL,MT,21,14,6,556,6.2,0,0,0,0,0,0,1,0,0.0,0.0,0.0,0.0,5,20,6,0.0,0.0,0.0,0.0,0.0,0.0,0.01,0.01,0.0,0.01,aster vranckx,Midfield,right,183.0,L1,9000000.0,12000000.0,https://img.a.transfermarkt.technology/portrait/header/503881-1657202999.jpg?lm=1,https://www.transfermarkt.co.uk/aster-vranckx/profil/spieler/503881
990,Cedric Zesiger,SUI,DF,26,7,5,522,5.8,0,0,0,0,0,0,4,0,0.1,0.1,0.0,0.1,3,19,2,0.0,0.0,0.0,0.0,0.0,0.01,0.0,0.01,0.01,0.01,cedric zesiger,Defender,left,194.0,L1,5500000.0,7500000.0,https://img.a.transfermarkt.technology/portrait/header/382478-1689866125.jpg?lm=1,https://www.transfermarkt.co.uk/cedric-zesiger/profil/spieler/382478
991,Marius Müller,GER,GB,31,6,5,475,5.3,0,0,0,0,0,0,0,0,0.0,0.0,0.0,0.0,0,0,0,0.0,0.0,0.0,0.0,0.0,0.0,0.0,0.0,0.0,0.0,marius muller,Goalkeeper,right,192.0,L1,1500000.0,2000000.0,https://img.a.transfermarkt.technology/portrait/header/118161-1724771088.jpg?lm=1,https://www.transfermarkt.co.uk/marius-muller/profil/spieler/118161
992,Salih Özcan,TUR,MT,26,11,3,353,3.9,0,0,0,0,0,0,0,0,0.1,0.1,0.8,0.9,6,22,5,0.0,0.0,0.0,0.0,0.0,0.03,0.2,0.23,0.03,0.23,salih ozcan,Midfield,right,183.0,L1,5000000.0,17000000.0,https://img.a.transfermarkt.technology/portrait/header/244940-1709561120.jpg?lm=1,https://www.transfermarkt.co.uk/salih-ozcan/profil/spieler/244940
993,Lovro Majer,CRO,MT,26,9,3,304,3.4,2,1,3,1,1,1,1,0,1.4,0.6,1.1,1.7,8,17,10,0.59,0.3,0.89,0.3,0.59,0.41,0.31,0.72,0.18,0.49,lovro majer,Midfield,left,178.0,L1,20000000.0,27000000.0,https://img.a.transfermarkt.technology/portrait/header/387106-1695624038.jpg?lm=1,https://www.transfermarkt.co.uk/lovro-majer/profil/spieler/387106
994,Mads Roerslev,DEN,DF,25,7,2,298,3.3,0,0,0,0,0,0,0,0,0.0,0.0,0.0,0.0,7,13,18,0.0,0.0,0.0,0.0,0.0,0.0,0.01,0.01,0.0,0.01,mads roerslev,Defender,right,184.0,L1,8000000.0,12000000.0,https://img.a.transfermarkt.technology/portrait/header/391005-1684772936.jpg?lm=1,https://www.transfermarkt.co.uk/mads-roerslev/profil/spieler/391005
995,David Odogu,GER,DF,18,3,2,195,2.2,0,0,0,0,0,0,0,0,0.2,0.2,0.0,0.2,1,8,0,0.0,0.0,0.0,0.0,0.0,0.1,0.0,0.1,0.1,0.1,david odogu,Defender,right,191.0,L1,700000.0,700000.0,https://img.a.transfermarkt.technology/portrait/header/897423-1724771146.jpg?lm=1,https://www.transfermarkt.co.uk/david-odogu/profil/spieler/897423
996,Kevin Paredes,USA,DF,21,2,2,123,1.4,0,1,1,0,0,0,1,0,0.4,0.4,0.1,0.4,1,7,12,0.0,0.73,0.73,0.0,0.73,0.27,0.05,0.32,0.27,0.32,kevin paredes,Midfield,left,175.0,L1,7500000.0,7500000.0,https://img.a.transfermarkt.technology/portrait/header/711517-1657203115.jpg?lm=1,https://www.transfermarkt.co.uk/kevin-paredes/profil/spieler/711517
997,Kevin Behrens,GER,AT,33,18,0,170,1.9,1,0,1,1,0,0,2,0,2.3,2.3,0.1,2.4,2,4,18,0.53,0.0,0.53,0.53,0.53,1.24,0.06,1.3,1.24,1.3,kevin behrens,Attack,both,185.0,L1,1500000.0,4000000.0,https://img.a.transfermarkt.technology/portrait/header/117432-1692707679.jpg?lm=1,https://www.transfermarkt.co.uk/kevin-behrens/profil/spieler/117432
998,Jeffrey Gouweleeuw,NED,DF,33,33,33,"2,944",32.7,1,4,5,1,0,1,9,0,1.7,0.9,2.2,3.1,24,142,19,0.03,0.12,0.15,0.03,0.15,0.05,0.07,0.12,0.03,0.1,jeffrey gouweleeuw,Defender,right,188.0,L1,1500000.0,12000000.0,https://img.a.transfermarkt.technology/portrait/header/106405-1723534156.jpg?lm=1,https://www.transfermarkt.co.uk/jeffrey-gouweleeuw/profil/spieler/106405
1000,Frank Onyeka,NGA,MT,26,31,30,"2,586",28.7,0,1,1,0,0,0,8,0,1.4,1.4,1.3,2.7,46,106,71,0.0,0.03,0.03,0.0,0.03,0.05,0.04,0.09,0.05,0.09,frank onyeka,Midfield,right,183.0,L1,7000000.0,10000000.0,https://img.a.transfermarkt.technology/portrait/header/421637-1726605377.jpg?lm=1,https://www.transfermarkt.co.uk/frank-onyeka/profil/spieler/421637
1001,Chrislain Matsima,FRA,DF,22,30,28,"2,551",28.3,1,1,2,1,0,0,4,0,1.8,1.8,0.3,2.1,14,84,13,0.04,0.04,0.07,0.04,0.07,0.06,0.01,0.07,0.06,0.07,chrislain matsima,Defender,right,193.0,L1,17000000.0,17000000.0,https://img.a.transfermarkt.technology/portrait/header/569383-1726605447.jpg?lm=1,https://www.transfermarkt.co.uk/chrislain-matsima/profil/spieler/569383
1002,Marius Wolf,GER,DF,29,32,28,"2,144",23.8,1,3,4,1,0,0,2,0,0.7,0.7,3.2,3.9,36,117,95,0.04,0.13,0.17,0.04,0.17,0.03,0.14,0.16,0.03,0.16,marius wolf,Defender,right,188.0,L1,3000000.0,10000000.0,https://img.a.transfermarkt.technology/portrait/header/193900-1723533785.jpg?lm=1,https://www.transfermarkt.co.uk/marius-wolf/profil/spieler/193900
1004,Alexis Claude-Maurice,FRA,"MT,AT",26,28,25,"2,109",23.4,9,2,11,9,0,0,4,0,4.7,4.7,1.2,5.9,59,61,102,0.38,0.09,0.47,0.38,0.47,0.2,0.05,0.25,0.2,0.25,alexis claude maurice,Midfield,right,176.0,L1,12000000.0,12000000.0,https://img.a.transfermarkt.technology/portrait/header/384593-1726605505.jpg?lm=1,https://www.transfermarkt.co.uk/alexis-claude-maurice/profil/spieler/384593
1005,Elvis Rexhbeçaj,KVX,MT,26,27,22,"1,785",19.8,1,1,2,1,0,0,8,0,1.4,1.4,1.1,2.5,31,94,82,0.05,0.05,0.1,0.05,0.1,0.07,0.05,0.13,0.07,0.13,elvis rexhbecaj,Midfield,left,182.0,L1,3500000.0,8000000.0,https://img.a.transfermarkt.technology/portrait/header/280575-1723534071.jpg?lm=1,https://www.transfermarkt.co.uk/elvis-rexhbecaj/profil/spieler/280575
1006,Samuel Essende,COD,AT,26,30,21,"1,636",18.2,7,2,9,7,0,0,4,2,4.2,4.2,1.3,5.5,33,21,118,0.39,0.11,0.5,0.39,0.5,0.23,0.07,0.3,0.23,0.3,samuel essende,Attack,right,193.0,L1,4500000.0,4500000.0,https://img.a.transfermarkt.technology/portrait/header/395522-1722849662.jpg?lm=1,https://www.transfermarkt.co.uk/samuel-essende/profil/spieler/395522
1007,Finn Dahmen,GER,GB,26,19,19,"1,710",19.0,0,0,0,0,0,0,0,0,0.0,0.0,0.0,0.0,0,3,0,0.0,0.0,0.0,0.0,0.0,0.0,0.0,0.0,0.0,0.0,finn dahmen,Goalkeeper,right,186.0,L1,6000000.0,6000000.0,https://img.a.transfermarkt.technology/portrait/header/251299-1722849607.jpg?lm=1,https://www.transfermarkt.co.uk/finn-dahmen/profil/spieler/251299
1008,Phillip Tietz,GER,AT,27,34,19,"1,686",18.7,7,2,9,6,1,1,4,0,6.1,5.3,1.2,6.5,8,29,113,0.37,0.11,0.48,0.32,0.43,0.33,0.07,0.39,0.28,0.35,phillip tietz,Attack,right,190.0,L1,5000000.0,5000000.0,https://img.a.transfermarkt.technology/portrait/header/288340-1723534293.jpg?lm=1,https://www.transfermarkt.co.uk/phillip-tietz/profil/spieler/288340
1010,Keven Schlotterbeck,GER,DF,27,18,15,"1,297",14.4,3,1,4,3,0,0,4,1,0.8,0.8,0.6,1.4,3,59,2,0.21,0.07,0.28,0.21,0.28,0.05,0.04,0.1,0.05,0.1,keven schlotterbeck,Defender,left,188.0,L1,7000000.0,7500000.0,https://img.a.transfermarkt.technology/portrait/header/413843-1722849820.jpg?lm=1,https://www.transfermarkt.co.uk/keven-schlotterbeck/profil/spieler/413843
1011,Cedric Zesiger,SUI,DF,26,15,15,"1,221",13.6,0,2,2,0,0,0,7,1,1.2,1.2,1.3,2.5,4,40,7,0.0,0.15,0.15,0.0,0.15,0.09,0.09,0.18,0.09,0.18,cedric zesiger,Defender,left,194.0,L1,5500000.0,7500000.0,https://img.a.transfermarkt.technology/portrait/header/382478-1689866125.jpg?lm=1,https://www.transfermarkt.co.uk/cedric-zesiger/profil/spieler/382478
1012,Fredrik Jensen,FIN,MT,26,20,9,763,8.5,0,0,0,0,0,0,0,0,0.7,0.7,0.7,1.4,16,20,58,0.0,0.0,0.0,0.0,0.0,0.08,0.08,0.16,0.08,0.16,fredrik jensen,Midfield,right,183.0,L1,3500000.0,3500000.0,https://img.a.transfermarkt.technology/portrait/header/249157-1722850499.jpg?lm=1,https://www.transfermarkt.co.uk/fredrik-jensen/profil/spieler/249157
1013,Maximilian Bauer,GER,DF,24,11,8,658,7.3,0,0,0,0,0,0,1,0,0.2,0.2,0.1,0.3,4,30,7,0.0,0.0,0.0,0.0,0.0,0.02,0.01,0.04,0.02,0.04,maximilian bauer,Defender,right,189.0,L1,3000000.0,3500000.0,https://img.a.transfermarkt.technology/portrait/header/388363-1723533985.jpg?lm=1,https://www.transfermarkt.co.uk/maximilian-bauer/profil/spieler/388363
1014,Arne Maier,GER,MT,25,28,7,938,10.4,0,0,0,0,0,0,0,1,1.5,1.5,1.5,3.0,19,44,56,0.0,0.0,0.0,0.0,0.0,0.15,0.14,0.29,0.15,0.29,arne maier,Midfield,right,186.0,L1,4000000.0,24000000.0,https://img.a.transfermarkt.technology/portrait/header/296397-1723534223.jpg?lm=1,https://www.transfermarkt.co.uk/arne-maier/profil/spieler/296397
1015,Mert Kömür,GER,MT,19,20,5,654,7.3,2,1,3,2,0,0,1,0,1.1,1.1,1.5,2.6,18,11,46,0.28,0.14,0.41,0.28,0.41,0.16,0.2,0.36,0.16,0.36,mert komur,Midfield,both,183.0,L1,5000000.0,5000000.0,https://img.a.transfermarkt.technology/portrait/header/777005-1723534018.jpg?lm=1,https://www.transfermarkt.co.uk/mert-komur/profil/spieler/777005
1016,Henri Koudossou,GER,DF,24,21,4,748,8.3,0,0,0,0,0,0,1,0,0.1,0.1,0.8,0.9,19,23,48,0.0,0.0,0.0,0.0,0.0,0.01,0.09,0.1,0.01,0.1,henri koudossou,Defender,both,180.0,L1,1500000.0,1500000.0,https://img.a.transfermarkt.technology/portrait/header/515624-1722850046.jpg?lm=1,https://www.transfermarkt.co.uk/henri-koudossou/profil/spieler/515624
1017,Ruben Vargas,SUI,"MT,AT",25,8,3,305,3.4,0,0,0,0,0,0,3,0,0.7,0.7,0.7,1.4,9,13,24,0.0,0.0,0.0,0.0,0.0,0.2,0.2,0.4,0.2,0.4,ruben vargas,Attack,right,179.0,ES1,7000000.0,13000000.0,https://img.a.transfermarkt.technology/portrait/header/345886-1722850174.jpg?lm=1,https://www.transfermarkt.co.uk/ruben-vargas/profil/spieler/345886
1018,Noahkai Banks,USA,DF,17,8,2,278,3.1,0,0,0,0,0,0,2,0,0.1,0.1,0.0,0.1,2,8,3,0.0,0.0,0.0,0.0,0.0,0.02,0.0,0.02,0.02,0.02,noahkai banks,Defender,right,193.0,L1,6000000.0,6000000.0,https://img.a.transfermarkt.technology/portrait/header/923945-1722849946.jpg?lm=1,https://www.transfermarkt.co.uk/noahkai-banks/profil/spieler/923945
1019,Robert Gumny,POL,DF,26,7,2,271,3.0,0,0,0,0,0,0,2,0,0.3,0.3,0.5,0.8,5,10,13,0.0,0.0,0.0,0.0,0.0,0.11,0.15,0.26,0.11,0.26,robert gumny,Defender,right,182.0,L1,2000000.0,5000000.0,https://img.a.transfermarkt.technology/portrait/header/353826-1723534351.jpg?lm=1,https://www.transfermarkt.co.uk/robert-gumny/profil/spieler/353826
1020,Mads Pedersen,DEN,DF,27,7,2,235,2.6,0,0,0,0,0,0,0,0,0.1,0.1,0.0,0.1,1,11,10,0.0,0.0,0.0,0.0,0.0,0.03,0.0,0.03,0.03,0.03,mads pedersen,Defender,left,178.0,L1,2500000.0,3500000.0,https://img.a.transfermarkt.technology/portrait/header/288429-1722849762.jpg?lm=1,https://www.transfermarkt.co.uk/mads-pedersen/profil/spieler/288429
1021,Tim Breithaupt,GER,MT,22,2,2,120,1.3,0,1,1,0,0,0,0,0,0.1,0.1,0.4,0.4,1,10,1,0.0,0.75,0.75,0.0,0.75,0.04,0.29,0.33,0.04,0.33,tim breithaupt,Midfield,right,192.0,L1,3000000.0,3500000.0,https://img.a.transfermarkt.technology/portrait/header/569457-1723534386.jpg?lm=1,https://www.transfermarkt.co.uk/tim-breithaupt/profil/spieler/569457
1022,Arne Engels,BEL,"MT,AT",20,1,1,79,0.9,0,0,0,0,0,0,1,0,0.4,0.4,0.0,0.4,1,1,5,0.0,0.0,0.0,0.0,0.0,0.45,0.0,0.45,0.45,0.45,arne engels,Midfield,right,185.0,SC1,12000000.0,12000000.0,https://img.a.transfermarkt.technology/portrait/header/565435-1722850116.jpg?lm=1,https://www.transfermarkt.co.uk/arne-engels/profil/spieler/565435
1023,Mergim Berisha,GER,AT,26,2,0,40,0.4,0,0,0,0,0,0,1,0,0.2,0.2,0.0,0.2,2,0,8,0.0,0.0,0.0,0.0,0.0,0.39,0.0,0.39,0.39,0.39,mergim berisha,Attack,right,188.0,L1,5000000.0,14000000.0,https://img.a.transfermarkt.technology/portrait/header/307924-1691251216.jpg?lm=1,https://www.transfermarkt.co.uk/mergim-berisha/profil/spieler/307924
1024,Niklas Dorsch,GER,MT,26,1,0,32,0.4,0,0,0,0,0,0,0,0,0.0,0.0,0.0,0.0,1,1,0,0.0,0.0,0.0,0.0,0.0,0.0,0.0,0.0,0.0,0.0,niklas dorsch,Midfield,right,178.0,L1,3500000.0,10000000.0,https://img.a.transfermarkt.technology/portrait/header/251302-1722850585.jpg?lm=1,https://www.transfermarkt.co.uk/niklas-dorsch/profil/spieler/251302
1025,Danilho Doekhi,NED,DF,26,34,34,"3,060",34.0,1,1,2,1,0,0,4,0,2.6,2.6,1.4,4.0,13,96,14,0.03,0.03,0.06,0.03,0.06,0.08,0.04,0.12,0.08,0.12,danilho doekhi,Defender,right,190.0,L1,13000000.0,17000000.0,https://img.a.transfermarkt.technology/portrait/header/387047-1692707468.jpg?lm=1,https://www.transfermarkt.co.uk/danilho-doekhi/profil/spieler/387047
1026,Rani Khedira,GER,MT,30,32,31,"2,723",30.3,1,1,2,1,0,0,7,0,1.4,1.4,0.6,2.1,12,80,34,0.03,0.03,0.07,0.03,0.07,0.05,0.02,0.07,0.05,0.07,rani khedira,Midfield,right,189.0,L1,3000000.0,10000000.0,https://img.a.transfermarkt.technology/portrait/header/124410-1692707430.jpg?lm=1,https://www.transfermarkt.co.uk/rani-khedira/profil/spieler/124410
1027,Diogo Leite,POR,DF,25,30,29,"2,546",28.3,1,2,3,1,0,0,3,0,1.4,1.4,1.0,2.4,20,116,16,0.04,0.07,0.11,0.04,0.11,0.05,0.04,0.08,0.05,0.08,diogo leite,Defender,left,190.0,L1,17000000.0,17000000.0,https://img.a.transfermarkt.technology/portrait/header/357156-1691999912.jpg?lm=1,https://www.transfermarkt.co.uk/diogo-leite/profil/spieler/357156
1029,Janik Haberer,GER,"MT,DF",30,28,21,"1,696",18.8,0,0,0,0,0,0,1,0,0.7,0.7,0.8,1.6,13,59,22,0.0,0.0,0.0,0.0,0.0,0.04,0.04,0.08,0.04,0.08,janik haberer,Midfield,right,187.0,L1,2500000.0,10000000.0,https://img.a.transfermarkt.technology/portrait/header/177779-1692707721.jpg?lm=1,https://www.transfermarkt.co.uk/janik-haberer/profil/spieler/177779
1030,Leopold Querfeld,AUT,DF,20,27,17,"1,747",19.4,2,2,4,2,0,0,8,0,1.1,1.1,1.0,2.2,3,49,5,0.1,0.1,0.21,0.1,0.21,0.06,0.05,0.11,0.06,0.11,leopold querfeld,Defender,right,190.0,L1,7000000.0,7000000.0,https://img.a.transfermarkt.technology/portrait/header/597432-1726351317.jpg?lm=1,https://www.transfermarkt.co.uk/leopold-querfeld/profil/spieler/597432
1031,András Schäfer,HUN,MT,25,26,17,"1,534",17.0,1,1,2,1,0,0,3,0,0.6,0.6,0.9,1.5,23,55,42,0.06,0.06,0.12,0.06,0.12,0.04,0.05,0.09,0.04,0.09,andras schafer,Midfield,right,178.0,L1,5000000.0,5000000.0,https://img.a.transfermarkt.technology/portrait/header/454863-1726351222.jpg?lm=1,https://www.transfermarkt.co.uk/andras-schafer/profil/spieler/454863
1033,Kevin Vogt,GER,DF,32,18,16,"1,367",15.2,1,0,1,0,1,1,6,0,0.8,0.0,0.0,0.0,11,70,2,0.07,0.0,0.07,0.0,0.0,0.05,0.0,0.05,0.0,0.0,kevin vogt,Defender,right,194.0,L1,2000000.0,17000000.0,https://img.a.transfermarkt.technology/portrait/header/84435-1726350948.jpg?lm=1,https://www.transfermarkt.co.uk/kevin-vogt/profil/spieler/84435
1034,Andrej Ilic,SRB,AT,24,16,11,937,10.4,7,0,7,6,1,1,1,0,4.9,4.1,0.3,4.4,5,13,59,0.67,0.0,0.67,0.58,0.58,0.47,0.03,0.5,0.39,0.42,andrej ilic,Attack,right,189.0,L1,2500000.0,3000000.0,https://img.a.transfermarkt.technology/portrait/header/583699-1726350811.jpg?lm=1,https://www.transfermarkt.co.uk/andrej-ilic/profil/spieler/583699
1035,Aljoscha Kemlein,GER,MT,19,15,11,922,10.2,1,0,1,1,0,0,3,0,0.9,0.9,0.6,1.5,5,42,19,0.1,0.0,0.1,0.1,0.1,0.09,0.06,0.15,0.09,0.15,aljoscha kemlein,Midfield,right,187.0,L1,7000000.0,7000000.0,https://img.a.transfermarkt.technology/portrait/header/692737-1691614020.jpg?lm=1,https://www.transfermarkt.co.uk/aljoscha-kemlein/profil/spieler/692737
1037,Yorbe Vertessen,BEL,"MT,AT",23,17,7,718,8.0,1,0,1,1,0,0,2,0,1.3,1.3,1.6,2.9,18,16,42,0.13,0.0,0.13,0.13,0.13,0.16,0.2,0.36,0.16,0.36,yorbe vertessen,Attack,right,174.0,L1,5000000.0,5000000.0,https://img.a.transfermarkt.technology/portrait/header/409517-1674914552.jpg?lm=1,https://www.transfermarkt.co.uk/yorbe-vertessen/profil/spieler/409517
1038,Lucas Tousart,FRA,MT,27,15,6,561,6.2,0,1,1,0,0,0,2,0,0.4,0.4,0.5,0.8,4,18,13,0.0,0.16,0.16,0.0,0.16,0.06,0.07,0.14,0.06,0.14,lucas tousart,Midfield,right,184.0,L1,4000000.0,25000000.0,https://img.a.transfermarkt.technology/portrait/header/353948-1691614305.jpg?lm=1,https://www.transfermarkt.co.uk/lucas-tousart/profil/spieler/353948
1039,Alexander Schwolow,GER,GB,32,6,6,540,6.0,0,0,0,0,0,0,0,0,0.0,0.0,0.0,0.0,0,0,0,0.0,0.0,0.0,0.0,0.0,0.0,0.0,0.0,0.0,0.0,alexander schwolow,Goalkeeper,right,190.0,L1,700000.0,9000000.0,https://img.a.transfermarkt.technology/portrait/header/93763-1726351593.jpg?lm=1,https://www.transfermarkt.co.uk/alexander-schwolow/profil/spieler/93763
1040,László Bénes,SVK,"MT,AT",26,23,3,589,6.5,2,1,3,2,0,0,4,0,0.9,0.9,1.0,1.9,6,28,34,0.31,0.15,0.46,0.31,0.46,0.14,0.15,0.29,0.14,0.29,laszlo benes,Midfield,left,181.0,L1,4000000.0,10000000.0,https://img.a.transfermarkt.technology/portrait/header/243188-1719585148.jpg?lm=1,https://www.transfermarkt.co.uk/laszlo-benes/profil/spieler/243188
1041,Ivan Prtajin,CRO,AT,28,5,2,161,1.8,0,0,0,0,0,0,0,0,0.5,0.5,0.1,0.7,1,1,17,0.0,0.0,0.0,0.0,0.0,0.29,0.08,0.37,0.29,0.37,ivan prtajin,Attack,right,189.0,L1,1500000.0,1800000.0,https://img.a.transfermarkt.technology/portrait/header/340700-1690131388.jpg?lm=1,https://www.transfermarkt.co.uk/ivan-prtajin/profil/spieler/340700
1042,David Preu,GER,"MT,DF",19,5,1,121,1.3,0,0,0,0,0,0,1,0,0.1,0.1,0.0,0.1,1,3,9,0.0,0.0,0.0,0.0,0.0,0.1,0.0,0.1,0.1,0.1,david preu,Attack,right,172.0,L1,25000.0,50000.0,https://img.a.transfermarkt.technology/portrait/header/745075-1726351060.jpg?lm=1,https://www.transfermarkt.co.uk/david-preu/profil/spieler/745075
1043,Robin Gosens,GER,DF,30,1,1,90,1.0,0,0,0,0,0,0,1,0,0.0,0.0,0.1,0.2,1,4,5,0.0,0.0,0.0,0.0,0.0,0.02,0.13,0.15,0.02,0.15,robin gosens,Defender,left,183.0,IT1,8000000.0,35000000.0,https://img.a.transfermarkt.technology/portrait/header/273132-1686641124.jpg?lm=1,https://www.transfermarkt.co.uk/robin-gosens/profil/spieler/273132
1045,Tom Bischof,GER,"MT,AT",19,31,30,"2,559",28.4,5,2,7,5,0,0,5,0,2.2,2.2,3.6,5.9,47,138,102,0.18,0.07,0.25,0.18,0.25,0.08,0.13,0.21,0.08,0.21,tom bischof,Midfield,left,176.0,L1,25000000.0,25000000.0,https://img.a.transfermarkt.technology/portrait/header/822959-1723921256.jpg?lm=1,https://www.transfermarkt.co.uk/tom-bischof/profil/spieler/822959
1046,Anton Stach,GER,"MT,DF",25,30,29,"2,585",28.7,1,2,3,1,0,0,8,0,2.0,2.0,2.2,4.2,33,152,36,0.03,0.07,0.1,0.03,0.1,0.07,0.08,0.15,0.07,0.15,anton stach,Midfield,right,194.0,L1,14000000.0,15000000.0,https://img.a.transfermarkt.technology/portrait/header/344069-1723921116.jpg?lm=1,https://www.transfermarkt.co.uk/anton-stach/profil/spieler/344069
1047,Oliver Baumann,GER,GB,34,28,28,"2,520",28.0,0,0,0,0,0,0,1,0,0.0,0.0,1.0,1.0,0,1,0,0.0,0.0,0.0,0.0,0.0,0.0,0.03,0.03,0.0,0.03,oliver baumann,Goalkeeper,right,187.0,L1,3000000.0,10000000.0,https://img.a.transfermarkt.technology/portrait/header/55089-1657200130.jpg?lm=1,https://www.transfermarkt.co.uk/oliver-baumann/profil/spieler/55089
1048,Arthur Chaves,BRA,DF,23,26,24,"2,185",24.3,1,0,1,1,0,0,8,0,0.8,0.8,0.1,0.9,10,57,13,0.04,0.0,0.04,0.04,0.04,0.03,0.0,0.04,0.03,0.04,arthur chaves,Defender,right,188.0,L1,3000000.0,3000000.0,https://img.a.transfermarkt.technology/portrait/header/875332-1731017725.jpg?lm=1,https://www.transfermarkt.co.uk/arthur-chaves/profil/spieler/875332
1049,Kevin Akpoguma,NGA,DF,29,32,23,"2,220",24.7,0,0,0,0,0,0,3,0,0.1,0.1,0.3,0.4,14,98,16,0.0,0.0,0.0,0.0,0.0,0.0,0.01,0.02,0.0,0.02,kevin akpoguma,Defender,right,192.0,L1,2500000.0,12000000.0,https://img.a.transfermarkt.technology/portrait/header/160241-1723920979.jpg?lm=1,https://www.transfermarkt.co.uk/kevin-akpoguma/profil/spieler/160241
1050,Alexander Prass,AUT,DF,23,23,19,"1,566",17.4,0,1,1,0,0,0,1,0,0.9,0.9,2.8,3.6,28,63,66,0.0,0.06,0.06,0.0,0.06,0.05,0.16,0.21,0.05,0.21,alexander prass,Defender,left,180.0,L1,6500000.0,12000000.0,https://img.a.transfermarkt.technology/portrait/header/434116-1723921044.jpg?lm=1,https://www.transfermarkt.co.uk/alexander-prass/profil/spieler/434116
1053,Valentin Gendrey,FRA,DF,24,22,14,"1,414",15.7,1,1,2,1,0,0,1,0,1.1,1.1,1.8,2.9,24,49,86,0.06,0.06,0.13,0.06,0.13,0.07,0.12,0.19,0.07,0.19,valentin gendrey,Defender,right,179.0,L1,8500000.0,8500000.0,https://img.a.transfermarkt.technology/portrait/header/569387-1663745931.jpg?lm=1,https://www.transfermarkt.co.uk/valentin-gendrey/profil/spieler/569387
1055,Florian Grillitsch,AUT,MT,28,8,8,601,6.7,0,0,0,0,0,0,1,0,0.2,0.2,0.2,0.3,4,44,4,0.0,0.0,0.0,0.0,0.0,0.02,0.03,0.05,0.02,0.05,florian grillitsch,Midfield,right,187.0,ES1,3000000.0,25000000.0,https://img.a.transfermarkt.technology/portrait/header/195736-1691269821.jpg?lm=1,https://www.transfermarkt.co.uk/florian-grillitsch/profil/spieler/195736
1056,Dennis Geiger,GER,"MT,AT",26,20,7,734,8.2,0,0,0,0,0,0,4,0,0.2,0.2,0.5,0.6,12,37,21,0.0,0.0,0.0,0.0,0.0,0.02,0.06,0.08,0.02,0.08,dennis geiger,Midfield,right,173.0,L1,3000000.0,13000000.0,https://img.a.transfermarkt.technology/portrait/header/251309-1723921207.jpg?lm=1,https://www.transfermarkt.co.uk/dennis-geiger/profil/spieler/251309
1057,Gift Orban,NGA,AT,22,13,7,687,7.6,4,0,4,4,0,0,2,0,3.4,3.4,0.2,3.6,8,7,35,0.52,0.0,0.52,0.52,0.52,0.44,0.03,0.47,0.44,0.47,gift orban,Attack,right,178.0,L1,10000000.0,20000000.0,https://img.a.transfermarkt.technology/portrait/header/1018259-1701690897.jpg?lm=1,https://www.transfermarkt.co.uk/gift-orban/profil/spieler/1018259
1059,Haris Tabakovic,BIH,AT,30,22,6,821,9.1,3,1,4,3,0,0,0,0,3.3,3.3,1.2,4.6,4,7,45,0.33,0.11,0.44,0.33,0.44,0.37,0.14,0.5,0.37,0.5,haris tabakovic,Attack,right,194.0,L1,3000000.0,3000000.0,https://img.a.transfermarkt.technology/portrait/header/203123-1720778399.jpg?lm=1,https://www.transfermarkt.co.uk/haris-tabakovic/profil/spieler/203123
1060,David Jurásek,CZE,DF,23,14,6,619,6.9,0,1,1,0,0,0,0,0,0.1,0.1,0.9,1.0,17,22,42,0.0,0.15,0.15,0.0,0.15,0.02,0.13,0.14,0.02,0.14,david jurasek,Defender,left,183.0,L1,7000000.0,8000000.0,https://img.a.transfermarkt.technology/portrait/header/500054-1701333965.jpg?lm=1,https://www.transfermarkt.co.uk/david-jurasek/profil/spieler/500054
1061,Luca Philipp,GER,GB,23,6,6,540,6.0,0,0,0,0,0,0,0,0,0.0,0.0,0.0,0.0,0,0,0,0.0,0.0,0.0,0.0,0.0,0.0,0.0,0.0,0.0,0.0,luca philipp,Goalkeeper,,192.0,L1,750000.0,750000.0,https://img.a.transfermarkt.technology/portrait/header/432671-1657200196.jpg?lm=1,https://www.transfermarkt.co.uk/luca-philipp/profil/spieler/432671
1062,Diadie Samassékou,MLI,MT,28,8,6,290,3.2,0,0,0,0,0,0,0,0,0.1,0.1,0.0,0.1,3,11,2,0.0,0.0,0.0,0.0,0.0,0.02,0.0,0.02,0.02,0.02,diadie samassekou,Midfield,right,177.0,L1,1000000.0,20000000.0,https://img.a.transfermarkt.technology/portrait/header/315604-1657200749.jpg?lm=1,https://www.transfermarkt.co.uk/diadie-samassekou/profil/spieler/315604
1063,Patrick Mainka,GER,DF,29,34,34,"3,060",34.0,1,1,2,1,0,0,3,0,1.9,1.9,0.3,2.3,21,102,12,0.03,0.03,0.06,0.03,0.06,0.06,0.01,0.07,0.06,0.07,patrick mainka,Defender,right,194.0,L1,3000000.0,3000000.0,https://img.a.transfermarkt.technology/portrait/header/133731-1657874688.jpg?lm=1,https://www.transfermarkt.co.uk/patrick-mainka/profil/spieler/133731
1064,Kevin Müller,GER,GB,33,33,33,"2,939",32.7,0,0,0,0,0,0,0,0,0.0,0.0,0.0,0.0,0,1,0,0.0,0.0,0.0,0.0,0.0,0.0,0.0,0.0,0.0,0.0,kevin muller,Goalkeeper,right,190.0,L1,1000000.0,1200000.0,https://img.a.transfermarkt.technology/portrait/header/43824-1657874601.jpg?lm=1,https://www.transfermarkt.co.uk/kevin-muller/profil/spieler/43824
1065,Jan Schöppner,GER,MT,25,33,32,"2,681",29.8,4,3,7,4,0,0,8,0,3.9,3.9,3.4,7.3,35,107,48,0.13,0.1,0.23,0.13,0.23,0.13,0.12,0.25,0.13,0.25,jan schoppner,Midfield,right,190.0,L1,4500000.0,4500000.0,https://img.a.transfermarkt.technology/portrait/header/581357-1721852254.jpg?lm=1,https://www.transfermarkt.co.uk/jan-schoppner/profil/spieler/581357
1066,Benedikt Gimber,GER,DF,27,32,32,"2,671",29.7,0,0,0,0,0,0,9,0,0.7,0.7,0.3,1.0,7,46,8,0.0,0.0,0.0,0.0,0.0,0.02,0.01,0.03,0.02,0.03,benedikt gimber,Defender,left,187.0,L1,3000000.0,3000000.0,https://img.a.transfermarkt.technology/portrait/header/227084-1657099906.jpg?lm=1,https://www.transfermarkt.co.uk/benedikt-gimber/profil/spieler/227084
1067,Omar Traoré,GER,DF,26,30,30,"2,616",29.1,0,1,1,0,0,0,7,0,0.5,0.5,1.6,2.2,103,117,115,0.0,0.03,0.03,0.0,0.03,0.02,0.06,0.07,0.02,0.07,omar traore,Defender,right,187.0,L1,4000000.0,4000000.0,https://img.a.transfermarkt.technology/portrait/header/388294-1690186175.jpg?lm=1,https://www.transfermarkt.co.uk/omar-traore/profil/spieler/388294
1068,Jonas Föhrenbach,GER,DF,28,27,22,"1,832",20.4,0,1,1,0,0,0,3,0,0.3,0.3,1.3,1.6,36,59,50,0.0,0.05,0.05,0.0,0.05,0.01,0.06,0.08,0.01,0.08,jonas fohrenbach,Defender,left,184.0,L1,2000000.0,2000000.0,https://img.a.transfermarkt.technology/portrait/header/192169-1657874815.jpg?lm=1,https://www.transfermarkt.co.uk/jonas-fohrenbach/profil/spieler/192169
1069,Paul Wanner,GER,"MT,AT",18,29,20,"1,771",19.7,3,2,5,2,1,1,2,0,3.7,2.9,1.3,4.1,28,64,65,0.15,0.1,0.25,0.1,0.2,0.19,0.06,0.25,0.15,0.21,paul wanner,Midfield,left,185.0,L1,18000000.0,18000000.0,https://img.a.transfermarkt.technology/portrait/header/900909-1736762820.jpg?lm=1,https://www.transfermarkt.co.uk/paul-wanner/profil/spieler/900909
1070,Niklas Dorsch,GER,MT,26,22,19,"1,335",14.8,2,2,4,2,0,0,5,1,1.0,1.0,1.1,2.1,13,57,21,0.13,0.13,0.27,0.13,0.27,0.07,0.07,0.14,0.07,0.14,niklas dorsch,Midfield,right,178.0,L1,3500000.0,10000000.0,https://img.a.transfermarkt.technology/portrait/header/251302-1722850585.jpg?lm=1,https://www.transfermarkt.co.uk/niklas-dorsch/profil/spieler/251302
1071,Adrian Beck,GER,"MT,AT",27,32,18,"1,598",17.8,4,1,5,4,0,0,1,0,3.3,3.3,1.2,4.5,37,69,83,0.23,0.06,0.28,0.23,0.28,0.18,0.07,0.25,0.18,0.25,adrian beck,Midfield,right,186.0,L1,2000000.0,2000000.0,https://img.a.transfermarkt.technology/portrait/header/273669-1721852328.jpg?lm=1,https://www.transfermarkt.co.uk/adrian-beck/profil/spieler/273669
1072,Tim Siersleben,GER,DF,24,16,14,"1,182",13.1,0,0,0,0,0,0,4,0,0.6,0.6,0.5,1.1,8,31,12,0.0,0.0,0.0,0.0,0.0,0.04,0.04,0.08,0.04,0.08,tim siersleben,Defender,left,187.0,L1,1500000.0,2500000.0,https://img.a.transfermarkt.technology/portrait/header/337092-1657874709.jpg?lm=1,https://www.transfermarkt.co.uk/tim-siersleben/profil/spieler/337092
1073,Budu Zivzivadze,GEO,AT,30,15,10,958,10.6,2,3,5,2,0,0,0,0,1.7,1.7,1.5,3.2,11,20,43,0.19,0.28,0.47,0.19,0.47,0.16,0.14,0.3,0.16,0.3,budu zivzivadze,Attack,both,189.0,L1,2500000.0,2500000.0,https://img.a.transfermarkt.technology/portrait/header/187097-1690132999.jpg?lm=1,https://www.transfermarkt.co.uk/budu-zivzivadze/profil/spieler/187097
1074,Lennard Maloney,USA,MT,24,11,10,760,8.4,0,0,0,0,0,0,1,0,0.3,0.3,0.0,0.4,1,14,0,0.0,0.0,0.0,0.0,0.0,0.04,0.0,0.04,0.04,0.04,lennard maloney,Midfield,right,188.0,L1,5000000.0,5000000.0,https://img.a.transfermarkt.technology/portrait/header/392710-1657874790.jpg?lm=1,https://www.transfermarkt.co.uk/lennard-maloney/profil/spieler/392710
1075,Luca Kerber,GER,"MT,DF",22,23,7,783,8.7,2,0,2,2,0,0,4,0,0.6,0.6,0.7,1.3,1,16,12,0.23,0.0,0.23,0.23,0.23,0.07,0.08,0.15,0.07,0.15,luca kerber,Midfield,right,184.0,L1,1300000.0,1300000.0,https://img.a.transfermarkt.technology/portrait/header/809498-1721852758.jpg?lm=1,https://www.transfermarkt.co.uk/luca-kerber/profil/spieler/809498
1076,Mikkel Kaufmann,DEN,AT,23,9,3,372,4.1,0,0,0,0,0,0,2,0,0.5,0.5,0.1,0.6,4,10,21,0.0,0.0,0.0,0.0,0.0,0.13,0.03,0.15,0.13,0.15,mikkel kaufmann,Attack,right,189.0,L1,2700000.0,2700000.0,https://img.a.transfermarkt.technology/portrait/header/545332-1691614182.jpg?lm=1,https://www.transfermarkt.co.uk/mikkel-kaufmann/profil/spieler/545332
1077,Frank Feller,GER,GB,20,2,1,121,1.3,0,0,0,0,0,0,0,0,0.0,0.0,0.0,0.0,0,0,0,0.0,0.0,0.0,0.0,0.0,0.0,0.0,0.0,0.0,0.0,frank feller,Goalkeeper,right,183.0,L1,500000.0,500000.0,https://img.a.transfermarkt.technology/portrait/header/806948-1690186659.jpg?lm=1,https://www.transfermarkt.co.uk/frank-feller/profil/spieler/806948
1078,Julian Niehues,GER,MT,23,8,0,154,1.7,0,0,0,0,0,0,1,0,0.2,0.2,0.1,0.4,0,6,3,0.0,0.0,0.0,0.0,0.0,0.15,0.08,0.22,0.15,0.22,julian niehues,Midfield,right,195.0,L1,1500000.0,1500000.0,https://img.a.transfermarkt.technology/portrait/header/530173-1721852705.jpg?lm=1,https://www.transfermarkt.co.uk/julian-niehues/profil/spieler/530173
1079,Norman Theuerkauf,GER,MT,37,1,0,22,0.2,0,0,0,0,0,0,0,0,0.0,0.0,0.0,0.0,0,2,0,0.0,0.0,0.0,0.0,0.0,0.14,0.0,0.14,0.14,0.14,norman theuerkauf,Midfield,left,183.0,L1,175000.0,1500000.0,https://img.a.transfermarkt.technology/portrait/header/31599-1657874835.jpg?lm=1,https://www.transfermarkt.co.uk/norman-theuerkauf/profil/spieler/31599
1080,Denis Thomalla,GER,MT,31,1,0,4,0.0,0,0,0,0,0,0,0,0,0.0,0.0,0.0,0.0,0,0,0,0.0,0.0,0.0,0.0,0.0,0.0,0.0,0.0,0.0,0.0,denis thomalla,Midfield,right,186.0,L1,750000.0,750000.0,https://img.a.transfermarkt.technology/portrait/header/94030-1657875455.jpg?lm=1,https://www.transfermarkt.co.uk/denis-thomalla/profil/spieler/94030
1081,Timo Becker,GER,DF,27,30,28,"2,445",27.2,0,2,2,0,0,0,2,0,1.4,1.4,0.8,2.2,28,57,38,0.0,0.07,0.07,0.0,0.07,0.05,0.03,0.08,0.05,0.08,timo becker,Defender,right,190.0,L1,2000000.0,2000000.0,https://img.a.transfermarkt.technology/portrait/header/282349-1736327847.jpg?lm=1,https://www.transfermarkt.co.uk/timo-becker/profil/spieler/282349
1082,Nicolai Remberg,GER,MT,24,32,26,"2,417",26.9,0,1,1,0,0,0,11,0,1.5,1.5,0.8,2.3,25,80,31,0.0,0.04,0.04,0.0,0.04,0.06,0.03,0.09,0.06,0.09,nicolai remberg,Midfield,right,188.0,L1,2800000.0,2800000.0,https://img.a.transfermarkt.technology/portrait/header/592534-1688646465.jpg?lm=1,https://www.transfermarkt.co.uk/nicolai-remberg/profil/spieler/592534
1083,Timon Weiner,GER,GB,25,25,25,"2,250",25.0,0,0,0,0,0,0,4,0,0.0,0.0,0.0,0.0,0,0,0,0.0,0.0,0.0,0.0,0.0,0.0,0.0,0.0,0.0,0.0,timon weiner,Goalkeeper,both,191.0,L1,1500000.0,1500000.0,https://img.a.transfermarkt.technology/portrait/header/296428-1721851050.jpg?lm=1,https://www.transfermarkt.co.uk/timon-weiner/profil/spieler/296428
1084,Armin Gigovic,BIH,MT,22,31,23,"1,895",21.1,5,1,6,5,0,0,5,0,1.9,1.9,2.1,3.9,37,50,45,0.24,0.05,0.28,0.24,0.28,0.09,0.1,0.19,0.09,0.19,armin gigovic,Midfield,right,187.0,L1,3000000.0,3000000.0,https://img.a.transfermarkt.technology/portrait/header/651269-1606809695.png?lm=1,https://www.transfermarkt.co.uk/armin-gigovic/profil/spieler/651269
1085,Magnus Knudsen,NOR,MT,23,31,22,"1,850",20.6,0,1,1,0,0,0,7,0,0.7,0.7,1.3,2.0,16,54,25,0.0,0.05,0.05,0.0,0.05,0.03,0.06,0.1,0.03,0.1,magnus knudsen,Midfield,right,186.0,L1,2500000.0,2500000.0,https://img.a.transfermarkt.technology/portrait/header/651735-1721850811.jpg?lm=1,https://www.transfermarkt.co.uk/magnus-knudsen/profil/spieler/651735
1086,Lasse Rosenboom,GER,DF,22,26,21,"1,734",19.3,2,2,4,2,0,0,3,0,1.9,1.9,1.1,3.0,19,34,50,0.1,0.1,0.21,0.1,0.21,0.1,0.06,0.16,0.1,0.16,lasse rosenboom,Defender,right,190.0,L1,1000000.0,1000000.0,https://img.a.transfermarkt.technology/portrait/header/512352-1688646400.jpg?lm=1,https://www.transfermarkt.co.uk/lasse-rosenboom/profil/spieler/512352
1088,David Zec,SVN,DF,24,18,18,"1,541",17.1,2,0,2,2,0,0,5,0,1.2,1.2,0.5,1.8,3,34,2,0.12,0.0,0.12,0.12,0.12,0.07,0.03,0.1,0.07,0.1,david zec,Defender,right,190.0,L1,2500000.0,2500000.0,https://img.a.transfermarkt.technology/portrait/header/469709-1612035337.png?lm=1,https://www.transfermarkt.co.uk/david-zec/profil/spieler/469709
1089,Phil Harres,GER,AT,22,26,17,"1,544",17.2,8,1,9,8,0,0,3,0,5.9,5.9,1.3,7.2,12,16,71,0.47,0.06,0.52,0.47,0.52,0.34,0.07,0.42,0.34,0.42,phil harres,Attack,right,193.0,L1,4500000.0,4500000.0,https://img.a.transfermarkt.technology/portrait/header/606119-1721850669.jpg?lm=1,https://www.transfermarkt.co.uk/phil-harres/profil/spieler/606119
1090,Marco Komenda,CRO,DF,27,19,17,"1,307",14.5,0,0,0,0,0,0,3,0,0.1,0.1,0.8,0.9,13,53,16,0.0,0.0,0.0,0.0,0.0,0.01,0.06,0.06,0.01,0.06,marco komenda,Defender,left,184.0,L1,800000.0,900000.0,https://img.a.transfermarkt.technology/portrait/header/335631-1657791801.jpg?lm=1,https://www.transfermarkt.co.uk/marco-komenda/profil/spieler/335631
1091,Steven Skrzybski,GER,"MT,AT",31,24,15,"1,323",14.7,6,3,9,5,1,1,0,0,3.5,2.7,2.9,5.6,17,64,71,0.41,0.2,0.61,0.34,0.54,0.24,0.2,0.44,0.19,0.38,steven skrzybski,Midfield,right,174.0,L1,1000000.0,3500000.0,https://img.a.transfermarkt.technology/portrait/header/93827-1657792592.jpg?lm=1,https://www.transfermarkt.co.uk/steven-skrzybski/profil/spieler/93827
1092,Max Geschwill,GER,DF,23,19,13,"1,282",14.2,1,2,3,1,0,0,2,0,0.9,0.9,0.8,1.6,6,58,16,0.07,0.14,0.21,0.07,0.21,0.06,0.05,0.12,0.06,0.12,max geschwill,Defender,left,185.0,L1,1500000.0,1500000.0,https://img.a.transfermarkt.technology/portrait/header/471890-1691615892.jpg?lm=1,https://www.transfermarkt.co.uk/max-geschwill/profil/spieler/471890
1093,Lewis Holtby,GER,MT,33,25,13,"1,238",13.8,0,1,1,0,0,0,1,1,0.5,0.5,1.5,2.1,14,47,34,0.0,0.07,0.07,0.0,0.07,0.04,0.11,0.15,0.04,0.15,lewis holtby,Midfield,left,176.0,L1,500000.0,11000000.0,https://img.a.transfermarkt.technology/portrait/header/55508-1721850987.jpg?lm=1,https://www.transfermarkt.co.uk/lewis-holtby/profil/spieler/55508
1094,Patrick Erras,GER,DF,29,10,10,832,9.2,1,0,1,1,0,0,2,0,0.9,0.9,0.1,1.0,3,25,1,0.11,0.0,0.11,0.11,0.11,0.1,0.01,0.11,0.1,0.11,patrick erras,Midfield,right,196.0,L1,1000000.0,3000000.0,https://img.a.transfermarkt.technology/portrait/header/193859-1657792157.jpg?lm=1,https://www.transfermarkt.co.uk/patrick-erras/profil/spieler/193859
1095,Thomas Dähne,GER,GB,30,9,9,810,9.0,0,0,0,0,0,0,0,0,0.0,0.0,0.0,0.0,0,0,0,0.0,0.0,0.0,0.0,0.0,0.0,0.0,0.0,0.0,0.0,thomas dahne,Goalkeeper,both,193.0,L1,400000.0,600000.0,https://img.a.transfermarkt.technology/portrait/header/115979-1657791709.jpg?lm=1,https://www.transfermarkt.co.uk/thomas-dahne/profil/spieler/115979
1096,Benedikt Pichler,AUT,AT,27,18,7,785,8.7,1,2,3,1,0,0,1,0,2.3,2.3,1.1,3.4,18,19,58,0.11,0.23,0.34,0.11,0.34,0.26,0.13,0.39,0.26,0.39,benedikt pichler,Attack,right,188.0,L1,2000000.0,2000000.0,https://img.a.transfermarkt.technology/portrait/header/331362-1657792864.jpg?lm=1,https://www.transfermarkt.co.uk/benedikt-pichler/profil/spieler/331362
1097,Carl Johansson,SWE,DF,30,10,7,568,6.3,0,0,0,0,0,0,0,1,0.0,0.0,0.4,0.5,0,12,0,0.0,0.0,0.0,0.0,0.0,0.01,0.06,0.07,0.01,0.07,carl johansson,Defender,right,194.0,L1,700000.0,1200000.0,https://img.a.transfermarkt.technology/portrait/header/225043-1688646720.jpg?lm=1,https://www.transfermarkt.co.uk/carl-johansson/profil/spieler/225043
1099,Marvin Schulz,GER,"MT,DF",29,12,3,306,3.4,0,0,0,0,0,0,3,0,0.0,0.0,0.7,0.7,5,11,2,0.0,0.0,0.0,0.0,0.0,0.01,0.19,0.2,0.01,0.2,marvin schulz,Midfield,right,186.0,L1,700000.0,2000000.0,https://img.a.transfermarkt.technology/portrait/header/168678-1721851183.jpg?lm=1,https://www.transfermarkt.co.uk/marvin-schulz/profil/spieler/168678
1100,Andu Kelati,GER,"MT,DF",21,8,2,288,3.2,1,1,2,1,0,0,2,1,0.9,0.9,0.8,1.7,3,19,11,0.31,0.31,0.62,0.31,0.62,0.27,0.26,0.53,0.27,0.53,andu kelati,Attack,right,181.0,L1,800000.0,800000.0,https://img.a.transfermarkt.technology/portrait/header/719694-1721850615.jpg?lm=1,https://www.transfermarkt.co.uk/andu-kelati/profil/spieler/719694
1102,Maximilian Wittek,GER,DF,28,33,32,"2,706",30.1,0,0,0,0,0,0,8,0,1.4,1.4,4.4,5.7,47,141,83,0.0,0.0,0.0,0.0,0.0,0.04,0.14,0.19,0.04,0.19,maximilian wittek,Defender,left,173.0,L1,2000000.0,2500000.0,https://img.a.transfermarkt.technology/portrait/header/196793-1721851854.jpg?lm=1,https://www.transfermarkt.co.uk/maximilian-wittek/profil/spieler/196793
1103,Ibrahima Sissoko,MLI,MT,26,32,30,"2,610",29.0,2,1,3,2,0,0,11,1,1.7,1.7,1.6,3.3,35,105,69,0.07,0.03,0.1,0.07,0.1,0.06,0.05,0.11,0.06,0.11,ibrahima sissoko,Midfield,right,193.0,L1,6000000.0,8000000.0,https://img.a.transfermarkt.technology/portrait/header/372712-1721851302.jpg?lm=1,https://www.transfermarkt.co.uk/ibrahima-sissoko/profil/spieler/372712
1105,Philipp Hofmann,GER,AT,31,32,27,"2,277",25.3,3,3,6,3,0,0,4,0,5.5,5.5,3.3,8.8,8,53,112,0.12,0.12,0.24,0.12,0.24,0.22,0.13,0.35,0.22,0.35,philipp hofmann,Attack,left,195.0,L1,1500000.0,2800000.0,https://img.a.transfermarkt.technology/portrait/header/119037-1657284242.jpg?lm=1,https://www.transfermarkt.co.uk/philipp-hofmann/profil/spieler/119037
1106,Tim Oermann,GER,DF,20,29,26,"2,213",24.6,0,2,2,0,0,0,0,0,0.2,0.2,0.6,0.8,15,61,16,0.0,0.08,0.08,0.0,0.08,0.01,0.02,0.03,0.01,0.03,tim oermann,Defender,right,189.0,L1,5000000.0,5000000.0,https://img.a.transfermarkt.technology/portrait/header/696164-1657283257.jpg?lm=1,https://www.transfermarkt.co.uk/tim-oermann/profil/spieler/696164
1107,Patrick Drewes,GER,GB,31,21,21,"1,890",21.0,0,0,0,0,0,0,2,0,0.0,0.0,0.0,0.0,0,0,0,0.0,0.0,0.0,0.0,0.0,0.0,0.0,0.0,0.0,0.0,patrick drewes,Goalkeeper,right,194.0,L1,800000.0,1000000.0,https://img.a.transfermarkt.technology/portrait/header/94192-1721851751.jpg?lm=1,https://www.transfermarkt.co.uk/patrick-drewes/profil/spieler/94192
1108,Ivan Ordets,UKR,DF,32,22,21,"1,861",20.7,0,0,0,0,0,0,6,0,0.7,0.7,0.7,1.5,2,48,4,0.0,0.0,0.0,0.0,0.0,0.04,0.04,0.07,0.04,0.07,ivan ordets,Defender,right,195.0,L1,1800000.0,5000000.0,https://img.a.transfermarkt.technology/portrait/header/118850-1721851592.jpg?lm=1,https://www.transfermarkt.co.uk/ivan-ordets/profil/spieler/118850
1109,Bernardo,BRA,DF,29,21,19,"1,782",19.8,0,0,0,0,0,0,5,0,0.7,0.7,0.7,1.4,14,100,14,0.0,0.0,0.0,0.0,0.0,0.04,0.04,0.07,0.04,0.07,bernardo,Defender,left,186.0,L1,5500000.0,9000000.0,https://img.a.transfermarkt.technology/portrait/header/364258-1691250245.jpg?lm=1,https://www.transfermarkt.co.uk/bernardo/profil/spieler/364258
1109,Bernardo,BRA,DF,29,21,19,"1,782",19.8,0,0,0,0,0,0,5,0,0.7,0.7,0.7,1.4,14,100,14,0.0,0.0,0.0,0.0,0.0,0.04,0.04,0.07,0.04,0.07,bernardo,Goalkeeper,left,196.0,PO1,,,https://img.a.transfermarkt.technology/portrait/header/719646-1706179307.png?lm=1,https://www.transfermarkt.co.uk/bernardo/profil/spieler/719646
1111,Timo Horn,GER,GB,31,13,13,"1,170",13.0,0,0,0,0,0,0,2,0,0.0,0.0,0.0,0.0,0,1,0,0.0,0.0,0.0,0.0,0.0,0.0,0.0,0.0,0.0,0.0,timo horn,Goalkeeper,left,192.0,L1,800000.0,12000000.0,https://img.a.transfermarkt.technology/portrait/header/84938-1657109580.jpg?lm=1,https://www.transfermarkt.co.uk/timo-horn/profil/spieler/84938
1112,Anthony Losilla,FRA,MT,38,21,13,"1,137",12.6,0,0,0,0,0,0,1,0,0.1,0.1,0.4,0.5,3,45,11,0.0,0.0,0.0,0.0,0.0,0.01,0.03,0.04,0.01,0.04,anthony losilla,Midfield,right,185.0,L1,500000.0,900000.0,https://img.a.transfermarkt.technology/portrait/header/111266-1657283817.jpg?lm=1,https://www.transfermarkt.co.uk/anthony-losilla/profil/spieler/111266
1113,Tom Krauß,GER,MT,23,14,13,"1,077",12.0,0,0,0,0,0,0,2,0,0.4,0.4,0.7,1.1,16,84,20,0.0,0.0,0.0,0.0,0.0,0.03,0.06,0.09,0.03,0.09,tom krauß,Midfield,right,182.0,L1,4000000.0,7000000.0,https://img.a.transfermarkt.technology/portrait/header/405687-1738138216.jpg?lm=1,https://www.transfermarkt.co.uk/tom-krauss/profil/spieler/405687
1114,Dani de Wit,NED,"MT,AT",26,28,11,"1,153",12.8,2,1,3,2,0,0,1,0,2.1,2.1,0.5,2.7,5,33,37,0.16,0.08,0.23,0.16,0.23,0.17,0.04,0.21,0.17,0.21,dani de wit,Midfield,right,184.0,L1,3000000.0,5000000.0,https://img.a.transfermarkt.technology/portrait/header/340459-1721851359.jpg?lm=1,https://www.transfermarkt.co.uk/dani-de-wit/profil/spieler/340459
1115,Myron Boadu,NED,AT,23,19,11,"1,042",11.6,9,1,10,8,1,1,2,0,7.7,6.9,1.1,8.0,12,18,70,0.78,0.09,0.86,0.69,0.78,0.67,0.1,0.76,0.6,0.69,myron boadu,Attack,right,181.0,L1,7000000.0,20000000.0,https://img.a.transfermarkt.technology/portrait/header/412932-1666692057.jpg?lm=1,https://www.transfermarkt.co.uk/myron-boadu/profil/spieler/412932
1117,Lukas Daschner,GER,"MT,AT",25,14,3,412,4.6,1,1,2,1,0,1,0,0,2.7,1.9,0.7,2.6,8,11,19,0.22,0.22,0.44,0.22,0.44,0.6,0.15,0.74,0.42,0.57,lukas daschner,Midfield,both,185.0,L1,1200000.0,1500000.0,https://img.a.transfermarkt.technology/portrait/header/334213-1721851417.jpg?lm=1,https://www.transfermarkt.co.uk/lukas-daschner/profil/spieler/334213
1118,Mats Pannewig,GER,MT,19,14,2,267,3.0,0,0,0,0,0,0,1,0,0.8,0.8,0.1,0.9,3,10,16,0.0,0.0,0.0,0.0,0.0,0.27,0.04,0.31,0.27,0.31,mats pannewig,Midfield,,195.0,L1,600000.0,600000.0,https://img.a.transfermarkt.technology/portrait/header/796221-1691249799.jpg?lm=1,https://www.transfermarkt.co.uk/mats-pannewig/profil/spieler/796221
1119,Cristian Gamboa,CRC,DF,34,12,1,226,2.5,1,0,1,1,0,0,1,0,0.2,0.2,0.2,0.3,2,5,9,0.4,0.0,0.4,0.4,0.4,0.06,0.07,0.14,0.06,0.14,cristian gamboa,Defender,right,175.0,L1,500000.0,2000000.0,https://img.a.transfermarkt.technology/portrait/header/121686-1657283791.jpg?lm=1,https://www.transfermarkt.co.uk/cristian-gamboa/profil/spieler/121686
1120,Moritz-Broni Kwarteng,GHA,"MT,AT",26,7,0,172,1.9,0,0,0,0,0,0,1,0,0.2,0.2,0.2,0.4,4,12,16,0.0,0.0,0.0,0.0,0.0,0.1,0.09,0.19,0.1,0.19,moritz broni kwarteng,Midfield,both,175.0,L1,1200000.0,1500000.0,https://img.a.transfermarkt.technology/portrait/header/316575-1691249734.jpg?lm=1,https://www.transfermarkt.co.uk/moritz-broni-kwarteng/profil/spieler/316575
1123,Amir Rrahmani,KVX,DF,30,38,38,"3,406",37.8,1,3,4,1,0,0,2,0,2.9,2.9,1.1,4.0,30,188,2,0.03,0.08,0.11,0.03,0.11,0.08,0.03,0.11,0.08,0.11,amir rrahmani,Defender,right,192.0,IT1,12000000.0,25000000.0,https://img.a.transfermarkt.technology/portrait/header/257732-1663579350.jpg?lm=1,https://www.transfermarkt.co.uk/amir-rrahmani/profil/spieler/257732
1124,Giovanni Di Lorenzo,ITA,DF,30,37,37,"3,330",37.0,3,2,5,3,0,0,6,0,2.8,2.8,3.9,6.7,50,224,163,0.08,0.05,0.14,0.08,0.14,0.08,0.1,0.18,0.08,0.18,giovanni di lorenzo,Defender,right,183.0,IT1,15000000.0,25000000.0,https://img.a.transfermarkt.technology/portrait/header/169880-1730126691.jpg?lm=1,https://www.transfermarkt.co.uk/giovanni-di-lorenzo/profil/spieler/169880
1125,Romelu Lukaku,BEL,AT,31,36,35,"2,843",31.6,14,10,24,11,3,4,4,0,13.0,9.8,4.0,13.8,31,36,219,0.44,0.32,0.76,0.35,0.66,0.41,0.13,0.54,0.31,0.44,romelu lukaku,Attack,left,191.0,IT1,22000000.0,100000000.0,https://img.a.transfermarkt.technology/portrait/header/96341-1661780981.jpg?lm=1,https://www.transfermarkt.co.uk/romelu-lukaku/profil/spieler/96341
1126,Alex Meret,ITA,GB,27,34,34,"3,005",33.4,0,0,0,0,0,0,0,0,0.0,0.0,0.0,0.0,0,1,0,0.0,0.0,0.0,0.0,0.0,0.0,0.0,0.0,0.0,0.0,alex meret,Goalkeeper,left,190.0,IT1,12000000.0,40000000.0,https://img.a.transfermarkt.technology/portrait/header/240414-1695025886.jpg?lm=1,https://www.transfermarkt.co.uk/alex-meret/profil/spieler/240414
1127,Scott McTominay,SCO,MT,27,34,33,"2,938",32.6,12,4,16,12,0,0,3,0,7.4,7.4,2.7,10.1,56,112,131,0.37,0.12,0.49,0.37,0.49,0.23,0.08,0.31,0.23,0.31,scott mctominay,Midfield,right,191.0,IT1,40000000.0,40000000.0,https://img.a.transfermarkt.technology/portrait/header/315969-1718626681.jpg?lm=1,https://www.transfermarkt.co.uk/scott-mctominay/profil/spieler/315969
1129,Stanislav Lobotka,SVK,MT,29,32,31,"2,636",29.3,0,1,1,0,0,0,3,0,0.3,0.3,1.2,1.5,30,118,32,0.0,0.03,0.03,0.0,0.03,0.01,0.04,0.05,0.01,0.05,stanislav lobotka,Midfield,right,168.0,IT1,25000000.0,40000000.0,https://img.a.transfermarkt.technology/portrait/header/192735-1661509021.jpg?lm=1,https://www.transfermarkt.co.uk/stanislav-lobotka/profil/spieler/192735
1130,Mathías Olivera,URU,DF,26,32,26,"2,370",26.3,0,2,2,0,0,0,4,0,1.1,1.1,1.7,2.8,46,126,62,0.0,0.08,0.08,0.0,0.08,0.04,0.07,0.11,0.04,0.11,mathias olivera,Defender,left,185.0,IT1,18000000.0,18000000.0,https://img.a.transfermarkt.technology/portrait/header/376514-1681910576.jpg?lm=1,https://www.transfermarkt.co.uk/mathias-olivera/profil/spieler/376514
1131,Alessandro Buongiorno,ITA,DF,25,22,22,"1,924",21.4,1,0,1,1,0,0,2,0,0.8,0.8,0.6,1.4,27,82,8,0.05,0.0,0.05,0.05,0.05,0.04,0.03,0.07,0.04,0.07,alessandro buongiorno,Defender,left,190.0,IT1,45000000.0,45000000.0,https://img.a.transfermarkt.technology/portrait/header/386446-1663596475.jpg?lm=1,https://www.transfermarkt.co.uk/alessandro-buongiorno/profil/spieler/386446
1132,David Neres,BRA,AT,27,28,13,"1,283",14.3,2,4,6,2,0,0,1,0,2.7,2.7,3.5,6.2,73,32,143,0.14,0.28,0.42,0.14,0.42,0.19,0.25,0.44,0.19,0.44,david neres,Attack,left,176.0,IT1,30000000.0,45000000.0,https://img.a.transfermarkt.technology/portrait/header/469822-1701334470.jpg?lm=1,https://www.transfermarkt.co.uk/david-neres/profil/spieler/469822
1133,Billy Gilmour,SCO,MT,23,26,13,"1,177",13.1,0,1,1,0,0,0,0,0,0.5,0.5,1.8,2.3,11,67,18,0.0,0.08,0.08,0.0,0.08,0.04,0.14,0.18,0.04,0.18,billy gilmour,Midfield,right,170.0,IT1,16000000.0,18000000.0,https://img.a.transfermarkt.technology/portrait/header/423744-1701544195.jpg?lm=1,https://www.transfermarkt.co.uk/billy-gilmour/profil/spieler/423744
1134,Juan Jesus,BRA,DF,33,15,12,"1,074",11.9,0,1,1,0,0,0,2,0,0.3,0.3,0.0,0.4,3,50,2,0.0,0.08,0.08,0.0,0.08,0.03,0.0,0.03,0.03,0.03,juan jesus,Defender,left,185.0,IT1,1500000.0,14000000.0,https://img.a.transfermarkt.technology/portrait/header/121985-1630496408.jpg?lm=1,https://www.transfermarkt.co.uk/juan-jesus/profil/spieler/121985
1135,Elia Caprile,ITA,GB,22,4,3,325,3.6,0,0,0,0,0,0,0,0,0.0,0.0,0.0,0.0,0,0,0,0.0,0.0,0.0,0.0,0.0,0.0,0.0,0.0,0.0,0.0,elia caprile,Goalkeeper,right,191.0,IT1,8000000.0,8000000.0,https://img.a.transfermarkt.technology/portrait/header/421873-1704902651.jpg?lm=1,https://www.transfermarkt.co.uk/elia-caprile/profil/spieler/421873
1136,Giovanni Simeone,ARG,AT,29,30,1,419,4.7,1,1,2,1,0,0,1,0,2.6,2.6,0.8,3.4,11,7,30,0.21,0.21,0.43,0.21,0.43,0.56,0.17,0.73,0.56,0.73,giovanni simeone,Attack,right,180.0,IT1,8000000.0,25000000.0,https://img.a.transfermarkt.technology/portrait/header/282388-1690294694.jpg?lm=1,https://www.transfermarkt.co.uk/giovanni-simeone/profil/spieler/282388
1137,Cyril Ngonge,BEL,AT,24,18,1,216,2.4,0,0,0,0,0,0,2,0,0.7,0.7,0.4,1.1,7,8,36,0.0,0.0,0.0,0.0,0.0,0.29,0.15,0.44,0.29,0.44,cyril ngonge,Attack,left,180.0,IT1,10000000.0,12000000.0,https://img.a.transfermarkt.technology/portrait/header/358032-1674197416.jpg?lm=1,https://www.transfermarkt.co.uk/cyril-ngonge/profil/spieler/358032
1138,Philip Billing,DEN,MT,28,10,1,197,2.2,1,0,1,1,0,0,1,0,1.5,1.5,0.1,1.7,1,5,8,0.46,0.0,0.46,0.46,0.46,0.71,0.05,0.76,0.71,0.76,philip billing,Midfield,left,193.0,IT1,12000000.0,22000000.0,https://img.a.transfermarkt.technology/portrait/header/320411-1674468252.jpg?lm=1,https://www.transfermarkt.co.uk/philip-billing/profil/spieler/320411
1139,Rafa Marín,ESP,DF,22,4,1,142,1.6,0,0,0,0,0,0,1,0,0.2,0.2,0.0,0.2,2,5,0,0.0,0.0,0.0,0.0,0.0,0.14,0.0,0.14,0.14,0.14,rafa marin,Defender,right,191.0,IT1,7000000.0,9000000.0,https://img.a.transfermarkt.technology/portrait/header/662261-1725529332.jpg?lm=1,https://www.transfermarkt.co.uk/rafa-marin/profil/spieler/662261
1140,Simone Scuffet,ITA,GB,28,1,1,90,1.0,0,0,0,0,0,0,0,0,0.0,0.0,0.0,0.0,0,0,0,0.0,0.0,0.0,0.0,0.0,0.0,0.0,0.0,0.0,0.0,simone scuffet,Goalkeeper,right,193.0,IT1,2000000.0,6000000.0,https://img.a.transfermarkt.technology/portrait/header/238993-1692963456.jpg?lm=1,https://www.transfermarkt.co.uk/simone-scuffet/profil/spieler/238993
1141,Walid Cheddira,MAR,AT,26,1,0,12,0.1,0,0,0,0,0,0,0,0,0.0,0.0,0.0,0.0,0,1,1,0.0,0.0,0.0,0.0,0.0,0.0,0.2,0.2,0.0,0.2,walid cheddira,Attack,right,187.0,ES1,3000000.0,8000000.0,https://img.a.transfermarkt.technology/portrait/header/521407-1686124424.jpg?lm=1,https://www.transfermarkt.co.uk/walid-cheddira/profil/spieler/521407
1142,Marco Carnesecchi,ITA,GB,24,34,34,"3,060",34.0,0,0,0,0,0,0,1,0,0.0,0.0,0.2,0.2,0,0,0,0.0,0.0,0.0,0.0,0.0,0.0,0.01,0.01,0.0,0.01,marco carnesecchi,Goalkeeper,right,191.0,IT1,25000000.0,25000000.0,https://img.a.transfermarkt.technology/portrait/header/459763-1695027944.jpg?lm=1,https://www.transfermarkt.co.uk/marco-carnesecchi/profil/spieler/459763
1143,Marten de Roon,NED,"MT,DF",33,36,34,"3,058",34.0,4,4,8,4,0,0,5,0,0.9,0.9,2.3,3.2,37,242,32,0.12,0.12,0.24,0.12,0.24,0.03,0.07,0.09,0.03,0.09,marten de roon,Midfield,right,185.0,IT1,7000000.0,24000000.0,https://img.a.transfermarkt.technology/portrait/header/133179-1663582942.jpg?lm=1,https://www.transfermarkt.co.uk/marten-de-roon/profil/spieler/133179
1144,Éderson,BRA,MT,25,37,32,"2,881",32.0,4,1,5,4,0,0,5,1,4.1,4.1,4.3,8.4,40,216,79,0.12,0.03,0.16,0.12,0.16,0.13,0.14,0.26,0.13,0.26,ederson,Goalkeeper,left,188.0,GB1,25000000.0,70000000.0,https://img.a.transfermarkt.technology/portrait/header/238223-1713391842.jpg?lm=1,https://www.transfermarkt.co.uk/ederson/profil/spieler/238223
1144,Éderson,BRA,MT,25,37,32,"2,881",32.0,4,1,5,4,0,0,5,1,4.1,4.1,4.3,8.4,40,216,79,0.12,0.03,0.16,0.12,0.16,0.13,0.14,0.26,0.13,0.26,ederson,Midfield,right,183.0,IT1,50000000.0,50000000.0,https://img.a.transfermarkt.technology/portrait/header/607854-1646648856.jpg?lm=1,https://www.transfermarkt.co.uk/ederson/profil/spieler/607854
1145,Berat Djimsiti,ALB,DF,31,34,32,"2,640",29.3,1,2,3,1,0,0,6,0,2.7,2.7,1.3,3.9,32,109,42,0.03,0.07,0.1,0.03,0.1,0.09,0.04,0.13,0.09,0.13,berat djimsiti,Defender,right,190.0,IT1,8000000.0,22000000.0,https://img.a.transfermarkt.technology/portrait/header/165513-1718627443.jpg?lm=1,https://www.transfermarkt.co.uk/berat-djimsiti/profil/spieler/165513
1146,Mateo Retegui,ITA,AT,25,36,32,"2,383",26.5,25,8,33,21,4,5,3,0,18.9,14.9,4.9,19.8,21,46,199,0.94,0.3,1.25,0.79,1.1,0.71,0.18,0.9,0.56,0.75,mateo retegui,Attack,right,186.0,IT1,45000000.0,45000000.0,https://img.a.transfermarkt.technology/portrait/header/554903-1681311414.jpg?lm=1,https://www.transfermarkt.co.uk/mateo-retegui/profil/spieler/554903
1147,Ademola Lookman,NGA,"MT,AT",26,31,28,"2,247",25.0,15,5,20,14,1,1,4,0,10.3,9.5,7.1,16.7,142,73,316,0.6,0.2,0.8,0.56,0.76,0.41,0.29,0.7,0.38,0.67,ademola lookman,Attack,right,174.0,IT1,60000000.0,60000000.0,https://img.a.transfermarkt.technology/portrait/header/406040-1682076571.jpg?lm=1,https://www.transfermarkt.co.uk/ademola-lookman/profil/spieler/406040
1148,Raoul Bellanova,ITA,DF,24,34,27,"2,402",26.7,0,9,9,0,0,0,3,0,1.1,1.1,4.7,5.8,83,87,191,0.0,0.34,0.34,0.0,0.34,0.04,0.18,0.22,0.04,0.22,raoul bellanova,Midfield,right,188.0,IT1,22000000.0,22000000.0,https://img.a.transfermarkt.technology/portrait/header/357992-1695028689.jpg?lm=1,https://www.transfermarkt.co.uk/raoul-bellanova/profil/spieler/357992
1149,Isak Hien,SWE,DF,25,30,27,"2,327",25.9,0,0,0,0,0,0,10,0,1.0,1.0,0.1,1.1,7,51,3,0.0,0.0,0.0,0.0,0.0,0.04,0.0,0.04,0.04,0.04,isak hien,Defender,right,191.0,IT1,30000000.0,30000000.0,https://img.a.transfermarkt.technology/portrait/header/503075-1725531359.jpg?lm=1,https://www.transfermarkt.co.uk/isak-hien/profil/spieler/503075
1150,Davide Zappacosta,ITA,DF,32,30,26,"2,067",23.0,4,2,6,4,0,0,3,0,2.2,2.2,2.1,4.3,67,107,139,0.17,0.09,0.26,0.17,0.26,0.1,0.09,0.19,0.1,0.19,davide zappacosta,Midfield,right,182.0,IT1,6000000.0,20000000.0,https://img.a.transfermarkt.technology/portrait/header/173859-1661268432.jpg?lm=1,https://www.transfermarkt.co.uk/davide-zappacosta/profil/spieler/173859
1151,Charles De Ketelaere,BEL,"MT,AT",23,36,25,"2,070",23.0,7,7,14,7,0,0,1,0,7.3,7.3,6.0,13.2,108,140,211,0.3,0.3,0.61,0.3,0.61,0.32,0.26,0.57,0.32,0.57,charles de ketelaere,Midfield,left,192.0,IT1,38000000.0,38000000.0,https://img.a.transfermarkt.technology/portrait/header/435772-1659601388.jpg?lm=1,https://www.transfermarkt.co.uk/charles-de-ketelaere/profil/spieler/435772
1154,Matteo Ruggeri,ITA,DF,22,30,19,"1,751",19.5,0,3,3,0,0,0,2,0,0.2,0.2,2.0,2.2,60,114,104,0.0,0.15,0.15,0.0,0.15,0.01,0.1,0.11,0.01,0.11,matteo ruggeri,Midfield,left,187.0,IT1,20000000.0,20000000.0,https://img.a.transfermarkt.technology/portrait/header/616631-1742497680.jpg?lm=1,https://www.transfermarkt.co.uk/matteo-ruggeri/profil/spieler/616631
1155,Odilon Kossounou,CIV,DF,23,18,12,"1,125",12.5,0,0,0,0,0,0,1,0,0.5,0.5,0.0,0.6,13,46,14,0.0,0.0,0.0,0.0,0.0,0.04,0.0,0.04,0.04,0.04,odilon kossounou,Defender,right,191.0,IT1,25000000.0,35000000.0,https://img.a.transfermarkt.technology/portrait/header/644771-1730183693.jpg?lm=1,https://www.transfermarkt.co.uk/odilon-kossounou/profil/spieler/644771
1156,Marco Brescianini,ITA,MT,24,29,9,991,11.0,4,2,6,4,0,0,1,0,3.1,3.1,1.0,4.1,46,36,69,0.36,0.18,0.54,0.36,0.54,0.28,0.09,0.37,0.28,0.37,marco brescianini,Midfield,left,188.0,IT1,8000000.0,8000000.0,https://img.a.transfermarkt.technology/portrait/header/459128-1730183739.jpg?lm=1,https://www.transfermarkt.co.uk/marco-brescianini/profil/spieler/459128
1158,Stefan Posch,AUT,DF,27,5,4,387,4.3,0,0,0,0,0,0,0,0,0.2,0.2,0.0,0.2,5,23,5,0.0,0.0,0.0,0.0,0.0,0.05,0.0,0.05,0.05,0.05,stefan posch,Defender,right,190.0,IT1,10000000.0,14000000.0,https://img.a.transfermarkt.technology/portrait/header/223974-1725531246.jpg?lm=1,https://www.transfermarkt.co.uk/stefan-posch/profil/spieler/223974
1159,Giorgio Scalvini,ITA,DF,20,6,4,272,3.0,0,0,0,0,0,0,2,0,0.1,0.1,0.0,0.1,5,20,7,0.0,0.0,0.0,0.0,0.0,0.05,0.0,0.05,0.05,0.05,giorgio scalvini,Defender,right,194.0,IT1,35000000.0,45000000.0,https://img.a.transfermarkt.technology/portrait/header/571604-1701860841.jpg?lm=1,https://www.transfermarkt.co.uk/giorgio-scalvini/profil/spieler/571604
1160,Ibrahim Sulemana,GHA,MT,21,9,3,283,3.1,2,0,2,2,0,0,1,0,0.6,0.6,0.0,0.6,2,12,2,0.64,0.0,0.64,0.64,0.64,0.18,0.01,0.19,0.18,0.19,ibrahim sulemana,Midfield,right,180.0,IT1,6000000.0,6000000.0,https://img.a.transfermarkt.technology/portrait/header/982267-1695033715.jpg?lm=1,https://www.transfermarkt.co.uk/ibrahim-sulemana/profil/spieler/982267
1161,Rui Patrício,POR,GB,36,3,3,270,3.0,0,0,0,0,0,0,0,0,0.0,0.0,0.0,0.0,0,0,0,0.0,0.0,0.0,0.0,0.0,0.0,0.0,0.0,0.0,0.0,rui patricio,Goalkeeper,left,190.0,IT1,1000000.0,20000000.0,https://img.a.transfermarkt.technology/portrait/header/45026-1716296132.jpg?lm=1,https://www.transfermarkt.co.uk/rui-patricio/profil/spieler/45026
1162,Rafael Tolói,ITA,DF,33,11,2,468,5.2,0,0,0,0,0,0,1,0,0.1,0.1,0.2,0.3,5,26,5,0.0,0.0,0.0,0.0,0.0,0.01,0.04,0.05,0.01,0.05,rafael toloi,Defender,right,185.0,IT1,1500000.0,16000000.0,https://img.a.transfermarkt.technology/portrait/header/72441-1663583172.jpg?lm=1,https://www.transfermarkt.co.uk/rafael-toloi/profil/spieler/72441
1163,Marco Palestra,ITA,DF,19,9,2,222,2.5,0,0,0,0,0,0,0,0,0.0,0.0,0.2,0.2,13,6,14,0.0,0.0,0.0,0.0,0.0,0.0,0.1,0.1,0.0,0.1,marco palestra,Midfield,right,186.0,IT1,3000000.0,3000000.0,https://img.a.transfermarkt.technology/portrait/header/895937-1704902310.jpg?lm=1,https://www.transfermarkt.co.uk/marco-palestra/profil/spieler/895937
1164,Juan Musso,ARG,GB,30,1,1,90,1.0,0,0,0,0,0,0,0,0,0.0,0.0,0.0,0.0,0,0,0,0.0,0.0,0.0,0.0,0.0,0.0,0.0,0.0,0.0,0.0,juan musso,Goalkeeper,right,191.0,ES1,4000000.0,20000000.0,https://img.a.transfermarkt.technology/portrait/header/242359-1663583047.jpg?lm=1,https://www.transfermarkt.co.uk/juan-musso/profil/spieler/242359
1165,Ben Godfrey,ENG,DF,26,1,0,23,0.3,0,0,0,0,0,0,0,0,0.0,0.0,0.0,0.0,0,1,1,0.0,0.0,0.0,0.0,0.0,0.0,0.0,0.0,0.0,0.0,ben godfrey,Defender,right,184.0,GB1,8000000.0,25000000.0,https://img.a.transfermarkt.technology/portrait/header/343475-1700739275.jpg?lm=1,https://www.transfermarkt.co.uk/ben-godfrey/profil/spieler/343475
1166,Mitchel Bakker,NED,MT,24,1,0,22,0.2,0,0,0,0,0,0,0,0,0.0,0.0,0.0,0.0,0,1,1,0.0,0.0,0.0,0.0,0.0,0.0,0.0,0.0,0.0,0.0,mitchel bakker,Defender,left,189.0,FR1,7000000.0,14000000.0,https://img.a.transfermarkt.technology/portrait/header/361065-1658913284.jpg?lm=1,https://www.transfermarkt.co.uk/mitchel-bakker/profil/spieler/361065
1168,Alberto Manzoni,ITA,MT,19,1,0,6,0.1,0,0,0,0,0,0,0,0,0.1,0.1,0.0,0.1,0,0,0,0.0,0.0,0.0,0.0,0.0,0.94,0.0,0.94,0.94,0.94,alberto manzoni,Midfield,right,178.0,IT1,300000.0,300000.0,https://img.a.transfermarkt.technology/portrait/header/936755-1724228963.jpg?lm=1,https://www.transfermarkt.co.uk/alberto-manzoni/profil/spieler/936755
1169,Gianluca Scamacca,ITA,AT,25,1,0,6,0.1,0,0,0,0,0,0,0,0,0.1,0.1,0.0,0.1,0,0,0,0.0,0.0,0.0,0.0,0.0,1.29,0.0,1.29,1.29,1.29,gianluca scamacca,Attack,right,195.0,IT1,24000000.0,35000000.0,https://img.a.transfermarkt.technology/portrait/header/315867-1659354755.jpg?lm=1,https://www.transfermarkt.co.uk/gianluca-scamacca/profil/spieler/315867
1171,Mile Svilar,SRB,GB,24,38,38,"3,420",38.0,0,0,0,0,0,0,1,0,0.0,0.0,0.0,0.0,0,2,0,0.0,0.0,0.0,0.0,0.0,0.0,0.0,0.0,0.0,0.0,mile svilar,Goalkeeper,right,189.0,IT1,17000000.0,17000000.0,https://img.a.transfermarkt.technology/portrait/header/338670-1725532174.jpg?lm=1,https://www.transfermarkt.co.uk/mile-svilar/profil/spieler/338670
1172,Angeliño,ESP,DF,27,38,36,"3,177",35.3,2,1,3,2,0,0,1,0,1.4,1.4,3.7,5.1,66,172,172,0.06,0.03,0.08,0.06,0.08,0.04,0.1,0.15,0.04,0.15,angelino,Defender,left,171.0,IT1,15000000.0,35000000.0,https://img.a.transfermarkt.technology/portrait/header/277179-1706626191.jpg?lm=1,https://www.transfermarkt.co.uk/angelino/profil/spieler/277179
1173,Gianluca Mancini,ITA,DF,28,37,36,"3,143",34.9,2,0,2,2,0,0,8,0,1.7,1.7,0.9,2.6,45,139,23,0.06,0.0,0.06,0.06,0.06,0.05,0.03,0.07,0.05,0.07,gianluca mancini,Defender,right,190.0,IT1,18000000.0,30000000.0,https://img.a.transfermarkt.technology/portrait/header/256448-1663581060.jpg?lm=1,https://www.transfermarkt.co.uk/gianluca-mancini/profil/spieler/256448
1174,Manu Koné,FRA,MT,23,34,31,"2,572",28.6,2,1,3,2,0,0,6,0,3.4,3.4,1.7,5.0,70,144,50,0.07,0.03,0.1,0.07,0.1,0.12,0.06,0.18,0.12,0.18,manu kone,Midfield,right,185.0,IT1,35000000.0,40000000.0,https://img.a.transfermarkt.technology/portrait/header/624690-1691248968.jpg?lm=1,https://www.transfermarkt.co.uk/manu-kone/profil/spieler/624690
1175,Artem Dovbyk,UKR,AT,27,32,27,"2,418",26.9,12,2,14,10,2,2,0,0,11.9,10.3,2.4,12.7,24,16,175,0.45,0.07,0.52,0.37,0.45,0.44,0.09,0.53,0.38,0.47,artem dovbyk,Attack,left,189.0,IT1,30000000.0,35000000.0,https://img.a.transfermarkt.technology/portrait/header/343537-1719215184.jpg?lm=1,https://www.transfermarkt.co.uk/artem-dovbyk/profil/spieler/343537
1176,Zeki Çelik,TUR,DF,27,31,27,"2,256",25.1,0,2,2,0,0,0,5,0,0.6,0.6,1.6,2.2,28,106,93,0.0,0.08,0.08,0.0,0.08,0.02,0.07,0.09,0.02,0.09,zeki celik,Defender,right,180.0,IT1,5000000.0,20000000.0,https://img.a.transfermarkt.technology/portrait/header/251075-1725530746.jpg?lm=1,https://www.transfermarkt.co.uk/zeki-celik/profil/spieler/251075
1177,Bryan Cristante,ITA,MT,29,30,23,"2,045",22.7,4,2,6,4,0,0,8,0,2.1,2.1,1.4,3.5,25,145,41,0.18,0.09,0.26,0.18,0.26,0.09,0.06,0.15,0.09,0.15,bryan cristante,Midfield,right,186.0,IT1,7000000.0,25000000.0,https://img.a.transfermarkt.technology/portrait/header/199248-1724827920.jpg?lm=1,https://www.transfermarkt.co.uk/bryan-cristante/profil/spieler/199248
1178,Matìas Soulé,ARG,"MT,DF",21,27,22,"1,781",19.8,5,5,10,5,0,0,3,0,3.0,3.0,5.2,8.3,84,89,191,0.25,0.25,0.51,0.25,0.51,0.15,0.26,0.42,0.15,0.42,matias soule,Attack,left,182.0,IT1,22000000.0,25000000.0,https://img.a.transfermarkt.technology/portrait/header/668951-1725529266.jpg?lm=1,https://www.transfermarkt.co.uk/matias-soule/profil/spieler/668951
1179,Lorenzo Pellegrini,ITA,MT,28,25,20,"1,626",18.1,2,1,3,1,1,1,4,0,4.7,3.9,2.5,6.4,27,61,82,0.11,0.06,0.17,0.06,0.11,0.26,0.14,0.4,0.22,0.35,lorenzo pellegrini,Midfield,right,186.0,IT1,14000000.0,45000000.0,https://img.a.transfermarkt.technology/portrait/header/286297-1692962972.jpg?lm=1,https://www.transfermarkt.co.uk/lorenzo-pellegrini/profil/spieler/286297
1180,Leandro Paredes,ARG,MT,30,22,15,"1,373",15.3,3,1,4,1,2,2,4,0,2.3,0.7,1.5,2.2,17,106,14,0.2,0.07,0.26,0.07,0.13,0.15,0.1,0.25,0.05,0.15,leandro paredes,Midfield,right,180.0,IT1,5000000.0,40000000.0,https://img.a.transfermarkt.technology/portrait/header/166237-1692881087.jpg?lm=1,https://www.transfermarkt.co.uk/leandro-paredes/profil/spieler/166237
1181,Niccolò Pisilli,ITA,MT,19,28,11,"1,227",13.6,2,1,3,2,0,0,7,0,2.7,2.7,0.7,3.4,22,63,44,0.15,0.07,0.22,0.15,0.22,0.2,0.05,0.25,0.2,0.25,niccolo pisilli,Midfield,right,180.0,IT1,12000000.0,12000000.0,https://img.a.transfermarkt.technology/portrait/header/813137-1683527978.jpg?lm=1,https://www.transfermarkt.co.uk/niccolo-pisilli/profil/spieler/813137
1182,Mats Hummels,GER,DF,35,14,11,915,10.2,0,0,0,0,0,0,1,0,0.5,0.5,0.1,0.5,4,26,1,0.0,0.0,0.0,0.0,0.0,0.05,0.01,0.05,0.05,0.05,mats hummels,Defender,right,191.0,IT1,2500000.0,60000000.0,https://img.a.transfermarkt.technology/portrait/header/39728-1709560545.jpg?lm=1,https://www.transfermarkt.co.uk/mats-hummels/profil/spieler/39728
1183,Tommaso Baldanzi,ITA,"MT,AT",21,31,5,832,9.2,1,1,2,1,0,0,2,0,1.4,1.4,1.0,2.4,39,23,57,0.11,0.11,0.22,0.11,0.22,0.16,0.1,0.26,0.16,0.26,tommaso baldanzi,Midfield,left,170.0,IT1,14000000.0,15000000.0,https://img.a.transfermarkt.technology/portrait/header/641537-1661764089.jpg?lm=1,https://www.transfermarkt.co.uk/tommaso-baldanzi/profil/spieler/641537
1184,Devyne Rensch,NED,DF,21,14,5,469,5.2,0,1,1,0,0,0,0,0,0.3,0.3,0.8,1.0,2,14,25,0.0,0.19,0.19,0.0,0.19,0.05,0.15,0.2,0.05,0.2,devyne rensch,Defender,right,181.0,IT1,12000000.0,12000000.0,https://img.a.transfermarkt.technology/portrait/header/557407-1683881379.jpg?lm=1,https://www.transfermarkt.co.uk/devyne-rensch/profil/spieler/557407
1185,Enzo Le Fée,FRA,MT,24,6,4,318,3.5,0,0,0,0,0,0,1,0,0.2,0.2,0.1,0.3,15,28,3,0.0,0.0,0.0,0.0,0.0,0.06,0.03,0.1,0.06,0.1,enzo le fee,Midfield,right,173.0,FR1,18000000.0,20000000.0,https://img.a.transfermarkt.technology/portrait/header/633992-1623749409.jpg?lm=1,https://www.transfermarkt.co.uk/enzo-le-fee/profil/spieler/633992
1186,Mario Hermoso,ESP,DF,29,8,2,251,2.8,0,0,0,0,0,0,2,1,0.1,0.1,0.0,0.1,3,14,5,0.0,0.0,0.0,0.0,0.0,0.02,0.0,0.02,0.02,0.02,mario hermoso,Defender,left,184.0,L1,10000000.0,35000000.0,https://img.a.transfermarkt.technology/portrait/header/281769-1666818938.jpg?lm=1,https://www.transfermarkt.co.uk/mario-hermoso/profil/spieler/281769
1187,Lucas Gourna-Douath,FRA,MT,20,6,2,229,2.5,0,0,0,0,0,0,2,0,0.1,0.1,0.1,0.2,4,9,9,0.0,0.0,0.0,0.0,0.0,0.05,0.04,0.09,0.05,0.09,lucas gourna douath,Midfield,right,185.0,IT1,8000000.0,12000000.0,https://img.a.transfermarkt.technology/portrait/header/620313-1722524255.png?lm=1,https://www.transfermarkt.co.uk/lucas-gourna-douath/profil/spieler/620313
1188,Saud Abdulhamid,KSA,DF,25,4,2,205,2.3,0,1,1,0,0,0,0,0,0.0,0.0,0.2,0.2,6,9,26,0.0,0.44,0.44,0.0,0.44,0.01,0.08,0.09,0.01,0.09,saud abdulhamid,Defender,right,175.0,IT1,4000000.0,4000000.0,https://img.a.transfermarkt.technology/portrait/header/631927-1730124451.jpg?lm=1,https://www.transfermarkt.co.uk/saud-abdulhamid/profil/spieler/631927
1189,Anass Salah-Eddine,NED,DF,22,3,2,152,1.7,0,1,1,0,0,0,0,0,0.3,0.3,0.1,0.5,8,2,15,0.0,0.59,0.59,0.0,0.59,0.19,0.08,0.27,0.19,0.27,anass salah eddine,Defender,left,181.0,IT1,8000000.0,8000000.0,https://img.a.transfermarkt.technology/portrait/header/485584-1605639778.jpg?lm=1,https://www.transfermarkt.co.uk/anass-salah-eddine/profil/spieler/485584
1190,Victor Nelsson,DEN,DF,25,4,1,187,2.1,0,0,0,0,0,0,0,0,0.0,0.0,0.0,0.0,0,4,0,0.0,0.0,0.0,0.0,0.0,0.02,0.0,0.02,0.02,0.02,victor nelsson,Defender,right,185.0,IT1,14000000.0,19000000.0,https://img.a.transfermarkt.technology/portrait/header/422951-1739281438.jpg?lm=1,https://www.transfermarkt.co.uk/victor-nelsson/profil/spieler/422951
1191,Tammy Abraham,ENG,AT,26,1,0,1,0.0,0,0,0,0,0,0,0,0,0.0,0.0,0.0,0.0,0,1,2,0.0,0.0,0.0,0.0,0.0,0.0,0.0,0.0,0.0,0.0,tammy abraham,Attack,right,194.0,IT1,15000000.0,50000000.0,https://img.a.transfermarkt.technology/portrait/header/331726-1725531680.jpg?lm=1,https://www.transfermarkt.co.uk/tammy-abraham/profil/spieler/331726
1192,David de Gea,ESP,GB,33,35,35,"3,150",35.0,0,1,1,0,0,0,1,0,0.0,0.0,0.4,0.4,0,0,0,0.0,0.03,0.03,0.0,0.03,0.0,0.01,0.01,0.0,0.01,david de gea,Goalkeeper,right,192.0,IT1,5000000.0,70000000.0,https://img.a.transfermarkt.technology/portrait/header/59377-1667548362.jpg?lm=1,https://www.transfermarkt.co.uk/david-de-gea/profil/spieler/59377
1193,Dodô,BRA,DF,25,35,35,"3,115",34.6,0,5,5,0,0,0,8,0,1.4,1.4,4.2,5.6,143,128,193,0.0,0.14,0.14,0.0,0.14,0.04,0.12,0.16,0.04,0.16,dodo,Defender,right,166.0,IT1,22000000.0,22000000.0,https://img.a.transfermarkt.technology/portrait/header/401529-1663591985.jpg?lm=1,https://www.transfermarkt.co.uk/dodo/profil/spieler/401529
1194,Luca Ranieri,ITA,DF,25,36,35,"3,071",34.1,1,3,4,1,0,0,7,0,1.1,1.1,1.7,2.7,25,80,11,0.03,0.09,0.12,0.03,0.12,0.03,0.05,0.08,0.03,0.08,luca ranieri,Defender,left,187.0,IT1,12000000.0,12000000.0,https://img.a.transfermarkt.technology/portrait/header/346561-1692962464.jpg?lm=1,https://www.transfermarkt.co.uk/luca-ranieri/profil/spieler/346561
1195,Moise Kean,ITA,AT,24,32,31,"2,704",30.0,19,3,22,18,1,2,6,0,19.4,17.9,1.9,19.7,42,26,143,0.63,0.1,0.73,0.6,0.7,0.65,0.06,0.71,0.59,0.66,moise kean,Attack,right,183.0,IT1,40000000.0,40000000.0,https://img.a.transfermarkt.technology/portrait/header/364135-1725532147.jpg?lm=1,https://www.transfermarkt.co.uk/moise-kean/profil/spieler/364135
1196,Robin Gosens,GER,DF,30,32,29,"2,521",28.0,5,5,10,5,0,0,6,0,1.8,1.8,2.4,4.1,31,102,91,0.18,0.18,0.36,0.18,0.36,0.06,0.08,0.15,0.06,0.15,robin gosens,Defender,left,183.0,IT1,8000000.0,35000000.0,https://img.a.transfermarkt.technology/portrait/header/273132-1686641124.jpg?lm=1,https://www.transfermarkt.co.uk/robin-gosens/profil/spieler/273132
1197,Pietro Comuzzo,ITA,DF,19,33,24,"2,200",24.4,1,0,1,1,0,0,5,0,0.5,0.5,0.6,1.1,14,75,12,0.04,0.0,0.04,0.04,0.04,0.02,0.02,0.05,0.02,0.05,pietro comuzzo,Defender,right,185.0,IT1,25000000.0,25000000.0,https://img.a.transfermarkt.technology/portrait/header/746712-1730183199.jpg?lm=1,https://www.transfermarkt.co.uk/pietro-comuzzo/profil/spieler/746712
1198,Danilo Cataldi,ITA,MT,29,25,23,"1,728",19.2,3,0,3,3,0,0,1,0,1.1,1.1,0.8,1.9,18,90,16,0.16,0.0,0.16,0.16,0.16,0.06,0.04,0.1,0.06,0.1,danilo cataldi,Midfield,right,180.0,IT1,4000000.0,10000000.0,https://img.a.transfermarkt.technology/portrait/header/199733-1661513736.jpg?lm=1,https://www.transfermarkt.co.uk/danilo-cataldi/profil/spieler/199733
1199,Rolando Mandragora,ITA,MT,27,29,22,"1,931",21.5,4,3,7,3,1,1,7,0,2.7,1.9,4.8,6.6,11,92,34,0.19,0.14,0.33,0.14,0.28,0.12,0.22,0.35,0.09,0.31,rolando mandragora,Midfield,left,183.0,IT1,10000000.0,15000000.0,https://img.a.transfermarkt.technology/portrait/header/308279-1663591807.jpg?lm=1,https://www.transfermarkt.co.uk/rolando-mandragora/profil/spieler/308279
1200,Yacine Adli,FRA,MT,24,26,15,"1,234",13.7,4,6,10,4,0,0,3,1,1.0,1.0,2.4,3.4,24,103,30,0.29,0.44,0.73,0.29,0.73,0.08,0.17,0.25,0.08,0.25,yacine adli,Midfield,right,186.0,IT1,15000000.0,15000000.0,https://img.a.transfermarkt.technology/portrait/header/395236-1725531271.jpg?lm=1,https://www.transfermarkt.co.uk/yacine-adli/profil/spieler/395236
1201,Marin Pongračić,CRO,DF,26,20,14,"1,367",15.2,0,0,0,0,0,0,3,1,0.2,0.2,0.2,0.4,7,34,5,0.0,0.0,0.0,0.0,0.0,0.01,0.01,0.03,0.01,0.03,marin pongračić,Defender,right,193.0,IT1,10000000.0,10000000.0,https://img.a.transfermarkt.technology/portrait/header/282144-1657202331.jpg?lm=1,https://www.transfermarkt.co.uk/marin-pongracic/profil/spieler/282144
1202,Pablo Marí,ESP,DF,30,13,12,"1,098",12.2,0,0,0,0,0,0,2,0,0.1,0.1,0.0,0.1,2,27,0,0.0,0.0,0.0,0.0,0.0,0.01,0.0,0.01,0.01,0.01,pablo mari,Defender,left,193.0,IT1,3500000.0,7000000.0,https://img.a.transfermarkt.technology/portrait/header/210178-1739282325.jpg?lm=1,https://www.transfermarkt.co.uk/pablo-mari/profil/spieler/210178
1203,Edoardo Bove,ITA,"MT,AT",22,12,11,851,9.5,1,2,3,1,0,0,3,0,0.6,0.6,1.5,2.1,12,37,24,0.11,0.21,0.32,0.11,0.32,0.06,0.16,0.22,0.06,0.22,edoardo bove,Midfield,right,181.0,IT1,5000000.0,18000000.0,https://img.a.transfermarkt.technology/portrait/header/562049-1725532201.jpg?lm=1,https://www.transfermarkt.co.uk/edoardo-bove/profil/spieler/562049
1204,Amir Richardson,MAR,MT,22,27,10,"1,099",12.2,1,1,2,1,0,0,6,0,0.9,0.9,0.6,1.5,19,47,31,0.08,0.08,0.16,0.08,0.16,0.07,0.05,0.12,0.07,0.12,amir richardson,Midfield,left,197.0,IT1,9000000.0,9000000.0,https://img.a.transfermarkt.technology/portrait/header/893675-1725529481.jpg?lm=1,https://www.transfermarkt.co.uk/amir-richardson/profil/spieler/893675
1205,Nicolò Fagioli,ITA,MT,23,15,10,962,10.7,1,2,3,1,0,0,0,0,0.5,0.5,3.0,3.5,15,50,19,0.09,0.19,0.28,0.09,0.28,0.05,0.28,0.32,0.05,0.32,nicolo fagioli,Midfield,right,178.0,IT1,18000000.0,35000000.0,https://img.a.transfermarkt.technology/portrait/header/432090-1695025310.jpg?lm=1,https://www.transfermarkt.co.uk/nicolo-fagioli/profil/spieler/432090
1206,Cristiano Biraghi,ITA,DF,31,8,5,433,4.8,1,0,1,1,0,0,1,0,0.2,0.2,0.3,0.5,3,15,17,0.21,0.0,0.21,0.21,0.21,0.03,0.06,0.1,0.03,0.1,cristiano biraghi,Defender,left,185.0,IT1,2000000.0,12000000.0,https://img.a.transfermarkt.technology/portrait/header/124555-1724827712.jpg?lm=1,https://www.transfermarkt.co.uk/cristiano-biraghi/profil/spieler/124555
1207,Cher Ndour,ITA,"MT,DF",20,9,4,406,4.5,0,0,0,0,0,0,1,0,0.1,0.1,0.0,0.2,12,17,26,0.0,0.0,0.0,0.0,0.0,0.03,0.01,0.04,0.03,0.04,cher ndour,Midfield,both,190.0,IT1,5000000.0,5000000.0,https://img.a.transfermarkt.technology/portrait/header/651005-1727356126.png?lm=1,https://www.transfermarkt.co.uk/cher-ndour/profil/spieler/651005
1208,Lucas Martínez Quarta,ARG,DF,28,8,4,351,3.9,1,0,1,1,0,0,1,0,0.7,0.7,0.0,0.7,3,14,2,0.26,0.0,0.26,0.26,0.26,0.19,0.01,0.19,0.19,0.19,lucas martinez quarta,Defender,right,183.0,IT1,15000000.0,15000000.0,https://img.a.transfermarkt.technology/portrait/header/373373-1663591880.jpg?lm=1,https://www.transfermarkt.co.uk/lucas-martinez-quarta/profil/spieler/373373
1209,Nicolò Zaniolo,ITA,AT,25,9,4,343,3.8,0,0,0,0,0,0,2,1,0.7,0.6,0.2,0.9,8,5,20,0.0,0.0,0.0,0.0,0.0,0.16,0.06,0.22,0.15,0.21,nicolo zaniolo,Midfield,left,190.0,IT1,16000000.0,55000000.0,https://img.a.transfermarkt.technology/portrait/header/392085-1713472570.jpg?lm=1,https://www.transfermarkt.co.uk/nicolo-zaniolo/profil/spieler/392085
1210,Pietro Terracciano,ITA,GB,34,3,3,270,3.0,0,0,0,0,0,0,0,0,0.0,0.0,0.0,0.0,0,0,0,0.0,0.0,0.0,0.0,0.0,0.0,0.0,0.0,0.0,0.0,pietro terracciano,Goalkeeper,right,193.0,IT1,1500000.0,2500000.0,https://img.a.transfermarkt.technology/portrait/header/96254-1595853091.jpg?lm=1,https://www.transfermarkt.co.uk/pietro-terracciano/profil/spieler/96254
1211,Sofyan Amrabat,MAR,MT,27,2,2,180,2.0,0,0,0,0,0,0,0,0,0.0,0.0,0.1,0.1,2,14,1,0.0,0.0,0.0,0.0,0.0,0.0,0.03,0.03,0.0,0.03,sofyan amrabat,Midfield,right,185.0,TR1,20000000.0,30000000.0,https://img.a.transfermarkt.technology/portrait/header/287579-1728392547.jpg?lm=1,https://www.transfermarkt.co.uk/sofyan-amrabat/profil/spieler/287579
1212,Matias Moreno,ARG,DF,20,4,2,144,1.6,0,0,0,0,0,0,0,0,0.0,0.0,0.0,0.0,1,6,1,0.0,0.0,0.0,0.0,0.0,0.0,0.01,0.01,0.0,0.01,matias moreno,Defender,right,193.0,IT1,4000000.0,4000000.0,https://img.a.transfermarkt.technology/portrait/header/1144700-1730183072.jpg?lm=1,https://www.transfermarkt.co.uk/matias-moreno/profil/spieler/1144700
1213,Antonín Barák,CZE,MT,29,1,1,54,0.6,0,0,0,0,0,0,0,0,0.1,0.1,0.3,0.4,2,2,5,0.0,0.0,0.0,0.0,0.0,0.13,0.47,0.6,0.13,0.6,antonin barak,Midfield,left,190.0,TR1,3000000.0,20000000.0,https://img.a.transfermarkt.technology/portrait/header/272261-1727699332.jpg?lm=1,https://www.transfermarkt.co.uk/antonin-barak/profil/spieler/272261
1214,Alessandro Bianco,ITA,MT,21,1,0,18,0.2,0,0,0,0,0,0,0,0,0.0,0.0,0.0,0.0,0,0,1,0.0,0.0,0.0,0.0,0.0,0.0,0.0,0.0,0.0,0.0,alessandro bianco,Midfield,right,173.0,IT1,5000000.0,5000000.0,https://img.a.transfermarkt.technology/portrait/header/602124-1725528350.jpg?lm=1,https://www.transfermarkt.co.uk/alessandro-bianco/profil/spieler/602124
1215,Maat Daniel Caprini,ITA,AT,18,2,0,8,0.1,0,0,0,0,0,0,0,0,0.0,0.0,0.0,0.0,0,1,3,0.0,0.0,0.0,0.0,0.0,0.0,0.0,0.0,0.0,0.0,maat daniel caprini,Attack,right,180.0,IT1,2000000.0,2000000.0,https://img.a.transfermarkt.technology/portrait/header/996453-1707214283.jpg?lm=1,https://www.transfermarkt.co.uk/maat-daniel-caprini/profil/spieler/996453
1217,Mattéo Guendouzi,FRA,MT,25,37,37,"3,270",36.3,1,3,4,1,0,0,7,0,1.4,1.4,3.2,4.6,89,316,64,0.03,0.08,0.11,0.03,0.11,0.04,0.09,0.13,0.04,0.13,matteo guendouzi,Midfield,right,185.0,IT1,32000000.0,50000000.0,https://img.a.transfermarkt.technology/portrait/header/465830-1730125468.jpg?lm=1,https://www.transfermarkt.co.uk/matteo-guendouzi/profil/spieler/465830
1218,Mattia Zaccagni,ITA,AT,29,34,33,"2,686",29.8,8,6,14,6,2,2,10,0,6.4,4.9,4.6,9.5,91,114,264,0.27,0.2,0.47,0.2,0.4,0.22,0.15,0.37,0.16,0.32,mattia zaccagni,Attack,right,177.0,IT1,20000000.0,30000000.0,https://img.a.transfermarkt.technology/portrait/header/283735-1695026445.jpg?lm=1,https://www.transfermarkt.co.uk/mattia-zaccagni/profil/spieler/283735
1219,Mario Gila,ESP,DF,23,32,31,"2,741",30.5,1,0,1,1,0,0,8,0,1.1,1.1,0.6,1.7,48,157,12,0.03,0.0,0.03,0.03,0.03,0.03,0.02,0.05,0.03,0.05,mario gila,Defender,right,185.0,IT1,28000000.0,28000000.0,https://img.a.transfermarkt.technology/portrait/header/618341-1730127774.jpg?lm=1,https://www.transfermarkt.co.uk/mario-gila/profil/spieler/618341
1220,Nicolò Rovella,ITA,MT,22,33,31,"2,718",30.2,0,3,3,0,0,0,13,0,1.5,1.5,2.2,3.7,45,159,42,0.0,0.1,0.1,0.0,0.1,0.05,0.07,0.12,0.05,0.12,nicolo rovella,Midfield,right,179.0,IT1,28000000.0,28000000.0,https://img.a.transfermarkt.technology/portrait/header/525704-1730127184.jpg?lm=1,https://www.transfermarkt.co.uk/nicolo-rovella/profil/spieler/525704
1221,Alessio Romagnoli,ITA,DF,29,32,31,"2,672",29.7,2,0,2,2,0,0,4,2,2.4,2.4,0.3,2.6,8,90,4,0.07,0.0,0.07,0.07,0.07,0.08,0.01,0.09,0.08,0.09,alessio romagnoli,Defender,left,185.0,IT1,12000000.0,50000000.0,https://img.a.transfermarkt.technology/portrait/header/197747-1730125586.jpg?lm=1,https://www.transfermarkt.co.uk/alessio-romagnoli/profil/spieler/197747
1222,Ivan Provedel,ITA,GB,30,29,29,"2,610",29.0,0,0,0,0,0,0,0,0,0.0,0.0,0.3,0.3,0,4,0,0.0,0.0,0.0,0.0,0.0,0.0,0.01,0.01,0.0,0.01,ivan provedel,Goalkeeper,right,194.0,IT1,7000000.0,14000000.0,https://img.a.transfermarkt.technology/portrait/header/197929-1695160944.jpg?lm=1,https://www.transfermarkt.co.uk/ivan-provedel/profil/spieler/197929
1223,Gustav Isaksen,DEN,AT,23,37,29,"2,210",24.6,4,2,6,4,0,0,5,0,5.2,5.2,2.1,7.3,95,46,249,0.16,0.08,0.24,0.16,0.24,0.21,0.09,0.3,0.21,0.3,gustav isaksen,Attack,left,181.0,IT1,20000000.0,20000000.0,https://img.a.transfermarkt.technology/portrait/header/462823-1695026324.jpg?lm=1,https://www.transfermarkt.co.uk/gustav-isaksen/profil/spieler/462823
1225,Boulaye Dia,SEN,"MT,AT",27,35,27,"2,177",24.2,9,3,12,9,0,0,2,0,7.1,7.1,4.2,11.3,23,51,114,0.37,0.12,0.5,0.37,0.5,0.29,0.17,0.47,0.29,0.47,boulaye dia,Attack,right,180.0,IT1,15000000.0,25000000.0,https://img.a.transfermarkt.technology/portrait/header/626913-1730127040.jpg?lm=1,https://www.transfermarkt.co.uk/boulaye-dia/profil/spieler/626913
1227,Nuno Tavares,POR,DF,24,23,22,"1,686",18.7,0,8,8,0,0,0,4,1,1.1,1.1,4.8,5.9,98,111,100,0.0,0.43,0.43,0.0,0.43,0.06,0.26,0.32,0.06,0.32,nuno tavares,Defender,left,183.0,IT1,25000000.0,25000000.0,https://img.a.transfermarkt.technology/portrait/header/535955-1730127360.jpg?lm=1,https://www.transfermarkt.co.uk/nuno-tavares/profil/spieler/535955
1228,Manuel Lazzari,ITA,DF,30,25,16,"1,406",15.6,0,1,1,0,0,0,3,0,0.1,0.1,1.3,1.4,72,66,96,0.0,0.06,0.06,0.0,0.06,0.01,0.08,0.09,0.01,0.09,manuel lazzari,Midfield,right,174.0,IT1,4000000.0,23000000.0,https://img.a.transfermarkt.technology/portrait/header/331401-1707947147.jpg?lm=1,https://www.transfermarkt.co.uk/manuel-lazzari/profil/spieler/331401
1229,Fisayo Dele-Bashiru,NGA,"MT,AT",23,20,12,947,10.5,3,1,4,3,0,0,0,0,1.1,1.1,0.8,1.9,23,26,57,0.29,0.1,0.38,0.29,0.38,0.1,0.08,0.18,0.1,0.18,fisayo dele bashiru,Midfield,right,186.0,IT1,8000000.0,8000000.0,https://img.a.transfermarkt.technology/portrait/header/530742-1683029896.jpg?lm=1,https://www.transfermarkt.co.uk/fisayo-dele-bashiru/profil/spieler/530742
1230,Luca Pellegrini,ITA,DF,25,22,10,"1,067",11.9,0,4,4,0,0,0,5,0,0.7,0.7,1.8,2.4,21,72,61,0.0,0.34,0.34,0.0,0.34,0.06,0.15,0.2,0.06,0.2,luca pellegrini,Defender,left,178.0,IT1,2500000.0,15000000.0,https://img.a.transfermarkt.technology/portrait/header/346567-1663065246.jpg?lm=1,https://www.transfermarkt.co.uk/luca-pellegrini/profil/spieler/346567
1231,Christos Mandas,GRE,GB,22,9,9,810,9.0,0,0,0,0,0,0,0,0,0.0,0.0,0.0,0.0,0,3,0,0.0,0.0,0.0,0.0,0.0,0.0,0.0,0.0,0.0,0.0,christos mandas,Goalkeeper,right,189.0,IT1,5000000.0,5000000.0,https://img.a.transfermarkt.technology/portrait/header/481675-1724268727.jpg?lm=1,https://www.transfermarkt.co.uk/christos-mandas/profil/spieler/481675
1232,Matías Vecino,URU,MT,32,20,7,877,9.7,2,3,5,2,0,0,7,0,2.3,2.3,2.4,4.6,4,29,14,0.21,0.31,0.51,0.21,0.51,0.23,0.24,0.47,0.23,0.47,matias vecino,Midfield,right,187.0,IT1,2500000.0,25000000.0,https://img.a.transfermarkt.technology/portrait/header/143812-1695026891.jpg?lm=1,https://www.transfermarkt.co.uk/matias-vecino/profil/spieler/143812
1233,Samuel Gigot,FRA,DF,30,15,7,683,7.6,2,0,2,2,0,0,2,0,1.3,1.3,0.0,1.3,7,12,5,0.26,0.0,0.26,0.26,0.26,0.17,0.0,0.17,0.17,0.17,samuel gigot,Defender,right,187.0,IT1,4000000.0,11000000.0,https://img.a.transfermarkt.technology/portrait/header/276896-1703066101.jpg?lm=1,https://www.transfermarkt.co.uk/samuel-gigot/profil/spieler/276896
1234,Patric,ESP,DF,31,10,5,607,6.7,1,0,1,1,0,0,2,0,1.1,1.1,0.0,1.1,4,30,5,0.15,0.0,0.15,0.15,0.15,0.16,0.0,0.16,0.16,0.16,patric,Defender,right,184.0,IT1,4000000.0,9000000.0,https://img.a.transfermarkt.technology/portrait/header/126729-1695026786.jpg?lm=1,https://www.transfermarkt.co.uk/patric/profil/spieler/126729
1235,Elseid Hysaj,ALB,DF,30,11,4,424,4.7,0,3,3,0,0,0,2,1,0.2,0.2,1.6,1.8,4,14,18,0.0,0.64,0.64,0.0,0.64,0.04,0.35,0.38,0.04,0.38,elseid hysaj,Defender,right,182.0,IT1,2000000.0,25000000.0,https://img.a.transfermarkt.technology/portrait/header/200056-1661350737.jpg?lm=1,https://www.transfermarkt.co.uk/elseid-hysaj/profil/spieler/200056
1236,Nicolò Casale,ITA,DF,26,2,2,135,1.5,0,0,0,0,0,0,0,0,0.0,0.0,0.0,0.0,0,6,0,0.0,0.0,0.0,0.0,0.0,0.03,0.0,0.03,0.03,0.03,nicolo casale,Defender,right,191.0,IT1,7000000.0,22000000.0,https://img.a.transfermarkt.technology/portrait/header/389837-1695026993.jpg?lm=1,https://www.transfermarkt.co.uk/nicolo-casale/profil/spieler/389837
1237,Reda Belahyane,MAR,MT,20,6,1,198,2.2,0,0,0,0,0,0,0,1,0.0,0.0,0.0,0.0,4,10,1,0.0,0.0,0.0,0.0,0.0,0.0,0.0,0.0,0.0,0.0,reda belahyane,Midfield,right,173.0,IT1,10000000.0,10000000.0,https://img.a.transfermarkt.technology/portrait/header/982855-1674921768.jpg?lm=1,https://www.transfermarkt.co.uk/reda-belahyane/profil/spieler/982855
1238,Gaetano Castrovilli,ITA,"MT,AT",27,9,1,148,1.6,0,0,0,0,0,0,0,0,0.1,0.1,0.7,0.8,5,10,6,0.0,0.0,0.0,0.0,0.0,0.05,0.44,0.49,0.05,0.49,gaetano castrovilli,Midfield,right,187.0,IT1,3500000.0,25000000.0,https://img.a.transfermarkt.technology/portrait/header/303116-1730126731.jpg?lm=1,https://www.transfermarkt.co.uk/gaetano-castrovilli/profil/spieler/303116
1241,Mike Maignan,FRA,GB,29,37,37,"3,294",36.6,0,0,0,0,0,0,1,0,0.0,0.0,0.8,0.8,0,4,0,0.0,0.0,0.0,0.0,0.0,0.0,0.02,0.02,0.0,0.02,mike maignan,Goalkeeper,right,191.0,IT1,25000000.0,45000000.0,https://img.a.transfermarkt.technology/portrait/header/182906-1681459155.jpg?lm=1,https://www.transfermarkt.co.uk/mike-maignan/profil/spieler/182906
1242,Tijjani Reijnders,NED,MT,26,37,36,"3,128",34.8,10,4,14,10,0,0,2,1,7.5,7.5,3.5,11.0,111,230,121,0.29,0.12,0.4,0.29,0.4,0.22,0.1,0.32,0.22,0.32,tijjani reijnders,Midfield,right,185.0,IT1,50000000.0,50000000.0,https://img.a.transfermarkt.technology/portrait/header/460939-1676466080.jpg?lm=1,https://www.transfermarkt.co.uk/tijjani-reijnders/profil/spieler/460939
1243,Theo Hernández,FRA,DF,26,33,30,"2,696",30.0,4,3,7,4,0,1,4,1,2.7,1.9,4.7,6.6,93,132,148,0.13,0.1,0.23,0.13,0.23,0.09,0.16,0.25,0.06,0.22,theo hernandez,Defender,left,184.0,IT1,40000000.0,60000000.0,https://img.a.transfermarkt.technology/portrait/header/339808-1725532072.jpg?lm=1,https://www.transfermarkt.co.uk/theo-hernandez/profil/spieler/339808
1244,Youssouf Fofana,FRA,MT,25,35,29,"2,504",27.8,1,6,7,1,0,0,5,0,1.3,1.3,3.4,4.7,44,176,32,0.04,0.22,0.25,0.04,0.25,0.05,0.12,0.17,0.05,0.17,youssouf fofana,Midfield,right,185.0,IT1,30000000.0,30000000.0,https://img.a.transfermarkt.technology/portrait/header/569598-1725528517.jpg?lm=1,https://www.transfermarkt.co.uk/youssouf-fofana/profil/spieler/569598
1245,Rafael Leão,POR,AT,25,34,25,"2,323",25.8,8,8,16,8,0,0,5,0,7.6,7.6,8.4,15.9,123,93,262,0.31,0.31,0.62,0.31,0.62,0.29,0.32,0.62,0.29,0.62,rafael leao,Attack,right,188.0,IT1,75000000.0,90000000.0,https://img.a.transfermarkt.technology/portrait/header/357164-1730126553.jpg?lm=1,https://www.transfermarkt.co.uk/rafael-leao/profil/spieler/357164
1246,Matteo Gabbia,ITA,DF,24,26,24,"2,152",23.9,2,0,2,2,0,0,4,0,1.1,1.1,0.2,1.3,13,74,2,0.08,0.0,0.08,0.08,0.08,0.05,0.01,0.05,0.05,0.05,matteo gabbia,Defender,right,185.0,IT1,14000000.0,20000000.0,https://img.a.transfermarkt.technology/portrait/header/323167-1661351918.jpg?lm=1,https://www.transfermarkt.co.uk/matteo-gabbia/profil/spieler/323167
1247,Strahinja Pavlović,SRB,DF,23,24,21,"1,864",20.7,2,1,3,2,0,0,3,1,1.8,1.8,1.1,2.9,40,94,10,0.1,0.05,0.14,0.1,0.14,0.09,0.05,0.14,0.09,0.14,strahinja pavlović,Defender,left,194.0,IT1,18000000.0,25000000.0,https://img.a.transfermarkt.technology/portrait/header/574671-1692998611.png?lm=1,https://www.transfermarkt.co.uk/strahinja-pavlovic/profil/spieler/574671
1248,Malick Thiaw,GER,DF,22,22,19,"1,806",20.1,0,0,0,0,0,0,2,0,0.6,0.6,0.1,0.7,12,89,1,0.0,0.0,0.0,0.0,0.0,0.03,0.01,0.04,0.03,0.04,malick thiaw,Defender,right,194.0,IT1,20000000.0,30000000.0,https://img.a.transfermarkt.technology/portrait/header/521964-1682063635.jpg?lm=1,https://www.transfermarkt.co.uk/malick-thiaw/profil/spieler/521964
1249,Fikayo Tomori,ENG,DF,26,22,19,"1,593",17.7,0,1,1,0,0,0,4,1,0.1,0.1,0.7,0.8,8,63,3,0.0,0.06,0.06,0.0,0.06,0.0,0.04,0.05,0.0,0.05,fikayo tomori,Defender,right,185.0,IT1,20000000.0,50000000.0,https://img.a.transfermarkt.technology/portrait/header/303254-1684856117.jpg?lm=1,https://www.transfermarkt.co.uk/fikayo-tomori/profil/spieler/303254
1250,Yunus Musah,USA,"MT,AT",21,29,19,"1,571",17.5,0,2,2,0,0,0,5,0,1.9,1.9,1.8,3.8,51,84,74,0.0,0.11,0.11,0.0,0.11,0.11,0.1,0.22,0.11,0.22,yunus musah,Midfield,right,178.0,IT1,22000000.0,25000000.0,https://img.a.transfermarkt.technology/portrait/header/503991-1684913655.jpg?lm=1,https://www.transfermarkt.co.uk/yunus-musah/profil/spieler/503991
1251,Emerson,BRA,DF,25,17,16,"1,377",15.3,0,0,0,0,0,0,5,0,0.4,0.4,0.7,1.1,23,68,71,0.0,0.0,0.0,0.0,0.0,0.03,0.05,0.07,0.03,0.07,emerson,Defender,left,176.0,GB1,12000000.0,30000000.0,https://img.a.transfermarkt.technology/portrait/header/181778-1660636930.jpg?lm=1,https://www.transfermarkt.co.uk/emerson/profil/spieler/181778
1252,Tammy Abraham,ENG,AT,26,28,12,"1,183",13.1,3,4,7,2,1,2,1,0,7.1,5.4,2.2,7.6,8,26,69,0.23,0.3,0.53,0.15,0.46,0.54,0.16,0.7,0.41,0.58,tammy abraham,Attack,right,194.0,IT1,15000000.0,50000000.0,https://img.a.transfermarkt.technology/portrait/header/331726-1725531680.jpg?lm=1,https://www.transfermarkt.co.uk/tammy-abraham/profil/spieler/331726
1253,Ruben Loftus-Cheek,ENG,MT,28,19,10,"1,037",11.5,0,0,0,0,0,0,3,0,0.7,0.7,1.9,2.6,27,51,32,0.0,0.0,0.0,0.0,0.0,0.06,0.16,0.22,0.06,0.22,ruben loftus cheek,Midfield,right,191.0,IT1,16000000.0,30000000.0,https://img.a.transfermarkt.technology/portrait/header/202886-1692879593.jpg?lm=1,https://www.transfermarkt.co.uk/ruben-loftus-cheek/profil/spieler/202886
1254,João Félix,POR,MT,24,15,8,760,8.4,2,0,2,2,0,0,3,0,2.7,2.7,1.2,3.8,20,40,56,0.24,0.0,0.24,0.24,0.24,0.32,0.14,0.46,0.32,0.46,joao felix,Attack,right,181.0,IT1,25000000.0,100000000.0,https://img.a.transfermarkt.technology/portrait/header/462250-1668165358.jpg?lm=1,https://www.transfermarkt.co.uk/joao-felix/profil/spieler/462250
1255,Santiago Giménez,MEX,AT,23,14,7,669,7.4,5,2,7,5,0,1,3,1,4.8,4.0,0.9,4.9,13,6,38,0.67,0.27,0.94,0.67,0.94,0.64,0.13,0.77,0.54,0.66,santiago gimenez,Attack,left,183.0,IT1,37000000.0,50000000.0,https://img.a.transfermarkt.technology/portrait/header/552955-1739903736.jpg?lm=1,https://www.transfermarkt.co.uk/santiago-gimenez/profil/spieler/552955
1256,Kyle Walker,ENG,DF,34,11,7,659,7.3,0,0,0,0,0,0,1,0,0.0,0.0,0.9,1.0,11,32,19,0.0,0.0,0.0,0.0,0.0,0.01,0.13,0.13,0.01,0.13,kyle walker,Defender,right,183.0,IT1,6000000.0,50000000.0,https://img.a.transfermarkt.technology/portrait/header/95424-1668090663.jpg?lm=1,https://www.transfermarkt.co.uk/kyle-walker/profil/spieler/95424
1257,Noah Okafor,SUI,AT,24,11,5,414,4.6,1,0,1,1,0,0,0,0,1.5,1.5,0.3,1.9,21,12,48,0.22,0.0,0.22,0.22,0.22,0.33,0.07,0.41,0.33,0.41,noah okafor,Attack,right,185.0,IT1,15000000.0,25000000.0,https://img.a.transfermarkt.technology/portrait/header/346890-1692879855.jpg?lm=1,https://www.transfermarkt.co.uk/noah-okafor/profil/spieler/346890
1258,Davide Calabria,ITA,DF,27,7,4,316,3.5,0,0,0,0,0,0,0,0,0.3,0.3,0.2,0.5,8,24,31,0.0,0.0,0.0,0.0,0.0,0.08,0.05,0.14,0.08,0.14,davide calabria,Defender,right,176.0,IT1,7500000.0,25000000.0,https://img.a.transfermarkt.technology/portrait/header/262523-1684856316.jpg?lm=1,https://www.transfermarkt.co.uk/davide-calabria/profil/spieler/262523
1259,Ismaël Bennacer,ALG,MT,26,6,4,300,3.3,0,0,0,0,0,0,2,0,0.1,0.1,0.1,0.2,8,23,12,0.0,0.0,0.0,0.0,0.0,0.02,0.04,0.07,0.02,0.07,ismaël bennacer,Midfield,left,175.0,FR1,15000000.0,40000000.0,https://img.a.transfermarkt.technology/portrait/header/351816-1663575089.jpg?lm=1,https://www.transfermarkt.co.uk/ismael-bennacer/profil/spieler/351816
1260,Warren Bondo,FRA,MT,20,4,3,162,1.8,0,0,0,0,0,0,1,0,0.0,0.0,0.1,0.1,2,7,0,0.0,0.0,0.0,0.0,0.0,0.02,0.05,0.06,0.02,0.06,warren bondo,Midfield,right,177.0,IT1,10000000.0,10000000.0,https://img.a.transfermarkt.technology/portrait/header/659516-1739281834.jpg?lm=1,https://www.transfermarkt.co.uk/warren-bondo/profil/spieler/659516
1261,Marco Sportiello,ITA,GB,32,2,1,126,1.4,0,0,0,0,0,0,0,0,0.0,0.0,0.0,0.0,0,0,0,0.0,0.0,0.0,0.0,0.0,0.0,0.0,0.0,0.0,0.0,marco sportiello,Goalkeeper,right,192.0,IT1,1500000.0,10000000.0,https://img.a.transfermarkt.technology/portrait/header/199976-1661351013.jpg?lm=1,https://www.transfermarkt.co.uk/marco-sportiello/profil/spieler/199976
1262,Davide Bartesaghi,ITA,DF,18,4,1,118,1.3,0,0,0,0,0,0,0,1,0.0,0.0,0.1,0.1,2,2,17,0.0,0.0,0.0,0.0,0.0,0.01,0.08,0.09,0.01,0.09,davide bartesaghi,Defender,left,193.0,IT1,1000000.0,1000000.0,https://img.a.transfermarkt.technology/portrait/header/887638-1695108454.jpg?lm=1,https://www.transfermarkt.co.uk/davide-bartesaghi/profil/spieler/887638
1264,Kevin Zeroli,ITA,MT,19,1,0,12,0.1,0,0,0,0,0,0,0,0,0.0,0.0,0.0,0.0,1,2,3,0.0,0.0,0.0,0.0,0.0,0.0,0.0,0.0,0.0,0.0,kevin zeroli,Midfield,right,187.0,IT1,3500000.0,3500000.0,https://img.a.transfermarkt.technology/portrait/header/883349-1696430935.jpg?lm=1,https://www.transfermarkt.co.uk/kevin-zeroli/profil/spieler/883349
1265,Alessandro Florenzi,ITA,AT,33,1,0,5,0.1,0,0,0,0,0,0,0,0,0.0,0.0,0.0,0.0,0,0,0,0.0,0.0,0.0,0.0,0.0,0.0,0.0,0.0,0.0,0.0,alessandro florenzi,Defender,right,173.0,IT1,1500000.0,30000000.0,https://img.a.transfermarkt.technology/portrait/header/130365-1663574873.jpg?lm=1,https://www.transfermarkt.co.uk/alessandro-florenzi/profil/spieler/130365
1267,Remo Freuler,SUI,MT,32,37,37,"3,204",35.6,1,2,3,1,0,0,6,0,1.3,1.3,1.5,2.7,39,208,56,0.03,0.06,0.08,0.03,0.08,0.04,0.04,0.08,0.04,0.08,remo freuler,Midfield,right,180.0,IT1,6500000.0,25000000.0,https://img.a.transfermarkt.technology/portrait/header/148252-1688044464.jpg?lm=1,https://www.transfermarkt.co.uk/remo-freuler/profil/spieler/148252
1268,Sam Beukema,NED,DF,25,35,33,"3,012",33.5,0,1,1,0,0,0,1,0,1.5,1.5,0.9,2.4,27,153,9,0.0,0.03,0.03,0.0,0.03,0.04,0.03,0.07,0.04,0.07,sam beukema,Defender,right,188.0,IT1,25000000.0,25000000.0,https://img.a.transfermarkt.technology/portrait/header/433984-1696837343.jpg?lm=1,https://www.transfermarkt.co.uk/sam-beukema/profil/spieler/433984
1269,Jhon Lucumí,COL,DF,26,32,29,"2,614",29.0,0,1,1,0,0,0,8,1,0.6,0.6,0.4,1.0,34,108,7,0.0,0.03,0.03,0.0,0.03,0.02,0.01,0.03,0.02,0.03,jhon lucumi,Defender,left,187.0,IT1,18000000.0,18000000.0,https://img.a.transfermarkt.technology/portrait/header/413565-1663657119.jpg?lm=1,https://www.transfermarkt.co.uk/jhon-lucumi/profil/spieler/413565
1271,Santiago Castro,ARG,AT,19,36,27,"2,294",25.5,8,4,12,8,0,1,7,0,7.7,6.9,2.9,9.8,17,39,136,0.31,0.16,0.47,0.31,0.47,0.3,0.11,0.41,0.27,0.38,santiago castro,Attack,right,179.0,IT1,35000000.0,35000000.0,https://img.a.transfermarkt.technology/portrait/header/849520-1724827267.jpg?lm=1,https://www.transfermarkt.co.uk/santiago-castro/profil/spieler/849520
1272,Dan Ndoye,SUI,AT,23,30,26,"2,143",23.8,8,4,12,6,2,2,4,0,7.0,5.4,3.8,9.2,132,74,231,0.34,0.17,0.5,0.25,0.42,0.29,0.16,0.45,0.23,0.39,dan ndoye,Attack,right,184.0,IT1,25000000.0,25000000.0,https://img.a.transfermarkt.technology/portrait/header/365108-1718218474.jpg?lm=1,https://www.transfermarkt.co.uk/dan-ndoye/profil/spieler/365108
1273,Juan Miranda,ESP,DF,24,31,25,"2,277",25.3,0,6,6,0,0,0,4,1,0.7,0.7,6.1,6.8,34,163,88,0.0,0.24,0.24,0.0,0.24,0.03,0.24,0.27,0.03,0.27,juan miranda,Defender,left,185.0,IT1,11000000.0,11000000.0,https://img.a.transfermarkt.technology/portrait/header/341227-1689338510.jpg?lm=1,https://www.transfermarkt.co.uk/juan-miranda/profil/spieler/341227
1274,Jens Odgaard,DEN,"MT,AT",25,29,24,"1,952",21.7,6,1,7,6,0,0,1,0,3.6,3.6,1.8,5.4,35,50,99,0.28,0.05,0.32,0.28,0.32,0.17,0.08,0.25,0.17,0.25,jens odgaard,Midfield,left,188.0,IT1,12000000.0,12000000.0,https://img.a.transfermarkt.technology/portrait/header/345590-1706697621.jpg?lm=1,https://www.transfermarkt.co.uk/jens-odgaard/profil/spieler/345590
1275,Riccardo Orsolini,ITA,AT,27,30,23,"1,878",20.9,15,4,19,12,3,3,2,0,10.1,7.8,3.7,11.5,61,69,186,0.72,0.19,0.91,0.58,0.77,0.49,0.18,0.66,0.37,0.55,riccardo orsolini,Attack,left,183.0,IT1,20000000.0,25000000.0,https://img.a.transfermarkt.technology/portrait/header/368482-1724827463.jpg?lm=1,https://www.transfermarkt.co.uk/riccardo-orsolini/profil/spieler/368482
1277,Nikola Moro,CRO,MT,26,22,15,"1,208",13.4,0,2,2,0,0,0,1,0,0.5,0.5,0.8,1.3,17,93,21,0.0,0.15,0.15,0.0,0.15,0.04,0.06,0.1,0.04,0.1,nikola moro,Midfield,right,184.0,IT1,5000000.0,9000000.0,https://img.a.transfermarkt.technology/portrait/header/316934-1692964241.jpg?lm=1,https://www.transfermarkt.co.uk/nikola-moro/profil/spieler/316934
1278,Tommaso Pobega,ITA,MT,25,21,13,"1,178",13.1,2,2,4,2,0,0,6,2,2.1,2.0,1.4,3.4,12,42,23,0.15,0.15,0.31,0.15,0.31,0.16,0.11,0.27,0.15,0.26,tommaso pobega,Midfield,left,188.0,IT1,10000000.0,18000000.0,https://img.a.transfermarkt.technology/portrait/header/392538-1661767249.jpg?lm=1,https://www.transfermarkt.co.uk/tommaso-pobega/profil/spieler/392538
1279,Lorenzo De Silvestri,ITA,DF,36,18,13,"1,060",11.8,1,0,1,1,0,0,1,0,0.8,0.8,0.3,1.1,4,46,30,0.08,0.0,0.08,0.08,0.08,0.07,0.02,0.09,0.07,0.09,lorenzo de silvestri,Defender,right,187.0,IT1,400000.0,6000000.0,https://img.a.transfermarkt.technology/portrait/header/33571-1595929290.jpg?lm=1,https://www.transfermarkt.co.uk/lorenzo-de-silvestri/profil/spieler/33571
1280,Emil Holm,SWE,DF,24,21,12,"1,137",12.6,1,1,2,1,0,0,3,0,0.6,0.6,0.7,1.3,29,49,43,0.08,0.08,0.16,0.08,0.16,0.05,0.06,0.1,0.05,0.1,emil holm,Defender,right,191.0,IT1,8000000.0,12000000.0,https://img.a.transfermarkt.technology/portrait/header/496745-1688450376.jpg?lm=1,https://www.transfermarkt.co.uk/emil-holm/profil/spieler/496745
1282,Thijs Dallinga,NED,AT,23,31,11,"1,154",12.8,3,2,5,3,0,0,1,0,4.3,4.3,0.6,4.9,9,17,84,0.23,0.16,0.39,0.23,0.39,0.33,0.05,0.38,0.33,0.38,thijs dallinga,Attack,right,190.0,IT1,12000000.0,18000000.0,https://img.a.transfermarkt.technology/portrait/header/538964-1737495076.jpg?lm=1,https://www.transfermarkt.co.uk/thijs-dallinga/profil/spieler/538964
1283,Federico Ravaglia,ITA,GB,24,12,11,"1,056",11.7,0,0,0,0,0,0,0,0,0.0,0.0,0.0,0.0,0,0,0,0.0,0.0,0.0,0.0,0.0,0.0,0.0,0.0,0.0,0.0,federico ravaglia,Goalkeeper,right,196.0,IT1,1000000.0,1000000.0,https://img.a.transfermarkt.technology/portrait/header/390304-1701253429.jpg?lm=1,https://www.transfermarkt.co.uk/federico-ravaglia/profil/spieler/390304
1284,Lewis Ferguson,SCO,MT,24,16,10,983,10.9,1,1,2,0,1,1,0,0,1.0,0.2,1.1,1.3,20,53,26,0.09,0.09,0.18,0.0,0.09,0.09,0.1,0.19,0.02,0.12,lewis ferguson,Midfield,right,181.0,IT1,24000000.0,24000000.0,https://img.a.transfermarkt.technology/portrait/header/428563-1663656344.jpg?lm=1,https://www.transfermarkt.co.uk/lewis-ferguson/profil/spieler/428563
1285,Giovanni Fabbian,ITA,MT,21,30,9,"1,023",11.4,3,1,4,3,0,0,2,0,2.3,2.3,1.3,3.7,14,17,43,0.26,0.09,0.35,0.26,0.35,0.21,0.12,0.32,0.21,0.32,giovanni fabbian,Midfield,right,186.0,IT1,13000000.0,14000000.0,https://img.a.transfermarkt.technology/portrait/header/633668-1695027735.jpg?lm=1,https://www.transfermarkt.co.uk/giovanni-fabbian/profil/spieler/633668
1286,Nicolò Casale,ITA,DF,26,15,9,900,10.0,0,1,1,0,0,0,1,0,0.5,0.5,0.5,0.9,3,29,2,0.0,0.1,0.1,0.0,0.1,0.05,0.05,0.09,0.05,0.09,nicolo casale,Defender,right,191.0,IT1,7000000.0,22000000.0,https://img.a.transfermarkt.technology/portrait/header/389837-1695026993.jpg?lm=1,https://www.transfermarkt.co.uk/nicolo-casale/profil/spieler/389837
1287,Michel Aebischer,SUI,MT,27,14,9,724,8.0,0,0,0,0,0,0,2,0,0.4,0.4,0.4,0.8,8,33,17,0.0,0.0,0.0,0.0,0.0,0.05,0.04,0.09,0.05,0.09,michel aebischer,Midfield,right,183.0,IT1,10000000.0,11000000.0,https://img.a.transfermarkt.technology/portrait/header/237658-1669289063.jpg?lm=1,https://www.transfermarkt.co.uk/michel-aebischer/profil/spieler/237658
1288,Stefan Posch,AUT,DF,27,14,7,714,7.9,0,0,0,0,0,0,1,0,0.3,0.3,0.7,1.0,11,36,35,0.0,0.0,0.0,0.0,0.0,0.04,0.09,0.13,0.04,0.13,stefan posch,Defender,right,190.0,IT1,10000000.0,14000000.0,https://img.a.transfermarkt.technology/portrait/header/223974-1725531246.jpg?lm=1,https://www.transfermarkt.co.uk/stefan-posch/profil/spieler/223974
1289,Davide Calabria,ITA,DF,27,11,7,632,7.0,0,1,1,0,0,0,3,0,0.1,0.1,1.3,1.4,7,40,20,0.0,0.14,0.14,0.0,0.14,0.01,0.18,0.19,0.01,0.19,davide calabria,Defender,right,176.0,IT1,7500000.0,25000000.0,https://img.a.transfermarkt.technology/portrait/header/262523-1684856316.jpg?lm=1,https://www.transfermarkt.co.uk/davide-calabria/profil/spieler/262523
1291,Nicolò Cambiaghi,ITA,AT,23,18,4,620,6.9,1,3,4,1,0,0,0,0,0.8,0.8,1.9,2.7,45,25,63,0.15,0.44,0.58,0.15,0.58,0.11,0.27,0.39,0.11,0.39,nicolo cambiaghi,Attack,right,173.0,IT1,7000000.0,8000000.0,https://img.a.transfermarkt.technology/portrait/header/459151-1695031545.jpg?lm=1,https://www.transfermarkt.co.uk/nicolo-cambiaghi/profil/spieler/459151
1292,Jesper Karlsson,SWE,AT,26,7,3,298,3.3,1,0,1,1,0,0,1,0,0.7,0.7,0.1,0.8,6,6,31,0.3,0.0,0.3,0.3,0.3,0.22,0.03,0.25,0.22,0.25,jesper karlsson,Attack,right,179.0,IT1,4500000.0,18000000.0,https://img.a.transfermarkt.technology/portrait/header/367992-1739281929.jpg?lm=1,https://www.transfermarkt.co.uk/jesper-karlsson/profil/spieler/367992
1293,Kacper Urbanski,POL,MT,19,7,1,247,2.7,1,0,1,1,0,0,2,0,0.3,0.3,0.5,0.8,5,15,19,0.36,0.0,0.36,0.36,0.36,0.12,0.17,0.29,0.12,0.29,kacper urbanski,Midfield,right,183.0,IT1,7000000.0,7000000.0,https://img.a.transfermarkt.technology/portrait/header/699442-1696837702.jpg?lm=1,https://www.transfermarkt.co.uk/kacper-urbanski/profil/spieler/699442
1294,Oussama El Azzouzi,MAR,MT,23,2,0,19,0.2,0,0,0,0,0,0,0,0,0.0,0.0,0.0,0.0,0,4,0,0.0,0.0,0.0,0.0,0.0,0.0,0.0,0.0,0.0,0.0,oussama el azzouzi,Midfield,right,189.0,IT1,2000000.0,2500000.0,https://img.a.transfermarkt.technology/portrait/header/531065-1707127581.jpg?lm=1,https://www.transfermarkt.co.uk/oussama-el-azzouzi/profil/spieler/531065
1297,Marc-Oliver Kempf,GER,DF,29,31,30,"2,615",29.1,0,0,0,0,0,0,6,1,1.6,1.6,1.2,2.7,17,85,4,0.0,0.0,0.0,0.0,0.0,0.05,0.04,0.09,0.05,0.09,marc oliver kempf,Defender,left,186.0,IT1,2500000.0,8000000.0,https://img.a.transfermarkt.technology/portrait/header/160938-1657098066.jpg?lm=1,https://www.transfermarkt.co.uk/marc-oliver-kempf/profil/spieler/160938
1298,Lucas Da Cunha,FRA,MT,23,36,30,"2,613",29.0,3,2,5,3,0,0,4,0,2.0,2.0,3.8,5.8,63,154,85,0.1,0.07,0.17,0.1,0.17,0.07,0.13,0.2,0.07,0.2,lucas da cunha,Midfield,left,174.0,IT1,7000000.0,7000000.0,https://img.a.transfermarkt.technology/portrait/header/495667-1714818116.jpg?lm=1,https://www.transfermarkt.co.uk/lucas-da-cunha/profil/spieler/495667
1299,Edoardo Goldaniga,ITA,DF,30,32,28,"2,532",28.1,1,0,1,1,0,0,12,1,2.5,2.5,0.3,2.8,20,81,8,0.04,0.0,0.04,0.04,0.04,0.09,0.01,0.1,0.09,0.1,edoardo goldaniga,Defender,right,193.0,IT1,2000000.0,3000000.0,https://img.a.transfermarkt.technology/portrait/header/242940-1725530007.jpg?lm=1,https://www.transfermarkt.co.uk/edoardo-goldaniga/profil/spieler/242940
1300,Patrick Cutrone,ITA,AT,26,33,23,"2,047",22.7,7,4,11,7,0,1,1,0,7.1,6.3,2.1,8.4,53,31,155,0.31,0.18,0.48,0.31,0.48,0.31,0.09,0.41,0.28,0.37,patrick cutrone,Attack,right,183.0,IT1,7000000.0,30000000.0,https://img.a.transfermarkt.technology/portrait/header/265078-1714818222.jpg?lm=1,https://www.transfermarkt.co.uk/patrick-cutrone/profil/spieler/265078
1301,Alberto Moreno,ESP,DF,32,24,21,"1,727",19.2,0,0,0,0,0,0,4,0,0.4,0.4,1.2,1.6,23,81,58,0.0,0.0,0.0,0.0,0.0,0.02,0.06,0.08,0.02,0.08,alberto moreno,Defender,left,171.0,IT1,1800000.0,15000000.0,https://img.a.transfermarkt.technology/portrait/header/207917-1687268193.jpg?lm=1,https://www.transfermarkt.co.uk/alberto-moreno/profil/spieler/207917
1302,Máximo Perrone,ARG,MT,21,26,20,"1,857",20.6,0,3,3,0,0,0,6,0,0.9,0.9,2.2,3.1,16,98,19,0.0,0.15,0.15,0.0,0.15,0.04,0.11,0.15,0.04,0.15,maximo perrone,Midfield,left,177.0,IT1,9000000.0,10000000.0,https://img.a.transfermarkt.technology/portrait/header/668547-1681246573.jpg?lm=1,https://www.transfermarkt.co.uk/maximo-perrone/profil/spieler/668547
1303,Alberto Dossena,ITA,DF,25,23,20,"1,825",20.3,0,2,2,0,0,0,1,1,0.8,0.8,0.7,1.5,4,36,1,0.0,0.1,0.1,0.0,0.1,0.04,0.03,0.07,0.04,0.07,alberto dossena,Defender,right,195.0,IT1,7000000.0,7000000.0,https://img.a.transfermarkt.technology/portrait/header/385394-1686510717.jpg?lm=1,https://www.transfermarkt.co.uk/alberto-dossena/profil/spieler/385394
1304,Jean Butez,FRA,GB,29,19,18,"1,666",18.5,0,0,0,0,0,0,0,0,0.0,0.0,0.0,0.0,0,1,0,0.0,0.0,0.0,0.0,0.0,0.0,0.0,0.0,0.0,0.0,jean butez,Goalkeeper,right,189.0,IT1,3000000.0,8000000.0,https://img.a.transfermarkt.technology/portrait/header/290537-1704961364.jpg?lm=1,https://www.transfermarkt.co.uk/jean-butez/profil/spieler/290537
1305,Maxence Caqueret,FRA,MT,24,18,15,"1,087",12.1,2,3,5,2,0,0,4,0,0.8,0.8,1.5,2.4,15,76,46,0.17,0.25,0.41,0.17,0.41,0.07,0.13,0.2,0.07,0.2,maxence caqueret,Midfield,right,174.0,IT1,15000000.0,25000000.0,https://img.a.transfermarkt.technology/portrait/header/395237-1739281407.jpg?lm=1,https://www.transfermarkt.co.uk/maxence-caqueret/profil/spieler/395237
1306,Pepe Reina,ESP,GB,41,12,12,"1,034",11.5,0,0,0,0,0,0,0,1,0.0,0.0,0.0,0.0,0,0,0,0.0,0.0,0.0,0.0,0.0,0.0,0.0,0.0,0.0,0.0,pepe reina,Goalkeeper,right,188.0,IT1,600000.0,22000000.0,https://img.a.transfermarkt.technology/portrait/header/7825-1724826388.jpg?lm=1,https://www.transfermarkt.co.uk/pepe-reina/profil/spieler/7825
1307,Álex Valle,ESP,DF,20,15,12,"1,030",11.4,0,0,0,0,0,0,2,0,0.3,0.3,0.7,1.0,19,44,30,0.0,0.0,0.0,0.0,0.0,0.03,0.06,0.08,0.03,0.08,alex valle,Defender,left,178.0,IT1,4500000.0,4500000.0,https://img.a.transfermarkt.technology/portrait/header/709957-1667341728.jpg?lm=1,https://www.transfermarkt.co.uk/alex-valle/profil/spieler/709957
1308,Yannik Engelhardt,GER,"MT,DF",23,26,11,"1,164",12.9,1,1,2,1,0,0,4,0,0.6,0.6,1.5,2.0,18,54,18,0.08,0.08,0.15,0.08,0.15,0.04,0.11,0.16,0.04,0.16,yannik engelhardt,Midfield,right,184.0,IT1,7000000.0,7000000.0,https://img.a.transfermarkt.technology/portrait/header/405670-1658504058.jpg?lm=1,https://www.transfermarkt.co.uk/yannik-engelhardt/profil/spieler/405670
1309,Emil Audero,IDN,GB,27,8,8,720,8.0,0,0,0,0,0,0,0,0,0.0,0.0,0.0,0.0,0,0,0,0.0,0.0,0.0,0.0,0.0,0.0,0.0,0.0,0.0,0.0,emil audero,Goalkeeper,right,192.0,IT1,5000000.0,15000000.0,https://img.a.transfermarkt.technology/portrait/header/256339-1663679682.jpg?lm=1,https://www.transfermarkt.co.uk/emil-audero/profil/spieler/256339
1310,Mërgim Vojvoda,KVX,DF,29,11,8,717,8.0,1,2,3,1,0,0,2,0,0.2,0.2,2.0,2.3,16,43,40,0.13,0.25,0.38,0.13,0.38,0.03,0.25,0.28,0.03,0.28,mërgim vojvoda,Defender,right,187.0,IT1,3000000.0,5500000.0,https://img.a.transfermarkt.technology/portrait/header/336125-1661351703.jpg?lm=1,https://www.transfermarkt.co.uk/mergim-vojvoda/profil/spieler/336125
1311,Sergi Roberto,ESP,MT,32,13,8,696,7.7,0,1,1,0,0,0,4,0,0.7,0.7,0.7,1.4,10,36,19,0.0,0.13,0.13,0.0,0.13,0.09,0.09,0.18,0.09,0.18,sergi roberto,Midfield,right,178.0,IT1,2000000.0,60000000.0,https://img.a.transfermarkt.technology/portrait/header/85370-1662585931.jpg?lm=1,https://www.transfermarkt.co.uk/sergi-roberto/profil/spieler/85370
1313,Andrea Belotti,ITA,AT,30,18,7,593,6.6,2,0,2,2,0,0,1,0,2.5,2.5,0.4,2.8,9,9,33,0.3,0.0,0.3,0.3,0.3,0.37,0.05,0.43,0.37,0.43,andrea belotti,Attack,right,181.0,PO1,2000000.0,40000000.0,https://img.a.transfermarkt.technology/portrait/header/167727-1663581136.jpg?lm=1,https://www.transfermarkt.co.uk/andrea-belotti/profil/spieler/167727
1314,Anastasios Douvikas,GRE,AT,24,13,6,580,6.4,2,2,4,2,0,0,1,0,2.5,2.5,1.1,3.7,8,6,36,0.31,0.31,0.62,0.31,0.62,0.4,0.17,0.57,0.4,0.57,anastasios douvikas,Attack,right,186.0,IT1,8000000.0,12000000.0,https://img.a.transfermarkt.technology/portrait/header/523318-1682331342.jpg?lm=1,https://www.transfermarkt.co.uk/anastasios-douvikas/profil/spieler/523318
1315,Jonathan Ikone,FRA,AT,26,13,5,540,6.0,2,0,2,2,0,0,1,0,1.8,1.8,0.2,1.9,23,17,55,0.33,0.0,0.33,0.33,0.33,0.29,0.03,0.32,0.29,0.32,jonathan ikone,Attack,left,175.0,IT1,8000000.0,40000000.0,https://img.a.transfermarkt.technology/portrait/header/324690-1697179025.jpg?lm=1,https://www.transfermarkt.co.uk/jonathan-ikone/profil/spieler/324690
1317,Luca Mazzitelli,ITA,MT,28,11,3,335,3.7,1,1,2,1,0,0,1,0,0.2,0.2,0.6,0.8,2,27,14,0.27,0.27,0.54,0.27,0.54,0.06,0.15,0.21,0.06,0.21,luca mazzitelli,Midfield,right,184.0,IT1,4000000.0,4000000.0,https://img.a.transfermarkt.technology/portrait/header/226025-1686152719.jpg?lm=1,https://www.transfermarkt.co.uk/luca-mazzitelli/profil/spieler/226025
1318,Matthias Braunöder,AUT,MT,22,8,3,268,3.0,0,0,0,0,0,0,3,1,0.1,0.1,0.0,0.1,2,18,0,0.0,0.0,0.0,0.0,0.0,0.03,0.0,0.03,0.03,0.03,matthias braunoder,Midfield,right,174.0,IT1,1600000.0,3500000.0,https://img.a.transfermarkt.technology/portrait/header/488052-1692968166.png?lm=1,https://www.transfermarkt.co.uk/matthias-braunoder/profil/spieler/488052
1319,Marco Sala,ITA,DF,25,8,3,261,2.9,0,0,0,0,0,0,3,0,0.0,0.0,0.1,0.1,10,16,16,0.0,0.0,0.0,0.0,0.0,0.0,0.04,0.04,0.0,0.04,marco sala,Defender,left,182.0,IT1,1000000.0,3000000.0,https://img.a.transfermarkt.technology/portrait/header/392570-1730185794.jpg?lm=1,https://www.transfermarkt.co.uk/marco-sala/profil/spieler/392570
1320,Fellipe Jack,BRA,DF,18,7,1,171,1.9,0,0,0,0,0,0,2,0,0.0,0.0,0.1,0.1,2,8,1,0.0,0.0,0.0,0.0,0.0,0.0,0.03,0.03,0.0,0.03,fellipe jack,Defender,left,187.0,IT1,1400000.0,1400000.0,https://img.a.transfermarkt.technology/portrait/header/1004723-1680450497.jpg?lm=1,https://www.transfermarkt.co.uk/fellipe-jack/profil/spieler/1004723
1322,Simone Verdi,ITA,"MT,AT",32,9,0,115,1.3,0,0,0,0,0,0,1,0,0.1,0.1,0.5,0.6,3,5,13,0.0,0.0,0.0,0.0,0.0,0.09,0.39,0.47,0.09,0.47,simone verdi,Midfield,both,174.0,IT1,2500000.0,25000000.0,https://img.a.transfermarkt.technology/portrait/header/130360-1663671979.jpg?lm=1,https://www.transfermarkt.co.uk/simone-verdi/profil/spieler/130360
1323,Alberto Cerri,ITA,AT,28,5,0,87,1.0,0,0,0,0,0,0,0,0,1.0,1.0,0.0,1.0,0,0,11,0.0,0.0,0.0,0.0,0.0,1.05,0.0,1.05,1.05,1.05,alberto cerri,Attack,right,194.0,IT1,1700000.0,7500000.0,https://img.a.transfermarkt.technology/portrait/header/197751-1686210523.jpg?lm=1,https://www.transfermarkt.co.uk/alberto-cerri/profil/spieler/197751
1325,Vanja Milinković-Savić,SRB,GB,27,37,37,"3,330",37.0,0,0,0,0,0,0,3,0,0.0,0.0,0.1,0.1,0,0,0,0.0,0.0,0.0,0.0,0.0,0.0,0.0,0.0,0.0,0.0,vanja milinković savić,Goalkeeper,right,202.0,IT1,12000000.0,12000000.0,https://img.a.transfermarkt.technology/portrait/header/257474-1730125139.jpg?lm=1,https://www.transfermarkt.co.uk/vanja-milinkovic-savic/profil/spieler/257474
1326,Samuele Ricci,ITA,MT,22,34,34,"2,825",31.4,1,1,2,1,0,0,8,1,1.3,1.3,0.6,1.8,43,116,30,0.03,0.03,0.06,0.03,0.06,0.04,0.02,0.06,0.04,0.06,samuele ricci,Midfield,right,181.0,IT1,30000000.0,30000000.0,https://img.a.transfermarkt.technology/portrait/header/467992-1730125512.jpg?lm=1,https://www.transfermarkt.co.uk/samuele-ricci/profil/spieler/467992
1327,Saúl Coco,EQG,DF,25,32,32,"2,845",31.6,2,0,2,2,0,0,10,0,1.2,1.2,0.0,1.2,17,70,3,0.06,0.0,0.06,0.06,0.06,0.04,0.0,0.04,0.04,0.04,saul coco,Defender,right,187.0,IT1,12000000.0,14000000.0,https://img.a.transfermarkt.technology/portrait/header/588426-1725531089.jpg?lm=1,https://www.transfermarkt.co.uk/saul-coco/profil/spieler/588426
1328,Che Adams,SCO,AT,28,36,30,"2,652",29.5,9,3,12,9,0,1,2,0,9.0,8.2,2.0,10.2,23,40,153,0.31,0.1,0.41,0.31,0.41,0.31,0.07,0.37,0.28,0.35,che adams,Attack,right,179.0,IT1,15000000.0,22000000.0,https://img.a.transfermarkt.technology/portrait/header/346779-1716381473.jpg?lm=1,https://www.transfermarkt.co.uk/che-adams/profil/spieler/346779
1329,Guillermo Maripán,CHI,DF,30,28,27,"2,340",26.0,1,1,2,1,0,0,4,1,0.9,0.9,1.0,2.0,14,96,9,0.04,0.04,0.08,0.04,0.08,0.04,0.04,0.08,0.04,0.08,guillermo maripan,Defender,right,193.0,IT1,4000000.0,15000000.0,https://img.a.transfermarkt.technology/portrait/header/249730-1730123458.jpg?lm=1,https://www.transfermarkt.co.uk/guillermo-maripan/profil/spieler/249730
1330,Nikola Vlašić,CRO,"MT,AT",26,30,23,"2,117",23.5,5,4,9,3,2,2,0,0,3.4,1.8,2.4,4.2,53,94,110,0.21,0.17,0.38,0.13,0.3,0.14,0.1,0.25,0.08,0.18,nikola vlašić,Midfield,right,179.0,IT1,8000000.0,30000000.0,https://img.a.transfermarkt.technology/portrait/header/293200-1695028630.jpg?lm=1,https://www.transfermarkt.co.uk/nikola-vlasic/profil/spieler/293200
1331,Adam Masina,MAR,DF,30,28,20,"1,919",21.3,1,2,3,1,0,0,5,0,0.7,0.7,0.3,1.0,15,73,10,0.05,0.09,0.14,0.05,0.14,0.03,0.01,0.05,0.03,0.05,adam masina,Defender,left,191.0,IT1,1500000.0,7000000.0,https://img.a.transfermarkt.technology/portrait/header/286949-1658130450.jpg?lm=1,https://www.transfermarkt.co.uk/adam-masina/profil/spieler/286949
1332,Sebastian Walukiewicz,POL,DF,24,29,20,"1,661",18.5,0,0,0,0,0,0,6,0,0.4,0.4,0.3,0.7,25,80,31,0.0,0.0,0.0,0.0,0.0,0.02,0.02,0.04,0.02,0.04,sebastian walukiewicz,Defender,right,188.0,IT1,5000000.0,10000000.0,https://img.a.transfermarkt.technology/portrait/header/345458-1716985042.jpg?lm=1,https://www.transfermarkt.co.uk/sebastian-walukiewicz/profil/spieler/345458
1333,Karol Linetty,POL,MT,29,28,18,"1,540",17.1,1,0,1,1,0,0,6,0,1.1,1.1,0.9,2.0,18,47,19,0.06,0.0,0.06,0.06,0.06,0.06,0.06,0.12,0.06,0.12,karol linetty,Midfield,right,175.0,IT1,2500000.0,15000000.0,https://img.a.transfermarkt.technology/portrait/header/225873-1663596553.jpg?lm=1,https://www.transfermarkt.co.uk/karol-linetty/profil/spieler/225873
1334,Antonio Sanabria,PAR,AT,28,26,16,"1,318",14.6,2,1,3,2,0,1,2,0,2.9,2.1,0.5,2.6,6,18,54,0.14,0.07,0.2,0.14,0.2,0.2,0.03,0.23,0.14,0.18,antonio sanabria,Attack,right,180.0,IT1,4000000.0,10000000.0,https://img.a.transfermarkt.technology/portrait/header/234523-1692963077.jpg?lm=1,https://www.transfermarkt.co.uk/antonio-sanabria/profil/spieler/234523
1335,Gvidas Gineitis,LTU,MT,20,30,15,"1,430",15.9,3,1,4,3,0,0,5,0,1.3,1.3,2.0,3.3,15,36,43,0.19,0.06,0.25,0.19,0.25,0.08,0.13,0.21,0.08,0.21,gvidas gineitis,Midfield,left,191.0,IT1,5000000.0,5000000.0,https://img.a.transfermarkt.technology/portrait/header/798929-1730125690.jpg?lm=1,https://www.transfermarkt.co.uk/gvidas-gineitis/profil/spieler/798929
1336,Marcus Pedersen,NOR,DF,24,29,15,"1,362",15.1,0,0,0,0,0,0,3,0,0.6,0.6,0.4,1.0,44,19,77,0.0,0.0,0.0,0.0,0.0,0.04,0.03,0.06,0.04,0.06,marcus pedersen,Midfield,right,184.0,IT1,3500000.0,7000000.0,https://img.a.transfermarkt.technology/portrait/header/583404-1660759624.jpg?lm=1,https://www.transfermarkt.co.uk/marcus-pedersen/profil/spieler/583404
1337,Borna Sosa,CRO,DF,26,19,14,"1,181",13.1,0,0,0,0,0,0,0,0,0.3,0.3,0.7,1.0,13,51,49,0.0,0.0,0.0,0.0,0.0,0.02,0.05,0.07,0.02,0.07,borna sosa,Midfield,left,187.0,IT1,6000000.0,23000000.0,https://img.a.transfermarkt.technology/portrait/header/293194-1716241200.jpg?lm=1,https://www.transfermarkt.co.uk/borna-sosa/profil/spieler/293194
1338,Cristiano Biraghi,ITA,DF,31,15,13,"1,158",12.9,0,0,0,0,0,0,0,0,0.5,0.5,2.7,3.1,24,36,49,0.0,0.0,0.0,0.0,0.0,0.04,0.21,0.24,0.04,0.24,cristiano biraghi,Defender,left,185.0,IT1,2000000.0,12000000.0,https://img.a.transfermarkt.technology/portrait/header/124555-1724827712.jpg?lm=1,https://www.transfermarkt.co.uk/cristiano-biraghi/profil/spieler/124555
1339,Cesare Casadei,ITA,MT,21,15,13,"1,017",11.3,1,1,2,1,0,0,1,0,1.2,1.2,0.4,1.5,14,36,12,0.09,0.09,0.18,0.09,0.18,0.1,0.03,0.14,0.1,0.14,cesare casadei,Midfield,right,192.0,IT1,15000000.0,15000000.0,https://img.a.transfermarkt.technology/portrait/header/622380-1692967622.jpg?lm=1,https://www.transfermarkt.co.uk/cesare-casadei/profil/spieler/622380
1340,Mërgim Vojvoda,KVX,DF,29,17,12,"1,105",12.3,0,0,0,0,0,0,4,0,0.4,0.4,0.4,0.8,18,64,34,0.0,0.0,0.0,0.0,0.0,0.03,0.03,0.07,0.03,0.07,mërgim vojvoda,Defender,right,187.0,IT1,3000000.0,5500000.0,https://img.a.transfermarkt.technology/portrait/header/336125-1661351703.jpg?lm=1,https://www.transfermarkt.co.uk/mergim-vojvoda/profil/spieler/336125
1341,Yann Karamoh,FRA,"MT,AT",26,29,10,"1,046",11.6,0,1,1,0,0,0,2,0,1.2,1.2,0.9,2.2,37,28,80,0.0,0.09,0.09,0.0,0.09,0.11,0.08,0.18,0.11,0.18,yann karamoh,Attack,right,184.0,IT1,2200000.0,10000000.0,https://img.a.transfermarkt.technology/portrait/header/324804-1663596515.jpg?lm=1,https://www.transfermarkt.co.uk/yann-karamoh/profil/spieler/324804
1342,Ivan Ilić,SRB,MT,23,19,9,920,10.2,1,0,1,1,0,0,4,0,0.9,0.9,1.1,2.1,24,45,41,0.1,0.0,0.1,0.1,0.1,0.09,0.11,0.2,0.09,0.2,ivan ilić,Midfield,left,186.0,IT1,18000000.0,19000000.0,https://img.a.transfermarkt.technology/portrait/header/470794-1716239802.jpg?lm=1,https://www.transfermarkt.co.uk/ivan-ilic/profil/spieler/470794
1343,Adrien Tameze,CMR,"MT,DF",30,20,9,649,7.2,0,0,0,0,0,0,3,0,0.4,0.4,0.8,1.2,16,23,21,0.0,0.0,0.0,0.0,0.0,0.05,0.12,0.17,0.05,0.17,adrien tameze,Midfield,right,182.0,IT1,3500000.0,10000000.0,https://img.a.transfermarkt.technology/portrait/header/157507-1663672063.jpg?lm=1,https://www.transfermarkt.co.uk/adrien-tameze/profil/spieler/157507
1344,Duván Zapata,COL,AT,33,7,7,587,6.5,3,0,3,3,0,0,1,0,3.4,3.4,0.5,3.9,6,7,36,0.46,0.0,0.46,0.46,0.46,0.52,0.08,0.59,0.52,0.59,duvan zapata,Attack,right,188.0,IT1,4000000.0,45000000.0,https://img.a.transfermarkt.technology/portrait/header/73794-1730126644.jpg?lm=1,https://www.transfermarkt.co.uk/duvan-zapata/profil/spieler/73794
1345,Ali Dembélé,FRA,DF,20,15,4,388,4.3,1,0,1,1,0,0,4,1,0.4,0.4,0.1,0.5,8,12,8,0.23,0.0,0.23,0.23,0.23,0.08,0.02,0.1,0.08,0.1,ali dembele,Midfield,right,189.0,IT1,800000.0,800000.0,https://img.a.transfermarkt.technology/portrait/header/1004344-1730184789.jpg?lm=1,https://www.transfermarkt.co.uk/ali-dembele/profil/spieler/1004344
1346,Alberto Paleari,ITA,GB,31,1,1,90,1.0,0,0,0,0,0,0,0,0,0.0,0.0,0.0,0.0,0,0,0,0.0,0.0,0.0,0.0,0.0,0.0,0.0,0.0,0.0,0.0,alberto paleari,Goalkeeper,right,193.0,IT1,500000.0,1100000.0,https://img.a.transfermarkt.technology/portrait/header/163048-1602149171.jpg?lm=1,https://www.transfermarkt.co.uk/alberto-paleari/profil/spieler/163048
1347,Raoul Bellanova,ITA,DF,24,1,1,87,1.0,0,0,0,0,0,0,0,0,0.0,0.0,0.1,0.1,4,0,5,0.0,0.0,0.0,0.0,0.0,0.03,0.07,0.11,0.03,0.11,raoul bellanova,Midfield,right,188.0,IT1,22000000.0,22000000.0,https://img.a.transfermarkt.technology/portrait/header/357992-1695028689.jpg?lm=1,https://www.transfermarkt.co.uk/raoul-bellanova/profil/spieler/357992
1350,Saba Sazonov,GEO,DF,22,1,0,3,0.0,0,0,0,0,0,0,0,0,0.0,0.0,0.0,0.0,0,0,0,0.0,0.0,0.0,0.0,0.0,0.0,0.0,0.0,0.0,0.0,saba sazonov,Defender,right,194.0,IT1,2500000.0,3000000.0,https://img.a.transfermarkt.technology/portrait/header/655456-1695386095.jpg?lm=1,https://www.transfermarkt.co.uk/saba-sazonov/profil/spieler/655456
1351,Aaron Ciammaglichella,ITA,MT,19,1,0,1,0.0,0,0,0,0,0,0,0,0,0.0,0.0,0.0,0.0,0,0,0,0.0,0.0,0.0,0.0,0.0,0.0,0.0,0.0,0.0,0.0,aaron ciammaglichella,Midfield,right,180.0,IT1,1000000.0,1000000.0,https://img.a.transfermarkt.technology/portrait/header/724108-1704901754.jpg?lm=1,https://www.transfermarkt.co.uk/aaron-ciammaglichella/profil/spieler/724108
1352,Jesper Karlström,SWE,MT,29,37,36,"3,186",35.4,0,3,3,0,0,0,9,0,0.7,0.7,1.1,1.8,23,135,46,0.0,0.08,0.08,0.0,0.08,0.02,0.03,0.05,0.02,0.05,jesper karlstrom,Midfield,right,185.0,IT1,3500000.0,3500000.0,https://img.a.transfermarkt.technology/portrait/header/222855-1730184243.jpg?lm=1,https://www.transfermarkt.co.uk/jesper-karlstrom/profil/spieler/222855
1353,Jaka Bijol,SVN,DF,25,34,34,"2,963",32.9,1,0,1,1,0,0,13,1,2.0,2.0,0.6,2.6,22,98,10,0.03,0.0,0.03,0.03,0.03,0.06,0.02,0.08,0.06,0.08,jaka bijol,Defender,right,190.0,IT1,15000000.0,15000000.0,https://img.a.transfermarkt.technology/portrait/header/371851-1695029407.jpg?lm=1,https://www.transfermarkt.co.uk/jaka-bijol/profil/spieler/371851
1354,Sandi Lovrić,SVN,MT,26,36,31,"2,308",25.6,2,3,5,2,0,0,5,0,2.6,2.6,3.4,6.0,60,120,71,0.08,0.12,0.19,0.08,0.19,0.1,0.13,0.24,0.1,0.24,sandi lovrić,Midfield,right,180.0,IT1,8000000.0,10000000.0,https://img.a.transfermarkt.technology/portrait/header/268429-1725531957.jpg?lm=1,https://www.transfermarkt.co.uk/sandi-lovric/profil/spieler/268429
1355,Kingsley Ehizibue,NED,DF,29,33,30,"2,498",27.8,0,1,1,0,0,0,5,0,1.2,1.2,2.2,3.5,54,55,116,0.0,0.04,0.04,0.0,0.04,0.04,0.08,0.12,0.04,0.12,kingsley ehizibue,Defender,right,189.0,IT1,3000000.0,3000000.0,https://img.a.transfermarkt.technology/portrait/header/272812-1657109971.jpg?lm=1,https://www.transfermarkt.co.uk/kingsley-ehizibue/profil/spieler/272812
1356,Lorenzo Lucca,ITA,AT,23,33,27,"2,353",26.1,12,1,13,11,1,1,10,0,7.6,6.8,1.6,8.4,15,18,98,0.46,0.04,0.5,0.42,0.46,0.29,0.06,0.35,0.26,0.32,lorenzo lucca,Attack,right,201.0,IT1,22000000.0,22000000.0,https://img.a.transfermarkt.technology/portrait/header/572265-1725531439.jpg?lm=1,https://www.transfermarkt.co.uk/lorenzo-lucca/profil/spieler/572265
1357,Maduka Okoye,NGA,GB,24,25,25,"2,250",25.0,0,0,0,0,0,0,1,0,0.0,0.0,0.0,0.0,0,1,0,0.0,0.0,0.0,0.0,0.0,0.0,0.0,0.0,0.0,0.0,maduka okoye,Goalkeeper,right,198.0,IT1,7500000.0,7500000.0,https://img.a.transfermarkt.technology/portrait/header/340353-1729542646.jpg?lm=1,https://www.transfermarkt.co.uk/maduka-okoye/profil/spieler/340353
1358,Hassane Kamara,CIV,DF,30,30,25,"2,001",22.2,1,4,5,1,0,0,8,1,0.9,0.9,2.7,3.6,52,61,103,0.04,0.18,0.22,0.04,0.22,0.04,0.12,0.16,0.04,0.16,hassane kamara,Defender,left,170.0,IT1,3500000.0,8000000.0,https://img.a.transfermarkt.technology/portrait/header/290017-1730126484.jpg?lm=1,https://www.transfermarkt.co.uk/hassane-kamara/profil/spieler/290017
1359,Jurgen Ekkelenkamp,NED,MT,24,34,20,"1,892",21.0,3,2,5,3,0,0,2,0,2.8,2.8,1.3,4.1,34,72,86,0.14,0.1,0.24,0.14,0.24,0.13,0.06,0.19,0.13,0.19,jurgen ekkelenkamp,Midfield,right,188.0,IT1,7500000.0,7500000.0,https://img.a.transfermarkt.technology/portrait/header/361068-1657098697.jpg?lm=1,https://www.transfermarkt.co.uk/jurgen-ekkelenkamp/profil/spieler/361068
1360,Thomas Kristensen,DEN,DF,22,24,19,"1,754",19.5,1,0,1,1,0,0,5,0,0.9,0.9,0.3,1.2,19,76,19,0.05,0.0,0.05,0.05,0.05,0.05,0.02,0.06,0.05,0.06,thomas kristensen,Defender,right,198.0,IT1,6000000.0,6000000.0,https://img.a.transfermarkt.technology/portrait/header/698259-1696837568.jpg?lm=1,https://www.transfermarkt.co.uk/thomas-kristensen/profil/spieler/698259
1361,Oumar Solet,FRA,DF,24,19,19,"1,672",18.6,1,2,3,1,0,0,3,1,0.8,0.8,1.2,2.0,20,65,6,0.05,0.11,0.16,0.05,0.16,0.04,0.07,0.11,0.04,0.11,oumar solet,Defender,right,192.0,IT1,14000000.0,17000000.0,https://img.a.transfermarkt.technology/portrait/header/463665-1739281800.jpg?lm=1,https://www.transfermarkt.co.uk/oumar-solet/profil/spieler/463665
1362,Martín Payero,ARG,MT,25,25,16,"1,381",15.3,1,1,2,1,0,0,5,0,1.2,1.2,1.3,2.5,33,51,44,0.07,0.07,0.13,0.07,0.13,0.08,0.08,0.16,0.08,0.16,martin payero,Midfield,right,182.0,IT1,6000000.0,6000000.0,https://img.a.transfermarkt.technology/portrait/header/555820-1707213845.jpg?lm=1,https://www.transfermarkt.co.uk/martin-payero/profil/spieler/555820
1363,Jordan Zemura,ZIM,DF,24,23,13,"1,415",15.7,1,2,3,1,0,0,2,0,1.0,1.0,1.0,2.0,25,42,76,0.06,0.13,0.19,0.06,0.19,0.07,0.06,0.13,0.07,0.13,jordan zemura,Defender,left,173.0,IT1,5000000.0,6000000.0,https://img.a.transfermarkt.technology/portrait/header/633530-1730184134.jpg?lm=1,https://www.transfermarkt.co.uk/jordan-zemura/profil/spieler/633530
1364,Arthur Atta,FRA,"MT,AT",21,27,12,"1,251",13.9,0,1,1,0,0,0,5,0,1.3,1.3,1.4,2.8,31,57,77,0.0,0.07,0.07,0.0,0.07,0.1,0.1,0.2,0.1,0.2,arthur atta,Midfield,right,189.0,IT1,2500000.0,2500000.0,https://img.a.transfermarkt.technology/portrait/header/855308-1697462067.png?lm=1,https://www.transfermarkt.co.uk/arthur-atta/profil/spieler/855308
1365,Christian Kabasele,BEL,DF,33,16,12,"1,161",12.9,2,0,2,2,0,0,0,0,1.5,1.5,0.4,1.9,9,44,7,0.16,0.0,0.16,0.16,0.16,0.12,0.03,0.14,0.12,0.14,christian kabasele,Defender,right,187.0,IT1,1000000.0,9000000.0,https://img.a.transfermarkt.technology/portrait/header/81512-1692277533.jpg?lm=1,https://www.transfermarkt.co.uk/christian-kabasele/profil/spieler/81512
1369,Keinan Davis,ENG,AT,26,23,10,"1,066",11.8,2,1,3,2,0,0,2,0,2.9,2.9,2.1,5.0,26,22,77,0.17,0.08,0.25,0.17,0.25,0.24,0.18,0.42,0.24,0.42,keinan davis,Attack,left,189.0,IT1,4000000.0,4000000.0,https://img.a.transfermarkt.technology/portrait/header/412660-1707127382.jpg?lm=1,https://www.transfermarkt.co.uk/keinan-davis/profil/spieler/412660
1370,Oier Zarraga,ESP,MT,25,22,9,896,10.0,1,0,1,1,0,0,0,0,0.4,0.4,0.4,0.8,7,28,23,0.1,0.0,0.1,0.1,0.1,0.04,0.04,0.08,0.04,0.08,oier zarraga,Midfield,right,175.0,IT1,2000000.0,3500000.0,https://img.a.transfermarkt.technology/portrait/header/524010-1692963352.jpg?lm=1,https://www.transfermarkt.co.uk/oier-zarraga/profil/spieler/524010
1371,Alexis Sánchez,CHI,AT,35,13,6,437,4.9,0,0,0,0,0,0,0,0,0.8,0.8,0.2,1.0,2,19,19,0.0,0.0,0.0,0.0,0.0,0.16,0.04,0.2,0.16,0.2,alexis sanchez,Attack,right,169.0,IT1,2000000.0,70000000.0,https://img.a.transfermarkt.technology/portrait/header/40433-1660118147.jpg?lm=1,https://www.transfermarkt.co.uk/alexis-sanchez/profil/spieler/40433
1372,Brenner,BRA,"MT,AT",24,9,5,386,4.3,1,2,3,1,0,0,0,0,0.6,0.6,0.5,1.1,5,7,16,0.23,0.47,0.7,0.23,0.7,0.15,0.11,0.26,0.15,0.26,brenner,Attack,right,175.0,IT1,4500000.0,9000000.0,https://img.a.transfermarkt.technology/portrait/header/412366-1692880573.jpg?lm=1,https://www.transfermarkt.co.uk/brenner/profil/spieler/412366
1372,Brenner,BRA,"MT,AT",24,9,5,386,4.3,1,2,3,1,0,0,0,0,0.6,0.6,0.5,1.1,5,7,16,0.23,0.47,0.7,0.23,0.7,0.15,0.11,0.26,0.15,0.26,brenner,Attack,right,171.0,PO1,125000.0,125000.0,https://img.a.transfermarkt.technology/portrait/header/default.jpg?lm=1,https://www.transfermarkt.co.uk/brenner/profil/spieler/973703
1373,Nehuén Pérez,ARG,DF,24,2,2,180,2.0,0,0,0,0,0,0,0,0,0.0,0.0,0.0,0.0,2,4,2,0.0,0.0,0.0,0.0,0.0,0.0,0.0,0.0,0.0,0.0,nehuen perez,Defender,right,186.0,PO1,13000000.0,13000000.0,https://img.a.transfermarkt.technology/portrait/header/491693-1695029359.jpg?lm=1,https://www.transfermarkt.co.uk/nehuen-perez/profil/spieler/491693
1374,Daniele Padelli,ITA,GB,38,1,1,90,1.0,0,0,0,0,0,0,0,0,0.0,0.0,0.0,0.0,0,0,0,0.0,0.0,0.0,0.0,0.0,0.0,0.0,0.0,0.0,0.0,daniele padelli,Goalkeeper,right,191.0,IT1,150000.0,2000000.0,https://img.a.transfermarkt.technology/portrait/header/27807-1630653305.jpg?lm=1,https://www.transfermarkt.co.uk/daniele-padelli/profil/spieler/27807
1375,Simone Pafundi,ITA,"MT,DF",18,9,0,116,1.3,0,0,0,0,0,0,0,0,0.1,0.1,0.7,0.7,3,0,7,0.0,0.0,0.0,0.0,0.0,0.05,0.52,0.57,0.05,0.57,simone pafundi,Midfield,left,166.0,IT1,6000000.0,10000000.0,https://img.a.transfermarkt.technology/portrait/header/876400-1660805372.jpg?lm=1,https://www.transfermarkt.co.uk/simone-pafundi/profil/spieler/876400
1376,Enzo Ebosse,CMR,DF,25,2,0,90,1.0,0,0,0,0,0,0,1,0,0.0,0.0,0.0,0.0,0,5,0,0.0,0.0,0.0,0.0,0.0,0.0,0.02,0.02,0.0,0.02,enzo ebosse,Defender,left,185.0,IT1,2500000.0,4500000.0,https://img.a.transfermarkt.technology/portrait/header/342877-1659337327.jpg?lm=1,https://www.transfermarkt.co.uk/enzo-ebosse/profil/spieler/342877
1377,Matteo Palma,GER,DF,16,1,0,5,0.1,0,0,0,0,0,0,0,0,0.0,0.0,0.0,0.0,0,1,0,0.0,0.0,0.0,0.0,0.0,0.0,0.0,0.0,0.0,0.0,matteo palma,Defender,right,194.0,IT1,1000000.0,1000000.0,https://img.a.transfermarkt.technology/portrait/header/1058354-1730184292.jpg?lm=1,https://www.transfermarkt.co.uk/matteo-palma/profil/spieler/1058354
1378,Morten Frendrup,DEN,MT,23,35,35,"3,103",34.5,2,0,2,2,0,0,5,0,1.6,1.6,0.9,2.5,24,106,29,0.06,0.0,0.06,0.06,0.06,0.05,0.03,0.07,0.05,0.07,morten frendrup,Midfield,right,178.0,IT1,20000000.0,20000000.0,https://img.a.transfermarkt.technology/portrait/header/503871-1707815910.jpg?lm=1,https://www.transfermarkt.co.uk/morten-frendrup/profil/spieler/503871
1379,Aarón Martín,ESP,DF,27,36,35,"3,085",34.3,0,8,8,0,0,0,5,0,0.9,0.9,5.5,6.4,50,90,108,0.0,0.23,0.23,0.0,0.23,0.03,0.16,0.19,0.03,0.19,aaron martin,Defender,left,178.0,IT1,6500000.0,20000000.0,https://img.a.transfermarkt.technology/portrait/header/251878-1730126148.jpg?lm=1,https://www.transfermarkt.co.uk/aaron-martin/profil/spieler/251878
1380,Johan Vásquez,MEX,DF,25,36,34,"3,041",33.8,3,0,3,3,0,0,9,0,2.4,2.4,0.3,2.7,37,96,12,0.09,0.0,0.09,0.09,0.09,0.07,0.01,0.08,0.07,0.08,johan vasquez,Defender,left,185.0,IT1,12000000.0,12000000.0,https://img.a.transfermarkt.technology/portrait/header/532937-1742929864.jpg?lm=1,https://www.transfermarkt.co.uk/johan-vasquez/profil/spieler/532937
1381,Andrea Pinamonti,ITA,AT,25,36,33,"2,850",31.7,10,1,11,10,0,1,4,0,7.7,7.0,1.7,8.7,20,46,132,0.32,0.03,0.35,0.32,0.35,0.24,0.05,0.3,0.22,0.27,andrea pinamonti,Attack,right,185.0,IT1,16000000.0,20000000.0,https://img.a.transfermarkt.technology/portrait/header/315865-1692883161.jpg?lm=1,https://www.transfermarkt.co.uk/andrea-pinamonti/profil/spieler/315865
1382,Nicola Leali,ITA,GB,31,29,29,"2,610",29.0,0,0,0,0,0,0,1,0,0.0,0.0,0.0,0.0,0,0,0,0.0,0.0,0.0,0.0,0.0,0.0,0.0,0.0,0.0,0.0,nicola leali,Goalkeeper,right,193.0,IT1,1500000.0,6000000.0,https://img.a.transfermarkt.technology/portrait/header/136111-1692963337.jpg?lm=1,https://www.transfermarkt.co.uk/nicola-leali/profil/spieler/136111
1383,Koni De Winter,BEL,DF,22,25,23,"2,135",23.7,3,0,3,3,0,0,6,0,2.1,2.1,0.2,2.3,10,56,10,0.13,0.0,0.13,0.13,0.13,0.09,0.01,0.1,0.09,0.1,koni de winter,Defender,right,191.0,IT1,18000000.0,18000000.0,https://img.a.transfermarkt.technology/portrait/header/490384-1730126791.jpg?lm=1,https://www.transfermarkt.co.uk/koni-de-winter/profil/spieler/490384
1384,Stefano Sabelli,ITA,DF,31,34,23,"2,058",22.9,0,2,2,0,0,0,3,0,0.1,0.1,1.9,2.1,36,88,43,0.0,0.09,0.09,0.0,0.09,0.01,0.08,0.09,0.01,0.09,stefano sabelli,Defender,right,176.0,IT1,1500000.0,2000000.0,https://img.a.transfermarkt.technology/portrait/header/167491-1595930293.jpg?lm=1,https://www.transfermarkt.co.uk/stefano-sabelli/profil/spieler/167491
1385,Morten Thorsby,NOR,"MT,AT",28,30,22,"1,898",21.1,0,1,1,0,0,0,6,0,2.8,2.8,2.1,4.9,24,58,76,0.0,0.05,0.05,0.0,0.05,0.13,0.1,0.23,0.13,0.23,morten thorsby,Midfield,right,188.0,IT1,3000000.0,7000000.0,https://img.a.transfermarkt.technology/portrait/header/226524-1725529624.jpg?lm=1,https://www.transfermarkt.co.uk/morten-thorsby/profil/spieler/226524
1386,Fabio Miretti,ITA,"MT,AT",20,25,22,"1,677",18.6,3,3,6,3,0,0,2,0,3.1,3.1,2.0,5.1,33,54,100,0.16,0.16,0.32,0.16,0.32,0.17,0.11,0.27,0.17,0.27,fabio miretti,Midfield,right,180.0,IT1,14000000.0,15000000.0,https://img.a.transfermarkt.technology/portrait/header/571607-1652773586.jpg?lm=1,https://www.transfermarkt.co.uk/fabio-miretti/profil/spieler/571607
1387,Milan Badelj,CRO,MT,35,23,21,"1,472",16.4,1,0,1,1,0,0,2,0,1.0,1.0,1.1,2.1,8,83,14,0.06,0.0,0.06,0.06,0.06,0.06,0.07,0.13,0.06,0.13,milan badelj,Midfield,right,186.0,IT1,800000.0,15000000.0,https://img.a.transfermarkt.technology/portrait/header/40633-1692277462.jpg?lm=1,https://www.transfermarkt.co.uk/milan-badelj/profil/spieler/40633
1388,Mattia Bani,ITA,DF,30,20,19,"1,507",16.7,0,0,0,0,0,0,3,0,1.2,1.2,0.2,1.4,6,25,3,0.0,0.0,0.0,0.0,0.0,0.07,0.01,0.08,0.07,0.08,mattia bani,Defender,right,188.0,IT1,2000000.0,3200000.0,https://img.a.transfermarkt.technology/portrait/header/176139-1595917932.jpg?lm=1,https://www.transfermarkt.co.uk/mattia-bani/profil/spieler/176139
1389,Patrizio Masini,ITA,MT,23,26,16,"1,538",17.1,1,0,1,1,0,0,3,0,0.4,0.4,0.2,0.6,16,44,27,0.06,0.0,0.06,0.06,0.06,0.03,0.01,0.04,0.03,0.04,patrizio masini,Midfield,right,182.0,IT1,3500000.0,3500000.0,https://img.a.transfermarkt.technology/portrait/header/459665-1742901177.jpg?lm=1,https://www.transfermarkt.co.uk/patrizio-masini/profil/spieler/459665
1390,Alan Matturro,URU,DF,19,13,9,900,10.0,0,0,0,0,0,0,2,0,0.2,0.2,0.2,0.4,12,15,9,0.0,0.0,0.0,0.0,0.0,0.02,0.02,0.04,0.02,0.04,alan matturro,Defender,left,189.0,IT1,8000000.0,8000000.0,https://img.a.transfermarkt.technology/portrait/header/861981-1692967519.jpg?lm=1,https://www.transfermarkt.co.uk/alan-matturro/profil/spieler/861981
1391,Junior Messias,BRA,"MT,AT",33,17,8,847,9.4,1,1,2,1,0,1,1,0,2.4,1.4,0.7,2.1,32,32,49,0.11,0.11,0.21,0.11,0.21,0.25,0.07,0.33,0.15,0.23,junior messias,Attack,left,174.0,IT1,2000000.0,6500000.0,https://img.a.transfermarkt.technology/portrait/header/449151-1663575000.jpg?lm=1,https://www.transfermarkt.co.uk/junior-messias/profil/spieler/449151
1392,Alessandro Vogliacco,ITA,DF,25,12,8,715,7.9,2,0,2,2,0,0,3,0,1.3,1.3,0.0,1.4,9,26,2,0.25,0.0,0.25,0.25,0.25,0.17,0.0,0.17,0.17,0.17,alessandro vogliacco,Defender,right,186.0,IT1,2000000.0,2000000.0,https://img.a.transfermarkt.technology/portrait/header/330208-1613547642.jpg?lm=1,https://www.transfermarkt.co.uk/alessandro-vogliacco/profil/spieler/330208
1393,Pierluigi Gollini,ITA,GB,29,7,7,630,7.0,0,0,0,0,0,0,1,0,0.0,0.0,0.0,0.0,0,0,0,0.0,0.0,0.0,0.0,0.0,0.0,0.0,0.0,0.0,0.0,pierluigi gollini,Goalkeeper,right,194.0,IT1,1000000.0,17000000.0,https://img.a.transfermarkt.technology/portrait/header/244192-1695026486.jpg?lm=1,https://www.transfermarkt.co.uk/pierluigi-gollini/profil/spieler/244192
1394,Ruslan Malinovskyi,UKR,"MT,AT",31,9,4,383,4.3,0,2,2,0,0,0,2,0,0.2,0.2,1.5,1.7,3,32,10,0.0,0.47,0.47,0.0,0.47,0.06,0.35,0.41,0.06,0.41,ruslan malinovskyi,Midfield,left,181.0,IT1,3500000.0,30000000.0,https://img.a.transfermarkt.technology/portrait/header/207877-1663583019.jpg?lm=1,https://www.transfermarkt.co.uk/ruslan-malinovskyi/profil/spieler/207877
1395,Caleb Ekuban,GHA,AT,30,18,3,555,6.2,1,3,4,1,0,0,1,0,2.8,2.8,0.8,3.5,7,8,42,0.16,0.49,0.65,0.16,0.65,0.45,0.12,0.57,0.45,0.57,caleb ekuban,Attack,right,182.0,IT1,1500000.0,7000000.0,https://img.a.transfermarkt.technology/portrait/header/199953-1707213734.jpg?lm=1,https://www.transfermarkt.co.uk/caleb-ekuban/profil/spieler/199953
1396,Sebastian Otoa,DEN,DF,20,3,3,179,2.0,0,0,0,0,0,0,1,1,0.0,0.0,0.0,0.0,0,0,0,0.0,0.0,0.0,0.0,0.0,0.0,0.0,0.0,0.0,0.0,sebastian otoa,Defender,right,198.0,IT1,2000000.0,2000000.0,https://img.a.transfermarkt.technology/portrait/header/890385-1736924404.jpg?lm=1,https://www.transfermarkt.co.uk/sebastian-otoa/profil/spieler/890385
1397,Jean Onana,CMR,MT,24,9,2,304,3.4,0,0,0,0,0,0,1,0,0.0,0.0,0.1,0.1,1,11,4,0.0,0.0,0.0,0.0,0.0,0.0,0.03,0.03,0.0,0.03,jean onana,Midfield,right,189.0,IT1,3000000.0,6000000.0,https://img.a.transfermarkt.technology/portrait/header/656441-1727356174.png?lm=1,https://www.transfermarkt.co.uk/jean-onana/profil/spieler/656441
1399,Benjamin Siegrist,SUI,GB,32,2,2,152,1.7,0,0,0,0,0,0,0,0,0.0,0.0,0.0,0.0,0,0,0,0.0,0.0,0.0,0.0,0.0,0.0,0.0,0.0,0.0,0.0,benjamin siegrist,Goalkeeper,right,196.0,IT1,650000.0,800000.0,https://img.a.transfermarkt.technology/portrait/header/111426-1732694541.jpg?lm=1,https://www.transfermarkt.co.uk/benjamin-siegrist/profil/spieler/111426
1400,Emil Bohinen,NOR,MT,25,3,1,166,1.8,0,0,0,0,0,0,0,0,0.1,0.1,0.1,0.2,6,5,2,0.0,0.0,0.0,0.0,0.0,0.06,0.04,0.09,0.06,0.09,emil bohinen,Midfield,left,189.0,IT1,1800000.0,4000000.0,https://img.a.transfermarkt.technology/portrait/header/406806-1663667682.jpg?lm=1,https://www.transfermarkt.co.uk/emil-bohinen/profil/spieler/406806
1401,Filippo Melegoni,ITA,"MT,AT",25,3,1,89,1.0,0,1,1,0,0,0,0,0,0.0,0.0,0.5,0.5,0,1,2,0.0,1.01,1.01,0.0,1.01,0.04,0.51,0.55,0.04,0.55,filippo melegoni,Midfield,right,186.0,IT1,1200000.0,2000000.0,https://img.a.transfermarkt.technology/portrait/header/315862-1697615947.jpg?lm=1,https://www.transfermarkt.co.uk/filippo-melegoni/profil/spieler/315862
1402,Alessandro Marcandalli,ITA,DF,21,2,1,46,0.5,0,0,0,0,0,0,0,0,0.0,0.0,0.0,0.0,0,1,0,0.0,0.0,0.0,0.0,0.0,0.0,0.0,0.0,0.0,0.0,alessandro marcandalli,Defender,right,190.0,IT1,2000000.0,2000000.0,https://img.a.transfermarkt.technology/portrait/header/818448-1739282452.jpg?lm=1,https://www.transfermarkt.co.uk/alessandro-marcandalli/profil/spieler/818448
1403,Gastón Pereiro,URU,MT,29,2,0,31,0.3,0,0,0,0,0,0,0,0,0.0,0.0,0.0,0.0,0,2,2,0.0,0.0,0.0,0.0,0.0,0.0,0.0,0.0,0.0,0.0,gaston pereiro,Midfield,left,188.0,IT1,1000000.0,15000000.0,https://img.a.transfermarkt.technology/portrait/header/264116-1630510867.jpg?lm=1,https://www.transfermarkt.co.uk/gaston-pereiro/profil/spieler/264116
1404,Lorenzo Montipò,ITA,GB,28,36,36,"3,240",36.0,0,0,0,0,0,0,0,0,0.0,0.0,0.0,0.0,0,1,0,0.0,0.0,0.0,0.0,0.0,0.0,0.0,0.0,0.0,0.0,lorenzo montipo,Goalkeeper,right,191.0,IT1,3000000.0,4500000.0,https://img.a.transfermarkt.technology/portrait/header/241923-1724828092.jpg?lm=1,https://www.transfermarkt.co.uk/lorenzo-montipo/profil/spieler/241923
1405,Diego Coppola,ITA,DF,20,34,33,"2,927",32.5,2,0,2,2,0,0,10,0,0.7,0.7,0.1,0.8,4,48,3,0.06,0.0,0.06,0.06,0.06,0.02,0.0,0.02,0.02,0.02,diego coppola,Defender,right,193.0,IT1,7500000.0,7500000.0,https://img.a.transfermarkt.technology/portrait/header/660860-1663671800.jpg?lm=1,https://www.transfermarkt.co.uk/diego-coppola/profil/spieler/660860
1406,Ondrej Duda,SVK,MT,29,28,27,"2,395",26.6,1,3,4,1,0,0,12,1,1.0,1.0,3.2,4.2,23,117,26,0.04,0.11,0.15,0.04,0.15,0.04,0.12,0.16,0.04,0.16,ondrej duda,Midfield,right,180.0,IT1,4000000.0,17000000.0,https://img.a.transfermarkt.technology/portrait/header/232418-1716967836.jpg?lm=1,https://www.transfermarkt.co.uk/ondrej-duda/profil/spieler/232418
1408,Amin Sarr,SWE,AT,23,32,25,"1,907",21.2,4,1,5,4,0,0,1,0,3.2,3.2,2.1,5.4,31,41,103,0.19,0.05,0.24,0.19,0.24,0.15,0.1,0.25,0.15,0.25,amin sarr,Attack,right,188.0,IT1,4000000.0,9000000.0,https://img.a.transfermarkt.technology/portrait/header/748382-1695624167.jpg?lm=1,https://www.transfermarkt.co.uk/amin-sarr/profil/spieler/748382
1409,Domagoj Bradarić,CRO,DF,24,28,24,"1,933",21.5,1,0,1,1,0,0,6,0,0.8,0.8,2.2,3.0,30,46,83,0.05,0.0,0.05,0.05,0.05,0.04,0.1,0.14,0.04,0.14,domagoj bradarić,Defender,left,178.0,IT1,4000000.0,7000000.0,https://img.a.transfermarkt.technology/portrait/header/357796-1730186706.jpg?lm=1,https://www.transfermarkt.co.uk/domagoj-bradaric/profil/spieler/357796
1410,Daniele Ghilardi,ITA,DF,21,24,21,"2,029",22.5,0,0,0,0,0,0,7,1,0.6,0.6,0.2,0.8,16,57,7,0.0,0.0,0.0,0.0,0.0,0.03,0.01,0.04,0.03,0.04,daniele ghilardi,Defender,right,189.0,IT1,4000000.0,4000000.0,https://img.a.transfermarkt.technology/portrait/header/701819-1725530673.jpg?lm=1,https://www.transfermarkt.co.uk/daniele-ghilardi/profil/spieler/701819
1411,Casper Tengstedt,DEN,AT,24,25,20,"1,517",16.9,6,1,7,5,1,1,2,0,5.3,4.5,0.9,5.4,29,29,85,0.36,0.06,0.42,0.3,0.36,0.31,0.05,0.37,0.27,0.32,casper tengstedt,Attack,right,184.0,IT1,7000000.0,7000000.0,https://img.a.transfermarkt.technology/portrait/header/464598-1730186838.jpg?lm=1,https://www.transfermarkt.co.uk/casper-tengstedt/profil/spieler/464598
1412,Reda Belahyane,MAR,MT,20,22,17,"1,658",18.4,0,2,2,0,0,0,6,1,0.2,0.2,1.0,1.3,22,73,13,0.0,0.11,0.11,0.0,0.11,0.01,0.06,0.07,0.01,0.07,reda belahyane,Midfield,right,173.0,IT1,10000000.0,10000000.0,https://img.a.transfermarkt.technology/portrait/header/982855-1674921768.jpg?lm=1,https://www.transfermarkt.co.uk/reda-belahyane/profil/spieler/982855
1413,Suat Serdar,GER,MT,27,22,16,"1,376",15.3,2,1,3,2,0,0,4,1,1.9,1.9,1.0,2.9,18,56,35,0.13,0.07,0.2,0.13,0.2,0.13,0.06,0.19,0.13,0.19,suat serdar,Midfield,right,184.0,IT1,5000000.0,25000000.0,https://img.a.transfermarkt.technology/portrait/header/261905-1744314720.jpg?lm=1,https://www.transfermarkt.co.uk/suat-serdar/profil/spieler/261905
1414,Nicolás Valentini,ARG,DF,23,14,13,"1,129",12.5,0,0,0,0,0,0,5,1,0.3,0.3,0.8,1.2,4,42,1,0.0,0.0,0.0,0.0,0.0,0.03,0.07,0.09,0.03,0.09,nicolas valentini,Defender,left,187.0,IT1,4500000.0,6000000.0,https://img.a.transfermarkt.technology/portrait/header/860992-1711028718.jpg?lm=1,https://www.transfermarkt.co.uk/nicolas-valentini/profil/spieler/860992
1415,Daniel Mosquera,COL,AT,24,35,12,"1,375",15.3,5,1,6,5,0,0,4,0,6.6,6.6,1.3,7.9,17,25,83,0.33,0.07,0.39,0.33,0.39,0.44,0.08,0.52,0.44,0.52,daniel mosquera,Attack,right,180.0,IT1,1500000.0,1500000.0,https://img.a.transfermarkt.technology/portrait/header/651569-1722324016.jpg?lm=1,https://www.transfermarkt.co.uk/daniel-mosquera/profil/spieler/651569
1416,Giangiacomo Magnani,ITA,DF,28,17,11,"1,065",11.8,1,0,1,1,0,0,2,0,1.1,1.1,0.0,1.2,4,31,7,0.08,0.0,0.08,0.08,0.08,0.1,0.0,0.1,0.1,0.1,giangiacomo magnani,Defender,right,192.0,IT1,3000000.0,5000000.0,https://img.a.transfermarkt.technology/portrait/header/310458-1630660856.jpg?lm=1,https://www.transfermarkt.co.uk/giangiacomo-magnani/profil/spieler/310458
1417,Flavius Daniliuc,AUT,DF,23,18,9,"1,004",11.2,0,0,0,0,0,0,0,0,0.1,0.1,0.1,0.2,8,38,8,0.0,0.0,0.0,0.0,0.0,0.01,0.01,0.02,0.01,0.02,flavius daniliuc,Defender,right,188.0,IT1,4000000.0,8000000.0,https://img.a.transfermarkt.technology/portrait/header/322655-1727704012.jpg?lm=1,https://www.transfermarkt.co.uk/flavius-daniliuc/profil/spieler/322655
1418,Grigoris Kastanos,CYP,"MT,AT",26,27,8,872,9.7,1,1,2,1,0,0,4,0,1.0,1.0,1.7,2.7,12,34,27,0.1,0.1,0.21,0.1,0.21,0.1,0.17,0.28,0.1,0.28,grigoris kastanos,Midfield,left,179.0,IT1,1800000.0,1800000.0,https://img.a.transfermarkt.technology/portrait/header/298635-1725530400.jpg?lm=1,https://www.transfermarkt.co.uk/grigoris-kastanos/profil/spieler/298635
1420,Antoine Bernede,FRA,MT,25,14,7,594,6.6,1,0,1,1,0,0,2,0,0.8,0.8,0.5,1.2,7,29,22,0.15,0.0,0.15,0.15,0.15,0.12,0.07,0.19,0.12,0.19,antoine bernede,Midfield,right,178.0,IT1,3500000.0,6000000.0,https://img.a.transfermarkt.technology/portrait/header/395512-1739282210.jpg?lm=1,https://www.transfermarkt.co.uk/antoine-bernede/profil/spieler/395512
1421,Martin Frese,DEN,DF,26,11,5,549,6.1,0,0,0,0,0,0,0,0,0.1,0.1,0.2,0.2,7,19,12,0.0,0.0,0.0,0.0,0.0,0.01,0.03,0.04,0.01,0.04,martin frese,Defender,left,179.0,IT1,2000000.0,2000000.0,https://img.a.transfermarkt.technology/portrait/header/488785-1701443446.jpg?lm=1,https://www.transfermarkt.co.uk/martin-frese/profil/spieler/488785
1422,Abdou Harroui,NED,"MT,AT",26,10,5,463,5.1,1,2,3,1,0,0,1,0,2.2,2.2,0.4,2.6,23,21,34,0.19,0.39,0.58,0.19,0.58,0.43,0.09,0.51,0.43,0.51,abdou harroui,Midfield,both,182.0,IT1,2000000.0,3500000.0,https://img.a.transfermarkt.technology/portrait/header/416386-1730186775.jpg?lm=1,https://www.transfermarkt.co.uk/abdou-harroui/profil/spieler/416386
1424,Davide Faraoni,ITA,DF,32,8,3,260,2.9,0,0,0,0,0,0,1,0,0.2,0.2,0.1,0.3,2,3,13,0.0,0.0,0.0,0.0,0.0,0.07,0.05,0.12,0.07,0.12,davide faraoni,Defender,right,180.0,IT1,1000000.0,7000000.0,https://img.a.transfermarkt.technology/portrait/header/73926-1663671695.jpg?lm=1,https://www.transfermarkt.co.uk/davide-faraoni/profil/spieler/73926
1425,Simone Perilli,ITA,GB,29,2,2,180,2.0,0,0,0,0,0,0,0,0,0.0,0.0,0.0,0.0,0,0,0,0.0,0.0,0.0,0.0,0.0,0.0,0.0,0.0,0.0,0.0,simone perilli,Goalkeeper,right,196.0,IT1,200000.0,300000.0,https://img.a.transfermarkt.technology/portrait/header/240675-1659601467.jpg?lm=1,https://www.transfermarkt.co.uk/simone-perilli/profil/spieler/240675
1426,Daniel Oyegoke,ENG,DF,21,5,0,103,1.1,0,0,0,0,0,0,1,0,0.0,0.0,0.0,0.0,2,2,5,0.0,0.0,0.0,0.0,0.0,0.03,0.0,0.03,0.03,0.03,daniel oyegoke,Defender,right,188.0,IT1,400000.0,500000.0,https://img.a.transfermarkt.technology/portrait/header/586984-1669114349.jpg?lm=1,https://www.transfermarkt.co.uk/daniel-oyegoke/profil/spieler/586984
1427,Junior Ajayi,CIV,AT,19,2,0,13,0.1,0,0,0,0,0,0,0,0,0.0,0.0,0.0,0.0,0,1,0,0.0,0.0,0.0,0.0,0.0,0.0,0.0,0.0,0.0,0.0,junior ajayi,Attack,right,185.0,IT1,300000.0,300000.0,https://img.a.transfermarkt.technology/portrait/header/1111820-1739287294.jpg?lm=1,https://www.transfermarkt.co.uk/junior-ajayi/profil/spieler/1111820
1428,Yllan Okou,FRA,DF,21,1,0,2,0.0,0,0,0,0,0,0,0,0,0.0,0.0,0.0,0.0,0,0,0,0.0,0.0,0.0,0.0,0.0,0.0,0.0,0.0,0.0,0.0,yllan okou,Defender,left,189.0,IT1,900000.0,900000.0,https://img.a.transfermarkt.technology/portrait/header/745202-1666691706.jpg?lm=1,https://www.transfermarkt.co.uk/yllan-okou/profil/spieler/745202
1429,Roberto Piccoli,ITA,AT,23,37,37,"3,127",34.7,10,1,11,9,1,1,6,0,12.7,12.0,0.9,12.9,30,37,165,0.29,0.03,0.32,0.26,0.29,0.37,0.03,0.39,0.34,0.37,roberto piccoli,Attack,right,190.0,IT1,8000000.0,8000000.0,https://img.a.transfermarkt.technology/portrait/header/432092-1663672767.jpg?lm=1,https://www.transfermarkt.co.uk/roberto-piccoli/profil/spieler/432092
1430,Sebastiano Luperto,ITA,DF,27,36,36,"3,240",36.0,1,3,4,1,0,0,4,0,2.2,2.2,1.3,3.4,22,96,11,0.03,0.08,0.11,0.03,0.11,0.06,0.04,0.1,0.06,0.1,sebastiano luperto,Defender,left,191.0,IT1,3500000.0,5000000.0,https://img.a.transfermarkt.technology/portrait/header/278531-1730125275.jpg?lm=1,https://www.transfermarkt.co.uk/sebastiano-luperto/profil/spieler/278531
1431,Gabriele Zappa,ITA,DF,24,37,35,"3,060",34.0,2,0,2,2,0,0,4,0,0.9,0.9,3.6,4.5,57,146,82,0.06,0.0,0.06,0.06,0.06,0.03,0.11,0.13,0.03,0.13,gabriele zappa,Defender,right,187.0,IT1,4000000.0,7000000.0,https://img.a.transfermarkt.technology/portrait/header/392569-1695033763.jpg?lm=1,https://www.transfermarkt.co.uk/gabriele-zappa/profil/spieler/392569
1432,Yerry Mina,COL,DF,29,31,31,"2,569",28.5,1,0,1,1,0,0,6,1,2.3,2.3,0.3,2.6,17,76,9,0.04,0.0,0.04,0.04,0.04,0.08,0.01,0.09,0.08,0.09,yerry mina,Defender,right,195.0,IT1,3000000.0,30000000.0,https://img.a.transfermarkt.technology/portrait/header/289446-1730186402.jpg?lm=1,https://www.transfermarkt.co.uk/yerry-mina/profil/spieler/289446
1433,Tommaso Augello,ITA,DF,29,38,30,"2,713",30.1,0,7,7,0,0,0,3,0,0.3,0.3,4.6,4.9,58,118,113,0.0,0.23,0.23,0.0,0.23,0.01,0.15,0.16,0.01,0.16,tommaso augello,Defender,left,180.0,IT1,1800000.0,4000000.0,https://img.a.transfermarkt.technology/portrait/header/284595-1663679538.jpg?lm=1,https://www.transfermarkt.co.uk/tommaso-augello/profil/spieler/284595
1435,Antoine Makoumbou,CGO,MT,26,33,27,"2,150",23.9,0,3,3,0,0,0,4,1,0.3,0.3,0.9,1.3,11,92,14,0.0,0.13,0.13,0.0,0.13,0.01,0.04,0.05,0.01,0.05,antoine makoumbou,Midfield,right,187.0,IT1,4000000.0,4500000.0,https://img.a.transfermarkt.technology/portrait/header/460651-1730186433.jpg?lm=1,https://www.transfermarkt.co.uk/antoine-makoumbou/profil/spieler/460651
1436,Elia Caprile,ITA,GB,22,18,18,"1,620",18.0,0,0,0,0,0,0,0,0,0.0,0.0,0.0,0.0,0,0,0,0.0,0.0,0.0,0.0,0.0,0.0,0.0,0.0,0.0,0.0,elia caprile,Goalkeeper,right,191.0,IT1,8000000.0,8000000.0,https://img.a.transfermarkt.technology/portrait/header/421873-1704902651.jpg?lm=1,https://www.transfermarkt.co.uk/elia-caprile/profil/spieler/421873
1437,Alessandro Deiola,ITA,MT,28,29,16,"1,432",15.9,2,1,3,2,0,0,6,0,1.7,1.7,0.6,2.4,11,40,36,0.13,0.06,0.19,0.13,0.19,0.11,0.04,0.15,0.11,0.15,alessandro deiola,Midfield,right,190.0,IT1,1600000.0,2000000.0,https://img.a.transfermarkt.technology/portrait/header/235931-1692964002.jpg?lm=1,https://www.transfermarkt.co.uk/alessandro-deiola/profil/spieler/235931
1438,Răzvan Marin,ROU,MT,28,33,13,"1,406",15.6,3,2,5,1,2,2,4,0,2.4,0.8,3.6,4.5,22,84,29,0.19,0.13,0.32,0.06,0.19,0.15,0.23,0.39,0.05,0.29,răzvan marin,Midfield,right,178.0,IT1,3500000.0,15000000.0,https://img.a.transfermarkt.technology/portrait/header/295183-1719665338.jpg?lm=1,https://www.transfermarkt.co.uk/razvan-marin/profil/spieler/295183
1439,Simone Scuffet,ITA,GB,28,13,13,"1,170",13.0,0,0,0,0,0,0,0,0,0.0,0.0,0.0,0.0,0,0,0,0.0,0.0,0.0,0.0,0.0,0.0,0.0,0.0,0.0,0.0,simone scuffet,Goalkeeper,right,193.0,IT1,2000000.0,6000000.0,https://img.a.transfermarkt.technology/portrait/header/238993-1692963456.jpg?lm=1,https://www.transfermarkt.co.uk/simone-scuffet/profil/spieler/238993
1440,Adam Obert,SVK,DF,21,21,13,"1,077",12.0,1,1,2,1,0,0,4,0,0.9,0.9,0.4,1.3,12,50,19,0.08,0.08,0.17,0.08,0.17,0.07,0.03,0.11,0.07,0.11,adam obert,Defender,left,188.0,IT1,3000000.0,3500000.0,https://img.a.transfermarkt.technology/portrait/header/568333-1695033793.jpg?lm=1,https://www.transfermarkt.co.uk/adam-obert/profil/spieler/568333
1441,José Luis Palomino,ARG,DF,34,18,10,"1,081",12.0,1,0,1,1,0,0,3,0,0.5,0.5,0.0,0.5,4,35,1,0.08,0.0,0.08,0.08,0.08,0.04,0.0,0.04,0.04,0.04,jose luis palomino,Defender,left,188.0,IT1,700000.0,10000000.0,https://img.a.transfermarkt.technology/portrait/header/125020-1663582906.jpg?lm=1,https://www.transfermarkt.co.uk/jose-luis-palomino/profil/spieler/125020
1442,Mattia Felici,ITA,"MT,AT",23,20,9,925,10.3,0,3,3,0,0,0,1,0,0.6,0.6,1.0,1.6,39,19,75,0.0,0.29,0.29,0.0,0.29,0.06,0.1,0.16,0.06,0.16,mattia felici,Attack,right,182.0,IT1,3000000.0,3000000.0,https://img.a.transfermarkt.technology/portrait/header/600041-1730125232.jpg?lm=1,https://www.transfermarkt.co.uk/mattia-felici/profil/spieler/600041
1443,Gianluca Gaetano,ITA,"MT,AT",24,28,8,"1,009",11.2,2,4,6,2,0,0,0,0,4.9,4.9,2.2,7.1,11,41,82,0.18,0.36,0.54,0.18,0.54,0.43,0.2,0.63,0.43,0.63,gianluca gaetano,Midfield,right,183.0,IT1,4000000.0,6000000.0,https://img.a.transfermarkt.technology/portrait/header/358008-1656581154.jpg?lm=1,https://www.transfermarkt.co.uk/gianluca-gaetano/profil/spieler/358008
1444,Matteo Prati,ITA,MT,20,12,8,570,6.3,0,0,0,0,0,0,1,0,0.1,0.1,0.7,0.8,2,23,7,0.0,0.0,0.0,0.0,0.0,0.02,0.11,0.12,0.02,0.12,matteo prati,Midfield,right,185.0,IT1,7000000.0,10000000.0,https://img.a.transfermarkt.technology/portrait/header/876298-1686214955.jpg?lm=1,https://www.transfermarkt.co.uk/matteo-prati/profil/spieler/876298
1445,Alen Sherri,ALB,GB,26,7,7,621,6.9,0,0,0,0,0,0,0,0,0.0,0.0,0.0,0.0,0,0,0,0.0,0.0,0.0,0.0,0.0,0.0,0.0,0.0,0.0,0.0,alen sherri,Goalkeeper,right,197.0,IT1,1000000.0,1000000.0,https://img.a.transfermarkt.technology/portrait/header/304144-1730124783.jpg?lm=1,https://www.transfermarkt.co.uk/alen-sherri/profil/spieler/304144
1446,Paulo Azzi,BRA,DF,30,6,5,426,4.7,0,0,0,0,0,0,2,0,0.5,0.5,0.9,1.4,15,13,26,0.0,0.0,0.0,0.0,0.0,0.11,0.19,0.3,0.11,0.3,paulo azzi,Defender,right,188.0,IT1,1000000.0,1600000.0,https://img.a.transfermarkt.technology/portrait/header/310527-1692963812.jpg?lm=1,https://www.transfermarkt.co.uk/paulo-azzi/profil/spieler/310527
1447,Mateusz Wieteska,POL,DF,27,5,1,184,2.0,0,0,0,0,0,0,1,0,0.2,0.2,0.2,0.4,1,5,0,0.0,0.0,0.0,0.0,0.0,0.1,0.07,0.18,0.1,0.18,mateusz wieteska,Defender,right,187.0,GR1,2200000.0,4000000.0,https://img.a.transfermarkt.technology/portrait/header/208172-1668091600.jpg?lm=1,https://www.transfermarkt.co.uk/mateusz-wieteska/profil/spieler/208172
1448,Giuseppe Ciocci,ITA,GB,22,1,0,9,0.1,0,0,0,0,0,0,0,0,0.0,0.0,0.0,0.0,0,0,0,0.0,0.0,0.0,0.0,0.0,0.0,0.0,0.0,0.0,0.0,giuseppe ciocci,Goalkeeper,right,193.0,IT1,100000.0,300000.0,https://img.a.transfermarkt.technology/portrait/header/535740-1697554645.png?lm=1,https://www.transfermarkt.co.uk/giuseppe-ciocci/profil/spieler/535740
1450,Zion Suzuki,JPN,GB,21,37,37,"3,314",36.8,0,0,0,0,0,0,2,1,0.0,0.0,0.0,0.0,0,0,0,0.0,0.0,0.0,0.0,0.0,0.0,0.0,0.0,0.0,0.0,zion suzuki,Goalkeeper,right,190.0,IT1,14000000.0,14000000.0,https://img.a.transfermarkt.technology/portrait/header/432298-1713345567.png?lm=1,https://www.transfermarkt.co.uk/zion-suzuki/profil/spieler/432298
1451,Simon Sohm,SUI,MT,23,37,36,"2,989",33.2,4,0,4,4,0,0,6,0,3.1,3.1,2.1,5.2,69,140,67,0.12,0.0,0.12,0.12,0.12,0.09,0.06,0.16,0.09,0.16,simon sohm,Midfield,right,188.0,IT1,5000000.0,5000000.0,https://img.a.transfermarkt.technology/portrait/header/507486-1686211320.jpg?lm=1,https://www.transfermarkt.co.uk/simon-sohm/profil/spieler/507486
1452,Emanuele Valeri,ITA,DF,25,35,34,"2,873",31.9,2,6,8,1,1,1,1,0,1.8,1.0,4.7,5.8,79,93,109,0.06,0.19,0.25,0.03,0.22,0.06,0.15,0.21,0.03,0.18,emanuele valeri,Defender,left,180.0,IT1,3000000.0,3500000.0,https://img.a.transfermarkt.technology/portrait/header/445126-1663684061.jpg?lm=1,https://www.transfermarkt.co.uk/emanuele-valeri/profil/spieler/445126
1454,Ange-Yoan Bonny,FRA,AT,20,37,30,"2,529",28.1,6,4,10,4,2,3,2,0,9.4,7.1,2.9,9.9,41,53,163,0.21,0.14,0.36,0.14,0.28,0.34,0.1,0.44,0.25,0.35,ange yoan bonny,Attack,right,189.0,IT1,20000000.0,20000000.0,https://img.a.transfermarkt.technology/portrait/header/827734-1697613908.jpg?lm=1,https://www.transfermarkt.co.uk/ange-yoan-bonny/profil/spieler/827734
1455,Mandela Keita,BEL,MT,22,30,24,"1,826",20.3,0,2,2,0,0,0,6,1,0.1,0.1,1.0,1.2,13,50,5,0.0,0.1,0.1,0.0,0.1,0.01,0.05,0.06,0.01,0.06,mandela keita,Midfield,right,180.0,IT1,11000000.0,13000000.0,https://img.a.transfermarkt.technology/portrait/header/707844-1706174326.jpg?lm=1,https://www.transfermarkt.co.uk/mandela-keita/profil/spieler/707844
1456,Botond Balogh,HUN,DF,22,29,23,"2,053",22.8,0,1,1,0,0,0,5,0,0.4,0.4,0.1,0.5,7,37,1,0.0,0.04,0.04,0.0,0.04,0.02,0.0,0.02,0.02,0.02,botond balogh,Defender,right,189.0,IT1,2500000.0,2500000.0,https://img.a.transfermarkt.technology/portrait/header/543727-1712348148.jpg?lm=1,https://www.transfermarkt.co.uk/botond-balogh/profil/spieler/543727
1457,Lautaro Valenti,ARG,DF,25,20,18,"1,556",17.3,1,0,1,1,0,0,6,1,0.2,0.2,0.2,0.4,3,28,3,0.06,0.0,0.06,0.06,0.06,0.01,0.01,0.02,0.01,0.02,lautaro valenti,Defender,left,188.0,IT1,1500000.0,5000000.0,https://img.a.transfermarkt.technology/portrait/header/625202-1725530168.jpg?lm=1,https://www.transfermarkt.co.uk/lautaro-valenti/profil/spieler/625202
1458,Adrian Bernabe,ESP,MT,23,21,18,"1,453",16.1,1,1,2,1,0,0,1,0,1.3,1.3,1.1,2.4,37,115,20,0.06,0.06,0.12,0.06,0.12,0.08,0.07,0.15,0.08,0.15,adrian bernabe,Midfield,left,174.0,IT1,15000000.0,15000000.0,https://img.a.transfermarkt.technology/portrait/header/466802-1714503707.jpg?lm=1,https://www.transfermarkt.co.uk/adrian-bernabe/profil/spieler/466802
1459,Hernani,BRA,MT,30,25,15,"1,327",14.7,3,3,6,0,3,3,7,0,2.8,0.5,1.5,2.0,29,78,40,0.2,0.2,0.41,0.0,0.2,0.19,0.1,0.3,0.03,0.14,hernani,Midfield,both,188.0,IT1,2000000.0,6500000.0,https://img.a.transfermarkt.technology/portrait/header/181768-1686211173.jpg?lm=1,https://www.transfermarkt.co.uk/hernani/profil/spieler/181768
1460,Giovanni Leoni,ITA,DF,17,17,14,"1,199",13.3,1,0,1,1,0,0,3,1,0.1,0.1,0.0,0.1,0,21,5,0.08,0.0,0.08,0.08,0.08,0.01,0.0,0.01,0.01,0.01,giovanni leoni,Defender,right,193.0,IT1,6000000.0,6000000.0,https://img.a.transfermarkt.technology/portrait/header/1086619-1742206782.jpg?lm=1,https://www.transfermarkt.co.uk/giovanni-leoni/profil/spieler/1086619
1461,Woyo Coulibaly,MLI,DF,25,14,12,"1,084",12.0,0,1,1,0,0,0,1,1,0.1,0.1,0.9,1.1,36,41,23,0.0,0.08,0.08,0.0,0.08,0.01,0.08,0.09,0.01,0.09,woyo coulibaly,Defender,both,182.0,GB1,2000000.0,2000000.0,https://img.a.transfermarkt.technology/portrait/header/592975-1725530223.jpg?lm=1,https://www.transfermarkt.co.uk/woyo-coulibaly/profil/spieler/592975
1462,Alessandro Vogliacco,ITA,DF,25,10,10,772,8.6,0,0,0,0,0,0,2,0,0.1,0.1,0.1,0.2,2,21,0,0.0,0.0,0.0,0.0,0.0,0.01,0.01,0.02,0.01,0.02,alessandro vogliacco,Defender,right,186.0,IT1,2000000.0,2000000.0,https://img.a.transfermarkt.technology/portrait/header/330208-1613547642.jpg?lm=1,https://www.transfermarkt.co.uk/alessandro-vogliacco/profil/spieler/330208
1463,Mateo Pellegrino,ARG,AT,23,13,8,737,8.2,3,1,4,3,0,0,2,0,3.3,3.3,0.7,4.0,6,15,37,0.37,0.12,0.49,0.37,0.49,0.4,0.09,0.49,0.4,0.49,mateo pellegrino,Attack,left,192.0,IT1,3500000.0,3500000.0,https://img.a.transfermarkt.technology/portrait/header/856530-1724877495.jpg?lm=1,https://www.transfermarkt.co.uk/mateo-pellegrino/profil/spieler/856530
1464,Nahuel Estévez,ARG,MT,28,14,7,657,7.3,0,0,0,0,0,0,3,0,0.1,0.1,0.8,0.8,3,30,4,0.0,0.0,0.0,0.0,0.0,0.01,0.1,0.12,0.01,0.12,nahuel estevez,Midfield,right,181.0,IT1,3500000.0,3500000.0,https://img.a.transfermarkt.technology/portrait/header/552472-1739284138.jpg?lm=1,https://www.transfermarkt.co.uk/nahuel-estevez/profil/spieler/552472
1465,Alessandro Circati,AUS,DF,20,6,6,540,6.0,0,0,0,0,0,0,1,0,0.3,0.3,0.0,0.3,1,10,0,0.0,0.0,0.0,0.0,0.0,0.05,0.0,0.06,0.05,0.06,alessandro circati,Defender,right,190.0,IT1,8500000.0,8500000.0,https://img.a.transfermarkt.technology/portrait/header/867137-1712749046.jpeg?lm=1,https://www.transfermarkt.co.uk/alessandro-circati/profil/spieler/867137
1467,Jacob Ondrejka,SWE,"MT,AT",21,12,3,422,4.7,5,0,5,5,0,0,0,0,1.3,1.3,0.6,1.9,13,11,21,1.07,0.0,1.07,1.07,1.07,0.27,0.13,0.4,0.27,0.4,jacob ondrejka,Attack,right,179.0,IT1,7000000.0,7000000.0,https://img.a.transfermarkt.technology/portrait/header/663237-1704451541.jpg?lm=1,https://www.transfermarkt.co.uk/jacob-ondrejka/profil/spieler/663237
1469,Yordan Osorio,VEN,DF,30,3,2,172,1.9,0,0,0,0,0,0,0,0,0.0,0.0,0.1,0.1,1,3,0,0.0,0.0,0.0,0.0,0.0,0.01,0.07,0.08,0.01,0.08,yordan osorio,Defender,right,189.0,IT1,1700000.0,4000000.0,https://img.a.transfermarkt.technology/portrait/header/358165-1719836773.jpg?lm=1,https://www.transfermarkt.co.uk/yordan-osorio/profil/spieler/358165
1470,Drissa Camara,CIV,"MT,AT",22,21,1,447,5.0,0,0,0,0,0,0,3,0,1.2,1.2,0.8,2.0,18,27,35,0.0,0.0,0.0,0.0,0.0,0.25,0.16,0.4,0.25,0.4,drissa camara,Midfield,right,179.0,IT1,1800000.0,1800000.0,https://img.a.transfermarkt.technology/portrait/header/614742-1714503149.jpg?lm=1,https://www.transfermarkt.co.uk/drissa-camara/profil/spieler/614742
1472,Mateusz Kowalski,POL,MT,19,1,1,56,0.6,0,0,0,0,0,0,0,0,0.4,0.4,0.0,0.4,0,0,2,0.0,0.0,0.0,0.0,0.0,0.69,0.0,0.69,0.69,0.69,mateusz kowalski,Attack,right,197.0,IT1,300000.0,300000.0,https://img.a.transfermarkt.technology/portrait/header/902573-1725863860.jpg?lm=1,https://www.transfermarkt.co.uk/mateusz-kowalski/profil/spieler/902573
1473,Gabriel Charpentier,CGO,AT,25,10,0,271,3.0,1,2,3,1,0,0,1,0,1.3,1.3,0.9,2.3,6,7,16,0.33,0.66,1.0,0.33,1.0,0.44,0.31,0.75,0.44,0.75,gabriel charpentier,Attack,right,188.0,IT1,1600000.0,3500000.0,https://img.a.transfermarkt.technology/portrait/header/660342-1725530582.jpg?lm=1,https://www.transfermarkt.co.uk/gabriel-charpentier/profil/spieler/660342
1475,Federico Baschirotto,ITA,DF,27,38,38,"3,420",38.0,2,0,2,2,0,0,3,0,1.2,1.2,0.2,1.4,13,71,5,0.05,0.0,0.05,0.05,0.05,0.03,0.0,0.04,0.03,0.04,federico baschirotto,Defender,right,187.0,IT1,3800000.0,8000000.0,https://img.a.transfermarkt.technology/portrait/header/351955-1730126092.jpg?lm=1,https://www.transfermarkt.co.uk/federico-baschirotto/profil/spieler/351955
1476,Wladimiro Falcone,ITA,GB,29,38,38,"3,420",38.0,0,0,0,0,0,0,2,0,0.0,0.0,0.0,0.0,0,0,0,0.0,0.0,0.0,0.0,0.0,0.0,0.0,0.0,0.0,0.0,wladimiro falcone,Goalkeeper,right,195.0,IT1,4000000.0,5000000.0,https://img.a.transfermarkt.technology/portrait/header/238537-1693308504.jpg?lm=1,https://www.transfermarkt.co.uk/wladimiro-falcone/profil/spieler/238537
1477,Nikola Krstović,MNE,AT,24,37,37,"3,057",34.0,11,5,16,9,2,3,6,0,12.1,9.7,2.9,12.6,42,56,149,0.32,0.15,0.47,0.26,0.41,0.36,0.08,0.44,0.29,0.37,nikola krstović,Attack,right,185.0,IT1,14000000.0,14000000.0,https://img.a.transfermarkt.technology/portrait/header/434433-1730126208.jpg?lm=1,https://www.transfermarkt.co.uk/nikola-krstovic/profil/spieler/434433
1478,Antonino Gallo,ITA,DF,24,31,31,"2,609",29.0,0,2,2,0,0,0,3,1,0.3,0.3,2.7,3.0,57,107,110,0.0,0.07,0.07,0.0,0.07,0.01,0.09,0.1,0.01,0.1,antonino gallo,Defender,left,183.0,IT1,4500000.0,5500000.0,https://img.a.transfermarkt.technology/portrait/header/392516-1663745734.jpg?lm=1,https://www.transfermarkt.co.uk/antonino-gallo/profil/spieler/392516
1479,Frederic Guilbert,FRA,DF,29,31,31,"2,435",27.1,0,1,1,0,0,0,3,2,0.3,0.3,1.8,2.1,48,88,45,0.0,0.04,0.04,0.0,0.04,0.01,0.07,0.08,0.01,0.08,frederic guilbert,Defender,right,178.0,IT1,2500000.0,9000000.0,https://img.a.transfermarkt.technology/portrait/header/354352-1673963895.jpg?lm=1,https://www.transfermarkt.co.uk/frederic-guilbert/profil/spieler/354352
1480,Lassana Coulibaly,MLI,MT,28,38,30,"2,667",29.6,1,0,1,1,0,0,3,0,0.8,0.8,0.9,1.7,21,93,49,0.03,0.0,0.03,0.03,0.03,0.03,0.03,0.06,0.03,0.06,lassana coulibaly,Midfield,right,183.0,IT1,2500000.0,5000000.0,https://img.a.transfermarkt.technology/portrait/header/386552-1725529617.jpg?lm=1,https://www.transfermarkt.co.uk/lassana-coulibaly/profil/spieler/386552
1482,Santiago Pierotti,ARG,AT,23,36,22,"1,937",21.5,4,2,6,4,0,0,6,1,3.1,3.1,2.4,5.5,43,38,85,0.19,0.09,0.28,0.19,0.28,0.14,0.11,0.25,0.14,0.25,santiago pierotti,Attack,right,189.0,IT1,4000000.0,4000000.0,https://img.a.transfermarkt.technology/portrait/header/674806-1709016512.jpg?lm=1,https://www.transfermarkt.co.uk/santiago-pierotti/profil/spieler/674806
1483,Ylber Ramadani,ALB,MT,28,29,21,"1,807",20.1,1,1,2,1,0,0,4,0,0.6,0.6,1.1,1.7,9,60,7,0.05,0.05,0.1,0.05,0.1,0.03,0.06,0.09,0.03,0.09,ylber ramadani,Midfield,right,185.0,IT1,2200000.0,4000000.0,https://img.a.transfermarkt.technology/portrait/header/442703-1691151579.jpg?lm=1,https://www.transfermarkt.co.uk/ylber-ramadani/profil/spieler/442703
1484,Balthazar Pierret,FRA,MT,24,30,21,"1,723",19.1,0,0,0,0,0,0,2,0,0.2,0.2,0.4,0.6,13,82,13,0.0,0.0,0.0,0.0,0.0,0.01,0.02,0.03,0.01,0.03,balthazar pierret,Midfield,left,186.0,IT1,1500000.0,1500000.0,https://img.a.transfermarkt.technology/portrait/header/642002-1730185630.jpg?lm=1,https://www.transfermarkt.co.uk/balthazar-pierret/profil/spieler/642002
1485,Gaby Jean,FRA,DF,24,19,16,"1,388",15.4,0,0,0,0,0,0,0,0,0.1,0.1,0.1,0.2,8,42,3,0.0,0.0,0.0,0.0,0.0,0.01,0.01,0.01,0.01,0.01,gaby jean,Defender,left,191.0,IT1,2000000.0,2000000.0,https://img.a.transfermarkt.technology/portrait/header/805886-1692033275.png?lm=1,https://www.transfermarkt.co.uk/gaby-jean/profil/spieler/805886
1486,Hamza Rafia,TUN,MT,25,18,14,"1,058",11.8,0,0,0,0,0,0,4,0,0.5,0.5,1.4,1.9,13,51,32,0.0,0.0,0.0,0.0,0.0,0.04,0.12,0.16,0.04,0.16,hamza rafia,Midfield,right,181.0,IT1,1700000.0,1700000.0,https://img.a.transfermarkt.technology/portrait/header/418571-1725530321.jpg?lm=1,https://www.transfermarkt.co.uk/hamza-rafia/profil/spieler/418571
1488,Medon Berisha,ALB,MT,20,17,7,716,8.0,0,1,1,0,0,0,5,0,0.7,0.7,0.6,1.3,13,42,17,0.0,0.13,0.13,0.0,0.13,0.09,0.07,0.17,0.09,0.17,medon berisha,Midfield,right,186.0,IT1,1000000.0,1000000.0,https://img.a.transfermarkt.technology/portrait/header/583046-1662114572.jpg?lm=1,https://www.transfermarkt.co.uk/medon-berisha/profil/spieler/583046
1489,Jesper Karlsson,SWE,AT,26,13,6,495,5.5,1,0,1,0,1,1,2,0,1.5,0.7,0.6,1.3,11,12,32,0.18,0.0,0.18,0.0,0.0,0.26,0.12,0.38,0.12,0.24,jesper karlsson,Attack,right,179.0,IT1,4500000.0,18000000.0,https://img.a.transfermarkt.technology/portrait/header/367992-1739281929.jpg?lm=1,https://www.transfermarkt.co.uk/jesper-karlsson/profil/spieler/367992
1490,Remi Oudin,FRA,"MT,AT",27,11,3,299,3.3,0,0,0,0,0,0,1,0,0.1,0.1,0.6,0.7,2,13,16,0.0,0.0,0.0,0.0,0.0,0.04,0.18,0.22,0.04,0.22,remi oudin,Midfield,left,186.0,IT1,3500000.0,11000000.0,https://img.a.transfermarkt.technology/portrait/header/399543-1662015046.jpg?lm=1,https://www.transfermarkt.co.uk/remi-oudin/profil/spieler/399543
1491,Mohamed Kaba,FRA,MT,22,15,2,452,5.0,0,0,0,0,0,0,1,0,0.3,0.3,0.0,0.4,3,18,8,0.0,0.0,0.0,0.0,0.0,0.07,0.01,0.08,0.07,0.08,mohamed kaba,Midfield,right,185.0,IT1,2300000.0,3500000.0,https://img.a.transfermarkt.technology/portrait/header/911328-1695033138.jpg?lm=1,https://www.transfermarkt.co.uk/mohamed-kaba/profil/spieler/911328
1492,Danilo Veiga,POR,DF,21,13,2,374,4.2,0,0,0,0,0,0,0,0,0.6,0.6,0.3,0.9,10,10,13,0.0,0.0,0.0,0.0,0.0,0.15,0.06,0.21,0.15,0.21,danilo veiga,Defender,right,183.0,IT1,1000000.0,2000000.0,https://img.a.transfermarkt.technology/portrait/header/728485-1739282699.jpg?lm=1,https://www.transfermarkt.co.uk/danilo-veiga/profil/spieler/728485
1493,Valentin Gendrey,FRA,DF,24,2,2,180,2.0,0,0,0,0,0,0,0,0,0.2,0.2,0.1,0.3,7,5,4,0.0,0.0,0.0,0.0,0.0,0.09,0.05,0.14,0.09,0.14,valentin gendrey,Defender,right,179.0,L1,8500000.0,8500000.0,https://img.a.transfermarkt.technology/portrait/header/569387-1663745931.jpg?lm=1,https://www.transfermarkt.co.uk/valentin-gendrey/profil/spieler/569387
1494,Andy Pelmard,FRA,DF,24,3,1,129,1.4,0,0,0,0,0,0,1,0,0.0,0.0,0.0,0.0,1,1,0,0.0,0.0,0.0,0.0,0.0,0.0,0.0,0.0,0.0,0.0,andy pelmard,Defender,right,180.0,ES1,2500000.0,5000000.0,https://img.a.transfermarkt.technology/portrait/header/494236-1730185580.jpg?lm=1,https://www.transfermarkt.co.uk/andy-pelmard/profil/spieler/494236
1495,Tiago Gabriel,POR,DF,19,2,0,96,1.1,0,0,0,0,0,0,0,0,0.0,0.0,0.0,0.0,0,1,0,0.0,0.0,0.0,0.0,0.0,0.0,0.0,0.0,0.0,0.0,tiago gabriel,Defender,right,194.0,IT1,1000000.0,1000000.0,https://img.a.transfermarkt.technology/portrait/header/1112449-1737958874.jpg?lm=1,https://www.transfermarkt.co.uk/tiago-gabriel/profil/spieler/1112449
1496,Marco Sala,ITA,DF,25,2,0,72,0.8,0,0,0,0,0,0,0,0,0.0,0.0,0.4,0.4,5,6,9,0.0,0.0,0.0,0.0,0.0,0.0,0.46,0.46,0.0,0.46,marco sala,Defender,left,182.0,IT1,1000000.0,3000000.0,https://img.a.transfermarkt.technology/portrait/header/392570-1730185794.jpg?lm=1,https://www.transfermarkt.co.uk/marco-sala/profil/spieler/392570
1497,Kevin Bonifazi,ITA,DF,28,3,0,65,0.7,0,0,0,0,0,0,0,0,0.0,0.0,0.0,0.0,0,1,1,0.0,0.0,0.0,0.0,0.0,0.0,0.0,0.0,0.0,0.0,kevin bonifazi,Defender,right,187.0,IT1,1800000.0,7000000.0,https://img.a.transfermarkt.technology/portrait/header/247377-1663656615.jpg?lm=1,https://www.transfermarkt.co.uk/kevin-bonifazi/profil/spieler/247377
1498,Nicola Sansone,ITA,"MT,AT",32,5,0,65,0.7,0,0,0,0,0,0,1,0,0.2,0.2,0.0,0.3,0,1,5,0.0,0.0,0.0,0.0,0.0,0.3,0.06,0.36,0.3,0.36,nicola sansone,Attack,right,174.0,IT1,400000.0,16000000.0,https://img.a.transfermarkt.technology/portrait/header/82048-1663656944.jpg?lm=1,https://www.transfermarkt.co.uk/nicola-sansone/profil/spieler/82048
1501,Devis Vásquez,COL,GB,26,32,32,"2,880",32.0,0,0,0,0,0,0,2,0,0.0,0.0,0.0,0.0,0,0,0,0.0,0.0,0.0,0.0,0.0,0.0,0.0,0.0,0.0,0.0,devis vasquez,Goalkeeper,right,195.0,IT1,2000000.0,4000000.0,https://img.a.transfermarkt.technology/portrait/header/495722-1730186022.jpg?lm=1,https://www.transfermarkt.co.uk/devis-vasquez/profil/spieler/495722
1502,Mattia Viti,ITA,DF,22,30,30,"2,572",28.6,1,0,1,1,0,0,3,0,0.8,0.8,0.2,1.0,17,86,10,0.03,0.0,0.03,0.03,0.03,0.03,0.01,0.03,0.03,0.03,mattia viti,Defender,left,190.0,IT1,6500000.0,10000000.0,https://img.a.transfermarkt.technology/portrait/header/493702-1692882028.jpg?lm=1,https://www.transfermarkt.co.uk/mattia-viti/profil/spieler/493702
1503,Saba Goglichidze,GEO,DF,20,33,29,"2,539",28.2,0,1,1,0,0,0,3,1,0.3,0.3,0.3,0.6,12,45,9,0.0,0.04,0.04,0.0,0.04,0.01,0.01,0.02,0.01,0.02,saba goglichidze,Defender,right,192.0,IT1,8000000.0,8000000.0,https://img.a.transfermarkt.technology/portrait/header/906160-1732017345.jpg?lm=1,https://www.transfermarkt.co.uk/saba-goglichidze/profil/spieler/906160
1504,Ardian Ismajli,ALB,DF,27,29,29,"2,508",27.9,0,0,0,0,0,0,3,0,0.3,0.3,0.0,0.4,3,38,1,0.0,0.0,0.0,0.0,0.0,0.01,0.0,0.01,0.01,0.01,ardian ismajli,Defender,right,187.0,IT1,6000000.0,6000000.0,https://img.a.transfermarkt.technology/portrait/header/435228-1663677962.jpg?lm=1,https://www.transfermarkt.co.uk/ardian-ismajli/profil/spieler/435228
1505,Liam Henderson,SCO,MT,28,36,27,"2,337",26.0,0,4,4,0,0,0,10,0,0.7,0.7,3.9,4.5,18,108,54,0.0,0.15,0.15,0.0,0.15,0.03,0.15,0.17,0.03,0.17,liam henderson,Midfield,right,183.0,IT1,1800000.0,3000000.0,https://img.a.transfermarkt.technology/portrait/header/193867-1661523222.jpg?lm=1,https://www.transfermarkt.co.uk/liam-henderson/profil/spieler/193867
1506,Alberto Grassi,ITA,MT,29,28,27,"2,203",24.5,1,0,1,1,0,0,8,0,1.0,1.0,0.8,1.9,18,74,24,0.04,0.0,0.04,0.04,0.04,0.04,0.03,0.08,0.04,0.08,alberto grassi,Midfield,right,183.0,IT1,2000000.0,7000000.0,https://img.a.transfermarkt.technology/portrait/header/197473-1695031303.jpg?lm=1,https://www.transfermarkt.co.uk/alberto-grassi/profil/spieler/197473
1507,Liberato Cacace,NZL,"MT,DF",23,33,24,"2,230",24.8,2,4,6,2,0,0,6,0,2.6,2.6,1.7,4.3,53,70,97,0.08,0.16,0.24,0.08,0.24,0.11,0.07,0.17,0.11,0.17,liberato cacace,Defender,left,183.0,IT1,3000000.0,3000000.0,https://img.a.transfermarkt.technology/portrait/header/469211-1730125371.jpg?lm=1,https://www.transfermarkt.co.uk/liberato-cacace/profil/spieler/469211
1508,Youssef Maleh,MAR,MT,25,22,17,"1,510",16.8,0,1,1,0,0,0,5,1,0.9,0.9,0.9,1.8,10,72,37,0.0,0.06,0.06,0.0,0.06,0.05,0.05,0.1,0.05,0.1,youssef maleh,Midfield,left,179.0,IT1,4000000.0,5000000.0,https://img.a.transfermarkt.technology/portrait/header/324377-1663592087.jpg?lm=1,https://www.transfermarkt.co.uk/youssef-maleh/profil/spieler/324377
1509,Jacopo Fazzini,ITA,MT,21,20,16,"1,383",15.4,4,1,5,4,0,0,1,1,3.1,3.1,0.5,3.6,34,49,88,0.26,0.07,0.33,0.26,0.33,0.2,0.03,0.23,0.2,0.23,jacopo fazzini,Midfield,right,178.0,IT1,8000000.0,8000000.0,https://img.a.transfermarkt.technology/portrait/header/691482-1673249779.jpg?lm=1,https://www.transfermarkt.co.uk/jacopo-fazzini/profil/spieler/691482
1511,Luca Marianucci,ITA,DF,20,18,12,"1,069",11.9,0,0,0,0,0,0,0,1,0.6,0.6,0.2,0.8,12,28,3,0.0,0.0,0.0,0.0,0.0,0.05,0.02,0.07,0.05,0.07,luca marianucci,Defender,right,186.0,IT1,5000000.0,5000000.0,https://img.a.transfermarkt.technology/portrait/header/814446-1721740329.jpg?lm=1,https://www.transfermarkt.co.uk/luca-marianucci/profil/spieler/814446
1512,Ola Solbakken,NOR,"MT,AT",25,21,8,760,8.4,0,0,0,0,0,0,2,0,0.8,0.8,0.4,1.2,18,20,32,0.0,0.0,0.0,0.0,0.0,0.09,0.05,0.14,0.09,0.14,ola solbakken,Attack,left,189.0,IT1,2500000.0,3500000.0,https://img.a.transfermarkt.technology/portrait/header/431811-1673251136.jpg?lm=1,https://www.transfermarkt.co.uk/ola-solbakken/profil/spieler/431811
1513,Mattia De Sciglio,ITA,DF,31,16,7,769,8.5,1,0,1,1,0,0,0,0,0.6,0.6,0.2,0.8,4,18,7,0.12,0.0,0.12,0.12,0.12,0.07,0.02,0.09,0.07,0.09,mattia de sciglio,Defender,right,183.0,IT1,1000000.0,14000000.0,https://img.a.transfermarkt.technology/portrait/header/88682-1663577192.jpg?lm=1,https://www.transfermarkt.co.uk/mattia-de-sciglio/profil/spieler/88682
1514,Marco Silvestri,ITA,GB,33,5,5,450,5.0,0,0,0,0,0,0,0,0,0.0,0.0,0.0,0.0,0,0,0,0.0,0.0,0.0,0.0,0.0,0.0,0.0,0.0,0.0,0.0,marco silvestri,Goalkeeper,right,191.0,IT1,500000.0,10000000.0,https://img.a.transfermarkt.technology/portrait/header/85528-1663664993.jpg?lm=1,https://www.transfermarkt.co.uk/marco-silvestri/profil/spieler/85528
1515,Pietro Pellegri,ITA,AT,23,11,5,414,4.6,3,0,3,3,0,0,2,0,0.3,0.3,0.6,0.9,12,8,28,0.65,0.0,0.65,0.65,0.65,0.06,0.12,0.19,0.06,0.19,pietro pellegri,Attack,right,189.0,IT1,2500000.0,8000000.0,https://img.a.transfermarkt.technology/portrait/header/364133-1663596740.jpg?lm=1,https://www.transfermarkt.co.uk/pietro-pellegri/profil/spieler/364133
1516,Nicolas Haas,SUI,MT,28,10,2,287,3.2,0,0,0,0,0,0,1,0,0.0,0.0,0.1,0.1,2,9,2,0.0,0.0,0.0,0.0,0.0,0.0,0.02,0.02,0.0,0.02,nicolas haas,Midfield,right,178.0,IT1,700000.0,3500000.0,https://img.a.transfermarkt.technology/portrait/header/192638-1725530159.jpg?lm=1,https://www.transfermarkt.co.uk/nicolas-haas/profil/spieler/192638
1517,Sebastian Walukiewicz,POL,DF,24,2,2,180,2.0,0,0,0,0,0,0,0,0,0.0,0.0,0.1,0.1,2,8,3,0.0,0.0,0.0,0.0,0.0,0.0,0.04,0.04,0.0,0.04,sebastian walukiewicz,Defender,right,188.0,IT1,5000000.0,10000000.0,https://img.a.transfermarkt.technology/portrait/header/345458-1716985042.jpg?lm=1,https://www.transfermarkt.co.uk/sebastian-walukiewicz/profil/spieler/345458
1518,Jacopo Seghetti,ITA,GB,19,1,1,90,1.0,0,0,0,0,0,0,0,0,0.0,0.0,0.0,0.0,0,0,0,0.0,0.0,0.0,0.0,0.0,0.0,0.0,0.0,0.0,0.0,jacopo seghetti,Goalkeeper,right,189.0,IT1,1000000.0,1000000.0,https://img.a.transfermarkt.technology/portrait/header/935777-1704955672.jpg?lm=1,https://www.transfermarkt.co.uk/jacopo-seghetti/profil/spieler/935777
1519,Emmanuel Ekong,SWE,"MT,AT",22,15,0,186,2.1,0,0,0,0,0,0,1,0,0.1,0.1,0.1,0.2,8,5,19,0.0,0.0,0.0,0.0,0.0,0.05,0.05,0.1,0.05,0.1,emmanuel ekong,Attack,right,181.0,IT1,500000.0,500000.0,https://img.a.transfermarkt.technology/portrait/header/603891-1673249889.jpg?lm=1,https://www.transfermarkt.co.uk/emmanuel-ekong/profil/spieler/603891
1520,Szymon Żurkowski,POL,MT,26,5,0,106,1.2,0,0,0,0,0,0,0,0,0.1,0.1,0.0,0.1,1,1,3,0.0,0.0,0.0,0.0,0.0,0.07,0.0,0.07,0.07,0.07,szymon żurkowski,Midfield,right,185.0,IT1,2500000.0,7000000.0,https://img.a.transfermarkt.technology/portrait/header/387234-1656583041.jpg?lm=1,https://www.transfermarkt.co.uk/szymon-zurkowski/profil/spieler/387234
1521,Viktor Kovalenko,UKR,MT,28,6,0,77,0.9,0,0,0,0,0,0,0,0,0.1,0.1,0.0,0.1,1,4,3,0.0,0.0,0.0,0.0,0.0,0.12,0.0,0.12,0.12,0.12,viktor kovalenko,Midfield,right,182.0,IT1,1000000.0,6000000.0,https://img.a.transfermarkt.technology/portrait/header/203842-1637571103.jpg?lm=1,https://www.transfermarkt.co.uk/viktor-kovalenko/profil/spieler/203842
1524,Francesco Caputo,ITA,AT,36,1,0,6,0.1,0,0,0,0,0,0,0,0,0.0,0.0,0.0,0.0,0,0,1,0.0,0.0,0.0,0.0,0.0,0.0,0.0,0.0,0.0,0.0,francesco caputo,Attack,right,181.0,IT1,1000000.0,7500000.0,https://img.a.transfermarkt.technology/portrait/header/84765-1663679656.jpg?lm=1,https://www.transfermarkt.co.uk/francesco-caputo/profil/spieler/84765
1525,Petar Stojanović,SVN,MT,28,1,0,3,0.0,0,0,0,0,0,0,0,0,0.0,0.0,0.0,0.0,0,0,0,0.0,0.0,0.0,0.0,0.0,0.0,0.0,0.0,0.0,0.0,petar stojanović,Defender,right,178.0,IT1,1300000.0,3000000.0,https://img.a.transfermarkt.technology/portrait/header/183841-1632394381.jpg?lm=1,https://www.transfermarkt.co.uk/petar-stojanovic/profil/spieler/183841
1527,Jay Idzes,IDN,DF,24,35,35,"3,127",34.7,1,0,1,1,0,0,5,0,1.8,1.8,0.7,2.5,15,84,15,0.03,0.0,0.03,0.03,0.03,0.05,0.02,0.07,0.05,0.07,jay idzes,Defender,right,190.0,IT1,5000000.0,5000000.0,https://img.a.transfermarkt.technology/portrait/header/546926-1725530125.jpg?lm=1,https://www.transfermarkt.co.uk/jay-idzes/profil/spieler/546926
1528,Hans Nicolussi Caviglia,ITA,MT,24,35,33,"2,861",31.8,4,2,6,4,0,0,7,1,2.4,2.4,2.1,4.5,20,140,22,0.13,0.06,0.19,0.13,0.19,0.07,0.07,0.14,0.07,0.14,hans nicolussi caviglia,Midfield,right,184.0,IT1,8000000.0,8000000.0,https://img.a.transfermarkt.technology/portrait/header/430280-1743004805.jpg?lm=1,https://www.transfermarkt.co.uk/hans-nicolussi-caviglia/profil/spieler/430280
1529,Gianluca Busio,USA,MT,22,33,28,"2,518",28.0,2,0,2,2,0,0,4,0,2.4,2.4,1.6,4.0,60,95,135,0.07,0.0,0.07,0.07,0.07,0.09,0.06,0.14,0.09,0.14,gianluca busio,Midfield,right,172.0,IT1,6500000.0,10000000.0,https://img.a.transfermarkt.technology/portrait/header/504209-1717660047.jpg?lm=1,https://www.transfermarkt.co.uk/gianluca-busio/profil/spieler/504209
1531,Francesco Zampano,ITA,DF,30,24,17,"1,639",18.2,1,2,3,1,0,0,5,0,1.0,1.0,0.8,1.8,42,41,85,0.05,0.11,0.16,0.05,0.16,0.05,0.04,0.1,0.05,0.1,francesco zampano,Defender,right,177.0,IT1,1100000.0,2500000.0,https://img.a.transfermarkt.technology/portrait/header/216872-1717660248.jpg?lm=1,https://www.transfermarkt.co.uk/francesco-zampano/profil/spieler/216872
1532,Fali Candé,GNB,DF,26,17,17,"1,530",17.0,1,1,2,1,0,0,4,0,1.1,1.1,0.6,1.7,5,47,3,0.06,0.06,0.12,0.06,0.12,0.07,0.03,0.1,0.07,0.1,fali cande,Defender,left,184.0,IT1,2000000.0,2500000.0,https://img.a.transfermarkt.technology/portrait/header/520530-1697463489.png?lm=1,https://www.transfermarkt.co.uk/fali-cande/profil/spieler/520530
1533,Alessio Zerbin,ITA,DF,25,18,17,"1,518",16.9,1,1,2,1,0,0,4,0,1.9,1.9,2.1,3.9,53,54,70,0.06,0.06,0.12,0.06,0.12,0.11,0.12,0.23,0.11,0.23,alessio zerbin,Attack,right,182.0,IT1,4000000.0,4000000.0,https://img.a.transfermarkt.technology/portrait/header/433584-1641998849.jpg?lm=1,https://www.transfermarkt.co.uk/alessio-zerbin/profil/spieler/433584
1536,Michael Svoboda,AUT,DF,25,16,15,"1,314",14.6,1,0,1,1,0,0,1,0,0.2,0.2,0.6,0.8,13,43,5,0.07,0.0,0.07,0.07,0.07,0.01,0.04,0.06,0.01,0.06,michael svoboda,Defender,right,195.0,IT1,3000000.0,3000000.0,https://img.a.transfermarkt.technology/portrait/header/438961-1717659180.jpg?lm=1,https://www.transfermarkt.co.uk/michael-svoboda/profil/spieler/438961
1537,Ridgeciano Haps,SUR,DF,31,25,14,"1,369",15.2,1,1,2,1,0,0,3,0,1.2,1.2,0.7,1.9,26,52,47,0.07,0.07,0.13,0.07,0.13,0.08,0.05,0.13,0.08,0.13,ridgeciano haps,Defender,left,175.0,IT1,1000000.0,6000000.0,https://img.a.transfermarkt.technology/portrait/header/228444-1630656845.jpg?lm=1,https://www.transfermarkt.co.uk/ridgeciano-haps/profil/spieler/228444
1538,Kike Pérez,ESP,MT,27,16,13,"1,114",12.4,1,0,1,1,0,0,4,0,0.9,0.9,1.2,2.1,18,60,31,0.08,0.0,0.08,0.08,0.08,0.07,0.1,0.17,0.07,0.17,kike perez,Midfield,left,184.0,IT1,2800000.0,4500000.0,https://img.a.transfermarkt.technology/portrait/header/527698-1739282423.jpg?lm=1,https://www.transfermarkt.co.uk/kike-perez/profil/spieler/527698
1539,Joël Schingtienne,BEL,DF,21,16,12,"1,122",12.5,0,0,0,0,0,0,2,0,0.0,0.0,0.1,0.1,5,28,4,0.0,0.0,0.0,0.0,0.0,0.0,0.01,0.01,0.0,0.01,joël schingtienne,Defender,right,188.0,IT1,3000000.0,3000000.0,https://img.a.transfermarkt.technology/portrait/header/707809-1713280148.png?lm=1,https://www.transfermarkt.co.uk/joel-schingtienne/profil/spieler/707809
1540,Marin Šverko,CRO,DF,26,16,12,"1,117",12.4,1,0,1,1,0,0,3,0,0.3,0.3,0.3,0.7,8,38,1,0.08,0.0,0.08,0.08,0.08,0.03,0.03,0.05,0.03,0.05,marin šverko,Defender,left,187.0,IT1,1200000.0,1200000.0,https://img.a.transfermarkt.technology/portrait/header/282169-1695108109.jpg?lm=1,https://www.transfermarkt.co.uk/marin-sverko/profil/spieler/282169
1541,Antonio Candela,ITA,DF,24,14,12,"1,008",11.2,0,1,1,0,0,0,2,0,0.3,0.3,0.8,1.2,12,27,25,0.0,0.09,0.09,0.0,0.09,0.03,0.07,0.11,0.03,0.11,antonio candela,Defender,right,185.0,ES1,2000000.0,2300000.0,https://img.a.transfermarkt.technology/portrait/header/392881-1717659772.jpg?lm=1,https://www.transfermarkt.co.uk/antonio-candela/profil/spieler/392881
1542,Alfred Duncan,GHA,MT,31,16,12,957,10.6,0,0,0,0,0,0,2,0,0.8,0.8,1.1,1.9,11,53,12,0.0,0.0,0.0,0.0,0.0,0.07,0.1,0.18,0.07,0.18,alfred duncan,Midfield,left,178.0,IT1,2500000.0,18000000.0,https://img.a.transfermarkt.technology/portrait/header/184894-1663591729.jpg?lm=1,https://www.transfermarkt.co.uk/alfred-duncan/profil/spieler/184894
1543,Issa Doumbia,CIV,MT,20,24,10,939,10.4,0,0,0,0,0,0,0,0,1.0,1.0,0.1,1.2,12,22,29,0.0,0.0,0.0,0.0,0.0,0.1,0.01,0.11,0.1,0.11,issa doumbia,Midfield,right,187.0,IT1,2000000.0,2000000.0,https://img.a.transfermarkt.technology/portrait/header/924349-1730186334.jpg?lm=1,https://www.transfermarkt.co.uk/issa-doumbia/profil/spieler/924349
1544,Giorgio Altare,ITA,DF,25,12,8,753,8.4,0,0,0,0,0,0,2,0,0.2,0.2,0.1,0.3,4,20,5,0.0,0.0,0.0,0.0,0.0,0.02,0.02,0.04,0.02,0.04,giorgio altare,Defender,right,190.0,IT1,2000000.0,2000000.0,https://img.a.transfermarkt.technology/portrait/header/354909-1630510736.jpg?lm=1,https://www.transfermarkt.co.uk/giorgio-altare/profil/spieler/354909
1545,Jesse Joronen,FIN,GB,31,8,7,703,7.8,0,0,0,0,0,0,0,0,0.0,0.0,0.0,0.0,0,0,0,0.0,0.0,0.0,0.0,0.0,0.0,0.0,0.0,0.0,0.0,jesse joronen,Goalkeeper,right,197.0,IT1,600000.0,5000000.0,https://img.a.transfermarkt.technology/portrait/header/131758-1724827205.jpg?lm=1,https://www.transfermarkt.co.uk/jesse-joronen/profil/spieler/131758
1548,Daniel Fila,CZE,AT,21,10,6,492,5.5,2,0,2,2,0,0,3,1,1.4,1.4,0.3,1.8,5,8,30,0.37,0.0,0.37,0.37,0.37,0.26,0.06,0.32,0.26,0.32,daniel fila,Attack,left,190.0,IT1,3000000.0,3000000.0,https://img.a.transfermarkt.technology/portrait/header/666268-1739282166.jpg?lm=1,https://www.transfermarkt.co.uk/daniel-fila/profil/spieler/666268
1549,Alessandro Marcandalli,ITA,DF,21,8,5,354,3.9,0,0,0,0,0,0,2,0,0.3,0.3,0.0,0.3,2,10,1,0.0,0.0,0.0,0.0,0.0,0.07,0.0,0.07,0.07,0.07,alessandro marcandalli,Defender,right,190.0,IT1,2000000.0,2000000.0,https://img.a.transfermarkt.technology/portrait/header/818448-1739282452.jpg?lm=1,https://www.transfermarkt.co.uk/alessandro-marcandalli/profil/spieler/818448
1550,Mirko Marić,CRO,AT,29,10,4,356,4.0,0,0,0,0,0,0,0,0,0.6,0.6,0.0,0.6,4,9,27,0.0,0.0,0.0,0.0,0.0,0.15,0.01,0.16,0.15,0.16,mirko marić,Attack,left,188.0,IT1,700000.0,4500000.0,https://img.a.transfermarkt.technology/portrait/header/215649-1661764396.jpg?lm=1,https://www.transfermarkt.co.uk/mirko-maric/profil/spieler/215649
1551,Franco Carboni,ITA,DF,21,8,3,226,2.5,0,0,0,0,0,0,2,0,0.0,0.0,0.1,0.1,2,6,11,0.0,0.0,0.0,0.0,0.0,0.0,0.03,0.04,0.0,0.04,franco carboni,Defender,left,190.0,IT1,1000000.0,1000000.0,https://img.a.transfermarkt.technology/portrait/header/731491-1675245800.jpg?lm=1,https://www.transfermarkt.co.uk/franco-carboni/profil/spieler/731491
1552,Richie Sagrado,BEL,DF,20,3,3,140,1.6,0,0,0,0,0,0,1,0,0.1,0.1,0.0,0.1,0,2,5,0.0,0.0,0.0,0.0,0.0,0.03,0.0,0.03,0.03,0.03,richie sagrado,Defender,right,182.0,IT1,2000000.0,2000000.0,https://img.a.transfermarkt.technology/portrait/header/655009-1713279208.png?lm=1,https://www.transfermarkt.co.uk/richie-sagrado/profil/spieler/655009
1556,Saad El Haddad,MAR,MT,19,3,0,30,0.3,0,0,0,0,0,0,0,0,0.0,0.0,0.0,0.0,1,1,6,0.0,0.0,0.0,0.0,0.0,0.0,0.07,0.07,0.0,0.07,saad el haddad,Midfield,right,175.0,IT1,250000.0,250000.0,https://img.a.transfermarkt.technology/portrait/header/936684-1724668787.jpg?lm=1,https://www.transfermarkt.co.uk/saad-el-haddad/profil/spieler/936684
1558,Pedro Pereira,POR,DF,26,35,32,"2,665",29.6,1,3,4,1,0,0,10,0,1.2,1.2,1.6,2.8,52,66,107,0.03,0.1,0.14,0.03,0.14,0.04,0.05,0.1,0.04,0.1,pedro pereira,Defender,right,185.0,IT1,1800000.0,2300000.0,https://img.a.transfermarkt.technology/portrait/header/314965-1725528497.jpg?lm=1,https://www.transfermarkt.co.uk/pedro-pereira/profil/spieler/314965
1559,Stefano Turati,ITA,GB,22,30,30,"2,676",29.7,0,0,0,0,0,0,1,0,0.0,0.0,0.0,0.0,0,0,0,0.0,0.0,0.0,0.0,0.0,0.0,0.0,0.0,0.0,0.0,stefano turati,Goalkeeper,right,188.0,IT1,7500000.0,7500000.0,https://img.a.transfermarkt.technology/portrait/header/543666-1686126590.jpg?lm=1,https://www.transfermarkt.co.uk/stefano-turati/profil/spieler/543666
1560,Alessandro Bianco,ITA,MT,21,34,29,"2,600",28.9,1,0,1,1,0,0,9,0,1.3,1.3,1.2,2.5,35,125,24,0.03,0.0,0.03,0.03,0.03,0.04,0.04,0.09,0.04,0.09,alessandro bianco,Midfield,right,173.0,IT1,5000000.0,5000000.0,https://img.a.transfermarkt.technology/portrait/header/602124-1725528350.jpg?lm=1,https://www.transfermarkt.co.uk/alessandro-bianco/profil/spieler/602124
1561,Armando Izzo,ITA,DF,32,30,28,"2,435",27.1,1,1,2,1,0,0,12,0,0.4,0.4,0.8,1.2,12,72,12,0.04,0.04,0.07,0.04,0.07,0.02,0.03,0.05,0.02,0.05,armando izzo,Defender,right,183.0,IT1,2500000.0,25000000.0,https://img.a.transfermarkt.technology/portrait/header/32113-1724827391.jpg?lm=1,https://www.transfermarkt.co.uk/armando-izzo/profil/spieler/32113
1562,Andrea Carboni,ITA,DF,23,26,25,"2,191",24.3,0,1,1,0,0,0,5,0,0.3,0.3,0.3,0.6,9,51,32,0.0,0.04,0.04,0.0,0.04,0.01,0.01,0.03,0.01,0.03,andrea carboni,Defender,left,187.0,IT1,3400000.0,5000000.0,https://img.a.transfermarkt.technology/portrait/header/481834-1730125183.jpg?lm=1,https://www.transfermarkt.co.uk/andrea-carboni/profil/spieler/481834
1563,Pablo Marí,ESP,DF,30,19,19,"1,628",18.1,0,0,0,0,0,0,4,1,0.2,0.2,0.1,0.3,5,58,1,0.0,0.0,0.0,0.0,0.0,0.01,0.01,0.01,0.01,0.01,pablo mari,Defender,left,193.0,IT1,3500000.0,7000000.0,https://img.a.transfermarkt.technology/portrait/header/210178-1739282325.jpg?lm=1,https://www.transfermarkt.co.uk/pablo-mari/profil/spieler/210178
1564,Warren Bondo,FRA,MT,20,20,19,"1,618",18.0,0,0,0,0,0,0,5,1,0.4,0.4,0.3,0.7,25,39,21,0.0,0.0,0.0,0.0,0.0,0.02,0.02,0.04,0.02,0.04,warren bondo,Midfield,right,177.0,IT1,10000000.0,10000000.0,https://img.a.transfermarkt.technology/portrait/header/659516-1739281834.jpg?lm=1,https://www.transfermarkt.co.uk/warren-bondo/profil/spieler/659516
1565,Gianluca Caprari,ITA,"MT,AT",31,34,18,"1,651",18.3,3,2,5,1,2,2,3,0,4.2,2.6,2.4,5.0,43,81,104,0.16,0.11,0.27,0.05,0.16,0.23,0.13,0.36,0.14,0.27,gianluca caprari,Attack,right,171.0,IT1,1500000.0,10000000.0,https://img.a.transfermarkt.technology/portrait/header/146752-1663659110.jpg?lm=1,https://www.transfermarkt.co.uk/gianluca-caprari/profil/spieler/146752
1566,Daniel Maldini,ITA,"MT,AT",22,20,16,"1,306",14.5,3,0,3,3,0,0,5,0,4.8,4.8,0.9,5.7,41,34,66,0.21,0.0,0.21,0.21,0.21,0.33,0.06,0.39,0.33,0.39,daniel maldini,Midfield,right,188.0,IT1,10000000.0,10000000.0,https://img.a.transfermarkt.technology/portrait/header/539134-1695031448.jpg?lm=1,https://www.transfermarkt.co.uk/daniel-maldini/profil/spieler/539134
1568,Patrick Ciurria,ITA,"MT,DF",29,21,12,"1,111",12.3,1,1,2,1,0,0,1,0,0.8,0.8,2.3,3.1,19,27,52,0.08,0.08,0.16,0.08,0.16,0.07,0.18,0.25,0.07,0.25,patrick ciurria,Midfield,both,178.0,IT1,3000000.0,5000000.0,https://img.a.transfermarkt.technology/portrait/header/255838-1695030937.jpg?lm=1,https://www.transfermarkt.co.uk/patrick-ciurria/profil/spieler/255838
1569,Danilo D'Ambrosio,ITA,DF,35,20,12,"1,095",12.2,0,1,1,0,0,0,2,1,0.5,0.5,0.4,0.9,10,34,16,0.0,0.08,0.08,0.0,0.08,0.04,0.03,0.08,0.04,0.08,danilo d'ambrosio,Defender,right,180.0,IT1,800000.0,13000000.0,https://img.a.transfermarkt.technology/portrait/header/55769-1595925735.jpg?lm=1,https://www.transfermarkt.co.uk/danilo-dambrosio/profil/spieler/55769
1570,Jean-Daniel Akpa-Akpro,CIV,MT,31,14,12,966,10.7,0,0,0,0,0,0,4,0,0.3,0.3,0.2,0.6,21,19,22,0.0,0.0,0.0,0.0,0.0,0.03,0.02,0.05,0.03,0.05,jean daniel akpa akpro,Midfield,right,180.0,IT1,500000.0,3500000.0,https://img.a.transfermarkt.technology/portrait/header/170481-1739282767.jpg?lm=1,https://www.transfermarkt.co.uk/jean-daniel-akpa-akpro/profil/spieler/170481
1571,Luca Caldirola,ITA,DF,33,14,10,876,9.7,0,0,0,0,0,0,5,0,0.3,0.3,0.1,0.4,5,22,4,0.0,0.0,0.0,0.0,0.0,0.03,0.01,0.04,0.03,0.04,luca caldirola,Defender,left,186.0,IT1,800000.0,4000000.0,https://img.a.transfermarkt.technology/portrait/header/88680-1712508051.jpg?lm=1,https://www.transfermarkt.co.uk/luca-caldirola/profil/spieler/88680
1572,Matteo Pessina,ITA,MT,27,11,10,854,9.5,0,0,0,0,0,0,2,0,0.2,0.2,0.1,0.3,8,28,20,0.0,0.0,0.0,0.0,0.0,0.02,0.01,0.03,0.02,0.03,matteo pessina,Midfield,left,187.0,IT1,9000000.0,20000000.0,https://img.a.transfermarkt.technology/portrait/header/332179-1661268524.jpg?lm=1,https://www.transfermarkt.co.uk/matteo-pessina/profil/spieler/332179
1573,Semuel Pizzignacco,ITA,GB,22,9,8,736,8.2,0,0,0,0,0,0,0,0,0.0,0.0,0.0,0.0,0,0,0,0.0,0.0,0.0,0.0,0.0,0.0,0.0,0.0,0.0,0.0,semuel pizzignacco,Goalkeeper,right,188.0,IT1,800000.0,800000.0,https://img.a.transfermarkt.technology/portrait/header/537171-1725530533.jpg?lm=1,https://www.transfermarkt.co.uk/semuel-pizzignacco/profil/spieler/537171
1574,Keita Baldé,SEN,AT,29,11,8,638,7.1,2,0,2,2,0,0,2,0,1.1,1.1,0.2,1.2,19,35,29,0.28,0.0,0.28,0.28,0.28,0.15,0.02,0.18,0.15,0.18,keita balde,Attack,both,178.0,IT1,1000000.0,30000000.0,https://img.a.transfermarkt.technology/portrait/header/238752-1726065554.png?lm=1,https://www.transfermarkt.co.uk/keita-balde/profil/spieler/238752
1575,Gaetano Castrovilli,ITA,MT,27,12,7,596,6.6,0,0,0,0,0,0,0,0,0.3,0.3,0.4,0.7,10,24,28,0.0,0.0,0.0,0.0,0.0,0.05,0.06,0.11,0.05,0.11,gaetano castrovilli,Midfield,right,187.0,IT1,3500000.0,25000000.0,https://img.a.transfermarkt.technology/portrait/header/303116-1730126731.jpg?lm=1,https://www.transfermarkt.co.uk/gaetano-castrovilli/profil/spieler/303116
1576,Kacper Urbanski,POL,MT,19,8,6,500,5.6,0,0,0,0,0,0,1,0,0.1,0.1,0.1,0.3,10,41,14,0.0,0.0,0.0,0.0,0.0,0.03,0.03,0.05,0.03,0.05,kacper urbanski,Midfield,right,183.0,IT1,7000000.0,7000000.0,https://img.a.transfermarkt.technology/portrait/header/699442-1696837702.jpg?lm=1,https://www.transfermarkt.co.uk/kacper-urbanski/profil/spieler/699442
1577,Tomás Palacios,ARG,DF,21,8,5,446,5.0,0,0,0,0,0,0,2,0,0.0,0.0,0.0,0.0,3,21,2,0.0,0.0,0.0,0.0,0.0,0.01,0.0,0.01,0.01,0.01,tomas palacios,Defender,left,196.0,IT1,5000000.0,6000000.0,https://img.a.transfermarkt.technology/portrait/header/993645-1739282030.jpg?lm=1,https://www.transfermarkt.co.uk/tomas-palacios/profil/spieler/993645
1578,Kevin Zeroli,ITA,MT,19,8,4,395,4.4,0,1,1,0,0,0,0,0,0.8,0.8,0.5,1.2,2,5,8,0.0,0.23,0.23,0.0,0.23,0.17,0.11,0.28,0.17,0.28,kevin zeroli,Midfield,right,187.0,IT1,3500000.0,3500000.0,https://img.a.transfermarkt.technology/portrait/header/883349-1696430935.jpg?lm=1,https://www.transfermarkt.co.uk/kevin-zeroli/profil/spieler/883349
1580,Samuele Vignato,ITA,MT,20,17,3,470,5.2,0,0,0,0,0,0,0,0,0.3,0.3,0.0,0.3,5,17,30,0.0,0.0,0.0,0.0,0.0,0.06,0.01,0.06,0.06,0.06,samuele vignato,Midfield,right,172.0,IT1,3500000.0,4000000.0,https://img.a.transfermarkt.technology/portrait/header/650966-1707129316.jpg?lm=1,https://www.transfermarkt.co.uk/samuele-vignato/profil/spieler/650966
1582,Arvid Brorsson,SWE,DF,25,6,3,362,4.0,0,0,0,0,0,0,0,0,0.0,0.0,0.0,0.0,1,9,1,0.0,0.0,0.0,0.0,0.0,0.0,0.0,0.0,0.0,0.0,arvid brorsson,Defender,right,193.0,IT1,600000.0,600000.0,https://img.a.transfermarkt.technology/portrait/header/381706-1725485027.jpg?lm=1,https://www.transfermarkt.co.uk/arvid-brorsson/profil/spieler/381706
1583,Andrea Petagna,ITA,AT,29,13,2,335,3.7,0,0,0,0,0,0,1,0,0.2,0.2,0.0,0.2,2,1,17,0.0,0.0,0.0,0.0,0.0,0.05,0.01,0.05,0.05,0.05,andrea petagna,Attack,left,190.0,IT1,1400000.0,20000000.0,https://img.a.transfermarkt.technology/portrait/header/199258-1660297353.jpg?lm=1,https://www.transfermarkt.co.uk/andrea-petagna/profil/spieler/199258
1584,Stefano Sensi,ITA,MT,28,12,2,274,3.0,1,0,1,0,1,1,0,0,0.9,0.2,0.2,0.4,4,38,8,0.33,0.0,0.33,0.0,0.0,0.31,0.07,0.38,0.05,0.12,stefano sensi,Midfield,right,168.0,IT1,1500000.0,30000000.0,https://img.a.transfermarkt.technology/portrait/header/216179-1692962617.jpg?lm=1,https://www.transfermarkt.co.uk/stefano-sensi/profil/spieler/216179
1585,Omari Forson,ENG,"MT,AT",20,9,1,223,2.5,0,0,0,0,0,0,0,0,0.2,0.2,0.5,0.7,14,10,18,0.0,0.0,0.0,0.0,0.0,0.09,0.21,0.3,0.09,0.3,omari forson,Attack,left,179.0,IT1,2000000.0,2000000.0,https://img.a.transfermarkt.technology/portrait/header/670845-1722327564.jpg?lm=1,https://www.transfermarkt.co.uk/omari-forson/profil/spieler/670845
1586,Kevin Martins,ITA,"MT,DF",19,9,1,183,2.0,0,1,1,0,0,0,1,0,0.0,0.0,0.4,0.4,3,6,10,0.0,0.49,0.49,0.0,0.49,0.0,0.19,0.19,0.0,0.19,kevin martins,Attack,right,180.0,IT1,1500000.0,1500000.0,https://img.a.transfermarkt.technology/portrait/header/724069-1739282665.jpg?lm=1,https://www.transfermarkt.co.uk/kevin-martins/profil/spieler/724069
1587,Roberto Gagliardini,ITA,"MT,DF",30,8,0,180,2.0,0,0,0,0,0,0,1,0,0.0,0.0,0.2,0.2,5,11,3,0.0,0.0,0.0,0.0,0.0,0.0,0.09,0.09,0.0,0.09,roberto gagliardini,Midfield,right,188.0,IT1,2000000.0,20000000.0,https://img.a.transfermarkt.technology/portrait/header/197471-1641817964.jpg?lm=1,https://www.transfermarkt.co.uk/roberto-gagliardini/profil/spieler/197471
1589,Gerónimo Rulli,ARG,GB,32,34,34,"3,060",34.0,0,0,0,0,0,0,1,0,0.0,0.0,0.1,0.1,0,1,0,0.0,0.0,0.0,0.0,0.0,0.0,0.0,0.0,0.0,0.0,geronimo rulli,Goalkeeper,right,189.0,FR1,8000000.0,14000000.0,https://img.a.transfermarkt.technology/portrait/header/229604-1698670758.jpg?lm=1,https://www.transfermarkt.co.uk/geronimo-rulli/profil/spieler/229604
1591,Adrien Rabiot,FRA,MT,29,29,27,"2,485",27.6,9,4,13,9,0,0,4,0,7.3,7.3,3.8,11.1,79,168,174,0.33,0.14,0.47,0.33,0.47,0.26,0.14,0.4,0.26,0.4,adrien rabiot,Midfield,left,191.0,FR1,25000000.0,50000000.0,https://img.a.transfermarkt.technology/portrait/header/182913-1681462009.jpg?lm=1,https://www.transfermarkt.co.uk/adrien-rabiot/profil/spieler/182913
1593,Leonardo Balerdi,ARG,DF,25,27,27,"2,273",25.3,0,0,0,0,0,0,9,1,0.9,0.9,0.7,1.7,13,105,5,0.0,0.0,0.0,0.0,0.0,0.04,0.03,0.07,0.04,0.07,leonardo balerdi,Defender,right,187.0,FR1,20000000.0,20000000.0,https://img.a.transfermarkt.technology/portrait/header/575998-1640777749.jpg?lm=1,https://www.transfermarkt.co.uk/leonardo-balerdi/profil/spieler/575998
1594,Quentin Merlin,FRA,DF,22,27,21,"1,589",17.7,1,3,4,1,0,0,1,0,2.1,2.1,3.0,5.0,40,86,169,0.06,0.17,0.23,0.06,0.23,0.12,0.17,0.28,0.12,0.28,quentin merlin,Defender,left,174.0,FR1,12000000.0,12000000.0,https://img.a.transfermarkt.technology/portrait/header/557613-1704213356.jpg?lm=1,https://www.transfermarkt.co.uk/quentin-merlin/profil/spieler/557613
1595,Valentin Rongier,FRA,"MT,DF",29,25,17,"1,562",17.4,3,1,4,3,0,0,5,0,1.0,1.0,1.1,2.1,25,110,28,0.17,0.06,0.23,0.17,0.23,0.06,0.06,0.12,0.06,0.12,valentin rongier,Midfield,right,172.0,FR1,9000000.0,22000000.0,https://img.a.transfermarkt.technology/portrait/header/332889-1703065877.jpg?lm=1,https://www.transfermarkt.co.uk/valentin-rongier/profil/spieler/332889
1596,Derek Cornelius,CAN,DF,26,21,17,"1,420",15.8,0,0,0,0,0,0,9,2,0.9,0.9,0.1,1.0,10,68,11,0.0,0.0,0.0,0.0,0.0,0.06,0.01,0.06,0.06,0.06,derek cornelius,Defender,left,187.0,FR1,5000000.0,5000000.0,https://img.a.transfermarkt.technology/portrait/header/328609-1618857970.jpg?lm=1,https://www.transfermarkt.co.uk/derek-cornelius/profil/spieler/328609
1597,Neal Maupay,FRA,AT,27,22,13,"1,042",11.6,4,4,8,4,0,0,3,1,4.1,4.1,2.2,6.3,12,37,81,0.35,0.35,0.69,0.35,0.69,0.36,0.19,0.54,0.36,0.54,neal maupay,Attack,right,171.0,FR1,10000000.0,22000000.0,https://img.a.transfermarkt.technology/portrait/header/217115-1700737951.jpg?lm=1,https://www.transfermarkt.co.uk/neal-maupay/profil/spieler/217115
1598,Ulisses Garcia,SUI,DF,28,20,10,930,10.3,2,2,4,2,0,0,2,0,1.5,1.5,1.4,2.9,23,53,87,0.19,0.19,0.39,0.19,0.39,0.15,0.14,0.28,0.15,0.28,ulisses garcia,Defender,left,182.0,FR1,4000000.0,4000000.0,https://img.a.transfermarkt.technology/portrait/header/192616-1700236348.jpg?lm=1,https://www.transfermarkt.co.uk/ulisses-garcia/profil/spieler/192616
1599,Lilian Brassier,FRA,DF,24,12,9,779,8.7,0,0,0,0,0,0,3,0,0.2,0.2,0.0,0.3,11,40,8,0.0,0.0,0.0,0.0,0.0,0.03,0.0,0.03,0.03,0.03,lilian brassier,Defender,left,186.0,FR1,10000000.0,12000000.0,https://img.a.transfermarkt.technology/portrait/header/485960-1736237346.jpg?lm=1,https://www.transfermarkt.co.uk/lilian-brassier/profil/spieler/485960
1600,Ismaël Bennacer,ALG,MT,26,12,8,646,7.2,0,2,2,0,0,0,2,0,0.1,0.1,1.8,1.9,14,72,8,0.0,0.28,0.28,0.0,0.28,0.01,0.25,0.26,0.01,0.26,ismaël bennacer,Midfield,left,175.0,FR1,15000000.0,40000000.0,https://img.a.transfermarkt.technology/portrait/header/351816-1663575089.jpg?lm=1,https://www.transfermarkt.co.uk/ismael-bennacer/profil/spieler/351816
1601,Amine Harit,MAR,MT,27,13,8,519,5.8,2,4,6,2,0,0,1,1,0.8,0.8,2.4,3.2,13,35,34,0.35,0.69,1.04,0.35,1.04,0.14,0.42,0.56,0.14,0.56,amine harit,Midfield,right,180.0,FR1,10000000.0,30000000.0,https://img.a.transfermarkt.technology/portrait/header/372711-1666815306.jpg?lm=1,https://www.transfermarkt.co.uk/amine-harit/profil/spieler/372711
1602,Elye Wahi,FRA,AT,21,13,7,574,6.4,3,1,4,2,1,1,1,0,6.0,5.2,0.4,5.6,7,7,41,0.47,0.16,0.63,0.31,0.47,0.94,0.07,1.0,0.81,0.88,elye wahi,Attack,right,181.0,L1,25000000.0,40000000.0,https://img.a.transfermarkt.technology/portrait/header/659542-1736944991.jpg?lm=1,https://www.transfermarkt.co.uk/elye-wahi/profil/spieler/659542
1603,Pol Lirola,ESP,DF,26,19,5,680,7.6,1,2,3,1,0,0,1,1,0.6,0.6,0.7,1.3,12,21,40,0.13,0.26,0.4,0.13,0.4,0.08,0.09,0.17,0.08,0.17,pol lirola,Defender,right,183.0,FR1,4000000.0,13000000.0,https://img.a.transfermarkt.technology/portrait/header/298975-1673514557.jpg?lm=1,https://www.transfermarkt.co.uk/pol-lirola/profil/spieler/298975
1604,Bilal Nadir,MAR,MT,20,15,5,383,4.3,1,0,1,1,0,0,2,0,0.6,0.6,0.4,1.0,18,18,25,0.23,0.0,0.23,0.23,0.23,0.14,0.1,0.24,0.14,0.24,bilal nadir,Midfield,left,179.0,FR1,5000000.0,5000000.0,https://img.a.transfermarkt.technology/portrait/header/659520-1741961204.jpg?lm=1,https://www.transfermarkt.co.uk/bilal-nadir/profil/spieler/659520
1605,Ismaël Koné,CAN,"MT,AT",22,8,3,360,4.0,0,0,0,0,0,0,0,0,0.3,0.3,0.4,0.6,2,10,10,0.0,0.0,0.0,0.0,0.0,0.07,0.09,0.16,0.07,0.16,ismaël kone,Midfield,right,188.0,FR1,10000000.0,12000000.0,https://img.a.transfermarkt.technology/portrait/header/921655-1646130817.jpg?lm=1,https://www.transfermarkt.co.uk/ismael-kone/profil/spieler/921655
1607,Luiz Felipe,ITA,DF,27,4,2,122,1.4,0,0,0,0,0,0,1,0,0.0,0.0,0.0,0.0,0,4,0,0.0,0.0,0.0,0.0,0.0,0.0,0.0,0.0,0.0,0.0,luiz felipe,Defender,right,187.0,FR1,6000000.0,22000000.0,https://img.a.transfermarkt.technology/portrait/header/457931-1595857216.jpg?lm=1,https://www.transfermarkt.co.uk/luiz-felipe/profil/spieler/457931
1607,Luiz Felipe,ITA,DF,27,4,2,122,1.4,0,0,0,0,0,0,1,0,0.0,0.0,0.0,0.0,0,4,0,0.0,0.0,0.0,0.0,0.0,0.0,0.0,0.0,0.0,0.0,luiz felipe,Goalkeeper,left,198.0,PO1,200000.0,700000.0,https://img.a.transfermarkt.technology/portrait/header/573907-1569658184.png?lm=1,https://www.transfermarkt.co.uk/luiz-felipe/profil/spieler/573907
1608,Valentin Carboni,ARG,"MT,AT",19,4,1,103,1.1,0,0,0,0,0,0,1,0,0.0,0.0,0.1,0.2,4,4,8,0.0,0.0,0.0,0.0,0.0,0.04,0.1,0.14,0.04,0.14,valentin carboni,Midfield,left,185.0,IT1,12000000.0,15000000.0,https://img.a.transfermarkt.technology/portrait/header/787618-1667405332.jpg?lm=1,https://www.transfermarkt.co.uk/valentin-carboni/profil/spieler/787618
1610,Bamo Meïté,CIV,DF,22,3,0,26,0.3,0,0,0,0,0,0,0,0,0.0,0.0,0.0,0.0,0,0,0,0.0,0.0,0.0,0.0,0.0,0.0,0.0,0.0,0.0,0.0,bamo meïte,Defender,right,184.0,FR1,5000000.0,7000000.0,https://img.a.transfermarkt.technology/portrait/header/807165-1724754649.jpg?lm=1,https://www.transfermarkt.co.uk/bamo-meite/profil/spieler/807165
1613,Keyliane Abdallah,FRA,AT,18,1,0,3,0.0,0,0,0,0,0,0,0,0,0.0,0.0,0.0,0.0,1,0,0,0.0,0.0,0.0,0.0,0.0,0.0,0.0,0.0,0.0,0.0,keyliane abdallah,Attack,left,185.0,FR1,,,https://img.a.transfermarkt.technology/portrait/header/default.jpg?lm=1,https://www.transfermarkt.co.uk/keyliane-abdallah/profil/spieler/1183719
1614,Thilo Kehrer,GER,DF,27,27,27,"2,383",26.5,4,0,4,4,0,0,1,0,1.5,1.5,0.3,1.8,16,139,2,0.15,0.0,0.15,0.15,0.15,0.06,0.01,0.07,0.06,0.07,thilo kehrer,Defender,both,186.0,FR1,15000000.0,35000000.0,https://img.a.transfermarkt.technology/portrait/header/228948-1737490227.jpg?lm=1,https://www.transfermarkt.co.uk/thilo-kehrer/profil/spieler/228948
1615,Takumi Minamino,JPN,"MT,AT",29,31,27,"2,231",24.8,6,3,9,6,0,0,4,0,8.9,8.9,6.6,15.5,51,114,193,0.24,0.12,0.36,0.24,0.36,0.36,0.26,0.62,0.36,0.62,takumi minamino,Attack,right,172.0,FR1,15000000.0,20000000.0,https://img.a.transfermarkt.technology/portrait/header/165793-1737490576.jpg?lm=1,https://www.transfermarkt.co.uk/takumi-minamino/profil/spieler/165793
1616,Lamine Camara,SEN,MT,20,29,25,"2,054",22.8,2,7,9,2,0,0,10,1,2.3,2.3,4.4,6.7,25,141,46,0.09,0.31,0.39,0.09,0.39,0.1,0.19,0.29,0.1,0.29,lamine camara,Midfield,right,173.0,FR1,20000000.0,20000000.0,https://img.a.transfermarkt.technology/portrait/header/918969-1726834088.jpg?lm=1,https://www.transfermarkt.co.uk/lamine-camara/profil/spieler/918969
1617,Denis Zakaria,SUI,MT,27,26,24,"2,144",23.8,6,4,10,4,2,2,5,0,5.2,3.6,1.4,5.0,27,113,36,0.25,0.17,0.42,0.17,0.34,0.22,0.06,0.28,0.15,0.21,denis zakaria,Midfield,right,190.0,FR1,30000000.0,45000000.0,https://img.a.transfermarkt.technology/portrait/header/334526-1667990520.jpg?lm=1,https://www.transfermarkt.co.uk/denis-zakaria/profil/spieler/334526
1618,Wilfried Singo,CIV,DF,23,27,23,"2,096",23.3,1,2,3,1,0,0,4,0,1.9,1.9,1.5,3.4,35,118,27,0.04,0.09,0.13,0.04,0.13,0.08,0.06,0.14,0.08,0.14,wilfried singo,Defender,right,190.0,FR1,25000000.0,25000000.0,https://img.a.transfermarkt.technology/portrait/header/648779-1737490058.jpg?lm=1,https://www.transfermarkt.co.uk/wilfried-singo/profil/spieler/648779
1619,Vanderson,BRA,DF,23,29,23,"2,064",22.9,1,3,4,1,0,0,6,1,2.2,2.2,3.1,5.3,57,102,151,0.04,0.13,0.17,0.04,0.17,0.1,0.14,0.23,0.1,0.23,vanderson,Defender,right,173.0,FR1,20000000.0,20000000.0,https://img.a.transfermarkt.technology/portrait/header/789082-1655282894.jpg?lm=1,https://www.transfermarkt.co.uk/vanderson/profil/spieler/789082
1620,Eliesse Ben Seghir,MAR,"MT,AT",19,33,19,"1,750",19.4,6,3,9,4,2,2,0,0,5.5,4.1,5.2,9.3,85,122,170,0.31,0.15,0.46,0.21,0.36,0.29,0.27,0.55,0.21,0.48,eliesse ben seghir,Attack,right,178.0,FR1,30000000.0,30000000.0,https://img.a.transfermarkt.technology/portrait/header/810895-1682691420.jpg?lm=1,https://www.transfermarkt.co.uk/eliesse-ben-seghir/profil/spieler/810895
1621,Philipp Köhn,SUI,GB,26,19,19,"1,710",19.0,0,0,0,0,0,0,1,0,0.0,0.0,0.0,0.0,0,0,0,0.0,0.0,0.0,0.0,0.0,0.0,0.0,0.0,0.0,0.0,philipp kohn,Goalkeeper,right,190.0,FR1,4000000.0,8000000.0,https://img.a.transfermarkt.technology/portrait/header/251322-1661531623.png?lm=1,https://www.transfermarkt.co.uk/philipp-kohn/profil/spieler/251322
1622,Christian Mawissa,FRA,DF,19,22,17,"1,501",16.7,0,0,0,0,0,0,3,0,0.1,0.1,0.0,0.1,13,44,10,0.0,0.0,0.0,0.0,0.0,0.0,0.0,0.01,0.0,0.01,christian mawissa,Defender,left,184.0,FR1,12000000.0,12000000.0,https://img.a.transfermarkt.technology/portrait/header/1005240-1708555606.jpg?lm=1,https://www.transfermarkt.co.uk/christian-mawissa/profil/spieler/1005240
1623,Mika Biereth,DEN,AT,21,16,16,"1,228",13.6,13,2,15,12,1,2,0,0,11.3,9.7,4.5,14.2,14,24,110,0.95,0.15,1.1,0.88,1.03,0.83,0.33,1.16,0.71,1.04,mika biereth,Attack,right,187.0,FR1,25000000.0,25000000.0,https://img.a.transfermarkt.technology/portrait/header/565821-1736777758.jpg?lm=1,https://www.transfermarkt.co.uk/mika-biereth/profil/spieler/565821
1625,Aleksandr Golovin,RUS,"MT,AT",28,19,13,"1,153",12.8,3,0,3,3,0,0,1,0,2.3,2.3,2.4,4.7,39,112,72,0.23,0.0,0.23,0.23,0.23,0.18,0.19,0.37,0.18,0.37,aleksandr golovin,Midfield,right,178.0,FR1,25000000.0,30000000.0,https://img.a.transfermarkt.technology/portrait/header/263918-1614091807.jpg?lm=1,https://www.transfermarkt.co.uk/aleksandr-golovin/profil/spieler/263918
1626,Soungoutou Magassa,FRA,MT,20,21,12,"1,025",11.4,0,1,1,0,0,0,5,1,0.5,0.5,0.9,1.4,6,63,11,0.0,0.09,0.09,0.0,0.09,0.04,0.08,0.12,0.04,0.12,soungoutou magassa,Midfield,right,190.0,FR1,12000000.0,12000000.0,https://img.a.transfermarkt.technology/portrait/header/745181-1666691600.jpg?lm=1,https://www.transfermarkt.co.uk/soungoutou-magassa/profil/spieler/745181
1627,Mohammed Salisu,GHA,DF,25,15,11,"1,023",11.4,1,0,1,1,0,0,2,0,0.8,0.8,0.1,0.8,8,68,3,0.09,0.0,0.09,0.09,0.09,0.07,0.0,0.07,0.07,0.07,mohammed salisu,Defender,left,188.0,FR1,15000000.0,18000000.0,https://img.a.transfermarkt.technology/portrait/header/563963-1668428508.jpg?lm=1,https://www.transfermarkt.co.uk/mohammed-salisu/profil/spieler/563963
1628,Jordan Teze,NED,DF,24,16,8,569,6.3,1,0,1,1,0,0,2,1,1.2,1.2,1.5,2.7,9,31,41,0.16,0.0,0.16,0.16,0.16,0.19,0.24,0.43,0.19,0.43,jordan teze,Defender,right,183.0,FR1,12000000.0,18000000.0,https://img.a.transfermarkt.technology/portrait/header/364245-1707214531.jpg?lm=1,https://www.transfermarkt.co.uk/jordan-teze/profil/spieler/364245
1629,Folarin Balogun,USA,AT,23,13,7,615,6.8,4,0,4,4,0,0,0,0,4.8,4.8,0.9,5.6,21,9,73,0.59,0.0,0.59,0.59,0.59,0.7,0.13,0.82,0.7,0.82,folarin balogun,Attack,right,178.0,FR1,20000000.0,30000000.0,https://img.a.transfermarkt.technology/portrait/header/503770-1672838317.jpg?lm=1,https://www.transfermarkt.co.uk/folarin-balogun/profil/spieler/503770
1630,George Ilenikhena,NGA,AT,17,23,6,717,8.0,3,2,5,3,0,0,0,0,5.1,5.1,1.4,6.5,8,10,58,0.38,0.25,0.63,0.38,0.63,0.64,0.18,0.81,0.64,0.81,george ilenikhena,Attack,left,185.0,FR1,15000000.0,15000000.0,https://img.a.transfermarkt.technology/portrait/header/1004834-1702545922.jpg?lm=1,https://www.transfermarkt.co.uk/george-ilenikhena/profil/spieler/1004834
1632,Ismail Jakobs,SEN,DF,24,2,2,180,2.0,0,0,0,0,0,0,0,0,0.0,0.0,0.2,0.2,9,6,17,0.0,0.0,0.0,0.0,0.0,0.0,0.11,0.11,0.0,0.11,ismail jakobs,Defender,left,184.0,TR1,7000000.0,8000000.0,https://img.a.transfermarkt.technology/portrait/header/375137-1744296477.jpg?lm=1,https://www.transfermarkt.co.uk/ismail-jakobs/profil/spieler/375137
1633,Saïmon Bouabré,FRA,"MT,AT",18,3,1,97,1.1,0,0,0,0,0,0,0,0,0.0,0.0,0.0,0.0,3,2,5,0.0,0.0,0.0,0.0,0.0,0.0,0.0,0.0,0.0,0.0,saïmon bouabre,Midfield,right,174.0,FR1,200000.0,300000.0,https://img.a.transfermarkt.technology/portrait/header/955356-1693947953.png?lm=1,https://www.transfermarkt.co.uk/saimon-bouabre/profil/spieler/955356
1634,Eliot Matazo,BEL,MT,22,3,1,68,0.8,0,0,0,0,0,0,0,0,0.0,0.0,0.1,0.1,0,7,3,0.0,0.0,0.0,0.0,0.0,0.0,0.08,0.08,0.0,0.08,eliot matazo,Midfield,right,170.0,FR1,5000000.0,8000000.0,https://img.a.transfermarkt.technology/portrait/header/535834-1706869303.jpg?lm=1,https://www.transfermarkt.co.uk/eliot-matazo/profil/spieler/535834
1635,Mamadou Coulibaly,FRA,MT,20,1,0,8,0.1,0,0,0,0,0,0,0,0,0.1,0.1,0.0,0.1,0,0,1,0.0,0.0,0.0,0.0,0.0,0.85,0.0,0.85,0.85,0.85,mamadou coulibaly,Midfield,right,183.0,IT1,1300000.0,3000000.0,https://img.a.transfermarkt.technology/portrait/header/472161-1692277982.jpg?lm=1,https://www.transfermarkt.co.uk/mamadou-coulibaly/profil/spieler/472161
1635,Mamadou Coulibaly,FRA,MT,20,1,0,8,0.1,0,0,0,0,0,0,0,0,0.1,0.1,0.0,0.1,0,0,1,0.0,0.0,0.0,0.0,0.0,0.85,0.0,0.85,0.85,0.85,mamadou coulibaly,Midfield,left,,FR1,300000.0,300000.0,https://img.a.transfermarkt.technology/portrait/header/745173-1693947752.png?lm=1,https://www.transfermarkt.co.uk/mamadou-coulibaly/profil/spieler/745173
1637,Hicham Boudaoui,ALG,MT,24,29,27,"2,435",27.1,2,3,5,2,0,0,9,0,2.7,2.7,3.0,5.8,54,124,75,0.07,0.11,0.18,0.07,0.18,0.1,0.11,0.21,0.1,0.21,hicham boudaoui,Midfield,right,175.0,FR1,10000000.0,10000000.0,https://img.a.transfermarkt.technology/portrait/header/560593-1739972051.jpg?lm=1,https://www.transfermarkt.co.uk/hicham-boudaoui/profil/spieler/560593
1638,Moïse Bombito,CAN,DF,24,27,25,"2,192",24.4,0,0,0,0,0,0,3,1,0.7,0.7,0.2,1.0,27,97,10,0.0,0.0,0.0,0.0,0.0,0.03,0.01,0.04,0.03,0.04,moïse bombito,Defender,right,190.0,FR1,10000000.0,10000000.0,https://img.a.transfermarkt.technology/portrait/header/1089202-1739970982.jpg?lm=1,https://www.transfermarkt.co.uk/moise-bombito/profil/spieler/1089202
1639,Youssouf Ndayishimiye,BDI,DF,25,23,22,"1,932",21.5,3,0,3,3,0,0,5,0,0.9,0.9,0.2,1.1,17,86,9,0.14,0.0,0.14,0.14,0.14,0.04,0.01,0.05,0.04,0.05,youssouf ndayishimiye,Defender,right,183.0,FR1,12000000.0,18000000.0,https://img.a.transfermarkt.technology/portrait/header/674612-1739970953.jpg?lm=1,https://www.transfermarkt.co.uk/youssouf-ndayishimiye/profil/spieler/674612
1640,Dante,BRA,DF,40,25,21,"1,964",21.8,0,0,0,0,0,0,5,1,0.5,0.5,0.2,0.6,18,96,8,0.0,0.0,0.0,0.0,0.0,0.02,0.01,0.03,0.02,0.03,dante,Defender,left,188.0,FR1,500000.0,17000000.0,https://img.a.transfermarkt.technology/portrait/header/16136-1739971106.jpg?lm=1,https://www.transfermarkt.co.uk/dante/profil/spieler/16136
1641,Pablo Rosario,DOM,"MT,DF",27,29,21,"1,775",19.7,3,1,4,2,1,1,6,1,3.8,3.0,0.6,3.5,17,89,25,0.15,0.05,0.2,0.1,0.15,0.19,0.03,0.22,0.15,0.18,pablo rosario,Midfield,right,185.0,FR1,8000000.0,13000000.0,https://img.a.transfermarkt.technology/portrait/header/370791-1739972016.jpg?lm=1,https://www.transfermarkt.co.uk/pablo-rosario/profil/spieler/370791
1642,Gaëtan Laborde,FRA,AT,30,28,20,"1,829",20.3,11,4,15,7,4,4,1,0,11.7,8.6,3.5,12.0,30,40,131,0.54,0.2,0.74,0.34,0.54,0.58,0.17,0.75,0.42,0.59,gaëtan laborde,Attack,left,181.0,FR1,6000000.0,18000000.0,https://img.a.transfermarkt.technology/portrait/header/181378-1739972757.jpg?lm=1,https://www.transfermarkt.co.uk/gaetan-laborde/profil/spieler/181378
1643,Tanguy Ndombele,FRA,MT,27,18,12,"1,131",12.6,1,2,3,1,0,0,2,0,2.4,2.4,2.4,4.8,22,61,36,0.08,0.16,0.24,0.08,0.24,0.19,0.19,0.38,0.19,0.38,tanguy ndombele,Midfield,right,181.0,FR1,10000000.0,65000000.0,https://img.a.transfermarkt.technology/portrait/header/450936-1739972039.jpg?lm=1,https://www.transfermarkt.co.uk/tanguy-ndombele/profil/spieler/450936
1644,Jeremie Boga,CIV,"MT,AT",27,21,12,"1,054",11.7,1,2,3,1,0,0,0,0,2.3,2.3,2.8,5.1,64,39,75,0.09,0.17,0.26,0.09,0.26,0.2,0.24,0.44,0.2,0.44,jeremie boga,Attack,right,172.0,FR1,12000000.0,25000000.0,https://img.a.transfermarkt.technology/portrait/header/216569-1739972645.jpg?lm=1,https://www.transfermarkt.co.uk/jeremie-boga/profil/spieler/216569
1645,Badredine Bouanani,ALG,"MT,AT",19,26,11,"1,099",12.2,3,3,6,2,1,1,2,0,2.7,1.9,2.4,4.3,47,44,93,0.25,0.25,0.49,0.16,0.41,0.22,0.19,0.42,0.16,0.35,badredine bouanani,Attack,left,177.0,FR1,5000000.0,6000000.0,https://img.a.transfermarkt.technology/portrait/header/707242-1739972728.jpg?lm=1,https://www.transfermarkt.co.uk/badredine-bouanani/profil/spieler/707242
1646,Baptiste Santamaria,FRA,MT,29,13,11,927,10.3,0,0,0,0,0,0,1,0,0.9,0.9,1.0,1.9,10,45,11,0.0,0.0,0.0,0.0,0.0,0.09,0.09,0.18,0.09,0.18,baptiste santamaria,Midfield,right,183.0,FR1,7000000.0,16000000.0,https://img.a.transfermarkt.technology/portrait/header/285323-1739972064.jpg?lm=1,https://www.transfermarkt.co.uk/baptiste-santamaria/profil/spieler/285323
1648,Sofiane Diop,FRA,"MT,AT",24,28,8,"1,064",11.8,6,4,10,6,0,0,3,0,6.0,6.0,2.9,8.9,26,64,70,0.51,0.34,0.85,0.51,0.85,0.51,0.24,0.75,0.51,0.75,sofiane diop,Attack,right,175.0,FR1,12000000.0,20000000.0,https://img.a.transfermarkt.technology/portrait/header/569389-1739972675.jpg?lm=1,https://www.transfermarkt.co.uk/sofiane-diop/profil/spieler/569389
1649,Antoine Mendy,SEN,DF,20,18,8,825,9.2,0,0,0,0,0,0,2,0,0.6,0.6,0.1,0.7,12,35,15,0.0,0.0,0.0,0.0,0.0,0.06,0.01,0.07,0.06,0.07,antoine mendy,Defender,right,187.0,FR1,3000000.0,3000000.0,https://img.a.transfermarkt.technology/portrait/header/891998-1739971137.jpg?lm=1,https://www.transfermarkt.co.uk/antoine-mendy/profil/spieler/891998
1650,Morgan Sanson,FRA,MT,29,6,3,235,2.6,3,0,3,3,0,0,0,0,1.5,1.5,0.1,1.6,5,13,17,1.15,0.0,1.15,1.15,1.15,0.58,0.02,0.6,0.58,0.6,morgan sanson,Midfield,right,180.0,FR1,5000000.0,28000000.0,https://img.a.transfermarkt.technology/portrait/header/174094-1739971966.jpg?lm=1,https://www.transfermarkt.co.uk/morgan-sanson/profil/spieler/174094
1653,Terem Moffi,NGA,AT,25,5,0,58,0.6,1,0,1,1,0,0,0,0,2.3,2.3,0.0,2.3,1,1,4,1.55,0.0,1.55,1.55,1.55,3.53,0.0,3.53,3.53,3.53,terem moffi,Attack,left,188.0,FR1,15000000.0,25000000.0,https://img.a.transfermarkt.technology/portrait/header/538874-1739972578.jpg?lm=1,https://www.transfermarkt.co.uk/terem-moffi/profil/spieler/538874
1654,Amidou Doumbouya,FRA,DF,16,2,0,46,0.5,0,0,0,0,0,0,0,0,0.0,0.0,0.0,0.0,1,1,0,0.0,0.0,0.0,0.0,0.0,0.0,0.0,0.0,0.0,0.0,amidou doumbouya,Defender,left,182.0,FR1,300000.0,500000.0,https://img.a.transfermarkt.technology/portrait/header/1075574-1739970124.jpg?lm=1,https://www.transfermarkt.co.uk/amidou-doumbouya/profil/spieler/1075574
1655,Victor Orakpo,NGA,AT,18,4,0,36,0.4,0,0,0,0,0,0,0,0,0.3,0.3,0.0,0.3,2,1,4,0.0,0.0,0.0,0.0,0.0,0.81,0.0,0.81,0.81,0.81,victor orakpo,Attack,right,194.0,FR1,500000.0,500000.0,https://img.a.transfermarkt.technology/portrait/header/1231401-1739972753.jpg?lm=1,https://www.transfermarkt.co.uk/victor-orakpo/profil/spieler/1231401
1656,Jordan Lotomba,SUI,"MT,DF",25,2,0,35,0.4,0,0,0,0,0,0,0,0,0.0,0.0,0.0,0.0,4,3,2,0.0,0.0,0.0,0.0,0.0,0.0,0.0,0.0,0.0,0.0,jordan lotomba,Defender,right,177.0,NL1,8000000.0,8000000.0,https://img.a.transfermarkt.technology/portrait/header/313094-1729850115.jpg?lm=1,https://www.transfermarkt.co.uk/jordan-lotomba/profil/spieler/313094
1657,Issiaga Camara,GUI,MT,19,4,0,20,0.2,0,0,0,0,0,0,0,0,0.0,0.0,0.0,0.0,1,2,1,0.0,0.0,0.0,0.0,0.0,0.0,0.0,0.0,0.0,0.0,issiaga camara,Midfield,,,FR1,100000.0,100000.0,https://img.a.transfermarkt.technology/portrait/header/default.jpg?lm=1,https://www.transfermarkt.co.uk/issiaga-camara/profil/spieler/1180835
1660,Lucas Chevalier,FRA,GB,22,34,34,"3,060",34.0,0,0,0,0,0,0,0,0,0.0,0.0,0.9,0.9,0,1,0,0.0,0.0,0.0,0.0,0.0,0.0,0.03,0.03,0.0,0.03,lucas chevalier,Goalkeeper,right,189.0,FR1,30000000.0,30000000.0,https://img.a.transfermarkt.technology/portrait/header/463600-1708342501.jpg?lm=1,https://www.transfermarkt.co.uk/lucas-chevalier/profil/spieler/463600
1661,Bafodé Diakité,FRA,DF,23,31,31,"2,766",30.7,4,1,5,4,0,0,8,1,2.3,2.3,0.2,2.5,15,90,3,0.13,0.03,0.16,0.13,0.16,0.08,0.01,0.08,0.08,0.08,bafode diakite,Defender,right,184.0,FR1,25000000.0,25000000.0,https://img.a.transfermarkt.technology/portrait/header/463605-1666691072.jpg?lm=1,https://www.transfermarkt.co.uk/bafode-diakite/profil/spieler/463605
1663,Benjamin André,FRA,MT,33,30,30,"2,692",29.9,0,3,3,0,0,0,12,0,1.4,1.4,1.9,3.3,29,209,72,0.0,0.1,0.1,0.0,0.1,0.05,0.06,0.11,0.05,0.11,benjamin andre,Midfield,right,180.0,FR1,6000000.0,15000000.0,https://img.a.transfermarkt.technology/portrait/header/84301-1666690769.jpg?lm=1,https://www.transfermarkt.co.uk/benjamin-andre/profil/spieler/84301
1664,Jonathan David,CAN,AT,24,32,28,"2,554",28.4,16,5,21,10,6,7,4,0,16.2,10.7,4.4,15.1,40,65,184,0.56,0.18,0.74,0.35,0.53,0.57,0.16,0.73,0.38,0.53,jonathan david,Attack,both,178.0,FR1,45000000.0,60000000.0,https://img.a.transfermarkt.technology/portrait/header/533738-1666690584.jpg?lm=1,https://www.transfermarkt.co.uk/jonathan-david/profil/spieler/533738
1665,Thomas Meunier,BEL,DF,32,30,21,"1,928",21.4,2,0,2,2,0,0,5,0,1.9,1.9,0.7,2.5,64,136,148,0.09,0.0,0.09,0.09,0.09,0.09,0.03,0.12,0.09,0.12,thomas meunier,Defender,right,191.0,FR1,2000000.0,35000000.0,https://img.a.transfermarkt.technology/portrait/header/100986-1741073106.jpg?lm=1,https://www.transfermarkt.co.uk/thomas-meunier/profil/spieler/100986
1666,Hákon Arnar Haraldsson,ISL,"MT,AT",21,25,21,"1,755",19.5,5,3,8,5,0,0,3,0,3.8,3.8,2.8,6.6,52,102,143,0.26,0.15,0.41,0.26,0.41,0.19,0.14,0.34,0.19,0.34,hakon arnar haraldsson,Midfield,right,178.0,FR1,15000000.0,15000000.0,https://img.a.transfermarkt.technology/portrait/header/652275-1662491592.jpg?lm=1,https://www.transfermarkt.co.uk/hakon-arnar-haraldsson/profil/spieler/652275
1667,Gabriel Gudmundsson,SWE,DF,25,30,20,"1,785",19.8,2,0,2,2,0,0,3,0,0.7,0.7,1.4,2.1,71,91,115,0.1,0.0,0.1,0.1,0.1,0.04,0.07,0.11,0.04,0.11,gabriel gudmundsson,Defender,left,180.0,FR1,9000000.0,9000000.0,https://img.a.transfermarkt.technology/portrait/header/362108-1666691160.jpg?lm=1,https://www.transfermarkt.co.uk/gabriel-gudmundsson/profil/spieler/362108
1668,Aïssa Mandi,ALG,DF,32,24,20,"1,733",19.3,0,0,0,0,0,0,3,0,0.3,0.3,0.4,0.8,12,82,21,0.0,0.0,0.0,0.0,0.0,0.02,0.02,0.04,0.02,0.04,aïssa mandi,Defender,right,186.0,FR1,1500000.0,20000000.0,https://img.a.transfermarkt.technology/portrait/header/80293-1704566125.jpg?lm=1,https://www.transfermarkt.co.uk/aissa-mandi/profil/spieler/80293
1669,André Gomes,POR,MT,31,20,16,"1,276",14.2,0,0,0,0,0,0,3,0,0.5,0.5,0.7,1.3,18,101,28,0.0,0.0,0.0,0.0,0.0,0.04,0.05,0.09,0.04,0.09,andre gomes,Midfield,right,190.0,FR1,8000000.0,30000000.0,https://img.a.transfermarkt.technology/portrait/header/221025-1666691237.jpg?lm=1,https://www.transfermarkt.co.uk/andre-gomes/profil/spieler/221025
1669,André Gomes,POR,MT,31,20,16,"1,276",14.2,0,0,0,0,0,0,3,0,0.5,0.5,0.7,1.3,18,101,28,0.0,0.0,0.0,0.0,0.0,0.04,0.05,0.09,0.04,0.09,andre gomes,Goalkeeper,left,182.0,PO1,2000000.0,2000000.0,https://img.a.transfermarkt.technology/portrait/header/670710-1679905817.jpg?lm=1,https://www.transfermarkt.co.uk/andre-gomes/profil/spieler/670710
1670,Ngal'Ayel Mukau,COD,MT,19,22,14,"1,190",13.2,0,1,1,0,0,0,4,0,0.8,0.8,0.7,1.5,19,57,43,0.0,0.08,0.08,0.0,0.08,0.06,0.05,0.11,0.06,0.11,ngal'ayel mukau,Midfield,left,186.0,FR1,15000000.0,15000000.0,https://img.a.transfermarkt.technology/portrait/header/1016015-1741120243.jpg?lm=1,https://www.transfermarkt.co.uk/ngalayel-mukau/profil/spieler/1016015
1671,Ayyoub Bouaddi,FRA,MT,16,24,11,"1,151",12.8,0,1,1,0,0,0,2,0,0.1,0.1,1.0,1.1,11,37,26,0.0,0.08,0.08,0.0,0.08,0.01,0.08,0.08,0.01,0.08,ayyoub bouaddi,Midfield,right,186.0,FR1,30000000.0,30000000.0,https://img.a.transfermarkt.technology/portrait/header/1097139-1741119960.jpg?lm=1,https://www.transfermarkt.co.uk/ayyoub-bouaddi/profil/spieler/1097139
1672,Ismaily,BRA,DF,34,16,10,904,10.0,0,1,1,0,0,0,4,0,0.7,0.7,1.0,1.7,15,54,51,0.0,0.1,0.1,0.0,0.1,0.07,0.1,0.17,0.07,0.17,ismaily,Defender,left,177.0,FR1,1500000.0,19000000.0,https://img.a.transfermarkt.technology/portrait/header/124028-1666690981.jpg?lm=1,https://www.transfermarkt.co.uk/ismaily/profil/spieler/124028
1673,Angel Gomes,ENG,MT,23,14,10,736,8.2,1,1,2,1,0,1,1,0,1.7,0.9,2.1,3.0,15,49,47,0.12,0.12,0.24,0.12,0.24,0.21,0.26,0.47,0.11,0.37,angel gomes,Midfield,right,166.0,FR1,20000000.0,28000000.0,https://img.a.transfermarkt.technology/portrait/header/392770-1666690396.jpg?lm=1,https://www.transfermarkt.co.uk/angel-gomes/profil/spieler/392770
1674,Chuba Akpom,ENG,AT,28,14,6,639,7.1,3,1,4,2,1,2,0,0,5.0,3.4,0.5,3.9,6,7,38,0.42,0.14,0.56,0.28,0.42,0.7,0.08,0.78,0.48,0.56,chuba akpom,Attack,right,183.0,FR1,8000000.0,12000000.0,https://img.a.transfermarkt.technology/portrait/header/197642-1678463529.jpg?lm=1,https://www.transfermarkt.co.uk/chuba-akpom/profil/spieler/197642
1675,Tiago Santos,POR,DF,22,7,4,404,4.5,0,0,0,0,0,0,1,0,0.4,0.4,0.6,1.0,24,17,43,0.0,0.0,0.0,0.0,0.0,0.09,0.13,0.22,0.09,0.22,tiago santos,Defender,right,175.0,FR1,15000000.0,15000000.0,https://img.a.transfermarkt.technology/portrait/header/816580-1708342212.jpg?lm=1,https://www.transfermarkt.co.uk/tiago-santos/profil/spieler/816580
1677,Nabil Bentaleb,ALG,MT,29,10,3,329,3.7,1,0,1,1,0,0,0,0,0.7,0.7,0.0,0.8,2,23,5,0.27,0.0,0.27,0.27,0.27,0.2,0.01,0.21,0.2,0.21,nabil bentaleb,Midfield,left,187.0,FR1,8000000.0,20000000.0,https://img.a.transfermarkt.technology/portrait/header/245537-1672670443.jpg?lm=1,https://www.transfermarkt.co.uk/nabil-bentaleb/profil/spieler/245537
1678,Ethan Mbappé,FRA,"MT,AT",17,10,1,222,2.5,0,0,0,0,0,0,3,0,1.1,1.1,1.5,2.6,6,8,32,0.0,0.0,0.0,0.0,0.0,0.44,0.6,1.05,0.44,1.05,ethan mbappe,Midfield,left,180.0,FR1,5000000.0,5000000.0,https://img.a.transfermarkt.technology/portrait/header/903666-1716562689.jpg?lm=1,https://www.transfermarkt.co.uk/ethan-mbappe/profil/spieler/903666
1680,Ousmane Toure,FRA,DF,19,1,0,6,0.1,0,0,0,0,0,0,0,0,0.0,0.0,0.0,0.0,0,2,0,0.0,0.0,0.0,0.0,0.0,0.0,0.0,0.0,0.0,0.0,ousmane toure,Defender,left,187.0,FR1,50000.0,100000.0,https://img.a.transfermarkt.technology/portrait/header/990732-1711305319.jpg?lm=1,https://www.transfermarkt.co.uk/ousmane-toure/profil/spieler/990732
1681,Aaron Malouda,FRA,AT,18,1,0,2,0.0,0,0,0,0,0,0,0,0,0.0,0.0,0.0,0.0,0,0,0,0.0,0.0,0.0,0.0,0.0,0.0,0.0,0.0,0.0,0.0,aaron malouda,Attack,right,183.0,FR1,150000.0,150000.0,https://img.a.transfermarkt.technology/portrait/header/974996-1696528377.jpg?lm=1,https://www.transfermarkt.co.uk/aaron-malouda/profil/spieler/974996
1682,Lucas Perri,BRA,GB,26,33,33,"2,970",33.0,0,0,0,0,0,0,1,0,0.0,0.0,0.0,0.0,0,0,0,0.0,0.0,0.0,0.0,0.0,0.0,0.0,0.0,0.0,0.0,lucas perri,Goalkeeper,right,197.0,FR1,10000000.0,10000000.0,https://img.a.transfermarkt.technology/portrait/header/352041-1733188777.jpg?lm=1,https://www.transfermarkt.co.uk/lucas-perri/profil/spieler/352041
1683,Moussa Niakhate,SEN,DF,28,31,30,"2,726",30.3,0,0,0,0,0,0,2,0,0.1,0.1,1.0,1.1,34,111,5,0.0,0.0,0.0,0.0,0.0,0.0,0.03,0.04,0.0,0.04,moussa niakhate,Defender,left,190.0,FR1,15000000.0,18000000.0,https://img.a.transfermarkt.technology/portrait/header/291200-1700737208.jpg?lm=1,https://www.transfermarkt.co.uk/moussa-niakhate/profil/spieler/291200
1684,Clinton Mata,ANG,DF,31,29,27,"2,370",26.3,0,4,4,0,0,0,6,0,0.2,0.2,1.4,1.6,20,88,23,0.0,0.15,0.15,0.0,0.15,0.01,0.05,0.06,0.01,0.06,clinton mata,Defender,right,180.0,FR1,4000000.0,10000000.0,https://img.a.transfermarkt.technology/portrait/header/187718-1616529648.jpg?lm=1,https://www.transfermarkt.co.uk/clinton-mata/profil/spieler/187718
1685,Corentin Tolisso,FRA,MT,29,32,27,"2,329",25.9,7,4,11,7,0,0,4,0,5.3,5.3,4.9,10.2,31,166,133,0.27,0.15,0.43,0.27,0.43,0.21,0.19,0.4,0.21,0.4,corentin tolisso,Midfield,right,181.0,FR1,10000000.0,45000000.0,https://img.a.transfermarkt.technology/portrait/header/190393-1672830594.jpg?lm=1,https://www.transfermarkt.co.uk/corentin-tolisso/profil/spieler/190393
1687,Alexandre Lacazette,FRA,AT,33,30,24,"2,051",22.8,15,2,17,10,5,6,5,0,16.3,11.7,3.4,15.0,24,66,159,0.66,0.09,0.75,0.44,0.53,0.71,0.15,0.86,0.51,0.66,alexandre lacazette,Attack,right,175.0,FR1,8000000.0,70000000.0,https://img.a.transfermarkt.technology/portrait/header/93720-1672830448.jpg?lm=1,https://www.transfermarkt.co.uk/alexandre-lacazette/profil/spieler/93720
1688,Nicolás Tagliafico,ARG,DF,31,24,22,"1,902",21.1,3,1,4,3,0,0,7,0,3.0,3.0,0.8,3.8,31,97,81,0.14,0.05,0.19,0.14,0.19,0.14,0.04,0.18,0.14,0.18,nicolas tagliafico,Defender,left,171.0,FR1,7000000.0,35000000.0,https://img.a.transfermarkt.technology/portrait/header/131225-1668181437.jpg?lm=1,https://www.transfermarkt.co.uk/nicolas-tagliafico/profil/spieler/131225
1689,Ainsley Maitland-Niles,ENG,DF,26,32,20,"1,985",22.1,1,4,5,1,0,0,1,0,2.9,2.9,3.4,6.4,33,102,110,0.05,0.18,0.23,0.05,0.23,0.13,0.16,0.29,0.13,0.29,ainsley maitland niles,Defender,right,180.0,FR1,10000000.0,18000000.0,https://img.a.transfermarkt.technology/portrait/header/285845-1702991138.jpg?lm=1,https://www.transfermarkt.co.uk/ainsley-maitland-niles/profil/spieler/285845
1690,Jordan Veretout,FRA,MT,31,27,19,"1,553",17.3,2,0,2,2,0,0,3,0,1.9,1.9,0.6,2.5,35,99,60,0.12,0.0,0.12,0.12,0.12,0.11,0.04,0.14,0.11,0.14,jordan veretout,Midfield,right,177.0,FR1,5000000.0,35000000.0,https://img.a.transfermarkt.technology/portrait/header/164771-1666815169.jpg?lm=1,https://www.transfermarkt.co.uk/jordan-veretout/profil/spieler/164771
1692,Malick Fofana,BEL,AT,19,29,16,"1,589",17.7,5,4,9,5,0,0,2,0,3.8,3.8,3.7,7.6,112,45,205,0.28,0.23,0.51,0.28,0.51,0.22,0.21,0.43,0.22,0.43,malick fofana,Attack,right,169.0,FR1,25000000.0,25000000.0,https://img.a.transfermarkt.technology/portrait/header/743386-1676881156.jpg?lm=1,https://www.transfermarkt.co.uk/malick-fofana/profil/spieler/743386
1693,Georges Mikautadze,GEO,AT,23,34,13,"1,449",16.1,11,6,17,8,3,4,2,0,10.3,7.0,4.3,11.4,37,54,140,0.68,0.37,1.06,0.5,0.87,0.64,0.27,0.91,0.44,0.71,georges mikautadze,Attack,right,176.0,FR1,20000000.0,20000000.0,https://img.a.transfermarkt.technology/portrait/header/729814-1719222514.jpg?lm=1,https://www.transfermarkt.co.uk/georges-mikautadze/profil/spieler/729814
1694,Tanner Tessmann,USA,MT,22,25,13,"1,234",13.7,1,0,1,1,0,0,3,0,1.0,1.0,0.6,1.6,11,56,27,0.07,0.0,0.07,0.07,0.07,0.07,0.05,0.11,0.07,0.11,tanner tessmann,Midfield,right,188.0,FR1,6000000.0,7000000.0,https://img.a.transfermarkt.technology/portrait/header/670096-1722196121.jpg?lm=1,https://www.transfermarkt.co.uk/tanner-tessmann/profil/spieler/670096
1695,Abner,BRA,DF,24,19,12,"1,090",12.1,1,1,2,1,0,0,1,0,0.6,0.6,1.1,1.7,31,66,55,0.08,0.08,0.17,0.08,0.17,0.05,0.09,0.14,0.05,0.14,abner,Defender,left,181.0,FR1,9000000.0,9000000.0,https://img.a.transfermarkt.technology/portrait/header/646402-1727464001.jpg?lm=1,https://www.transfermarkt.co.uk/abner/profil/spieler/646402
1697,Thiago Almada,ARG,"MT,AT",23,16,9,951,10.6,1,4,5,1,0,0,3,0,2.0,2.0,2.6,4.6,38,97,50,0.09,0.38,0.47,0.09,0.47,0.19,0.25,0.44,0.19,0.44,thiago almada,Midfield,right,171.0,FR1,25000000.0,27000000.0,https://img.a.transfermarkt.technology/portrait/header/576028-1709363616.jpg?lm=1,https://www.transfermarkt.co.uk/thiago-almada/profil/spieler/576028
1698,Maxence Caqueret,FRA,MT,24,9,6,573,6.4,0,0,0,0,0,0,1,0,0.7,0.7,0.4,1.1,14,50,15,0.0,0.0,0.0,0.0,0.0,0.1,0.07,0.17,0.1,0.17,maxence caqueret,Midfield,right,174.0,IT1,15000000.0,25000000.0,https://img.a.transfermarkt.technology/portrait/header/395237-1739281407.jpg?lm=1,https://www.transfermarkt.co.uk/maxence-caqueret/profil/spieler/395237
1699,Rémy Descamps,FRA,GB,28,1,1,90,1.0,0,0,0,0,0,0,0,0,0.0,0.0,0.0,0.0,0,0,0,0.0,0.0,0.0,0.0,0.0,0.0,0.0,0.0,0.0,0.0,remy descamps,Goalkeeper,left,196.0,FR1,1500000.0,1500000.0,https://img.a.transfermarkt.technology/portrait/header/282028-1608790532.jpg?lm=1,https://www.transfermarkt.co.uk/remy-descamps/profil/spieler/282028
1700,Wilfried Zaha,CIV,AT,31,4,1,73,0.8,0,0,0,0,0,0,0,0,0.1,0.1,0.0,0.1,1,1,9,0.0,0.0,0.0,0.0,0.0,0.07,0.0,0.07,0.07,0.07,wilfried zaha,Attack,right,180.0,TR1,11000000.0,55000000.0,https://img.a.transfermarkt.technology/portrait/header/145988-1701182730.png?lm=1,https://www.transfermarkt.co.uk/wilfried-zaha/profil/spieler/145988
1701,Orel Mangala,BEL,MT,26,1,1,67,0.7,0,0,0,0,0,0,0,0,0.1,0.1,0.0,0.1,1,7,3,0.0,0.0,0.0,0.0,0.0,0.07,0.03,0.1,0.07,0.1,orel mangala,Midfield,right,178.0,GB1,20000000.0,22000000.0,https://img.a.transfermarkt.technology/portrait/header/289592-1657181518.jpg?lm=1,https://www.transfermarkt.co.uk/orel-mangala/profil/spieler/289592
1704,Paul Akouokou,CIV,MT,26,2,0,19,0.2,0,0,0,0,0,0,1,0,0.0,0.0,0.0,0.0,0,1,0,0.0,0.0,0.0,0.0,0.0,0.0,0.0,0.0,0.0,0.0,paul akouokou,Midfield,right,181.0,FR1,800000.0,5000000.0,https://img.a.transfermarkt.technology/portrait/header/429901-1702991425.jpg?lm=1,https://www.transfermarkt.co.uk/paul-akouokou/profil/spieler/429901
1705,Mahamadou Diawara,FRA,MT,19,2,0,16,0.2,0,0,0,0,0,0,0,0,0.0,0.0,0.0,0.0,1,1,0,0.0,0.0,0.0,0.0,0.0,0.0,0.0,0.0,0.0,0.0,mahamadou diawara,Midfield,left,187.0,FR1,2500000.0,3000000.0,https://img.a.transfermarkt.technology/portrait/header/1053147-1713179514.jpeg?lm=1,https://www.transfermarkt.co.uk/mahamadou-diawara/profil/spieler/1053147
1706,Warmed Omari,COM,DF,24,1,0,8,0.1,0,0,0,0,0,0,0,0,0.0,0.0,0.0,0.0,0,0,0,0.0,0.0,0.0,0.0,0.0,0.0,0.0,0.0,0.0,0.0,warmed omari,Defender,right,188.0,FR1,4000000.0,10000000.0,https://img.a.transfermarkt.technology/portrait/header/711996-1632760467.jpg?lm=1,https://www.transfermarkt.co.uk/warmed-omari/profil/spieler/711996
1708,Adryelson,BRA,DF,26,1,0,1,0.0,0,0,0,0,0,0,1,0,0.0,0.0,0.0,0.0,0,1,0,0.0,0.0,0.0,0.0,0.0,0.0,0.0,0.0,0.0,0.0,adryelson,Defender,right,182.0,BE1,4000000.0,8000000.0,https://img.a.transfermarkt.technology/portrait/header/373433-1733188388.jpg?lm=1,https://www.transfermarkt.co.uk/adryelson/profil/spieler/373433
1709,Andrey Santos,BRA,MT,20,32,32,"2,855",31.7,10,3,13,10,0,0,8,0,5.1,5.1,3.3,8.4,29,149,26,0.32,0.09,0.41,0.32,0.41,0.16,0.1,0.27,0.16,0.27,andrey santos,Midfield,right,180.0,FR1,25000000.0,25000000.0,https://img.a.transfermarkt.technology/portrait/header/743600-1732576153.png?lm=1,https://www.transfermarkt.co.uk/andrey-santos/profil/spieler/743600
1711,Guela Doué,CIV,DF,21,32,30,"2,717",30.2,1,2,3,1,0,0,7,0,0.8,0.8,0.7,1.5,51,173,54,0.03,0.07,0.1,0.03,0.1,0.03,0.02,0.05,0.03,0.05,guela doue,Defender,right,187.0,FR1,12000000.0,12000000.0,https://img.a.transfermarkt.technology/portrait/header/711980-1732575765.png?lm=1,https://www.transfermarkt.co.uk/guela-doue/profil/spieler/711980
1712,Dilane Bakwa,FRA,"MT,DF",21,30,29,"2,497",27.7,6,8,14,6,0,0,4,0,4.7,4.7,6.6,11.3,107,129,249,0.22,0.29,0.5,0.22,0.5,0.17,0.24,0.41,0.17,0.41,dilane bakwa,Attack,left,180.0,FR1,18000000.0,18000000.0,https://img.a.transfermarkt.technology/portrait/header/540664-1732575429.png?lm=1,https://www.transfermarkt.co.uk/dilane-bakwa/profil/spieler/540664
1713,Mamadou Sarr,FRA,DF,18,27,27,"2,365",26.3,0,1,1,0,0,0,4,0,0.8,0.8,0.3,1.1,7,52,1,0.0,0.04,0.04,0.0,0.04,0.03,0.01,0.04,0.03,0.04,mamadou sarr,Defender,right,194.0,FR1,15000000.0,15000000.0,https://img.a.transfermarkt.technology/portrait/header/910905-1732575264.png?lm=1,https://www.transfermarkt.co.uk/mamadou-sarr/profil/spieler/910905
1714,Habib Diarra,SEN,"MT,AT",20,30,27,"2,352",26.1,4,5,9,2,2,2,6,0,3.3,1.8,4.5,6.3,61,116,114,0.15,0.19,0.34,0.08,0.27,0.13,0.17,0.3,0.07,0.24,habib diarra,Midfield,right,178.0,FR1,20000000.0,20000000.0,https://img.a.transfermarkt.technology/portrait/header/876631-1732576173.png?lm=1,https://www.transfermarkt.co.uk/habib-diarra/profil/spieler/876631
1715,Emanuel Emegha,NED,AT,21,27,27,"2,293",25.5,14,3,17,14,0,0,5,0,17.0,17.0,2.4,19.4,37,14,104,0.55,0.12,0.67,0.55,0.67,0.67,0.1,0.76,0.67,0.76,emanuel emegha,Attack,right,196.0,FR1,20000000.0,20000000.0,https://img.a.transfermarkt.technology/portrait/header/559328-1732575392.png?lm=1,https://www.transfermarkt.co.uk/emanuel-emegha/profil/spieler/559328
1716,Sebastian Nanasi,SWE,"MT,AT",22,31,26,"2,107",23.4,6,4,10,6,0,0,1,0,6.5,6.5,4.9,11.4,53,126,127,0.26,0.17,0.43,0.26,0.43,0.28,0.21,0.49,0.28,0.49,sebastian nanasi,Midfield,right,178.0,FR1,15000000.0,15000000.0,https://img.a.transfermarkt.technology/portrait/header/579928-1732576164.png?lm=1,https://www.transfermarkt.co.uk/sebastian-nanasi/profil/spieler/579928
1717,Félix Lemaréchal,FRA,"MT,AT",20,27,20,"1,779",19.8,4,3,7,4,0,0,2,0,3.5,3.5,2.9,6.4,35,58,90,0.2,0.15,0.35,0.2,0.35,0.18,0.15,0.32,0.18,0.32,felix lemarechal,Midfield,right,180.0,FR1,7000000.0,7000000.0,https://img.a.transfermarkt.technology/portrait/header/659518-1732576183.png?lm=1,https://www.transfermarkt.co.uk/felix-lemarechal/profil/spieler/659518
1718,Valentín Barco,ARG,"MT,DF",20,14,14,"1,157",12.9,0,2,2,0,0,0,2,0,0.5,0.5,1.5,2.0,20,64,55,0.0,0.16,0.16,0.0,0.16,0.04,0.11,0.15,0.04,0.15,valentin barco,Defender,left,170.0,FR1,8000000.0,13000000.0,https://img.a.transfermarkt.technology/portrait/header/849410-1683292377.jpg?lm=1,https://www.transfermarkt.co.uk/valentin-barco/profil/spieler/849410
1720,Abakar Sylla,CIV,DF,21,21,10,950,10.6,1,0,1,1,0,0,2,1,0.4,0.4,0.1,0.5,0,21,3,0.09,0.0,0.09,0.09,0.09,0.04,0.01,0.05,0.04,0.05,abakar sylla,Defender,left,188.0,FR1,12000000.0,15000000.0,https://img.a.transfermarkt.technology/portrait/header/962555-1732575720.png?lm=1,https://www.transfermarkt.co.uk/abakar-sylla/profil/spieler/962555
1721,Andrew Omobamidele,IRL,DF,22,10,6,539,6.0,0,0,0,0,0,0,5,1,0.0,0.0,0.0,0.0,0,9,0,0.0,0.0,0.0,0.0,0.0,0.0,0.0,0.0,0.0,0.0,andrew omobamidele,Defender,right,188.0,FR1,10000000.0,11000000.0,https://img.a.transfermarkt.technology/portrait/header/621993-1700738756.jpg?lm=1,https://www.transfermarkt.co.uk/andrew-omobamidele/profil/spieler/621993
1722,Karl-Johan Johnsson,SWE,GB,34,3,3,270,3.0,0,0,0,0,0,0,0,0,0.0,0.0,0.0,0.0,0,0,0,0.0,0.0,0.0,0.0,0.0,0.0,0.0,0.0,0.0,0.0,karl johan johnsson,Goalkeeper,right,188.0,FR1,400000.0,2500000.0,https://img.a.transfermarkt.technology/portrait/header/112822-1732486706.png?lm=1,https://www.transfermarkt.co.uk/karl-johan-johnsson/profil/spieler/112822
1723,Junior Mwanga,FRA,MT,21,8,2,296,3.3,0,0,0,0,0,0,0,0,0.0,0.0,0.0,0.0,2,10,2,0.0,0.0,0.0,0.0,0.0,0.0,0.01,0.01,0.0,0.01,junior mwanga,Midfield,both,184.0,FR1,6000000.0,7000000.0,https://img.a.transfermarkt.technology/portrait/header/1011200-1732575482.png?lm=1,https://www.transfermarkt.co.uk/junior-mwanga/profil/spieler/1011200
1724,Marvin Senaya,TOG,DF,23,10,1,227,2.5,0,0,0,0,0,0,3,0,0.0,0.0,0.1,0.1,1,5,2,0.0,0.0,0.0,0.0,0.0,0.01,0.05,0.06,0.01,0.06,marvin senaya,Defender,right,181.0,FR1,2000000.0,2000000.0,https://img.a.transfermarkt.technology/portrait/header/830890-1666197496.jpg?lm=1,https://www.transfermarkt.co.uk/marvin-senaya/profil/spieler/830890
1725,Adrien Thomasson,FRA,MT,30,33,31,"2,615",29.1,3,7,10,3,0,0,7,0,5.9,5.9,6.0,11.9,30,149,138,0.1,0.24,0.34,0.1,0.34,0.2,0.21,0.41,0.2,0.41,adrien thomasson,Midfield,right,175.0,FR1,5000000.0,9000000.0,https://img.a.transfermarkt.technology/portrait/header/215977-1673538425.jpg?lm=1,https://www.transfermarkt.co.uk/adrien-thomasson/profil/spieler/215977
1726,Facundo Medina,ARG,DF,25,29,29,"2,543",28.3,0,1,1,0,0,0,15,1,1.8,1.8,2.0,3.8,46,174,42,0.0,0.04,0.04,0.0,0.04,0.06,0.07,0.13,0.06,0.13,facundo medina,Defender,left,184.0,FR1,25000000.0,25000000.0,https://img.a.transfermarkt.technology/portrait/header/474800-1653402999.jpg?lm=1,https://www.transfermarkt.co.uk/facundo-medina/profil/spieler/474800
1727,Andy Diouf,FRA,MT,21,34,27,"2,225",24.7,1,2,3,1,0,0,2,0,2.9,2.9,2.8,5.7,82,116,94,0.04,0.08,0.12,0.04,0.12,0.12,0.11,0.23,0.12,0.23,andy diouf,Midfield,left,187.0,FR1,10000000.0,13000000.0,https://img.a.transfermarkt.technology/portrait/header/711976-1637070021.jpg?lm=1,https://www.transfermarkt.co.uk/andy-diouf/profil/spieler/711976
1728,Jonathan Gradit,FRA,DF,31,25,24,"2,112",23.5,0,0,0,0,0,0,4,0,0.8,0.8,0.7,1.5,18,127,4,0.0,0.0,0.0,0.0,0.0,0.03,0.03,0.06,0.03,0.06,jonathan gradit,Defender,right,180.0,FR1,4000000.0,5000000.0,https://img.a.transfermarkt.technology/portrait/header/126557-1738580496.jpg?lm=1,https://www.transfermarkt.co.uk/jonathan-gradit/profil/spieler/126557
1729,Neil El Aynaoui,FRA,MT,23,24,17,"1,588",17.6,8,1,9,5,3,3,4,0,4.0,1.6,2.0,3.6,11,75,29,0.45,0.06,0.51,0.28,0.34,0.23,0.11,0.34,0.09,0.21,neil el aynaoui,Midfield,right,185.0,FR1,10000000.0,10000000.0,https://img.a.transfermarkt.technology/portrait/header/901019-1685539384.jpg?lm=1,https://www.transfermarkt.co.uk/neil-el-aynaoui/profil/spieler/901019
1730,M'Bala Nzola,ANG,AT,27,21,16,"1,460",16.2,6,1,7,6,0,0,3,1,8.6,8.6,1.3,9.9,26,22,118,0.37,0.06,0.43,0.37,0.43,0.53,0.08,0.61,0.53,0.61,m'bala nzola,Attack,left,185.0,FR1,8000000.0,10000000.0,https://img.a.transfermarkt.technology/portrait/header/354814-1664974000.jpg?lm=1,https://www.transfermarkt.co.uk/mbala-nzola/profil/spieler/354814
1732,Malang Sarr,FRA,DF,25,21,15,"1,385",15.4,0,0,0,0,0,0,0,0,0.3,0.3,0.3,0.6,4,54,1,0.0,0.0,0.0,0.0,0.0,0.02,0.02,0.04,0.02,0.04,malang sarr,Defender,left,183.0,FR1,5000000.0,18000000.0,https://img.a.transfermarkt.technology/portrait/header/344596-1606395203.png?lm=1,https://www.transfermarkt.co.uk/malang-sarr/profil/spieler/344596
1733,Brice Samba,FRA,GB,30,15,15,"1,350",15.0,0,0,0,0,0,0,1,0,0.0,0.0,0.0,0.0,0,1,0,0.0,0.0,0.0,0.0,0.0,0.0,0.0,0.0,0.0,0.0,brice samba,Goalkeeper,left,187.0,FR1,15000000.0,15000000.0,https://img.a.transfermarkt.technology/portrait/header/191056-1602242038.jpg?lm=1,https://www.transfermarkt.co.uk/brice-samba/profil/spieler/191056
1734,Mathew Ryan,AUS,GB,32,14,14,"1,260",14.0,0,0,0,0,0,0,0,0,0.0,0.0,0.0,0.0,0,0,0,0.0,0.0,0.0,0.0,0.0,0.0,0.0,0.0,0.0,0.0,mathew ryan,Goalkeeper,right,184.0,FR1,2500000.0,10000000.0,https://img.a.transfermarkt.technology/portrait/header/128969-1668505563.jpg?lm=1,https://www.transfermarkt.co.uk/mathew-ryan/profil/spieler/128969
1735,Kevin Danso,AUT,DF,25,12,12,"1,080",12.0,0,0,0,0,0,0,3,0,0.5,0.5,1.0,1.5,9,52,1,0.0,0.0,0.0,0.0,0.0,0.04,0.09,0.13,0.04,0.13,kevin danso,Defender,right,190.0,GB1,25000000.0,25000000.0,https://img.a.transfermarkt.technology/portrait/header/263236-1691217955.png?lm=1,https://www.transfermarkt.co.uk/kevin-danso/profil/spieler/263236
1736,Goduine Koyalipou,CTA,AT,24,15,12,885,9.8,4,0,4,4,0,0,0,0,4.8,4.8,0.8,5.6,15,20,68,0.41,0.0,0.41,0.41,0.41,0.49,0.08,0.57,0.49,0.57,goduine koyalipou,Attack,right,184.0,FR1,1800000.0,1800000.0,https://img.a.transfermarkt.technology/portrait/header/525140-1714738152.png?lm=1,https://www.transfermarkt.co.uk/goduine-koyalipou/profil/spieler/525140
1737,Angelo Fulgini,FRA,"MT,AT",27,23,11,"1,045",11.6,1,1,2,1,0,0,3,0,2.4,2.4,3.8,6.2,29,69,113,0.09,0.09,0.17,0.09,0.17,0.21,0.33,0.53,0.21,0.53,angelo fulgini,Midfield,right,182.0,FR1,6000000.0,12000000.0,https://img.a.transfermarkt.technology/portrait/header/250013-1657707374.jpg?lm=1,https://www.transfermarkt.co.uk/angelo-fulgini/profil/spieler/250013
1738,Abdukodir Khusanov,UZB,DF,20,13,11,975,10.8,0,0,0,0,0,0,2,1,0.2,0.2,0.3,0.6,2,43,6,0.0,0.0,0.0,0.0,0.0,0.02,0.03,0.05,0.02,0.05,abdukodir khusanov,Defender,right,186.0,GB1,35000000.0,35000000.0,https://img.a.transfermarkt.technology/portrait/header/763079-1740493347.jpg?lm=1,https://www.transfermarkt.co.uk/abdukodir-khusanov/profil/spieler/763079
1739,Wesley Saïd,FRA,AT,29,24,11,905,10.1,3,0,3,3,0,0,4,0,3.2,3.2,1.0,4.2,16,24,53,0.3,0.0,0.3,0.3,0.3,0.32,0.1,0.42,0.32,0.42,wesley saïd,Attack,right,171.0,FR1,3500000.0,8000000.0,https://img.a.transfermarkt.technology/portrait/header/182916-1593971458.jpg?lm=1,https://www.transfermarkt.co.uk/wesley-said/profil/spieler/182916
1740,Juma Bah,SLE,DF,18,10,8,686,7.6,0,0,0,0,0,0,2,0,0.1,0.1,0.2,0.3,3,9,1,0.0,0.0,0.0,0.0,0.0,0.01,0.02,0.03,0.01,0.03,juma bah,Defender,right,195.0,FR1,4000000.0,4000000.0,https://img.a.transfermarkt.technology/portrait/header/1121298-1732218272.jpg?lm=1,https://www.transfermarkt.co.uk/juma-bah/profil/spieler/1121298
1741,Nampalys Mendy,SEN,MT,32,10,7,588,6.5,0,1,1,0,0,0,2,0,0.2,0.2,0.1,0.3,2,28,3,0.0,0.15,0.15,0.0,0.15,0.03,0.01,0.04,0.03,0.04,nampalys mendy,Midfield,right,168.0,FR1,2000000.0,12000000.0,https://img.a.transfermarkt.technology/portrait/header/111051-1547722265.jpg?lm=1,https://www.transfermarkt.co.uk/nampalys-mendy/profil/spieler/111051
1742,Hervé Koffi,BFA,GB,27,5,5,450,5.0,0,0,0,0,0,0,2,0,0.0,0.0,0.0,0.0,0,0,0,0.0,0.0,0.0,0.0,0.0,0.0,0.0,0.0,0.0,0.0,herve koffi,Goalkeeper,right,186.0,FR1,1500000.0,2500000.0,https://img.a.transfermarkt.technology/portrait/header/415383-1672499883.jpg?lm=1,https://www.transfermarkt.co.uk/herve-koffi/profil/spieler/415383
1744,Hamzat Ojediran,NGA,"MT,AT",20,17,1,416,4.6,1,0,1,1,0,0,5,0,0.6,0.6,0.4,1.0,4,22,2,0.22,0.0,0.22,0.22,0.22,0.12,0.09,0.22,0.12,0.22,hamzat ojediran,Midfield,right,179.0,FR1,2000000.0,2000000.0,https://img.a.transfermarkt.technology/portrait/header/718312-1723133488.jpg?lm=1,https://www.transfermarkt.co.uk/hamzat-ojediran/profil/spieler/718312
1747,Marco Bizot,NED,GB,33,32,32,"2,880",32.0,0,0,0,0,0,0,4,0,0.0,0.0,0.0,0.0,0,1,0,0.0,0.0,0.0,0.0,0.0,0.0,0.0,0.0,0.0,0.0,marco bizot,Goalkeeper,right,193.0,FR1,3500000.0,7000000.0,https://img.a.transfermarkt.technology/portrait/header/124884-1707302509.jpg?lm=1,https://www.transfermarkt.co.uk/marco-bizot/profil/spieler/124884
1748,Mahdi Camara,FRA,"MT,AT",26,34,31,"2,659",29.5,5,3,8,5,0,0,5,0,4.1,4.1,2.0,6.2,58,111,112,0.17,0.1,0.27,0.17,0.27,0.14,0.07,0.21,0.14,0.21,mahdi camara,Midfield,right,178.0,FR1,10000000.0,10000000.0,https://img.a.transfermarkt.technology/portrait/header/324795-1710182811.jpg?lm=1,https://www.transfermarkt.co.uk/mahdi-camara/profil/spieler/324795
1749,Kenny Lala,MAD,DF,32,30,29,"2,686",29.8,3,2,5,0,3,3,5,0,3.0,0.6,4.3,4.9,58,138,91,0.1,0.07,0.17,0.0,0.07,0.1,0.14,0.24,0.02,0.17,kenny lala,Defender,right,178.0,FR1,2500000.0,14000000.0,https://img.a.transfermarkt.technology/portrait/header/174196-1677254936.jpg?lm=1,https://www.transfermarkt.co.uk/kenny-lala/profil/spieler/174196
1750,Ludovic Ajorque,FRA,AT,30,31,29,"2,495",27.7,13,2,15,13,0,1,5,0,10.4,9.6,3.1,12.7,10,41,124,0.47,0.07,0.54,0.47,0.54,0.38,0.11,0.49,0.35,0.46,ludovic ajorque,Attack,left,196.0,FR1,4000000.0,16000000.0,https://img.a.transfermarkt.technology/portrait/header/283994-1692000251.jpg?lm=1,https://www.transfermarkt.co.uk/ludovic-ajorque/profil/spieler/283994
1751,Brendan Chardonnet,FRA,DF,29,27,27,"2,416",26.8,1,0,1,1,0,0,6,0,0.8,0.8,1.2,2.0,7,51,5,0.04,0.0,0.04,0.04,0.04,0.03,0.04,0.07,0.03,0.07,brendan chardonnet,Defender,right,181.0,FR1,6000000.0,8000000.0,https://img.a.transfermarkt.technology/portrait/header/250779-1582538208.jpg?lm=1,https://www.transfermarkt.co.uk/brendan-chardonnet/profil/spieler/250779
1752,Hugo Magnetti,FRA,MT,26,32,27,"2,323",25.8,1,0,1,1,0,0,5,0,0.8,0.8,0.4,1.2,21,80,20,0.04,0.0,0.04,0.04,0.04,0.03,0.02,0.05,0.03,0.05,hugo magnetti,Midfield,right,180.0,FR1,7000000.0,7000000.0,https://img.a.transfermarkt.technology/portrait/header/474662-1582538510.jpg?lm=1,https://www.transfermarkt.co.uk/hugo-magnetti/profil/spieler/474662
1755,Pierre Lees-Melou,FRA,MT,31,20,17,"1,526",17.0,2,2,4,2,0,0,7,0,1.3,1.3,2.8,4.0,23,105,36,0.12,0.12,0.24,0.12,0.24,0.07,0.16,0.24,0.07,0.24,pierre lees melou,Midfield,right,185.0,FR1,7000000.0,10000000.0,https://img.a.transfermarkt.technology/portrait/header/377393-1710182831.jpg?lm=1,https://www.transfermarkt.co.uk/pierre-lees-melou/profil/spieler/377393
1756,Julien Le Cardinal,FRA,DF,26,16,15,"1,378",15.3,0,1,1,0,0,0,3,0,0.4,0.4,0.3,0.7,7,39,1,0.0,0.07,0.07,0.0,0.07,0.03,0.02,0.05,0.03,0.05,julien le cardinal,Defender,right,184.0,FR1,1500000.0,2500000.0,https://img.a.transfermarkt.technology/portrait/header/794349-1727808054.jpg?lm=1,https://www.transfermarkt.co.uk/julien-le-cardinal/profil/spieler/794349
1757,Romain Del Castillo,FRA,AT,28,26,14,"1,259",14.0,6,4,10,3,3,4,0,0,4.7,1.5,3.4,4.9,29,61,106,0.43,0.29,0.71,0.21,0.5,0.33,0.24,0.58,0.11,0.35,romain del castillo,Attack,left,172.0,FR1,8000000.0,10000000.0,https://img.a.transfermarkt.technology/portrait/header/353399-1593964996.jpg?lm=1,https://www.transfermarkt.co.uk/romain-del-castillo/profil/spieler/353399
1758,Kamory Doumbia,MLI,"MT,AT",21,30,13,"1,322",14.7,3,2,5,3,0,0,1,0,2.7,2.7,1.2,3.9,17,72,54,0.2,0.14,0.34,0.2,0.34,0.19,0.08,0.27,0.19,0.27,kamory doumbia,Midfield,right,170.0,FR1,5000000.0,5000000.0,https://img.a.transfermarkt.technology/portrait/header/671594-1639672362.png?lm=1,https://www.transfermarkt.co.uk/kamory-doumbia/profil/spieler/671594
1760,Edimilson Fernandes,SUI,"MT,DF",28,19,12,"1,105",12.3,0,1,1,0,0,0,1,0,0.4,0.4,0.6,1.0,7,40,3,0.0,0.08,0.08,0.0,0.08,0.03,0.05,0.08,0.03,0.08,edimilson fernandes,Midfield,right,187.0,FR1,3500000.0,8000000.0,https://img.a.transfermarkt.technology/portrait/header/247555-1628596987.jpg?lm=1,https://www.transfermarkt.co.uk/edimilson-fernandes/profil/spieler/247555
1761,Romain Faivre,FRA,"MT,AT",26,20,10,899,10.0,3,2,5,2,1,1,2,0,2.6,1.8,1.9,3.7,24,44,49,0.3,0.2,0.5,0.2,0.4,0.26,0.19,0.45,0.18,0.37,romain faivre,Midfield,left,180.0,FR1,7000000.0,15000000.0,https://img.a.transfermarkt.technology/portrait/header/555076-1672831296.jpg?lm=1,https://www.transfermarkt.co.uk/romain-faivre/profil/spieler/555076
1762,Jordan Amavi,FRA,DF,30,11,8,790,8.8,0,0,0,0,0,0,2,0,0.3,0.3,0.2,0.4,22,36,21,0.0,0.0,0.0,0.0,0.0,0.03,0.02,0.05,0.03,0.05,jordan amavi,Defender,left,176.0,FR1,2000000.0,16000000.0,https://img.a.transfermarkt.technology/portrait/header/241229-1598304378.jpg?lm=1,https://www.transfermarkt.co.uk/jordan-amavi/profil/spieler/241229
1763,Luck Zogbé,CIV,DF,19,13,7,638,7.1,0,0,0,0,0,0,2,0,0.3,0.3,0.1,0.4,4,19,19,0.0,0.0,0.0,0.0,0.0,0.04,0.02,0.06,0.04,0.06,luck zogbe,Defender,right,178.0,FR1,3000000.0,3000000.0,https://img.a.transfermarkt.technology/portrait/header/1144999-1725882803.jpg?lm=1,https://www.transfermarkt.co.uk/luck-zogbe/profil/spieler/1144999
1764,Jonas Martin,FRA,MT,34,17,5,496,5.5,1,0,1,1,0,0,2,0,0.4,0.4,0.3,0.7,8,21,9,0.18,0.0,0.18,0.18,0.18,0.07,0.06,0.14,0.07,0.14,jonas martin,Midfield,right,184.0,FR1,800000.0,5000000.0,https://img.a.transfermarkt.technology/portrait/header/127142-1676911402.jpg?lm=1,https://www.transfermarkt.co.uk/jonas-martin/profil/spieler/127142
1765,Soumaïla Coulibaly,FRA,DF,20,7,5,438,4.9,0,0,0,0,0,0,1,0,0.2,0.2,0.1,0.3,1,16,0,0.0,0.0,0.0,0.0,0.0,0.03,0.02,0.05,0.03,0.05,soumaïla coulibaly,Defender,left,191.0,FR1,9000000.0,9000000.0,https://img.a.transfermarkt.technology/portrait/header/659513-1657285323.jpg?lm=1,https://www.transfermarkt.co.uk/soumaila-coulibaly/profil/spieler/659513
1766,Ibrahim Salah,MAR,AT,22,12,4,358,4.0,1,1,2,1,0,0,0,0,0.6,0.6,0.6,1.1,15,7,40,0.25,0.25,0.5,0.25,0.5,0.15,0.14,0.29,0.15,0.29,ibrahim salah,Attack,right,186.0,FR1,4000000.0,6000000.0,https://img.a.transfermarkt.technology/portrait/header/928323-1659944229.jpg?lm=1,https://www.transfermarkt.co.uk/ibrahim-salah/profil/spieler/928323
1767,Grégoire Coudert,FRA,GB,25,2,2,180,2.0,0,0,0,0,0,0,0,0,0.0,0.0,0.0,0.0,0,0,0,0.0,0.0,0.0,0.0,0.0,0.0,0.0,0.0,0.0,0.0,gregoire coudert,Goalkeeper,left,192.0,FR1,400000.0,400000.0,https://img.a.transfermarkt.technology/portrait/header/525155-1632761084.jpg?lm=1,https://www.transfermarkt.co.uk/gregoire-coudert/profil/spieler/525155
1768,Justin Bourgault,FRA,DF,18,2,2,122,1.4,1,0,1,1,0,0,0,0,0.1,0.1,0.1,0.2,2,4,12,0.74,0.0,0.74,0.74,0.74,0.05,0.1,0.15,0.05,0.15,justin bourgault,Defender,left,185.0,FR1,300000.0,300000.0,https://img.a.transfermarkt.technology/portrait/header/1030153-1727207548.png?lm=1,https://www.transfermarkt.co.uk/justin-bourgault/profil/spieler/1030153
1769,Jérémy Le Douaron,FRA,AT,26,2,1,102,1.1,0,0,0,0,0,0,0,0,0.2,0.2,0.0,0.2,1,1,7,0.0,0.0,0.0,0.0,0.0,0.14,0.0,0.14,0.14,0.14,jeremy le douaron,Attack,left,189.0,FR1,5000000.0,5000000.0,https://img.a.transfermarkt.technology/portrait/header/737781-1617875994.jpg?lm=1,https://www.transfermarkt.co.uk/jeremy-le-douaron/profil/spieler/737781
1770,Bradley Locko,FRA,DF,22,2,1,97,1.1,0,0,0,0,0,0,1,0,0.0,0.0,0.0,0.0,1,2,2,0.0,0.0,0.0,0.0,0.0,0.02,0.0,0.02,0.02,0.02,bradley locko,Defender,left,180.0,FR1,9000000.0,12000000.0,https://img.a.transfermarkt.technology/portrait/header/805908-1639674661.png?lm=1,https://www.transfermarkt.co.uk/bradley-locko/profil/spieler/805908
1771,Axel Camblan,FRA,"MT,AT",20,2,0,26,0.3,0,0,0,0,0,0,0,0,0.0,0.0,0.0,0.0,2,2,1,0.0,0.0,0.0,0.0,0.0,0.17,0.0,0.17,0.17,0.17,axel camblan,Midfield,right,169.0,FR1,500000.0,600000.0,https://img.a.transfermarkt.technology/portrait/header/924800-1685635027.jpg?lm=1,https://www.transfermarkt.co.uk/axel-camblan/profil/spieler/924800
1774,Cristian Cásseres Jr.,VEN,MT,24,32,31,"2,696",30.0,1,3,4,1,0,0,11,0,1.0,1.0,2.6,3.6,31,128,46,0.03,0.1,0.13,0.03,0.13,0.03,0.09,0.12,0.03,0.12,cristian casseres jr,Midfield,right,176.0,FR1,5000000.0,5000000.0,https://img.a.transfermarkt.technology/portrait/header/467632-1646141354.JPG?lm=1,https://www.transfermarkt.co.uk/cristian-casseres-jr-/profil/spieler/467632
1775,Charlie Cresswell,ENG,DF,21,31,29,"2,592",28.8,3,1,4,3,0,0,5,0,3.3,3.3,1.7,5.0,8,69,13,0.1,0.03,0.14,0.1,0.14,0.11,0.06,0.17,0.11,0.17,charlie cresswell,Defender,right,190.0,FR1,7000000.0,7000000.0,https://img.a.transfermarkt.technology/portrait/header/597659-1641461698.jpg?lm=1,https://www.transfermarkt.co.uk/charlie-cresswell/profil/spieler/597659
1776,Guillaume Restes,FRA,GB,19,29,29,"2,543",28.3,0,1,1,0,0,0,2,0,0.0,0.0,0.1,0.1,0,0,0,0.0,0.04,0.04,0.0,0.04,0.0,0.0,0.0,0.0,0.0,guillaume restes,Goalkeeper,left,188.0,FR1,20000000.0,20000000.0,https://img.a.transfermarkt.technology/portrait/header/912902-1676656145.jpg?lm=1,https://www.transfermarkt.co.uk/guillaume-restes/profil/spieler/912902
1777,Mark McKenzie,USA,DF,25,30,29,"2,496",27.7,1,1,2,1,0,0,1,1,1.4,1.4,0.5,1.9,10,97,5,0.04,0.04,0.07,0.04,0.07,0.05,0.02,0.07,0.05,0.07,mark mckenzie,Defender,right,184.0,FR1,6000000.0,8000000.0,https://img.a.transfermarkt.technology/portrait/header/429259-1714036622.png?lm=1,https://www.transfermarkt.co.uk/mark-mckenzie/profil/spieler/429259
1778,Vincent Sierro,SUI,MT,28,29,27,"2,402",26.7,5,1,6,3,2,2,4,0,4.2,2.7,3.6,6.3,15,147,27,0.19,0.04,0.22,0.11,0.15,0.16,0.14,0.29,0.1,0.24,vincent sierro,Midfield,right,185.0,FR1,4000000.0,4000000.0,https://img.a.transfermarkt.technology/portrait/header/280387-1708555105.jpg?lm=1,https://www.transfermarkt.co.uk/vincent-sierro/profil/spieler/280387
1779,Yann Gboho,FRA,"MT,AT",23,31,27,"2,333",25.9,5,4,9,5,0,0,2,0,5.4,5.4,3.5,8.9,116,103,189,0.19,0.15,0.35,0.19,0.35,0.21,0.14,0.35,0.21,0.35,yann gboho,Attack,right,178.0,FR1,8000000.0,8000000.0,https://img.a.transfermarkt.technology/portrait/header/463613-1672485001.jpg?lm=1,https://www.transfermarkt.co.uk/yann-gboho/profil/spieler/463613
1780,Djibril Sidibé,FRA,DF,32,28,24,"2,101",23.3,0,3,3,0,0,0,1,0,0.4,0.4,2.9,3.3,16,121,50,0.0,0.13,0.13,0.0,0.13,0.02,0.13,0.14,0.02,0.14,djibril sidibe,Defender,right,183.0,FR1,1200000.0,23000000.0,https://img.a.transfermarkt.technology/portrait/header/161869-1604261378.jpg?lm=1,https://www.transfermarkt.co.uk/djibril-sidibe/profil/spieler/161869
1781,Gabriel Suazo,CHI,DF,26,30,23,"2,163",24.0,0,6,6,0,0,0,0,0,0.8,0.8,3.8,4.7,42,109,118,0.0,0.25,0.25,0.0,0.25,0.03,0.16,0.19,0.03,0.19,gabriel suazo,Defender,left,178.0,FR1,4000000.0,4000000.0,https://img.a.transfermarkt.technology/portrait/header/385105-1718986679.jpg?lm=1,https://www.transfermarkt.co.uk/gabriel-suazo/profil/spieler/385105
1782,Zakaria Aboukhlal,MAR,"MT,AT",24,26,22,"1,901",21.1,7,2,9,6,1,2,4,0,10.2,8.6,1.6,10.2,34,22,164,0.33,0.09,0.43,0.28,0.38,0.48,0.07,0.56,0.41,0.48,zakaria aboukhlal,Attack,both,179.0,FR1,12000000.0,12000000.0,https://img.a.transfermarkt.technology/portrait/header/393238-1629444913.jpg?lm=1,https://www.transfermarkt.co.uk/zakaria-aboukhlal/profil/spieler/393238
1783,Shavy Babicka,GAB,"MT,AT",24,30,11,"1,186",13.2,4,2,6,4,0,0,2,0,3.9,3.9,1.6,5.5,36,21,122,0.3,0.15,0.46,0.3,0.46,0.3,0.12,0.42,0.3,0.42,shavy babicka,Attack,right,179.0,FR1,3000000.0,3500000.0,https://img.a.transfermarkt.technology/portrait/header/916920-1668887323.jpg?lm=1,https://www.transfermarkt.co.uk/shavy-babicka/profil/spieler/916920
1784,Rasmus Nicolaisen,DEN,DF,27,7,7,623,6.9,0,1,1,0,0,0,0,0,0.4,0.4,0.2,0.7,3,27,2,0.0,0.14,0.14,0.0,0.14,0.06,0.03,0.1,0.06,0.1,rasmus nicolaisen,Defender,left,191.0,FR1,5000000.0,6000000.0,https://img.a.transfermarkt.technology/portrait/header/283227-1626438001.jpg?lm=1,https://www.transfermarkt.co.uk/rasmus-nicolaisen/profil/spieler/283227
1786,Kjetil Haug,NOR,GB,26,6,5,498,5.5,0,0,0,0,0,0,0,0,0.0,0.0,0.0,0.0,0,0,0,0.0,0.0,0.0,0.0,0.0,0.0,0.0,0.0,0.0,0.0,kjetil haug,Goalkeeper,right,187.0,FR1,600000.0,600000.0,https://img.a.transfermarkt.technology/portrait/header/328770-1663671597.jpg?lm=1,https://www.transfermarkt.co.uk/kjetil-haug/profil/spieler/328770
1787,Rafik Messali,FRA,DF,21,13,5,456,5.1,0,1,1,0,0,0,0,0,0.3,0.3,1.0,1.3,13,21,29,0.0,0.2,0.2,0.0,0.2,0.05,0.2,0.25,0.05,0.25,rafik messali,Midfield,right,177.0,FR1,800000.0,800000.0,https://img.a.transfermarkt.technology/portrait/header/883865-1741897311.jpg?lm=1,https://www.transfermarkt.co.uk/rafik-messali/profil/spieler/883865
1788,Denis Genreau,AUS,MT,25,8,2,222,2.5,0,0,0,0,0,0,0,0,0.3,0.3,0.5,0.8,9,13,7,0.0,0.0,0.0,0.0,0.0,0.12,0.19,0.31,0.12,0.31,denis genreau,Midfield,right,175.0,FR1,1500000.0,2000000.0,https://img.a.transfermarkt.technology/portrait/header/470618-1625839037.jpg?lm=1,https://www.transfermarkt.co.uk/denis-genreau/profil/spieler/470618
1789,Niklas Schmidt,GER,MT,26,9,2,205,2.3,0,1,1,0,0,0,0,0,0.1,0.1,0.7,0.8,2,23,1,0.0,0.44,0.44,0.0,0.44,0.03,0.31,0.34,0.03,0.34,niklas schmidt,Midfield,both,184.0,FR1,2000000.0,3000000.0,https://img.a.transfermarkt.technology/portrait/header/275249-1660208599.jpg?lm=1,https://www.transfermarkt.co.uk/niklas-schmidt/profil/spieler/275249
1790,Miha Zajc,SVN,MT,30,19,1,262,2.9,0,0,0,0,0,0,2,0,0.2,0.2,0.1,0.3,7,24,9,0.0,0.0,0.0,0.0,0.0,0.07,0.03,0.1,0.07,0.1,miha zajc,Midfield,right,178.0,FR1,1800000.0,6000000.0,https://img.a.transfermarkt.technology/portrait/header/149829-1696449687.png?lm=1,https://www.transfermarkt.co.uk/miha-zajc/profil/spieler/149829
1791,Noah Edjouma,FRA,"MT,AT",18,10,1,171,1.9,2,0,2,2,0,0,0,1,1.3,1.3,0.1,1.3,8,7,17,1.05,0.0,1.05,1.05,1.05,0.67,0.03,0.7,0.67,0.7,noah edjouma,Attack,right,182.0,FR1,500000.0,500000.0,https://img.a.transfermarkt.technology/portrait/header/1078326-1708556104.jpg?lm=1,https://www.transfermarkt.co.uk/noah-edjouma/profil/spieler/1078326
1792,Logan Costa,CPV,DF,23,1,1,90,1.0,0,0,0,0,0,0,0,0,0.0,0.0,0.5,0.5,1,4,1,0.0,0.0,0.0,0.0,0.0,0.0,0.5,0.5,0.0,0.5,logan costa,Defender,right,190.0,ES1,15000000.0,18000000.0,https://img.a.transfermarkt.technology/portrait/header/484988-1708555203.jpg?lm=1,https://www.transfermarkt.co.uk/logan-costa/profil/spieler/484988
1793,Álex Domínguez,ESP,GB,26,1,0,19,0.2,0,0,0,0,0,0,0,0,0.0,0.0,0.0,0.0,0,0,0,0.0,0.0,0.0,0.0,0.0,0.0,0.0,0.0,0.0,0.0,alex dominguez,Goalkeeper,left,187.0,FR1,300000.0,400000.0,https://img.a.transfermarkt.technology/portrait/header/524937-1708555939.jpg?lm=1,https://www.transfermarkt.co.uk/alex-dominguez/profil/spieler/524937
1794,Edhy Zuliani,FRA,DF,19,1,0,9,0.1,0,0,0,0,0,0,0,0,0.0,0.0,0.0,0.0,0,0,0,0.0,0.0,0.0,0.0,0.0,0.0,0.0,0.0,0.0,0.0,edhy zuliani,Midfield,left,,FR1,50000.0,50000.0,https://img.a.transfermarkt.technology/portrait/header/default.jpg?lm=1,https://www.transfermarkt.co.uk/edhy-zuliani/profil/spieler/944427
1795,Naatan Skyttä,FIN,AT,22,1,0,5,0.1,0,0,0,0,0,0,0,0,0.0,0.0,0.0,0.0,0,0,0,0.0,0.0,0.0,0.0,0.0,0.0,0.0,0.0,0.0,0.0,naatan skytta,Midfield,left,174.0,FR1,400000.0,500000.0,https://img.a.transfermarkt.technology/portrait/header/567309-1708556405.jpg?lm=1,https://www.transfermarkt.co.uk/naatan-skytta/profil/spieler/567309
1796,Donovan Léon,GUF,GB,31,32,32,"2,880",32.0,0,2,2,0,0,0,4,0,0.0,0.0,0.4,0.4,0,1,0,0.0,0.06,0.06,0.0,0.06,0.0,0.01,0.01,0.0,0.01,donovan leon,Goalkeeper,right,187.0,FR1,800000.0,1200000.0,https://img.a.transfermarkt.technology/portrait/header/170911-1593969267.jpg?lm=1,https://www.transfermarkt.co.uk/donovan-leon/profil/spieler/170911
1797,Gaëtan Perrin,FRA,"MT,AT",28,34,31,"2,691",29.9,10,11,21,10,0,0,2,0,6.1,6.1,7.8,13.9,83,142,125,0.33,0.37,0.7,0.33,0.7,0.2,0.26,0.47,0.2,0.47,gaëtan perrin,Attack,right,169.0,FR1,6000000.0,6000000.0,https://img.a.transfermarkt.technology/portrait/header/353404-1672330321.jpg?lm=1,https://www.transfermarkt.co.uk/gaetan-perrin/profil/spieler/353404
1798,Jubal,BRA,DF,30,30,30,"2,640",29.3,6,0,6,3,3,4,7,0,5.2,2.0,0.9,2.9,1,33,3,0.2,0.0,0.2,0.1,0.1,0.18,0.03,0.21,0.07,0.1,jubal,Defender,right,190.0,FR1,2000000.0,2000000.0,https://img.a.transfermarkt.technology/portrait/header/149928-1478101058.jpg?lm=1,https://www.transfermarkt.co.uk/jubal/profil/spieler/149928
1799,Clément Akpa,CIV,DF,22,31,29,"2,486",27.6,0,1,1,0,0,0,7,0,0.3,0.3,0.9,1.2,27,74,24,0.0,0.04,0.04,0.0,0.04,0.01,0.03,0.04,0.01,0.04,clement akpa,Defender,left,181.0,FR1,3000000.0,3000000.0,https://img.a.transfermarkt.technology/portrait/header/806793-1709202392.jpg?lm=1,https://www.transfermarkt.co.uk/clement-akpa/profil/spieler/806793
1800,Elisha Owusu,GHA,MT,26,28,28,"2,344",26.0,1,3,4,1,0,0,7,0,0.4,0.4,1.0,1.4,8,78,33,0.04,0.12,0.15,0.04,0.15,0.01,0.04,0.05,0.01,0.05,elisha owusu,Midfield,right,182.0,FR1,3000000.0,7500000.0,https://img.a.transfermarkt.technology/portrait/header/395695-1626767315.jpg?lm=1,https://www.transfermarkt.co.uk/elisha-owusu/profil/spieler/395695
1801,Gideon Mensah,GHA,DF,26,29,26,"2,280",25.3,0,1,1,0,0,0,2,0,0.2,0.2,2.6,2.8,52,93,101,0.0,0.04,0.04,0.0,0.04,0.01,0.1,0.11,0.01,0.11,gideon mensah,Defender,left,178.0,FR1,3500000.0,3500000.0,https://img.a.transfermarkt.technology/portrait/header/397171-1565700436.jpg?lm=1,https://www.transfermarkt.co.uk/gideon-mensah/profil/spieler/397171
1802,Ki-Jana Hoever,NED,DF,22,30,26,"2,124",23.6,1,2,3,1,0,0,4,1,0.5,0.5,2.7,3.2,59,79,128,0.04,0.08,0.13,0.04,0.13,0.02,0.11,0.13,0.02,0.13,ki jana hoever,Defender,right,183.0,FR1,4500000.0,7000000.0,https://img.a.transfermarkt.technology/portrait/header/485583-1724259461.jpg?lm=1,https://www.transfermarkt.co.uk/ki-jana-hoever/profil/spieler/485583
1803,Hamed Junior Traorè,CIV,MT,24,26,26,"2,093",23.3,10,2,12,10,0,0,5,0,7.9,7.9,2.7,10.6,66,99,146,0.43,0.09,0.52,0.43,0.52,0.34,0.12,0.46,0.34,0.46,hamed junior traore,Midfield,right,177.0,FR1,18000000.0,22000000.0,https://img.a.transfermarkt.technology/portrait/header/391065-1596029805.jpg?lm=1,https://www.transfermarkt.co.uk/hamed-junior-traore/profil/spieler/391065
1804,Sinaly Diomande,CIV,DF,23,23,22,"1,945",21.6,3,2,5,3,0,0,6,0,1.1,1.1,0.6,1.7,8,72,8,0.14,0.09,0.23,0.14,0.23,0.05,0.03,0.08,0.05,0.08,sinaly diomande,Defender,right,184.0,FR1,5000000.0,9000000.0,https://img.a.transfermarkt.technology/portrait/header/702441-1672831343.jpg?lm=1,https://www.transfermarkt.co.uk/sinaly-diomande/profil/spieler/702441
1805,Gabriel Osho,NGA,DF,25,20,20,"1,654",18.4,1,0,1,1,0,0,1,1,1.0,1.0,0.1,1.1,12,43,2,0.05,0.0,0.05,0.05,0.05,0.05,0.01,0.06,0.05,0.06,gabriel osho,Defender,right,185.0,FR1,3000000.0,3000000.0,https://img.a.transfermarkt.technology/portrait/header/364409-1684493913.jpg?lm=1,https://www.transfermarkt.co.uk/gabriel-osho/profil/spieler/364409
1806,Kévin Danois,FRA,MT,20,22,16,"1,460",16.2,0,0,0,0,0,0,1,0,1.5,1.5,2.2,3.7,19,95,50,0.0,0.0,0.0,0.0,0.0,0.09,0.13,0.23,0.09,0.23,kevin danois,Midfield,right,183.0,FR1,4000000.0,4000000.0,https://img.a.transfermarkt.technology/portrait/header/743496-1672330479.jpg?lm=1,https://www.transfermarkt.co.uk/kevin-danois/profil/spieler/743496
1807,Han-Noah Massengo,FRA,MT,23,17,11,"1,046",11.6,0,0,0,0,0,0,5,0,0.4,0.4,0.4,0.8,13,28,13,0.0,0.0,0.0,0.0,0.0,0.03,0.03,0.07,0.03,0.07,han noah massengo,Midfield,right,178.0,FR1,5000000.0,8000000.0,https://img.a.transfermarkt.technology/portrait/header/536508-1700738313.jpg?lm=1,https://www.transfermarkt.co.uk/han-noah-massengo/profil/spieler/536508
1808,Theo Bair,CAN,AT,24,29,11,939,10.4,2,1,3,2,0,0,1,0,3.0,3.0,1.2,4.2,15,16,42,0.19,0.1,0.29,0.19,0.29,0.29,0.11,0.4,0.29,0.4,theo bair,Attack,right,191.0,FR1,1800000.0,1800000.0,https://img.a.transfermarkt.technology/portrait/header/501709-1618858914.jpg?lm=1,https://www.transfermarkt.co.uk/theo-bair/profil/spieler/501709
1809,Paul Joly,FRA,DF,24,26,10,"1,009",11.2,0,1,1,0,0,0,3,1,0.6,0.6,1.3,1.9,28,51,61,0.0,0.09,0.09,0.0,0.09,0.05,0.12,0.17,0.05,0.17,paul joly,Defender,right,182.0,FR1,2000000.0,2500000.0,https://img.a.transfermarkt.technology/portrait/header/806168-1667290785.jpg?lm=1,https://www.transfermarkt.co.uk/paul-joly/profil/spieler/806168
1810,Ado Onaiwu,JPN,"MT,AT",28,31,9,957,10.6,4,1,5,4,0,0,1,1,4.0,4.0,1.1,5.1,17,33,74,0.38,0.09,0.47,0.38,0.47,0.37,0.1,0.47,0.37,0.47,ado onaiwu,Attack,right,180.0,FR1,1800000.0,1800000.0,https://img.a.transfermarkt.technology/portrait/header/308133-1548926945.jpg?lm=1,https://www.transfermarkt.co.uk/ado-onaiwu/profil/spieler/308133
1812,Assane Dioussé,SEN,MT,26,17,7,663,7.4,0,0,0,0,0,0,1,0,0.1,0.1,0.2,0.3,1,33,6,0.0,0.0,0.0,0.0,0.0,0.01,0.03,0.04,0.01,0.04,assane diousse,Midfield,left,175.0,FR1,800000.0,5000000.0,https://img.a.transfermarkt.technology/portrait/header/287635-1657714916.jpg?lm=1,https://www.transfermarkt.co.uk/assane-diousse/profil/spieler/287635
1813,Florian Ayé,FRA,AT,27,26,4,575,6.4,2,0,2,2,0,0,0,0,1.9,1.9,0.1,2.0,5,7,30,0.31,0.0,0.31,0.31,0.31,0.3,0.02,0.32,0.3,0.32,florian aye,Attack,right,184.0,FR1,1500000.0,4000000.0,https://img.a.transfermarkt.technology/portrait/header/372713-1567613065.jpg?lm=1,https://www.transfermarkt.co.uk/florian-aye/profil/spieler/372713
1815,Théo De Percin,MTQ,GB,23,2,2,180,2.0,0,0,0,0,0,0,0,0,0.0,0.0,0.0,0.0,0,0,0,0.0,0.0,0.0,0.0,0.0,0.0,0.0,0.0,0.0,0.0,theo de percin,Goalkeeper,right,185.0,FR1,300000.0,300000.0,https://img.a.transfermarkt.technology/portrait/header/695422-1672329898.jpg?lm=1,https://www.transfermarkt.co.uk/theo-de-percin/profil/spieler/695422
1818,Aristide Zossou,CIV,MT,19,3,0,16,0.2,0,0,0,0,0,0,0,0,0.0,0.0,0.0,0.0,1,2,3,0.0,0.0,0.0,0.0,0.0,0.0,0.0,0.0,0.0,0.0,aristide zossou,Attack,right,178.0,FR1,100000.0,100000.0,https://img.a.transfermarkt.technology/portrait/header/1310513-1741902394.jpg?lm=1,https://www.transfermarkt.co.uk/aristide-zossou/profil/spieler/1310513
1819,Eros Maddy,NED,DF,23,2,0,15,0.2,0,0,0,0,0,0,1,0,0.0,0.0,0.1,0.1,1,1,4,0.0,0.0,0.0,0.0,0.0,0.0,0.52,0.52,0.0,0.52,eros maddy,Attack,right,177.0,FR1,200000.0,250000.0,https://img.a.transfermarkt.technology/portrait/header/412934-1605470824.jpg?lm=1,https://www.transfermarkt.co.uk/eros-maddy/profil/spieler/412934
1822,Ben Viadere,FRA,MT,18,1,0,5,0.1,0,0,0,0,0,0,0,0,0.0,0.0,0.0,0.0,1,0,1,0.0,0.0,0.0,0.0,0.0,0.0,0.85,0.85,0.0,0.85,ben viadere,Midfield,right,176.0,FR1,,,https://img.a.transfermarkt.technology/portrait/header/default.jpg?lm=1,https://www.transfermarkt.co.uk/ben-viadere/profil/spieler/1048496
1823,Ludovic Blas,FRA,"MT,AT",26,29,26,"2,293",25.5,6,8,14,6,0,0,6,0,5.0,5.0,4.6,9.6,83,116,184,0.24,0.31,0.55,0.24,0.55,0.2,0.18,0.38,0.2,0.38,ludovic blas,Attack,left,180.0,FR1,18000000.0,22000000.0,https://img.a.transfermarkt.technology/portrait/header/288225-1596557793.jpg?lm=1,https://www.transfermarkt.co.uk/ludovic-blas/profil/spieler/288225
1824,Azor Matusiwa,NED,MT,26,29,23,"2,078",23.1,1,3,4,1,0,0,3,0,1.2,1.2,1.8,3.1,19,134,26,0.04,0.13,0.17,0.04,0.17,0.05,0.08,0.13,0.05,0.13,azor matusiwa,Midfield,right,173.0,FR1,10000000.0,13000000.0,https://img.a.transfermarkt.technology/portrait/header/315145-1639675049.png?lm=1,https://www.transfermarkt.co.uk/azor-matusiwa/profil/spieler/315145
1825,Hans Hateboer,NED,DF,30,26,18,"1,684",18.7,0,0,0,0,0,0,3,0,0.4,0.4,1.5,1.9,28,92,63,0.0,0.0,0.0,0.0,0.0,0.02,0.08,0.1,0.02,0.1,hans hateboer,Defender,right,187.0,FR1,3000000.0,18000000.0,https://img.a.transfermarkt.technology/portrait/header/275303-1661509184.jpg?lm=1,https://www.transfermarkt.co.uk/hans-hateboer/profil/spieler/275303
1826,Brice Samba,FRA,GB,30,17,17,"1,529",17.0,0,0,0,0,0,0,3,0,0.0,0.0,0.0,0.0,0,1,0,0.0,0.0,0.0,0.0,0.0,0.0,0.0,0.0,0.0,0.0,brice samba,Goalkeeper,left,187.0,FR1,15000000.0,15000000.0,https://img.a.transfermarkt.technology/portrait/header/191056-1602242038.jpg?lm=1,https://www.transfermarkt.co.uk/brice-samba/profil/spieler/191056
1827,Steve Mandanda,FRA,GB,39,18,17,"1,486",16.5,0,0,0,0,0,0,0,0,0.0,0.0,0.1,0.1,0,0,1,0.0,0.0,0.0,0.0,0.0,0.0,0.01,0.01,0.0,0.01,steve mandanda,Goalkeeper,right,187.0,FR1,700000.0,17000000.0,https://img.a.transfermarkt.technology/portrait/header/23951-1666698933.jpg?lm=1,https://www.transfermarkt.co.uk/steve-mandanda/profil/spieler/23951
1828,Christopher Wooh,CMR,DF,22,20,17,"1,456",16.2,0,0,0,0,0,0,6,1,1.3,1.3,0.1,1.4,14,59,2,0.0,0.0,0.0,0.0,0.0,0.08,0.0,0.09,0.08,0.09,christopher wooh,Defender,right,191.0,FR1,7000000.0,7000000.0,https://img.a.transfermarkt.technology/portrait/header/572326-1725959929.jpg?lm=1,https://www.transfermarkt.co.uk/christopher-wooh/profil/spieler/572326
1829,Lilian Brassier,FRA,DF,24,14,14,"1,234",13.7,1,1,2,1,0,0,1,0,1.5,1.5,0.3,1.8,21,75,11,0.07,0.07,0.15,0.07,0.15,0.11,0.02,0.13,0.11,0.13,lilian brassier,Defender,left,186.0,FR1,10000000.0,12000000.0,https://img.a.transfermarkt.technology/portrait/header/485960-1736237346.jpg?lm=1,https://www.transfermarkt.co.uk/lilian-brassier/profil/spieler/485960
1831,Jordan James,WAL,MT,20,23,14,"1,178",13.1,0,1,1,0,0,0,4,0,0.9,0.9,1.9,2.8,21,67,15,0.0,0.08,0.08,0.0,0.08,0.07,0.15,0.21,0.07,0.21,jordan james,Midfield,right,182.0,FR1,8000000.0,8000000.0,https://img.a.transfermarkt.technology/portrait/header/667517-1675157129.png?lm=1,https://www.transfermarkt.co.uk/jordan-james/profil/spieler/667517
1832,Djaoui Cissé,FRA,MT,20,14,14,"1,121",12.5,1,0,1,1,0,0,4,0,0.4,0.4,0.2,0.7,16,84,14,0.08,0.0,0.08,0.08,0.08,0.03,0.02,0.05,0.03,0.05,djaoui cisse,Midfield,right,188.0,FR1,5000000.0,5000000.0,https://img.a.transfermarkt.technology/portrait/header/931160-1740392570.jpg?lm=1,https://www.transfermarkt.co.uk/djaoui-cisse/profil/spieler/931160
1833,Amine Gouiri,ALG,"MT,AT",24,19,11,"1,037",11.5,3,2,5,3,0,0,2,0,3.5,3.5,0.4,3.9,22,46,63,0.26,0.17,0.43,0.26,0.43,0.3,0.03,0.34,0.3,0.34,amine gouiri,Attack,right,181.0,FR1,20000000.0,50000000.0,https://img.a.transfermarkt.technology/portrait/header/418659-1649428727.jpg?lm=1,https://www.transfermarkt.co.uk/amine-gouiri/profil/spieler/418659
1834,Anthony Rouault,FRA,DF,23,11,11,972,10.8,0,0,0,0,0,0,3,0,0.5,0.5,0.0,0.5,3,36,0,0.0,0.0,0.0,0.0,0.0,0.05,0.0,0.05,0.05,0.05,anthony rouault,Defender,right,186.0,FR1,10000000.0,10000000.0,https://img.a.transfermarkt.technology/portrait/header/690799-1723707069.jpg?lm=1,https://www.transfermarkt.co.uk/anthony-rouault/profil/spieler/690799
1835,Jérémy Jacquet,FRA,DF,19,11,11,927,10.3,0,1,1,0,0,0,0,0,0.8,0.8,0.8,1.6,8,40,4,0.0,0.1,0.1,0.0,0.1,0.08,0.08,0.16,0.08,0.16,jeremy jacquet,Defender,right,190.0,FR1,5000000.0,5000000.0,https://img.a.transfermarkt.technology/portrait/header/1004301-1714503850.jpg?lm=1,https://www.transfermarkt.co.uk/jeremy-jacquet/profil/spieler/1004301
1836,Alidu Seidu,GHA,DF,24,11,10,803,8.9,0,0,0,0,0,0,4,0,0.1,0.1,0.3,0.4,23,41,17,0.0,0.0,0.0,0.0,0.0,0.01,0.03,0.05,0.01,0.05,alidu seidu,Defender,right,173.0,FR1,9000000.0,9000000.0,https://img.a.transfermarkt.technology/portrait/header/798404-1679507806.jpg?lm=1,https://www.transfermarkt.co.uk/alidu-seidu/profil/spieler/798404
1837,Seko Fofana,CIV,MT,29,16,9,844,9.4,1,1,2,1,0,0,3,0,1.8,1.8,1.2,2.9,32,72,38,0.11,0.11,0.21,0.11,0.21,0.19,0.13,0.31,0.19,0.31,seko fofana,Midfield,right,185.0,FR1,12000000.0,32000000.0,https://img.a.transfermarkt.technology/portrait/header/182893-1653394911.jpg?lm=1,https://www.transfermarkt.co.uk/seko-fofana/profil/spieler/182893
1838,Albert Grønbaek,DEN,"MT,AT",23,16,9,813,9.0,2,1,3,2,0,0,1,0,1.5,1.5,1.0,2.5,23,30,58,0.22,0.11,0.33,0.22,0.33,0.17,0.12,0.28,0.17,0.28,albert grønbaek,Midfield,right,181.0,GB1,12000000.0,15000000.0,https://img.a.transfermarkt.technology/portrait/header/503866-1729079861.jpg?lm=1,https://www.transfermarkt.co.uk/albert-gronbaek/profil/spieler/503866
1842,Baptiste Santamaria,FRA,MT,29,10,5,482,5.4,0,1,1,0,0,0,1,0,0.1,0.1,0.3,0.4,3,28,9,0.0,0.19,0.19,0.0,0.19,0.02,0.05,0.07,0.02,0.07,baptiste santamaria,Midfield,right,183.0,FR1,7000000.0,16000000.0,https://img.a.transfermarkt.technology/portrait/header/285323-1739972064.jpg?lm=1,https://www.transfermarkt.co.uk/baptiste-santamaria/profil/spieler/285323
1843,Ismaël Koné,CAN,MT,22,13,4,469,5.2,2,1,3,2,0,0,1,0,0.2,0.2,1.3,1.5,16,30,16,0.38,0.19,0.58,0.38,0.58,0.03,0.25,0.28,0.03,0.28,ismaël kone,Midfield,right,188.0,FR1,10000000.0,12000000.0,https://img.a.transfermarkt.technology/portrait/header/921655-1646130817.jpg?lm=1,https://www.transfermarkt.co.uk/ismael-kone/profil/spieler/921655
1844,Mahamadou Nagida,CMR,DF,19,12,4,430,4.8,2,0,2,2,0,0,1,0,1.5,1.5,0.3,1.8,22,15,55,0.42,0.0,0.42,0.42,0.42,0.31,0.07,0.38,0.31,0.38,mahamadou nagida,Defender,left,176.0,FR1,1000000.0,1000000.0,https://img.a.transfermarkt.technology/portrait/header/1176345-1702911497.jpg?lm=1,https://www.transfermarkt.co.uk/mahamadou-nagida/profil/spieler/1176345
1845,Kazeem Olaigbe,BEL,"MT,AT",21,10,3,299,3.3,0,2,2,0,0,0,0,0,0.3,0.3,1.9,2.2,17,18,32,0.0,0.6,0.6,0.0,0.6,0.09,0.57,0.67,0.09,0.67,kazeem olaigbe,Attack,right,178.0,FR1,4000000.0,4000000.0,https://img.a.transfermarkt.technology/portrait/header/565406-1669378008.jpg?lm=1,https://www.transfermarkt.co.uk/kazeem-olaigbe/profil/spieler/565406
1847,Kyogo Furuhashi,JPN,AT,29,6,1,123,1.4,0,0,0,0,0,0,0,0,0.1,0.1,0.0,0.1,0,0,3,0.0,0.0,0.0,0.0,0.0,0.09,0.0,0.09,0.09,0.09,kyogo furuhashi,Attack,right,170.0,FR1,12000000.0,15000000.0,https://img.a.transfermarkt.technology/portrait/header/489463-1671709799.jpg?lm=1,https://www.transfermarkt.co.uk/kyogo-furuhashi/profil/spieler/489463
1848,Benjamin Bourigeaud,FRA,MT,30,1,1,80,0.9,1,0,1,1,0,0,0,0,0.2,0.2,0.0,0.2,0,4,4,1.13,0.0,1.13,1.13,1.13,0.17,0.0,0.17,0.17,0.17,benjamin bourigeaud,Midfield,right,178.0,FR1,18000000.0,18000000.0,https://img.a.transfermarkt.technology/portrait/header/266359-1668529076.jpg?lm=1,https://www.transfermarkt.co.uk/benjamin-bourigeaud/profil/spieler/266359
1850,Naouirou Ahamada,FRA,"MT,AT",22,3,0,58,0.6,0,0,0,0,0,0,0,0,0.0,0.0,0.0,0.0,2,1,1,0.0,0.0,0.0,0.0,0.0,0.03,0.0,0.03,0.03,0.03,naouirou ahamada,Midfield,right,183.0,FR1,5000000.0,10000000.0,https://img.a.transfermarkt.technology/portrait/header/538971-1657181756.jpg?lm=1,https://www.transfermarkt.co.uk/naouirou-ahamada/profil/spieler/538971
1851,Gauthier Gallon,FRA,GB,31,1,0,45,0.5,0,0,0,0,0,0,0,0,0.0,0.0,0.0,0.0,0,0,0,0.0,0.0,0.0,0.0,0.0,0.0,0.0,0.0,0.0,0.0,gauthier gallon,Goalkeeper,right,187.0,FR1,1000000.0,2500000.0,https://img.a.transfermarkt.technology/portrait/header/193256-1583139111.jpg?lm=1,https://www.transfermarkt.co.uk/gauthier-gallon/profil/spieler/193256
1852,Ayanda Sishuba,BEL,AT,19,1,0,3,0.0,0,0,0,0,0,0,0,0,0.0,0.0,0.0,0.0,0,0,0,0.0,0.0,0.0,0.0,0.0,0.0,0.0,0.0,0.0,0.0,ayanda sishuba,Midfield,right,169.0,FR1,2000000.0,2000000.0,https://img.a.transfermarkt.technology/portrait/header/977877-1672604146.jpg?lm=1,https://www.transfermarkt.co.uk/ayanda-sishuba/profil/spieler/977877
1853,Matthis Abline,FRA,AT,21,34,33,"2,768",30.8,9,2,11,8,1,1,3,0,8.5,7.7,3.8,11.5,75,48,169,0.29,0.07,0.36,0.26,0.33,0.28,0.12,0.4,0.25,0.37,matthis abline,Attack,right,182.0,FR1,12000000.0,12000000.0,https://img.a.transfermarkt.technology/portrait/header/659543-1704213657.jpg?lm=1,https://www.transfermarkt.co.uk/matthis-abline/profil/spieler/659543
1854,Pedro Chirivella,ESP,MT,27,30,28,"2,348",26.1,0,2,2,0,0,0,6,0,0.5,0.5,1.8,2.2,16,170,25,0.0,0.08,0.08,0.0,0.08,0.02,0.07,0.09,0.02,0.09,pedro chirivella,Midfield,right,178.0,FR1,5000000.0,7000000.0,https://img.a.transfermarkt.technology/portrait/header/242273-1703065623.jpg?lm=1,https://www.transfermarkt.co.uk/pedro-chirivella/profil/spieler/242273
1856,Kelvin Amian,FRA,DF,26,30,23,"2,165",24.1,1,0,1,1,0,0,5,0,1.0,1.0,0.8,1.8,32,73,77,0.04,0.0,0.04,0.04,0.04,0.04,0.03,0.08,0.04,0.08,kelvin amian,Defender,right,180.0,FR1,2500000.0,7000000.0,https://img.a.transfermarkt.technology/portrait/header/344072-1638174640.jpg?lm=1,https://www.transfermarkt.co.uk/kelvin-amian/profil/spieler/344072
1857,Johann Lepenant,FRA,MT,21,29,23,"2,048",22.8,2,1,3,2,0,0,3,0,1.4,1.4,0.9,2.3,25,89,62,0.09,0.04,0.13,0.09,0.13,0.06,0.04,0.1,0.06,0.1,johann lepenant,Midfield,right,176.0,FR1,7000000.0,10000000.0,https://img.a.transfermarkt.technology/portrait/header/585973-1672830993.jpg?lm=1,https://www.transfermarkt.co.uk/johann-lepenant/profil/spieler/585973
1858,Nicolas Pallois,FRA,DF,36,26,23,"2,017",22.4,0,2,2,0,0,0,9,0,0.4,0.4,0.4,0.8,6,52,5,0.0,0.09,0.09,0.0,0.09,0.02,0.02,0.04,0.02,0.04,nicolas pallois,Defender,left,189.0,FR1,500000.0,3500000.0,https://img.a.transfermarkt.technology/portrait/header/139279-1704213256.jpg?lm=1,https://www.transfermarkt.co.uk/nicolas-pallois/profil/spieler/139279
1859,Anthony Lopes,POR,GB,33,18,18,"1,563",17.4,0,0,0,0,0,0,2,0,0.0,0.0,0.0,0.0,0,0,0,0.0,0.0,0.0,0.0,0.0,0.0,0.0,0.0,0.0,0.0,anthony lopes,Goalkeeper,left,184.0,FR1,1500000.0,25000000.0,https://img.a.transfermarkt.technology/portrait/header/60561-1640775949.jpg?lm=1,https://www.transfermarkt.co.uk/anthony-lopes/profil/spieler/60561
1860,Nathan Zeze,FRA,DF,19,18,17,"1,512",16.8,0,0,0,0,0,0,6,0,0.3,0.3,0.0,0.3,2,46,0,0.0,0.0,0.0,0.0,0.0,0.02,0.0,0.02,0.02,0.02,nathan zeze,Defender,left,190.0,FR1,12000000.0,12000000.0,https://img.a.transfermarkt.technology/portrait/header/923832-1703065128.jpg?lm=1,https://www.transfermarkt.co.uk/nathan-zeze/profil/spieler/923832
1861,Alban Lafont,FRA,GB,25,12,12,"1,080",12.0,0,0,0,0,0,0,1,0,0.0,0.0,0.0,0.0,0,0,0,0.0,0.0,0.0,0.0,0.0,0.0,0.0,0.0,0.0,0.0,alban lafont,Goalkeeper,right,196.0,FR1,4000000.0,20000000.0,https://img.a.transfermarkt.technology/portrait/header/357117-1704212970.jpg?lm=1,https://www.transfermarkt.co.uk/alban-lafont/profil/spieler/357117
1862,Mostafa Mohamed,EGY,AT,26,30,11,"1,252",13.9,5,0,5,5,0,0,3,0,5.5,5.5,0.4,5.9,11,20,50,0.36,0.0,0.36,0.36,0.36,0.4,0.03,0.43,0.4,0.43,mostafa mohamed,Attack,right,185.0,FR1,6000000.0,10000000.0,https://img.a.transfermarkt.technology/portrait/header/462348-1703065403.jpg?lm=1,https://www.transfermarkt.co.uk/mostafa-mohamed/profil/spieler/462348
1863,Marcus Coco,FRA,DF,28,20,10,951,10.6,0,1,1,0,0,0,3,2,0.1,0.1,1.2,1.3,12,34,40,0.0,0.09,0.09,0.0,0.09,0.01,0.12,0.12,0.01,0.12,marcus coco,Defender,right,184.0,FR1,1500000.0,3000000.0,https://img.a.transfermarkt.technology/portrait/header/353365-1704213736.jpg?lm=1,https://www.transfermarkt.co.uk/marcus-coco/profil/spieler/353365
1865,Louis Leroux,FRA,"MT,DF",18,16,8,816,9.1,2,1,3,2,0,0,1,0,1.5,1.5,1.3,2.8,11,31,14,0.22,0.11,0.33,0.22,0.33,0.16,0.15,0.31,0.16,0.31,louis leroux,Midfield,left,184.0,FR1,2000000.0,2000000.0,https://img.a.transfermarkt.technology/portrait/header/1119456-1740392399.jpg?lm=1,https://www.transfermarkt.co.uk/louis-leroux/profil/spieler/1119456
1866,Jean-Kevin Duverne,HAI,DF,27,9,7,537,6.0,0,0,0,0,0,0,2,0,0.3,0.3,0.1,0.4,6,22,8,0.0,0.0,0.0,0.0,0.0,0.05,0.02,0.06,0.05,0.06,jean kevin duverne,Defender,right,186.0,BE1,3000000.0,4000000.0,https://img.a.transfermarkt.technology/portrait/header/344864-1704213124.jpg?lm=1,https://www.transfermarkt.co.uk/jean-kevin-duverne/profil/spieler/344864
1867,Tino Kadewere,ZIM,"MT,AT",28,12,6,512,5.7,1,2,3,1,0,0,1,0,1.7,1.7,1.0,2.7,5,19,27,0.18,0.35,0.53,0.18,0.53,0.3,0.17,0.47,0.3,0.47,tino kadewere,Attack,right,183.0,FR1,3000000.0,14000000.0,https://img.a.transfermarkt.technology/portrait/header/384060-1640776127.jpg?lm=1,https://www.transfermarkt.co.uk/tino-kadewere/profil/spieler/384060
1868,Patrik Carlgren,SWE,GB,32,5,4,417,4.6,0,0,0,0,0,0,0,0,0.0,0.0,0.0,0.0,0,0,0,0.0,0.0,0.0,0.0,0.0,0.0,0.0,0.0,0.0,0.0,patrik carlgren,Goalkeeper,right,189.0,FR1,800000.0,1200000.0,https://img.a.transfermarkt.technology/portrait/header/190280-1726237403.jpg?lm=1,https://www.transfermarkt.co.uk/patrik-carlgren/profil/spieler/190280
1869,Fabien Centonze,FRA,DF,28,7,3,265,2.9,0,0,0,0,0,0,0,0,0.0,0.0,0.2,0.2,10,15,31,0.0,0.0,0.0,0.0,0.0,0.0,0.05,0.05,0.0,0.05,fabien centonze,Defender,right,182.0,FR1,2000000.0,8000000.0,https://img.a.transfermarkt.technology/portrait/header/384859-1703065658.jpg?lm=1,https://www.transfermarkt.co.uk/fabien-centonze/profil/spieler/384859
1870,Florent Mollet,FRA,"MT,AT",32,9,3,242,2.7,0,0,0,0,0,0,1,0,0.3,0.3,0.3,0.7,3,9,12,0.0,0.0,0.0,0.0,0.0,0.12,0.13,0.24,0.12,0.24,florent mollet,Midfield,right,175.0,FR1,1500000.0,9000000.0,https://img.a.transfermarkt.technology/portrait/header/222859-1704213537.jpg?lm=1,https://www.transfermarkt.co.uk/florent-mollet/profil/spieler/222859
1871,Francis Coquelin,FRA,MT,33,6,3,224,2.5,1,1,2,1,0,0,1,0,1.0,1.0,1.1,2.1,3,8,2,0.4,0.4,0.8,0.4,0.8,0.42,0.44,0.86,0.42,0.86,francis coquelin,Midfield,right,177.0,FR1,1000000.0,24000000.0,https://img.a.transfermarkt.technology/portrait/header/74869-1515684724.jpg?lm=1,https://www.transfermarkt.co.uk/francis-coquelin/profil/spieler/74869
1876,Jordan Lefort,FRA,DF,30,34,34,"3,060",34.0,0,1,1,0,0,0,3,0,0.6,0.6,1.1,1.6,6,89,13,0.0,0.03,0.03,0.0,0.03,0.02,0.03,0.05,0.02,0.05,jordan lefort,Defender,left,184.0,FR1,1200000.0,3000000.0,https://img.a.transfermarkt.technology/portrait/header/192492-1544024064.jpg?lm=1,https://www.transfermarkt.co.uk/jordan-lefort/profil/spieler/192492
1877,Yahia Fofana,CIV,GB,23,33,33,"2,970",33.0,0,0,0,0,0,0,4,0,0.0,0.0,0.1,0.1,0,0,0,0.0,0.0,0.0,0.0,0.0,0.0,0.0,0.0,0.0,0.0,yahia fofana,Goalkeeper,right,194.0,FR1,6000000.0,6000000.0,https://img.a.transfermarkt.technology/portrait/header/418651-1672669760.jpg?lm=1,https://www.transfermarkt.co.uk/yahia-fofana/profil/spieler/418651
1878,Himad Abdelli,ALG,"MT,AT",24,32,32,"2,842",31.6,6,1,7,3,3,4,4,0,6.4,3.2,3.2,6.4,107,207,111,0.19,0.03,0.22,0.1,0.13,0.2,0.1,0.3,0.1,0.2,himad abdelli,Midfield,right,185.0,FR1,7000000.0,7000000.0,https://img.a.transfermarkt.technology/portrait/header/592979-1672670828.jpg?lm=1,https://www.transfermarkt.co.uk/himad-abdelli/profil/spieler/592979
1879,Florent Hanin,ALG,DF,34,33,31,"2,672",29.7,1,2,3,1,0,0,2,0,0.9,0.9,1.9,2.8,48,99,108,0.03,0.07,0.1,0.03,0.1,0.03,0.06,0.1,0.03,0.1,florent hanin,Defender,left,177.0,FR1,350000.0,2000000.0,https://img.a.transfermarkt.technology/portrait/header/111811-1547404478.png?lm=1,https://www.transfermarkt.co.uk/florent-hanin/profil/spieler/111811
1880,Jean-Eudes Aholou,CIV,MT,30,26,26,"1,959",21.8,2,0,2,2,0,0,7,0,1.8,1.8,1.0,2.8,15,68,16,0.09,0.0,0.09,0.09,0.09,0.08,0.05,0.13,0.08,0.13,jean eudes aholou,Midfield,left,186.0,FR1,2000000.0,10000000.0,https://img.a.transfermarkt.technology/portrait/header/178313-1525697526.jpg?lm=1,https://www.transfermarkt.co.uk/jean-eudes-aholou/profil/spieler/178313
1881,Carlens Arcus,HAI,DF,28,28,25,"2,047",22.7,0,1,1,0,0,0,3,0,0.0,0.0,1.4,1.4,39,70,79,0.0,0.04,0.04,0.0,0.04,0.0,0.06,0.06,0.0,0.06,carlens arcus,Defender,right,176.0,FR1,1500000.0,1800000.0,https://img.a.transfermarkt.technology/portrait/header/371686-1599423865.jpg?lm=1,https://www.transfermarkt.co.uk/carlens-arcus/profil/spieler/371686
1882,Jim Allevinah,GAB,AT,29,28,23,"1,750",19.4,1,3,4,1,0,0,3,0,4.2,4.2,2.5,6.7,57,48,99,0.05,0.15,0.21,0.05,0.21,0.22,0.13,0.35,0.22,0.35,jim allevinah,Attack,right,172.0,FR1,1800000.0,2500000.0,https://img.a.transfermarkt.technology/portrait/header/646733-1679510299.jpg?lm=1,https://www.transfermarkt.co.uk/jim-allevinah/profil/spieler/646733
1883,Farid El Melali,ALG,AT,27,32,22,"1,893",21.0,2,3,5,2,0,0,1,0,3.6,3.6,3.1,6.7,62,43,113,0.1,0.14,0.24,0.1,0.24,0.17,0.15,0.32,0.17,0.32,farid el melali,Attack,both,168.0,FR1,4000000.0,4000000.0,https://img.a.transfermarkt.technology/portrait/header/425400-1672670238.jpg?lm=1,https://www.transfermarkt.co.uk/farid-el-melali/profil/spieler/425400
1884,Haris Belkebla,ALG,MT,30,22,21,"1,792",19.9,0,1,1,0,0,0,1,0,0.1,0.1,0.9,1.0,8,69,15,0.0,0.05,0.05,0.0,0.05,0.0,0.05,0.05,0.0,0.05,haris belkebla,Midfield,right,177.0,FR1,2000000.0,4000000.0,https://img.a.transfermarkt.technology/portrait/header/138055-1617877225.jpg?lm=1,https://www.transfermarkt.co.uk/haris-belkebla/profil/spieler/138055
1885,Esteban Lepaul,FRA,AT,24,28,18,"1,629",18.1,9,0,9,9,0,0,2,0,5.1,5.1,0.8,6.0,26,20,68,0.5,0.0,0.5,0.5,0.5,0.28,0.05,0.33,0.28,0.33,esteban lepaul,Attack,right,181.0,FR1,5000000.0,5000000.0,https://img.a.transfermarkt.technology/portrait/header/461607-1737976018.jpg?lm=1,https://www.transfermarkt.co.uk/esteban-lepaul/profil/spieler/461607
1886,Yassin Belkhdim,FRA,MT,22,29,16,"1,523",16.9,1,1,2,1,0,0,4,0,0.8,0.8,0.6,1.4,17,37,31,0.06,0.06,0.12,0.06,0.12,0.05,0.04,0.08,0.05,0.08,yassin belkhdim,Midfield,right,175.0,FR1,800000.0,800000.0,https://img.a.transfermarkt.technology/portrait/header/807688-1672329587.jpg?lm=1,https://www.transfermarkt.co.uk/yassin-belkhdim/profil/spieler/807688
1887,Abdoulaye Bamba,CIV,DF,34,19,16,"1,510",16.8,0,0,0,0,0,0,2,0,0.1,0.1,0.3,0.4,1,16,3,0.0,0.0,0.0,0.0,0.0,0.01,0.02,0.02,0.01,0.02,abdoulaye bamba,Defender,right,182.0,FR1,350000.0,3000000.0,https://img.a.transfermarkt.technology/portrait/header/62351-1588852339.jpg?lm=1,https://www.transfermarkt.co.uk/abdoulaye-bamba/profil/spieler/62351
1888,Emmanuel Biumla,FRA,DF,19,17,15,"1,336",14.8,1,0,1,1,0,0,2,0,0.7,0.7,0.0,0.8,3,16,0,0.07,0.0,0.07,0.07,0.07,0.05,0.0,0.05,0.05,0.05,emmanuel biumla,Defender,right,185.0,FR1,4000000.0,4000000.0,https://img.a.transfermarkt.technology/portrait/header/default.jpg?lm=1,https://www.transfermarkt.co.uk/emmanuel-biumla/profil/spieler/1071956
1889,Ibrahima Niane,SEN,AT,25,24,8,943,10.5,3,1,4,2,1,1,0,0,5.7,4.9,1.0,6.0,19,9,50,0.29,0.1,0.38,0.19,0.29,0.55,0.1,0.64,0.47,0.57,ibrahima niane,Attack,right,187.0,FR1,1500000.0,9000000.0,https://img.a.transfermarkt.technology/portrait/header/490417-1511780508.jpg?lm=1,https://www.transfermarkt.co.uk/ibrahima-niane/profil/spieler/490417
1890,Bamba Dieng,SEN,AT,24,18,5,532,5.9,3,0,3,2,1,1,1,0,3.1,2.3,0.0,2.4,6,7,35,0.51,0.0,0.51,0.34,0.34,0.53,0.01,0.53,0.39,0.4,bamba dieng,Attack,right,178.0,FR1,3500000.0,10000000.0,https://img.a.transfermarkt.technology/portrait/header/822458-1668163298.jpg?lm=1,https://www.transfermarkt.co.uk/bamba-dieng/profil/spieler/822458
1891,Zinédine Ould Khaled,FRA,MT,24,10,4,343,3.8,0,0,0,0,0,0,1,0,0.0,0.0,0.0,0.0,2,11,5,0.0,0.0,0.0,0.0,0.0,0.01,0.0,0.01,0.01,0.01,zinedine ould khaled,Midfield,right,195.0,FR1,300000.0,400000.0,https://img.a.transfermarkt.technology/portrait/header/650104-1595883345.jpg?lm=1,https://www.transfermarkt.co.uk/zinedine-ould-khaled/profil/spieler/650104
1892,Pierrick Capelle,FRA,MT,37,16,3,483,5.4,0,0,0,0,0,0,4,0,0.2,0.2,1.2,1.4,10,22,17,0.0,0.0,0.0,0.0,0.0,0.04,0.22,0.26,0.04,0.26,pierrick capelle,Midfield,left,181.0,FR1,200000.0,2000000.0,https://img.a.transfermarkt.technology/portrait/header/214532-1595883152.jpg?lm=1,https://www.transfermarkt.co.uk/pierrick-capelle/profil/spieler/214532
1893,Sidiki Cherif,FRA,AT,17,7,3,324,3.6,0,0,0,0,0,0,0,0,0.7,0.7,0.2,0.9,8,3,16,0.0,0.0,0.0,0.0,0.0,0.2,0.05,0.25,0.2,0.25,sidiki cherif,Attack,right,185.0,FR1,1000000.0,1000000.0,https://img.a.transfermarkt.technology/portrait/header/986288-1728485121.jpg?lm=1,https://www.transfermarkt.co.uk/sidiki-cherif/profil/spieler/986288
1895,Cédric Hountondji,BEN,DF,30,3,3,270,3.0,0,0,0,0,0,0,0,0,0.0,0.0,0.0,0.0,0,1,0,0.0,0.0,0.0,0.0,0.0,0.0,0.0,0.0,0.0,0.0,cedric hountondji,Defender,right,194.0,FR1,1500000.0,3000000.0,https://img.a.transfermarkt.technology/portrait/header/198709-1625741459.jpg?lm=1,https://www.transfermarkt.co.uk/cedric-hountondji/profil/spieler/198709
1896,Ousmane Camara,FRA,DF,21,3,3,252,2.8,0,0,0,0,0,0,1,0,0.1,0.1,0.0,0.1,0,3,0,0.0,0.0,0.0,0.0,0.0,0.03,0.01,0.04,0.03,0.04,ousmane camara,Defender,right,197.0,FR1,500000.0,2000000.0,https://img.a.transfermarkt.technology/portrait/header/804711-1672669470.jpg?lm=1,https://www.transfermarkt.co.uk/ousmane-camara/profil/spieler/804711
1897,Melvin Zinga,FRA,GB,22,1,1,90,1.0,0,0,0,0,0,0,0,0,0.0,0.0,0.0,0.0,0,0,0,0.0,0.0,0.0,0.0,0.0,0.0,0.0,0.0,0.0,0.0,melvin zinga,Goalkeeper,left,187.0,FR1,250000.0,250000.0,https://img.a.transfermarkt.technology/portrait/header/548347-1672670099.jpg?lm=1,https://www.transfermarkt.co.uk/melvin-zinga/profil/spieler/548347
1902,Gautier Lloris,FRA,DF,29,31,31,"2,768",30.8,2,1,3,2,0,0,5,0,1.2,1.2,0.9,2.0,13,99,7,0.07,0.03,0.1,0.07,0.1,0.04,0.03,0.07,0.04,0.07,gautier lloris,Defender,left,191.0,FR1,3000000.0,3000000.0,https://img.a.transfermarkt.technology/portrait/header/249636-1704795536.jpg?lm=1,https://www.transfermarkt.co.uk/gautier-lloris/profil/spieler/249636
1903,Abdoulaye Touré,GUI,MT,30,28,26,"2,324",25.8,10,1,11,2,8,9,5,0,9.4,2.2,0.4,2.6,17,109,28,0.39,0.04,0.43,0.08,0.12,0.37,0.02,0.38,0.08,0.1,abdoulaye toure,Midfield,right,188.0,FR1,3000000.0,10000000.0,https://img.a.transfermarkt.technology/portrait/header/181382-1485420758.jpg?lm=1,https://www.transfermarkt.co.uk/abdoulaye-toure/profil/spieler/181382
1904,Etienne Youte Kinkoue,FRA,DF,22,28,26,"2,320",25.8,0,0,0,0,0,0,4,1,1.3,1.3,0.2,1.5,12,63,4,0.0,0.0,0.0,0.0,0.0,0.05,0.01,0.06,0.05,0.06,etienne youte kinkoue,Defender,right,196.0,FR1,8000000.0,8000000.0,https://img.a.transfermarkt.technology/portrait/header/639712-1732894435.jpg?lm=1,https://www.transfermarkt.co.uk/etienne-youte-kinkoue/profil/spieler/639712
1905,Yassine Kechta,MAR,"MT,AT",22,31,25,"2,096",23.3,2,0,2,2,0,0,4,0,2.5,2.5,1.2,3.7,44,97,85,0.09,0.0,0.09,0.09,0.09,0.11,0.05,0.16,0.11,0.16,yassine kechta,Midfield,left,174.0,FR1,5000000.0,5000000.0,https://img.a.transfermarkt.technology/portrait/header/667967-1675949617.jpg?lm=1,https://www.transfermarkt.co.uk/yassine-kechta/profil/spieler/667967
1906,Arthur Desmas,FRA,GB,30,18,18,"1,620",18.0,0,0,0,0,0,0,2,0,0.0,0.0,0.0,0.0,0,0,0,0.0,0.0,0.0,0.0,0.0,0.0,0.0,0.0,0.0,0.0,arthur desmas,Goalkeeper,right,196.0,FR1,1500000.0,2500000.0,https://img.a.transfermarkt.technology/portrait/header/379869-1625740346.jpg?lm=1,https://www.transfermarkt.co.uk/arthur-desmas/profil/spieler/379869
1907,Mathieu Gorgelin,FRA,GB,33,16,16,"1,440",16.0,0,0,0,0,0,0,2,0,0.0,0.0,0.0,0.0,0,0,0,0.0,0.0,0.0,0.0,0.0,0.0,0.0,0.0,0.0,0.0,mathieu gorgelin,Goalkeeper,left,187.0,FR1,200000.0,1000000.0,https://img.a.transfermarkt.technology/portrait/header/60543-1704795204.jpg?lm=1,https://www.transfermarkt.co.uk/mathieu-gorgelin/profil/spieler/60543
1908,Arouna Sangante,SEN,DF,22,16,16,"1,244",13.8,3,0,3,3,0,0,4,1,1.0,1.0,0.1,1.1,11,48,3,0.22,0.0,0.22,0.22,0.22,0.07,0.01,0.08,0.07,0.08,arouna sangante,Defender,right,189.0,FR1,10000000.0,10000000.0,https://img.a.transfermarkt.technology/portrait/header/768380-1738244271.jpg?lm=1,https://www.transfermarkt.co.uk/arouna-sangante/profil/spieler/768380
1909,André Ayew,GHA,AT,34,27,15,"1,453",16.1,4,1,5,4,0,0,2,0,4.3,4.3,0.2,4.6,5,18,43,0.25,0.06,0.31,0.25,0.31,0.27,0.02,0.28,0.27,0.28,andre ayew,Attack,left,175.0,FR1,700000.0,18000000.0,https://img.a.transfermarkt.technology/portrait/header/45403-1668429304.jpg?lm=1,https://www.transfermarkt.co.uk/andre-ayew/profil/spieler/45403
1910,Timothee Pembele,FRA,DF,21,20,12,"1,113",12.4,1,0,1,1,0,0,3,0,1.3,1.3,0.1,1.4,27,43,44,0.08,0.0,0.08,0.08,0.08,0.1,0.01,0.11,0.1,0.11,timothee pembele,Defender,right,183.0,FR1,2500000.0,7000000.0,https://img.a.transfermarkt.technology/portrait/header/538998-1602848514.jpg?lm=1,https://www.transfermarkt.co.uk/timothee-pembele/profil/spieler/538998
1911,Oussama Targhalline,MAR,MT,22,14,12,990,11.0,0,0,0,0,0,0,0,0,0.1,0.1,0.7,0.9,25,66,34,0.0,0.0,0.0,0.0,0.0,0.01,0.06,0.08,0.01,0.08,oussama targhalline,Midfield,right,186.0,NL1,4000000.0,4000000.0,https://img.a.transfermarkt.technology/portrait/header/667965-1741951121.jpg?lm=1,https://www.transfermarkt.co.uk/oussama-targhalline/profil/spieler/667965
1912,Rassoul Ndiaye,SEN,MT,22,27,11,"1,061",11.8,1,0,1,1,0,0,2,0,1.7,1.7,0.6,2.4,6,46,30,0.08,0.0,0.08,0.08,0.08,0.15,0.05,0.2,0.15,0.2,rassoul ndiaye,Midfield,right,179.0,FR1,2500000.0,4000000.0,https://img.a.transfermarkt.technology/portrait/header/662242-1654095080.jpg?lm=1,https://www.transfermarkt.co.uk/rassoul-ndiaye/profil/spieler/662242
1913,Junior Mwanga,FRA,MT,21,11,11,952,10.6,1,2,3,1,0,0,1,1,1.3,1.3,1.0,2.3,15,42,15,0.09,0.19,0.28,0.09,0.28,0.12,0.1,0.22,0.12,0.22,junior mwanga,Midfield,both,184.0,FR1,6000000.0,7000000.0,https://img.a.transfermarkt.technology/portrait/header/1011200-1732575482.png?lm=1,https://www.transfermarkt.co.uk/junior-mwanga/profil/spieler/1011200
1915,Antoine Joujou,FRA,"MT,AT",21,26,9,943,10.5,0,2,2,0,0,0,1,0,0.6,0.6,3.0,3.7,44,18,85,0.0,0.19,0.19,0.0,0.19,0.06,0.29,0.35,0.06,0.35,antoine joujou,Attack,right,189.0,FR1,2500000.0,2500000.0,https://img.a.transfermarkt.technology/portrait/header/1028162-1683803729.jpg?lm=1,https://www.transfermarkt.co.uk/antoine-joujou/profil/spieler/1028162
1916,Yoann Salmier,GUF,DF,31,13,9,797,8.9,0,0,0,0,0,0,3,0,0.8,0.8,0.2,1.1,7,24,1,0.0,0.0,0.0,0.0,0.0,0.1,0.02,0.12,0.1,0.12,yoann salmier,Defender,right,188.0,FR1,1500000.0,2000000.0,https://img.a.transfermarkt.technology/portrait/header/351843-1551180384.jpg?lm=1,https://www.transfermarkt.co.uk/yoann-salmier/profil/spieler/351843
1917,Mahamadou Diawara,FRA,MT,19,15,6,582,6.5,0,1,1,0,0,0,0,0,0.4,0.4,0.4,0.8,9,16,6,0.0,0.15,0.15,0.0,0.15,0.06,0.06,0.12,0.06,0.12,mahamadou diawara,Midfield,left,187.0,FR1,2500000.0,3000000.0,https://img.a.transfermarkt.technology/portrait/header/1053147-1713179514.jpeg?lm=1,https://www.transfermarkt.co.uk/mahamadou-diawara/profil/spieler/1053147
1918,Daler Kuzyaev,RUS,MT,31,12,6,567,6.3,1,0,1,1,0,0,1,0,0.2,0.2,0.6,0.8,4,32,9,0.16,0.0,0.16,0.16,0.16,0.03,0.09,0.12,0.03,0.12,daler kuzyaev,Midfield,right,182.0,FR1,5000000.0,11000000.0,https://img.a.transfermarkt.technology/portrait/header/279570-1658064471.png?lm=1,https://www.transfermarkt.co.uk/daler-kuzyaev/profil/spieler/279570
1919,Steve Ngoura,FRA,AT,19,8,2,289,3.2,0,0,0,0,0,0,0,0,1.3,1.3,0.4,1.7,3,8,19,0.0,0.0,0.0,0.0,0.0,0.4,0.14,0.54,0.4,0.54,steve ngoura,Attack,right,193.0,BE1,800000.0,800000.0,https://img.a.transfermarkt.technology/portrait/header/923838-1725962124.jpg?lm=1,https://www.transfermarkt.co.uk/steve-ngoura/profil/spieler/923838
1920,Samuel Grandsir,FRA,"MT,AT",27,6,0,84,0.9,0,0,0,0,0,0,0,0,0.0,0.0,0.6,0.6,5,6,5,0.0,0.0,0.0,0.0,0.0,0.0,0.67,0.67,0.0,0.67,samuel grandsir,Attack,right,170.0,FR1,1500000.0,5000000.0,https://img.a.transfermarkt.technology/portrait/header/432772-1646080113.JPG?lm=1,https://www.transfermarkt.co.uk/samuel-grandsir/profil/spieler/432772
1921,Elysée Logbo,FRA,AT,20,1,0,27,0.3,0,0,0,0,0,0,0,0,0.2,0.2,0.0,0.2,0,0,2,0.0,0.0,0.0,0.0,0.0,0.61,0.0,0.61,0.61,0.61,elysee logbo,Attack,left,188.0,FR1,600000.0,800000.0,https://img.a.transfermarkt.technology/portrait/header/770407-1741897086.jpg?lm=1,https://www.transfermarkt.co.uk/elysee-logbo/profil/spieler/770407
1922,Mathéo Bodmer,FRA,MT,20,1,0,6,0.1,0,0,0,0,0,0,0,0,0.0,0.0,0.0,0.0,0,0,0,0.0,0.0,0.0,0.0,0.0,0.0,0.0,0.0,0.0,0.0,matheo bodmer,Midfield,right,179.0,FR1,,,https://img.a.transfermarkt.technology/portrait/header/default.jpg?lm=1,https://www.transfermarkt.co.uk/matheo-bodmer/profil/spieler/770438
1923,Kandet Diawara,GUI,AT,24,1,0,4,0.0,0,0,0,0,0,0,0,0,0.0,0.0,0.0,0.0,0,0,0,0.0,0.0,0.0,0.0,0.0,0.0,0.0,0.0,0.0,0.0,kandet diawara,Attack,right,180.0,FR1,400000.0,400000.0,https://img.a.transfermarkt.technology/portrait/header/default.jpg?lm=1,https://www.transfermarkt.co.uk/kandet-diawara/profil/spieler/575319
1925,Yehvann Diouf,SEN,GB,24,34,34,"3,060",34.0,0,0,0,0,0,0,1,0,0.1,0.1,0.0,0.1,0,1,0,0.0,0.0,0.0,0.0,0.0,0.0,0.0,0.0,0.0,0.0,yehvann diouf,Goalkeeper,right,190.0,FR1,9000000.0,10000000.0,https://img.a.transfermarkt.technology/portrait/header/448632-1723831136.png?lm=1,https://www.transfermarkt.co.uk/yehvann-diouf/profil/spieler/448632
1927,Sergio Akieme,ESP,DF,26,30,29,"2,523",28.0,2,3,5,2,0,0,5,0,1.5,1.5,2.5,4.0,55,86,97,0.07,0.11,0.18,0.07,0.18,0.05,0.09,0.14,0.05,0.14,sergio akieme,Defender,left,175.0,FR1,7000000.0,9000000.0,https://img.a.transfermarkt.technology/portrait/header/355627-1723835849.png?lm=1,https://www.transfermarkt.co.uk/sergio-akieme/profil/spieler/355627
1928,Cédric Kipré,CIV,DF,27,28,26,"2,190",24.3,0,1,1,0,0,0,4,2,0.6,0.6,1.3,2.0,16,77,3,0.0,0.04,0.04,0.0,0.04,0.03,0.06,0.08,0.03,0.08,cedric kipre,Defender,right,193.0,FR1,3000000.0,3000000.0,https://img.a.transfermarkt.technology/portrait/header/364827-1723832143.png?lm=1,https://www.transfermarkt.co.uk/cedric-kipre/profil/spieler/364827
1929,Aurélio Buta,POR,DF,27,27,24,"1,970",21.9,0,1,1,0,0,0,5,0,0.3,0.3,0.8,1.1,28,83,64,0.0,0.05,0.05,0.0,0.05,0.01,0.04,0.05,0.01,0.05,aurelio buta,Defender,right,172.0,FR1,5000000.0,8000000.0,https://img.a.transfermarkt.technology/portrait/header/258039-1725288770.png?lm=1,https://www.transfermarkt.co.uk/aurelio-buta/profil/spieler/258039
1930,Joseph Okumu,KEN,DF,27,22,20,"1,695",18.8,1,0,1,1,0,0,5,1,1.0,1.0,0.1,1.2,18,116,1,0.05,0.0,0.05,0.05,0.05,0.05,0.01,0.06,0.05,0.06,joseph okumu,Defender,right,190.0,FR1,7000000.0,9000000.0,https://img.a.transfermarkt.technology/portrait/header/453376-1723832031.png?lm=1,https://www.transfermarkt.co.uk/joseph-okumu/profil/spieler/453376
1931,Oumar Diakité,CIV,AT,20,26,20,"1,628",18.1,4,1,5,4,0,1,6,0,5.5,4.7,1.1,5.8,24,44,93,0.22,0.06,0.28,0.22,0.28,0.3,0.06,0.36,0.26,0.32,oumar diakite,Attack,right,185.0,FR1,7000000.0,9000000.0,https://img.a.transfermarkt.technology/portrait/header/847279-1723837401.png?lm=1,https://www.transfermarkt.co.uk/oumar-diakite/profil/spieler/847279
1932,Marshall Munetsi,ZIM,MT,28,19,19,"1,692",18.8,4,2,6,4,0,0,5,0,4.0,4.0,2.0,5.9,8,26,48,0.21,0.11,0.32,0.21,0.32,0.21,0.11,0.32,0.21,0.32,marshall munetsi,Midfield,right,188.0,GB1,15000000.0,15000000.0,https://img.a.transfermarkt.technology/portrait/header/414908-1723836952.png?lm=1,https://www.transfermarkt.co.uk/marshall-munetsi/profil/spieler/414908
1933,Amadou Koné,MLI,MT,19,24,17,"1,293",14.4,0,0,0,0,0,0,3,1,0.5,0.5,0.3,0.9,19,68,12,0.0,0.0,0.0,0.0,0.0,0.04,0.02,0.06,0.04,0.06,amadou kone,Midfield,left,,FR1,1500000.0,1500000.0,https://img.a.transfermarkt.technology/portrait/header/1178474-1723820351.png?lm=1,https://www.transfermarkt.co.uk/amadou-kone/profil/spieler/1178474
1934,Emmanuel Agbadou,CIV,DF,27,14,14,"1,260",14.0,0,0,0,0,0,0,3,0,0.5,0.5,0.3,0.8,10,77,0,0.0,0.0,0.0,0.0,0.0,0.04,0.02,0.06,0.04,0.06,emmanuel agbadou,Defender,right,192.0,GB1,17000000.0,17000000.0,https://img.a.transfermarkt.technology/portrait/header/683895-1723821154.png?lm=1,https://www.transfermarkt.co.uk/emmanuel-agbadou/profil/spieler/683895
1935,Hiroki Sekine,JPN,DF,21,15,9,887,9.9,0,0,0,0,0,0,1,0,0.1,0.1,0.2,0.4,22,39,40,0.0,0.0,0.0,0.0,0.0,0.01,0.02,0.04,0.01,0.04,hiroki sekine,Defender,right,187.0,FR1,800000.0,800000.0,https://img.a.transfermarkt.technology/portrait/header/1137808-1723238645.jpg?lm=1,https://www.transfermarkt.co.uk/hiroki-sekine/profil/spieler/1137808
1936,Teddy Teuma,MLT,MT,30,17,9,750,8.3,1,0,1,0,1,1,1,0,1.4,0.6,1.1,1.7,9,47,34,0.12,0.0,0.12,0.0,0.0,0.17,0.13,0.3,0.07,0.21,teddy teuma,Midfield,left,176.0,FR1,4000000.0,7000000.0,https://img.a.transfermarkt.technology/portrait/header/409153-1723821029.png?lm=1,https://www.transfermarkt.co.uk/teddy-teuma/profil/spieler/409153
1941,Amine Salama,FRA,AT,24,17,2,373,4.1,0,0,0,0,0,0,0,0,0.7,0.7,0.3,1.0,12,9,28,0.0,0.0,0.0,0.0,0.0,0.17,0.08,0.25,0.17,0.25,amine salama,Attack,right,192.0,IT1,1800000.0,3000000.0,https://img.a.transfermarkt.technology/portrait/header/980576-1739282558.jpg?lm=1,https://www.transfermarkt.co.uk/amine-salama/profil/spieler/980576
1942,Thibault De Smet,BEL,DF,26,5,2,192,2.1,0,0,0,0,0,0,0,0,0.1,0.1,0.0,0.1,1,9,2,0.0,0.0,0.0,0.0,0.0,0.07,0.0,0.07,0.07,0.07,thibault de smet,Defender,left,183.0,FR1,4000000.0,4000000.0,https://img.a.transfermarkt.technology/portrait/header/340177-1723835956.png?lm=1,https://www.transfermarkt.co.uk/thibault-de-smet/profil/spieler/340177
1944,Malcolm Jeng,SWE,DF,19,3,2,107,1.2,0,0,0,0,0,0,0,0,0.0,0.0,0.0,0.0,0,3,0,0.0,0.0,0.0,0.0,0.0,0.0,0.0,0.0,0.0,0.0,malcolm jeng,Defender,left,190.0,FR1,2500000.0,2500000.0,https://img.a.transfermarkt.technology/portrait/header/1126894-1724838826.jpg?lm=1,https://www.transfermarkt.co.uk/malcolm-jeng/profil/spieler/1126894
1945,Abdoul Koné,FRA,DF,19,4,1,133,1.5,0,0,0,0,0,0,0,0,0.0,0.0,0.0,0.0,0,3,1,0.0,0.0,0.0,0.0,0.0,0.0,0.0,0.0,0.0,0.0,abdoul kone,Defender,right,192.0,FR1,500000.0,500000.0,https://img.a.transfermarkt.technology/portrait/header/1130445-1723838146.png?lm=1,https://www.transfermarkt.co.uk/abdoul-kone/profil/spieler/1130445
1946,Gabriel Moscardo,BRA,"MT,DF",18,6,0,84,0.9,0,0,0,0,0,0,1,0,0.2,0.2,0.0,0.2,1,3,3,0.0,0.0,0.0,0.0,0.0,0.22,0.0,0.22,0.22,0.22,gabriel moscardo,Midfield,right,185.0,FR1,10000000.0,15000000.0,https://img.a.transfermarkt.technology/portrait/header/1086636-1724752763.png?lm=1,https://www.transfermarkt.co.uk/gabriel-moscardo/profil/spieler/1086636
1947,Reda Khadra,GER,"MT,AT",23,4,0,78,0.9,0,0,0,0,0,0,0,0,0.0,0.0,0.0,0.0,4,4,7,0.0,0.0,0.0,0.0,0.0,0.0,0.03,0.03,0.0,0.03,reda khadra,Midfield,right,175.0,FR1,2500000.0,3000000.0,https://img.a.transfermarkt.technology/portrait/header/405686-1723836051.png?lm=1,https://www.transfermarkt.co.uk/reda-khadra/profil/spieler/405686
1949,Mohamed Daramy,DEN,AT,22,2,0,16,0.2,0,0,0,0,0,0,0,0,0.0,0.0,0.1,0.1,3,0,2,0.0,0.0,0.0,0.0,0.0,0.2,0.32,0.51,0.2,0.51,mohamed daramy,Attack,right,180.0,FR1,5000000.0,10000000.0,https://img.a.transfermarkt.technology/portrait/header/574385-1723837255.png?lm=1,https://www.transfermarkt.co.uk/mohamed-daramy/profil/spieler/574385
1950,Mohamed Bamba,CIV,MT,19,2,0,10,0.1,0,0,0,0,0,0,0,0,0.0,0.0,0.0,0.0,0,3,0,0.0,0.0,0.0,0.0,0.0,0.0,0.0,0.0,0.0,0.0,mohamed bamba,Midfield,left,188.0,PO1,300000.0,300000.0,https://img.a.transfermarkt.technology/portrait/header/1178475-1723838539.png?lm=1,https://www.transfermarkt.co.uk/mohamed-bamba/profil/spieler/1178475
1950,Mohamed Bamba,CIV,MT,19,2,0,10,0.1,0,0,0,0,0,0,0,0,0.0,0.0,0.0,0.0,0,3,0,0.0,0.0,0.0,0.0,0.0,0.0,0.0,0.0,0.0,0.0,mohamed bamba,Attack,,185.0,FR1,6000000.0,6000000.0,https://img.a.transfermarkt.technology/portrait/header/619461-1706309019.jpg?lm=1,https://www.transfermarkt.co.uk/mohamed-bamba/profil/spieler/619461
1951,Ike Orazi,IRL,MT,17,1,0,3,0.0,0,0,0,0,0,0,0,0,0.0,0.0,0.0,0.0,1,0,1,0.0,0.0,0.0,0.0,0.0,0.0,0.0,0.0,0.0,0.0,ike orazi,Attack,right,176.0,FR1,,,https://img.a.transfermarkt.technology/portrait/header/1073032-1723838839.png?lm=1,https://www.transfermarkt.co.uk/ike-orazi/profil/spieler/1073032
1952,Gautier Larsonneur,FRA,GB,27,34,34,"3,060",34.0,0,0,0,0,0,0,5,0,0.0,0.0,0.0,0.0,0,0,0,0.0,0.0,0.0,0.0,0.0,0.0,0.0,0.0,0.0,0.0,gautier larsonneur,Goalkeeper,right,181.0,FR1,3500000.0,8000000.0,https://img.a.transfermarkt.technology/portrait/header/357047-1727720726.jpg?lm=1,https://www.transfermarkt.co.uk/gautier-larsonneur/profil/spieler/357047
1953,Léo Pétrot,FRA,DF,27,31,29,"2,634",29.3,0,3,3,0,0,0,4,0,0.6,0.6,1.6,2.2,28,93,100,0.0,0.1,0.1,0.0,0.1,0.02,0.06,0.08,0.02,0.08,leo petrot,Defender,left,188.0,FR1,1000000.0,1000000.0,https://img.a.transfermarkt.technology/portrait/header/412829-1727723239.jpg?lm=1,https://www.transfermarkt.co.uk/leo-petrot/profil/spieler/412829
1956,Lucas Stassin,BEL,AT,19,28,23,"1,887",21.0,12,4,16,12,0,0,4,0,7.0,7.0,3.4,10.4,26,35,149,0.57,0.19,0.76,0.57,0.76,0.35,0.17,0.53,0.35,0.52,lucas stassin,Attack,right,183.0,FR1,7000000.0,7000000.0,https://img.a.transfermarkt.technology/portrait/header/655012-1727721924.jpg?lm=1,https://www.transfermarkt.co.uk/lucas-stassin/profil/spieler/655012
1957,Dennis Appiah,FRA,DF,32,29,22,"2,128",23.6,0,1,1,0,0,0,2,0,0.2,0.2,2.1,2.3,51,108,110,0.0,0.04,0.04,0.0,0.04,0.01,0.09,0.1,0.01,0.1,dennis appiah,Defender,right,179.0,FR1,900000.0,3000000.0,https://img.a.transfermarkt.technology/portrait/header/111038-1727723257.jpg?lm=1,https://www.transfermarkt.co.uk/dennis-appiah/profil/spieler/111038
1958,Dylan Batubinsika,COD,DF,28,25,22,"2,016",22.4,1,0,1,1,0,0,3,1,0.8,0.8,0.2,1.0,11,51,1,0.04,0.0,0.04,0.04,0.04,0.04,0.01,0.04,0.04,0.04,dylan batubinsika,Defender,right,185.0,FR1,1500000.0,2500000.0,https://img.a.transfermarkt.technology/portrait/header/289432-1727722809.jpg?lm=1,https://www.transfermarkt.co.uk/dylan-batubinsika/profil/spieler/289432
1959,Benjamin Bouchouari,MAR,MT,22,25,20,"1,772",19.7,1,0,1,1,0,0,6,0,0.6,0.6,0.9,1.5,48,133,54,0.05,0.0,0.05,0.05,0.05,0.03,0.05,0.08,0.03,0.08,benjamin bouchouari,Midfield,right,165.0,FR1,5000000.0,5000000.0,https://img.a.transfermarkt.technology/portrait/header/783094-1727722364.jpg?lm=1,https://www.transfermarkt.co.uk/benjamin-bouchouari/profil/spieler/783094
1960,Florian Tardieu,FRA,MT,32,24,13,"1,252",13.9,2,4,6,2,0,0,0,0,0.6,0.6,1.3,1.9,11,139,44,0.14,0.29,0.43,0.14,0.43,0.05,0.1,0.15,0.05,0.15,florian tardieu,Midfield,right,181.0,FR1,700000.0,3000000.0,https://img.a.transfermarkt.technology/portrait/header/212804-1727722208.jpg?lm=1,https://www.transfermarkt.co.uk/florian-tardieu/profil/spieler/212804
1961,Irvin Cardona,FRA,AT,26,15,13,"1,063",11.8,5,3,8,5,0,1,2,0,4.5,3.7,1.4,5.0,30,32,135,0.42,0.25,0.68,0.42,0.68,0.41,0.13,0.54,0.34,0.47,irvin cardona,Attack,right,185.0,FR1,2000000.0,8000000.0,https://img.a.transfermarkt.technology/portrait/header/342226-1723534120.jpg?lm=1,https://www.transfermarkt.co.uk/irvin-cardona/profil/spieler/342226
1963,Louis Mouton,FRA,MT,22,24,12,"1,045",11.6,0,1,1,0,0,0,2,0,1.3,1.3,1.3,2.6,18,54,51,0.0,0.09,0.09,0.0,0.09,0.11,0.11,0.22,0.11,0.22,louis mouton,Midfield,right,180.0,FR1,800000.0,800000.0,https://img.a.transfermarkt.technology/portrait/header/904662-1727722197.jpg?lm=1,https://www.transfermarkt.co.uk/louis-mouton/profil/spieler/904662
1964,Yunis Abdelhamid,MAR,DF,36,16,11,"1,033",11.5,0,0,0,0,0,0,2,0,0.2,0.2,0.1,0.4,4,22,3,0.0,0.0,0.0,0.0,0.0,0.02,0.01,0.03,0.02,0.03,yunis abdelhamid,Defender,left,190.0,FR1,500000.0,2500000.0,https://img.a.transfermarkt.technology/portrait/header/199704-1727723225.jpg?lm=1,https://www.transfermarkt.co.uk/yunis-abdelhamid/profil/spieler/199704
1965,Yvann Macon,FRA,DF,25,12,10,790,8.8,0,0,0,0,0,0,4,0,0.3,0.3,0.2,0.5,25,46,40,0.0,0.0,0.0,0.0,0.0,0.04,0.03,0.07,0.04,0.07,yvann macon,Defender,right,176.0,FR1,2000000.0,4500000.0,https://img.a.transfermarkt.technology/portrait/header/580747-1727722966.jpg?lm=1,https://www.transfermarkt.co.uk/yvann-macon/profil/spieler/580747
1966,Mathis Amougou,FRA,MT,18,17,9,859,9.5,0,0,0,0,0,0,2,0,0.5,0.5,0.4,0.8,8,36,17,0.0,0.0,0.0,0.0,0.0,0.05,0.04,0.09,0.05,0.09,mathis amougou,Midfield,right,177.0,GB1,10000000.0,10000000.0,https://img.a.transfermarkt.technology/portrait/header/1010854-1727721658.jpg?lm=1,https://www.transfermarkt.co.uk/mathis-amougou/profil/spieler/1010854
1967,Maxime Bernauer,FRA,DF,26,11,9,763,8.5,0,0,0,0,0,0,4,1,0.1,0.1,0.0,0.1,7,41,0,0.0,0.0,0.0,0.0,0.0,0.01,0.0,0.01,0.01,0.01,maxime bernauer,Defender,right,185.0,FR1,2000000.0,2000000.0,https://img.a.transfermarkt.technology/portrait/header/324819-1595959090.jpg?lm=1,https://www.transfermarkt.co.uk/maxime-bernauer/profil/spieler/324819
1969,Ibrahim Sissoko,MLI,AT,28,20,8,819,9.1,3,1,4,2,1,1,1,0,4.3,3.5,0.6,4.1,14,12,36,0.33,0.11,0.44,0.22,0.33,0.48,0.06,0.54,0.39,0.45,ibrahim sissoko,Attack,right,192.0,FR1,2000000.0,2500000.0,https://img.a.transfermarkt.technology/portrait/header/484888-1727721906.jpg?lm=1,https://www.transfermarkt.co.uk/ibrahim-sissoko/profil/spieler/484888
1970,Pierre Cornud,FRA,DF,27,11,7,576,6.4,0,0,0,0,0,0,2,0,0.0,0.0,0.3,0.3,11,19,17,0.0,0.0,0.0,0.0,0.0,0.0,0.05,0.05,0.0,0.05,pierre cornud,Defender,left,177.0,FR1,1000000.0,1200000.0,https://img.a.transfermarkt.technology/portrait/header/536156-1727723010.jpg?lm=1,https://www.transfermarkt.co.uk/pierre-cornud/profil/spieler/536156
1971,Lamine Fomba,FRA,MT,26,7,3,217,2.4,0,0,0,0,0,0,2,0,0.0,0.0,0.3,0.3,5,18,5,0.0,0.0,0.0,0.0,0.0,0.01,0.12,0.13,0.01,0.13,lamine fomba,Midfield,right,188.0,FR1,700000.0,4000000.0,https://img.a.transfermarkt.technology/portrait/header/391376-1727722269.jpg?lm=1,https://www.transfermarkt.co.uk/lamine-fomba/profil/spieler/391376
1972,Djylian N'Guessan,FRA,AT,15,8,3,181,2.0,0,0,0,0,0,0,0,0,0.4,0.4,0.1,0.5,1,9,16,0.0,0.0,0.0,0.0,0.0,0.2,0.07,0.27,0.2,0.27,djylian n'guessan,Attack,right,,FR1,800000.0,800000.0,https://img.a.transfermarkt.technology/portrait/header/1200419-1736786320.jpg?lm=1,https://www.transfermarkt.co.uk/djylian-nguessan/profil/spieler/1200419
1977,Anthony Briançon,FRA,DF,29,1,0,1,0.0,0,0,0,0,0,0,0,0,0.0,0.0,0.0,0.0,0,0,0,0.0,0.0,0.0,0.0,0.0,0.0,0.0,0.0,0.0,0.0,anthony briancon,Defender,right,185.0,FR1,500000.0,5000000.0,https://img.a.transfermarkt.technology/portrait/header/190338-1727722993.jpg?lm=1,https://www.transfermarkt.co.uk/anthony-briancon/profil/spieler/190338
1978,Benjamin Lecomte,FRA,GB,33,30,30,"2,700",30.0,0,0,0,0,0,0,0,0,0.0,0.0,0.1,0.1,0,1,0,0.0,0.0,0.0,0.0,0.0,0.0,0.0,0.0,0.0,0.0,benjamin lecomte,Goalkeeper,left,186.0,FR1,2000000.0,17000000.0,https://img.a.transfermarkt.technology/portrait/header/127181-1702663657.JPG?lm=1,https://www.transfermarkt.co.uk/benjamin-lecomte/profil/spieler/127181
1979,Téji Savanier,FRA,MT,32,31,27,"2,363",26.3,2,5,7,0,2,2,4,1,3.8,2.3,6.9,9.1,26,183,108,0.08,0.19,0.27,0.0,0.19,0.15,0.27,0.42,0.09,0.36,teji savanier,Midfield,right,172.0,FR1,3000000.0,12000000.0,https://img.a.transfermarkt.technology/portrait/header/127156-1702663364.JPG?lm=1,https://www.transfermarkt.co.uk/teji-savanier/profil/spieler/127156
1980,Modibo Sagnan,MLI,DF,25,27,24,"2,141",23.8,2,0,2,2,0,0,10,0,0.7,0.7,0.6,1.3,13,51,3,0.08,0.0,0.08,0.08,0.08,0.03,0.03,0.06,0.03,0.06,modibo sagnan,Defender,left,187.0,FR1,3000000.0,4500000.0,https://img.a.transfermarkt.technology/portrait/header/524925-1548769689.jpg?lm=1,https://www.transfermarkt.co.uk/modibo-sagnan/profil/spieler/524925
1981,Joris Chotard,FRA,MT,22,26,23,"1,892",21.0,1,0,1,1,0,0,5,0,1.3,1.3,0.5,1.7,20,80,35,0.05,0.0,0.05,0.05,0.05,0.06,0.02,0.09,0.06,0.09,joris chotard,Midfield,right,179.0,FR1,7000000.0,10000000.0,https://img.a.transfermarkt.technology/portrait/header/624037-1702663463.JPG?lm=1,https://www.transfermarkt.co.uk/joris-chotard/profil/spieler/624037
1982,Enzo Tchato,CMR,DF,21,27,21,"1,899",21.1,0,0,0,0,0,0,3,0,0.1,0.1,1.5,1.7,44,62,95,0.0,0.0,0.0,0.0,0.0,0.01,0.07,0.08,0.01,0.08,enzo tchato,Defender,right,182.0,FR1,2500000.0,3000000.0,https://img.a.transfermarkt.technology/portrait/header/842338-1702665627.JPG?lm=1,https://www.transfermarkt.co.uk/enzo-tchato/profil/spieler/842338
1983,Becir Omeragic,SUI,DF,22,22,21,"1,799",20.0,0,0,0,0,0,0,1,0,0.3,0.3,0.1,0.4,21,51,3,0.0,0.0,0.0,0.0,0.0,0.01,0.01,0.02,0.01,0.02,becir omeragic,Defender,right,187.0,FR1,5000000.0,8000000.0,https://img.a.transfermarkt.technology/portrait/header/507344-1702665167.JPG?lm=1,https://www.transfermarkt.co.uk/becir-omeragic/profil/spieler/507344
1984,Jordan Ferri,FRA,MT,32,25,21,"1,773",19.7,0,2,2,0,0,0,6,1,0.4,0.4,0.9,1.3,19,137,42,0.0,0.1,0.1,0.0,0.1,0.02,0.05,0.07,0.02,0.07,jordan ferri,Midfield,right,173.0,FR1,2500000.0,7500000.0,https://img.a.transfermarkt.technology/portrait/header/118284-1702663473.JPG?lm=1,https://www.transfermarkt.co.uk/jordan-ferri/profil/spieler/118284
1985,Rabby Nzingoula,CGO,MT,18,27,20,"1,689",18.8,1,0,1,1,0,0,11,0,1.0,1.0,1.6,2.6,25,40,38,0.05,0.0,0.05,0.05,0.05,0.06,0.09,0.14,0.06,0.14,rabby nzingoula,Midfield,right,183.0,FR1,2500000.0,2500000.0,https://img.a.transfermarkt.technology/portrait/header/1068110-1716939175.jpg?lm=1,https://www.transfermarkt.co.uk/rabby-nzingoula/profil/spieler/1068110
1986,Issiaga Sylla,GUI,DF,30,19,15,"1,156",12.8,1,0,1,1,0,0,2,0,1.8,1.8,0.6,2.4,33,53,46,0.08,0.0,0.08,0.08,0.08,0.15,0.05,0.19,0.15,0.19,issiaga sylla,Defender,left,180.0,FR1,2000000.0,3500000.0,https://img.a.transfermarkt.technology/portrait/header/220878-1702665492.JPG?lm=1,https://www.transfermarkt.co.uk/issiaga-sylla/profil/spieler/220878
1987,Falaye Sacko,MLI,DF,29,16,14,"1,233",13.7,0,1,1,0,0,0,1,0,0.0,0.0,0.2,0.2,21,59,34,0.0,0.07,0.07,0.0,0.07,0.0,0.01,0.01,0.0,0.01,falaye sacko,Defender,right,180.0,FR1,2000000.0,4000000.0,https://img.a.transfermarkt.technology/portrait/header/364857-1702665617.JPG?lm=1,https://www.transfermarkt.co.uk/falaye-sacko/profil/spieler/364857
1988,Arnaud Nordin,FRA,AT,26,16,14,"1,166",13.0,4,1,5,3,1,2,2,0,4.1,2.5,0.9,3.4,51,23,111,0.31,0.08,0.39,0.23,0.31,0.32,0.07,0.39,0.19,0.26,arnaud nordin,Attack,both,170.0,L1,6000000.0,8000000.0,https://img.a.transfermarkt.technology/portrait/header/324811-1702663034.JPG?lm=1,https://www.transfermarkt.co.uk/arnaud-nordin/profil/spieler/324811
1989,Akor Adams,NGA,AT,24,15,13,"1,075",11.9,3,1,4,3,0,0,2,0,4.3,4.3,1.0,5.3,11,6,45,0.25,0.08,0.33,0.25,0.33,0.36,0.08,0.44,0.36,0.44,akor adams,Attack,right,190.0,ES1,7500000.0,12000000.0,https://img.a.transfermarkt.technology/portrait/header/607034-1702663135.JPG?lm=1,https://www.transfermarkt.co.uk/akor-adams/profil/spieler/607034
1990,Théo Sainte-Luce,FRA,DF,25,16,11,"1,018",11.3,1,0,1,1,0,0,3,0,1.0,1.0,0.8,1.8,19,22,33,0.09,0.0,0.09,0.09,0.09,0.1,0.07,0.17,0.1,0.17,theo sainte luce,Defender,left,176.0,FR1,800000.0,2000000.0,https://img.a.transfermarkt.technology/portrait/header/537127-1702665584.JPG?lm=1,https://www.transfermarkt.co.uk/theo-sainte-luce/profil/spieler/537127
1991,Khalil Fayad,FRA,"MT,AT",20,20,10,"1,028",11.4,0,0,0,0,0,0,5,0,1.3,1.3,0.3,1.5,25,50,42,0.0,0.0,0.0,0.0,0.0,0.11,0.02,0.13,0.11,0.13,khalil fayad,Midfield,right,172.0,FR1,4000000.0,5000000.0,https://img.a.transfermarkt.technology/portrait/header/782630-1702663427.JPG?lm=1,https://www.transfermarkt.co.uk/khalil-fayad/profil/spieler/782630
1994,Lucas Mincarelli,FRA,DF,20,10,8,715,7.9,1,0,1,1,0,0,0,0,0.6,0.6,0.3,0.9,15,25,16,0.13,0.0,0.13,0.13,0.13,0.08,0.03,0.11,0.08,0.11,lucas mincarelli,Defender,left,179.0,FR1,900000.0,1000000.0,https://img.a.transfermarkt.technology/portrait/header/982393-1726265130.jpg?lm=1,https://www.transfermarkt.co.uk/lucas-mincarelli/profil/spieler/982393
1995,Andy Delort,ALG,AT,32,9,8,607,6.7,0,0,0,0,0,0,1,0,1.3,1.3,0.9,2.2,4,6,20,0.0,0.0,0.0,0.0,0.0,0.23,0.15,0.38,0.23,0.38,andy delort,Attack,right,181.0,FR1,2000000.0,16000000.0,https://img.a.transfermarkt.technology/portrait/header/122797-1593970837.jpg?lm=1,https://www.transfermarkt.co.uk/andy-delort/profil/spieler/122797
1996,Nikola Maksimović,SRB,DF,32,7,7,581,6.5,0,0,0,0,0,0,2,0,0.0,0.0,0.0,0.1,1,11,0,0.0,0.0,0.0,0.0,0.0,0.0,0.01,0.01,0.0,0.01,nikola maksimović,Defender,right,193.0,FR1,400000.0,18000000.0,https://img.a.transfermarkt.technology/portrait/header/124715-1696432924.png?lm=1,https://www.transfermarkt.co.uk/nikola-maksimovic/profil/spieler/124715
1997,Bamo Meïté,CIV,DF,22,7,6,424,4.7,0,0,0,0,0,0,2,1,0.0,0.0,0.0,0.0,1,7,1,0.0,0.0,0.0,0.0,0.0,0.0,0.0,0.0,0.0,0.0,bamo meïte,Defender,right,184.0,FR1,5000000.0,7000000.0,https://img.a.transfermarkt.technology/portrait/header/807165-1724754649.jpg?lm=1,https://www.transfermarkt.co.uk/bamo-meite/profil/spieler/807165
1998,Junior Ndiaye,FRA,AT,19,15,4,441,4.9,0,0,0,0,0,0,0,0,0.5,0.5,0.4,0.9,5,7,26,0.0,0.0,0.0,0.0,0.0,0.1,0.09,0.19,0.1,0.19,junior ndiaye,Attack,left,180.0,FR1,50000.0,150000.0,https://img.a.transfermarkt.technology/portrait/header/default.jpg?lm=1,https://www.transfermarkt.co.uk/junior-ndiaye/profil/spieler/986262
1999,Dimitry Bertaud,COD,GB,26,4,4,360,4.0,0,0,0,0,0,0,0,0,0.0,0.0,0.0,0.0,0,0,0,0.0,0.0,0.0,0.0,0.0,0.0,0.0,0.0,0.0,0.0,dimitry bertaud,Goalkeeper,right,180.0,FR1,1200000.0,1500000.0,https://img.a.transfermarkt.technology/portrait/header/371816-1702663704.JPG?lm=1,https://www.transfermarkt.co.uk/dimitry-bertaud/profil/spieler/371816
2002,Théo Chennahi,FRA,DF,19,4,2,181,2.0,0,0,0,0,0,0,2,0,0.2,0.2,0.0,0.2,1,0,3,0.0,0.0,0.0,0.0,0.0,0.08,0.01,0.09,0.08,0.09,theo chennahi,Midfield,right,182.0,FR1,,,https://img.a.transfermarkt.technology/portrait/header/default.jpg?lm=1,https://www.transfermarkt.co.uk/theo-chennahi/profil/spieler/1019950
2003,Yanis Issoufou,FRA,"MT,AT",17,4,1,77,0.9,0,0,0,0,0,0,0,0,0.1,0.1,0.0,0.1,3,2,2,0.0,0.0,0.0,0.0,0.0,0.07,0.0,0.07,0.07,0.07,yanis issoufou,Attack,left,182.0,FR1,300000.0,500000.0,https://img.a.transfermarkt.technology/portrait/header/1047104-1700736209.jpg?lm=1,https://www.transfermarkt.co.uk/yanis-issoufou/profil/spieler/1047104
2005,Axel Gueguin,FRA,AT,19,1,0,23,0.3,0,0,0,0,0,0,0,0,0.0,0.0,0.0,0.0,0,1,1,0.0,0.0,0.0,0.0,0.0,0.0,0.0,0.0,0.0,0.0,axel gueguin,Attack,left,172.0,FR1,700000.0,800000.0,https://img.a.transfermarkt.technology/portrait/header/981977-1683110355.jpg?lm=1,https://www.transfermarkt.co.uk/axel-gueguin/profil/spieler/981977
2007,Matz Sels,BEL,GB,32,38,38,"3,420",38.0,0,0,0,0,0,0,4,0,0.0,0.0,0.4,0.4,1,2,0,0.0,0.0,0.0,0.0,0.0,0.0,0.01,0.01,0.0,0.01,matz sels,Goalkeeper,right,188.0,GB1,7000000.0,8000000.0,https://img.a.transfermarkt.technology/portrait/header/127202-1665067633.jpg?lm=1,https://www.transfermarkt.co.uk/matz-sels/profil/spieler/127202
2008,Nikola Milenković,SRB,DF,26,37,37,"3,330",37.0,5,2,7,5,0,0,4,0,4.0,4.0,1.1,5.1,3,51,6,0.14,0.05,0.19,0.14,0.19,0.11,0.03,0.14,0.11,0.14,nikola milenković,Defender,right,195.0,GB1,28000000.0,35000000.0,https://img.a.transfermarkt.technology/portrait/header/413507-1661166461.jpg?lm=1,https://www.transfermarkt.co.uk/nikola-milenkovic/profil/spieler/413507
2009,Murillo,BRA,DF,22,36,36,"3,188",35.4,2,0,2,2,0,0,6,0,1.4,1.4,1.2,2.6,22,115,5,0.06,0.0,0.06,0.06,0.06,0.04,0.03,0.07,0.04,0.07,murillo,Defender,left,180.0,GB1,55000000.0,55000000.0,https://img.a.transfermarkt.technology/portrait/header/1005649-1709159139.jpg?lm=1,https://www.transfermarkt.co.uk/murillo/profil/spieler/1005649
2010,Ola Aina,NGA,DF,27,35,35,"2,995",33.3,2,1,3,2,0,0,5,0,0.6,0.6,1.4,2.1,67,107,67,0.06,0.03,0.09,0.06,0.09,0.02,0.04,0.06,0.02,0.06,ola aina,Defender,right,184.0,GB1,20000000.0,20000000.0,https://img.a.transfermarkt.technology/portrait/header/236490-1707383919.jpg?lm=1,https://www.transfermarkt.co.uk/ola-aina/profil/spieler/236490
2011,Chris Wood,NZL,AT,32,36,35,"2,959",32.9,20,3,23,17,3,3,1,0,13.4,11.0,2.6,13.6,14,42,94,0.61,0.09,0.7,0.52,0.61,0.41,0.08,0.49,0.34,0.42,chris wood,Attack,right,191.0,GB1,10000000.0,18000000.0,https://img.a.transfermarkt.technology/portrait/header/108725-1740646786.jpg?lm=1,https://www.transfermarkt.co.uk/chris-wood/profil/spieler/108725
2012,Morgan Gibbs-White,ENG,MT,24,34,34,"2,803",31.1,7,8,15,7,0,0,11,1,6.3,6.3,5.0,11.2,69,164,137,0.22,0.26,0.48,0.22,0.48,0.2,0.16,0.36,0.2,0.36,morgan gibbs white,Midfield,right,171.0,GB1,50000000.0,50000000.0,https://img.a.transfermarkt.technology/portrait/header/429014-1687975822.jpg?lm=1,https://www.transfermarkt.co.uk/morgan-gibbs-white/profil/spieler/429014
2013,Elliot Anderson,ENG,MT,21,37,33,"2,728",30.3,2,6,8,2,0,0,10,0,2.1,2.1,3.3,5.4,52,143,94,0.07,0.2,0.26,0.07,0.26,0.07,0.11,0.18,0.07,0.18,elliot anderson,Midfield,right,179.0,GB1,30000000.0,30000000.0,https://img.a.transfermarkt.technology/portrait/header/567576-1696453772.jpg?lm=1,https://www.transfermarkt.co.uk/elliot-anderson/profil/spieler/567576
2014,Neco Williams,WAL,DF,23,35,28,"2,594",28.8,1,3,4,1,0,0,7,0,2.3,2.3,1.6,3.9,68,89,103,0.03,0.1,0.14,0.03,0.14,0.08,0.05,0.13,0.08,0.13,neco williams,Defender,right,183.0,GB1,20000000.0,20000000.0,https://img.a.transfermarkt.technology/portrait/header/503680-1705499825.jpg?lm=1,https://www.transfermarkt.co.uk/neco-williams/profil/spieler/503680
2015,Nicolás Domínguez,ARG,"MT,AT",26,34,23,"1,963",21.8,0,1,1,0,0,0,9,0,1.5,1.5,1.3,2.8,16,83,33,0.0,0.05,0.05,0.0,0.05,0.07,0.06,0.13,0.07,0.13,nicolas dominguez,Midfield,right,179.0,GB1,17000000.0,17500000.0,https://img.a.transfermarkt.technology/portrait/header/497291-1663656746.jpg?lm=1,https://www.transfermarkt.co.uk/nicolas-dominguez/profil/spieler/497291
2016,Ryan Yates,ENG,MT,26,35,18,"1,915",21.3,2,1,3,2,0,0,10,0,2.3,2.3,1.2,3.5,18,53,16,0.09,0.05,0.14,0.09,0.14,0.11,0.05,0.16,0.11,0.16,ryan yates,Midfield,right,190.0,GB1,13000000.0,13000000.0,https://img.a.transfermarkt.technology/portrait/header/425902-1684239778.jpg?lm=1,https://www.transfermarkt.co.uk/ryan-yates/profil/spieler/425902
2017,Ibrahim Sangaré,CIV,MT,26,13,7,590,6.6,0,1,1,0,0,0,3,0,0.0,0.0,0.4,0.4,1,27,4,0.0,0.15,0.15,0.0,0.15,0.0,0.06,0.06,0.0,0.06,ibrahim sangare,Midfield,right,191.0,GB1,28000000.0,35000000.0,https://img.a.transfermarkt.technology/portrait/header/375885-1700738495.jpg?lm=1,https://www.transfermarkt.co.uk/ibrahim-sangare/profil/spieler/375885
2018,Morato,BRA,DF,23,26,6,907,10.1,0,0,0,0,0,0,5,0,0.2,0.2,0.0,0.2,1,19,1,0.0,0.0,0.0,0.0,0.0,0.02,0.0,0.02,0.02,0.02,morato,Defender,left,192.0,GB1,15000000.0,15000000.0,https://img.a.transfermarkt.technology/portrait/header/673492-1701295349.jpg?lm=1,https://www.transfermarkt.co.uk/morato/profil/spieler/673492
2019,James Ward-Prowse,ENG,MT,29,9,5,400,4.4,0,1,1,0,0,0,2,1,0.1,0.1,1.1,1.2,1,16,3,0.0,0.23,0.23,0.0,0.23,0.01,0.25,0.26,0.01,0.26,james ward prowse,Midfield,right,177.0,GB1,10000000.0,38000000.0,https://img.a.transfermarkt.technology/portrait/header/181579-1684751045.jpg?lm=1,https://www.transfermarkt.co.uk/james-ward-prowse/profil/spieler/181579
2020,Danilo,BRA,"MT,AT",23,8,5,275,3.1,0,0,0,0,0,0,0,0,0.0,0.0,0.0,0.0,2,11,1,0.0,0.0,0.0,0.0,0.0,0.0,0.0,0.0,0.0,0.0,danilo,Attack,right,174.0,SC1,4000000.0,7000000.0,https://img.a.transfermarkt.technology/portrait/header/519731-1659446747.jpg?lm=1,https://www.transfermarkt.co.uk/danilo/profil/spieler/519731
2020,Danilo,BRA,"MT,AT",23,8,5,275,3.1,0,0,0,0,0,0,0,0,0.0,0.0,0.0,0.0,2,11,1,0.0,0.0,0.0,0.0,0.0,0.0,0.0,0.0,0.0,0.0,danilo,Midfield,left,177.0,GB1,28000000.0,28000000.0,https://img.a.transfermarkt.technology/portrait/header/808509-1694614735.jpg?lm=1,https://www.transfermarkt.co.uk/danilo/profil/spieler/808509
2020,Danilo,BRA,"MT,AT",23,8,5,275,3.1,0,0,0,0,0,0,0,0,0.0,0.0,0.0,0.0,2,11,1,0.0,0.0,0.0,0.0,0.0,0.0,0.0,0.0,0.0,0.0,danilo,Defender,right,184.0,IT1,10000000.0,25000000.0,https://img.a.transfermarkt.technology/portrait/header/145707-1663577215.jpg?lm=1,https://www.transfermarkt.co.uk/danilo/profil/spieler/145707
2021,Taiwo Awoniyi,NGA,AT,26,26,3,416,4.6,1,0,1,1,0,0,0,0,2.1,2.1,0.1,2.2,6,7,20,0.22,0.0,0.22,0.22,0.22,0.46,0.02,0.48,0.46,0.48,taiwo awoniyi,Attack,right,183.0,GB1,18000000.0,30000000.0,https://img.a.transfermarkt.technology/portrait/header/295313-1628595124.jpg?lm=1,https://www.transfermarkt.co.uk/taiwo-awoniyi/profil/spieler/295313
2022,Willy Boly,CIV,DF,33,6,1,150,1.7,0,0,0,0,0,0,1,0,0.1,0.1,0.0,0.1,0,2,0,0.0,0.0,0.0,0.0,0.0,0.04,0.0,0.04,0.04,0.04,willy boly,Defender,right,195.0,GB1,2000000.0,18000000.0,https://img.a.transfermarkt.technology/portrait/header/142310-1663057112.jpg?lm=1,https://www.transfermarkt.co.uk/willy-boly/profil/spieler/142310
2023,Harry Toffolo,ENG,DF,28,4,1,137,1.5,0,0,0,0,0,0,1,0,0.0,0.0,0.0,0.0,0,2,4,0.0,0.0,0.0,0.0,0.0,0.01,0.0,0.01,0.01,0.01,harry toffolo,Defender,left,183.0,GB1,4000000.0,5000000.0,https://img.a.transfermarkt.technology/portrait/header/198516-1645696821.jpg?lm=1,https://www.transfermarkt.co.uk/harry-toffolo/profil/spieler/198516
2025,Tom Bischof,GER,"MT,AT",19,31,30,"2,559",28.4,5,2,7,5,0,0,5,0,2.2,2.2,3.6,5.9,47,138,102,0.18,0.07,0.25,0.18,0.25,0.08,0.13,0.21,0.08,0.21,tom bischof,Midfield,left,176.0,L1,25000000.0,25000000.0,https://img.a.transfermarkt.technology/portrait/header/822959-1723921256.jpg?lm=1,https://www.transfermarkt.co.uk/tom-bischof/profil/spieler/822959
2026,Anton Stach,GER,"MT,DF",25,30,29,"2,585",28.7,1,2,3,1,0,0,8,0,2.0,2.0,2.2,4.2,33,152,36,0.03,0.07,0.1,0.03,0.1,0.07,0.08,0.15,0.07,0.15,anton stach,Midfield,right,194.0,L1,14000000.0,15000000.0,https://img.a.transfermarkt.technology/portrait/header/344069-1723921116.jpg?lm=1,https://www.transfermarkt.co.uk/anton-stach/profil/spieler/344069
2027,Oliver Baumann,GER,GB,34,28,28,"2,520",28.0,0,0,0,0,0,0,1,0,0.0,0.0,1.0,1.0,0,1,0,0.0,0.0,0.0,0.0,0.0,0.0,0.03,0.03,0.0,0.03,oliver baumann,Goalkeeper,right,187.0,L1,3000000.0,10000000.0,https://img.a.transfermarkt.technology/portrait/header/55089-1657200130.jpg?lm=1,https://www.transfermarkt.co.uk/oliver-baumann/profil/spieler/55089
2028,Arthur Chaves,BRA,DF,23,26,24,"2,185",24.3,1,0,1,1,0,0,8,0,0.8,0.8,0.1,0.9,10,57,13,0.04,0.0,0.04,0.04,0.04,0.03,0.0,0.04,0.03,0.04,arthur chaves,Defender,right,188.0,L1,3000000.0,3000000.0,https://img.a.transfermarkt.technology/portrait/header/875332-1731017725.jpg?lm=1,https://www.transfermarkt.co.uk/arthur-chaves/profil/spieler/875332
2029,Kevin Akpoguma,NGA,DF,29,32,23,"2,220",24.7,0,0,0,0,0,0,3,0,0.1,0.1,0.3,0.4,14,98,16,0.0,0.0,0.0,0.0,0.0,0.0,0.01,0.02,0.0,0.02,kevin akpoguma,Defender,right,192.0,L1,2500000.0,12000000.0,https://img.a.transfermarkt.technology/portrait/header/160241-1723920979.jpg?lm=1,https://www.transfermarkt.co.uk/kevin-akpoguma/profil/spieler/160241
2030,Alexander Prass,AUT,DF,23,23,19,"1,566",17.4,0,1,1,0,0,0,1,0,0.9,0.9,2.8,3.6,28,63,66,0.0,0.06,0.06,0.0,0.06,0.05,0.16,0.21,0.05,0.21,alexander prass,Defender,left,180.0,L1,6500000.0,12000000.0,https://img.a.transfermarkt.technology/portrait/header/434116-1723921044.jpg?lm=1,https://www.transfermarkt.co.uk/alexander-prass/profil/spieler/434116
2033,Valentin Gendrey,FRA,DF,24,22,14,"1,414",15.7,1,1,2,1,0,0,1,0,1.1,1.1,1.8,2.9,24,49,86,0.06,0.06,0.13,0.06,0.13,0.07,0.12,0.19,0.07,0.19,valentin gendrey,Defender,right,179.0,L1,8500000.0,8500000.0,https://img.a.transfermarkt.technology/portrait/header/569387-1663745931.jpg?lm=1,https://www.transfermarkt.co.uk/valentin-gendrey/profil/spieler/569387
2035,Florian Grillitsch,AUT,MT,28,8,8,601,6.7,0,0,0,0,0,0,1,0,0.2,0.2,0.2,0.3,4,44,4,0.0,0.0,0.0,0.0,0.0,0.02,0.03,0.05,0.02,0.05,florian grillitsch,Midfield,right,187.0,ES1,3000000.0,25000000.0,https://img.a.transfermarkt.technology/portrait/header/195736-1691269821.jpg?lm=1,https://www.transfermarkt.co.uk/florian-grillitsch/profil/spieler/195736
2036,Dennis Geiger,GER,"MT,AT",26,20,7,734,8.2,0,0,0,0,0,0,4,0,0.2,0.2,0.5,0.6,12,37,21,0.0,0.0,0.0,0.0,0.0,0.02,0.06,0.08,0.02,0.08,dennis geiger,Midfield,right,173.0,L1,3000000.0,13000000.0,https://img.a.transfermarkt.technology/portrait/header/251309-1723921207.jpg?lm=1,https://www.transfermarkt.co.uk/dennis-geiger/profil/spieler/251309
2037,Gift Orban,NGA,AT,22,13,7,687,7.6,4,0,4,4,0,0,2,0,3.4,3.4,0.2,3.6,8,7,35,0.52,0.0,0.52,0.52,0.52,0.44,0.03,0.47,0.44,0.47,gift orban,Attack,right,178.0,L1,10000000.0,20000000.0,https://img.a.transfermarkt.technology/portrait/header/1018259-1701690897.jpg?lm=1,https://www.transfermarkt.co.uk/gift-orban/profil/spieler/1018259
2039,Haris Tabakovic,BIH,AT,30,22,6,821,9.1,3,1,4,3,0,0,0,0,3.3,3.3,1.2,4.6,4,7,45,0.33,0.11,0.44,0.33,0.44,0.37,0.14,0.5,0.37,0.5,haris tabakovic,Attack,right,194.0,L1,3000000.0,3000000.0,https://img.a.transfermarkt.technology/portrait/header/203123-1720778399.jpg?lm=1,https://www.transfermarkt.co.uk/haris-tabakovic/profil/spieler/203123
2040,David Jurásek,CZE,DF,23,14,6,619,6.9,0,1,1,0,0,0,0,0,0.1,0.1,0.9,1.0,17,22,42,0.0,0.15,0.15,0.0,0.15,0.02,0.13,0.14,0.02,0.14,david jurasek,Defender,left,183.0,L1,7000000.0,8000000.0,https://img.a.transfermarkt.technology/portrait/header/500054-1701333965.jpg?lm=1,https://www.transfermarkt.co.uk/david-jurasek/profil/spieler/500054
2041,Luca Philipp,GER,GB,23,6,6,540,6.0,0,0,0,0,0,0,0,0,0.0,0.0,0.0,0.0,0,0,0,0.0,0.0,0.0,0.0,0.0,0.0,0.0,0.0,0.0,0.0,luca philipp,Goalkeeper,,192.0,L1,750000.0,750000.0,https://img.a.transfermarkt.technology/portrait/header/432671-1657200196.jpg?lm=1,https://www.transfermarkt.co.uk/luca-philipp/profil/spieler/432671
2042,Diadie Samassékou,MLI,MT,28,8,6,290,3.2,0,0,0,0,0,0,0,0,0.1,0.1,0.0,0.1,3,11,2,0.0,0.0,0.0,0.0,0.0,0.02,0.0,0.02,0.02,0.02,diadie samassekou,Midfield,right,177.0,L1,1000000.0,20000000.0,https://img.a.transfermarkt.technology/portrait/header/315604-1657200749.jpg?lm=1,https://www.transfermarkt.co.uk/diadie-samassekou/profil/spieler/315604
2043,Andrey Santos,BRA,MT,20,32,32,"2,855",31.7,10,3,13,10,0,0,8,0,5.1,5.1,3.3,8.4,29,149,26,0.32,0.09,0.41,0.32,0.41,0.16,0.1,0.27,0.16,0.27,andrey santos,Midfield,right,180.0,FR1,25000000.0,25000000.0,https://img.a.transfermarkt.technology/portrait/header/743600-1732576153.png?lm=1,https://www.transfermarkt.co.uk/andrey-santos/profil/spieler/743600
2045,Guela Doué,CIV,DF,21,32,30,"2,717",30.2,1,2,3,1,0,0,7,0,0.8,0.8,0.7,1.5,51,173,54,0.03,0.07,0.1,0.03,0.1,0.03,0.02,0.05,0.03,0.05,guela doue,Defender,right,187.0,FR1,12000000.0,12000000.0,https://img.a.transfermarkt.technology/portrait/header/711980-1732575765.png?lm=1,https://www.transfermarkt.co.uk/guela-doue/profil/spieler/711980
2046,Dilane Bakwa,FRA,"MT,DF",21,30,29,"2,497",27.7,6,8,14,6,0,0,4,0,4.7,4.7,6.6,11.3,107,129,249,0.22,0.29,0.5,0.22,0.5,0.17,0.24,0.41,0.17,0.41,dilane bakwa,Attack,left,180.0,FR1,18000000.0,18000000.0,https://img.a.transfermarkt.technology/portrait/header/540664-1732575429.png?lm=1,https://www.transfermarkt.co.uk/dilane-bakwa/profil/spieler/540664
2047,Mamadou Sarr,FRA,DF,18,27,27,"2,365",26.3,0,1,1,0,0,0,4,0,0.8,0.8,0.3,1.1,7,52,1,0.0,0.04,0.04,0.0,0.04,0.03,0.01,0.04,0.03,0.04,mamadou sarr,Defender,right,194.0,FR1,15000000.0,15000000.0,https://img.a.transfermarkt.technology/portrait/header/910905-1732575264.png?lm=1,https://www.transfermarkt.co.uk/mamadou-sarr/profil/spieler/910905
2048,Habib Diarra,SEN,"MT,AT",20,30,27,"2,352",26.1,4,5,9,2,2,2,6,0,3.3,1.8,4.5,6.3,61,116,114,0.15,0.19,0.34,0.08,0.27,0.13,0.17,0.3,0.07,0.24,habib diarra,Midfield,right,178.0,FR1,20000000.0,20000000.0,https://img.a.transfermarkt.technology/portrait/header/876631-1732576173.png?lm=1,https://www.transfermarkt.co.uk/habib-diarra/profil/spieler/876631
2049,Emanuel Emegha,NED,AT,21,27,27,"2,293",25.5,14,3,17,14,0,0,5,0,17.0,17.0,2.4,19.4,37,14,104,0.55,0.12,0.67,0.55,0.67,0.67,0.1,0.76,0.67,0.76,emanuel emegha,Attack,right,196.0,FR1,20000000.0,20000000.0,https://img.a.transfermarkt.technology/portrait/header/559328-1732575392.png?lm=1,https://www.transfermarkt.co.uk/emanuel-emegha/profil/spieler/559328
2050,Sebastian Nanasi,SWE,"MT,AT",22,31,26,"2,107",23.4,6,4,10,6,0,0,1,0,6.5,6.5,4.9,11.4,53,126,127,0.26,0.17,0.43,0.26,0.43,0.28,0.21,0.49,0.28,0.49,sebastian nanasi,Midfield,right,178.0,FR1,15000000.0,15000000.0,https://img.a.transfermarkt.technology/portrait/header/579928-1732576164.png?lm=1,https://www.transfermarkt.co.uk/sebastian-nanasi/profil/spieler/579928
2051,Félix Lemaréchal,FRA,"MT,AT",20,27,20,"1,779",19.8,4,3,7,4,0,0,2,0,3.5,3.5,2.9,6.4,35,58,90,0.2,0.15,0.35,0.2,0.35,0.18,0.15,0.32,0.18,0.32,felix lemarechal,Midfield,right,180.0,FR1,7000000.0,7000000.0,https://img.a.transfermarkt.technology/portrait/header/659518-1732576183.png?lm=1,https://www.transfermarkt.co.uk/felix-lemarechal/profil/spieler/659518
2052,Valentín Barco,ARG,"MT,DF",20,14,14,"1,157",12.9,0,2,2,0,0,0,2,0,0.5,0.5,1.5,2.0,20,64,55,0.0,0.16,0.16,0.0,0.16,0.04,0.11,0.15,0.04,0.15,valentin barco,Defender,left,170.0,FR1,8000000.0,13000000.0,https://img.a.transfermarkt.technology/portrait/header/849410-1683292377.jpg?lm=1,https://www.transfermarkt.co.uk/valentin-barco/profil/spieler/849410
2054,Abakar Sylla,CIV,DF,21,21,10,950,10.6,1,0,1,1,0,0,2,1,0.4,0.4,0.1,0.5,0,21,3,0.09,0.0,0.09,0.09,0.09,0.04,0.01,0.05,0.04,0.05,abakar sylla,Defender,left,188.0,FR1,12000000.0,15000000.0,https://img.a.transfermarkt.technology/portrait/header/962555-1732575720.png?lm=1,https://www.transfermarkt.co.uk/abakar-sylla/profil/spieler/962555
2055,Andrew Omobamidele,IRL,DF,22,10,6,539,6.0,0,0,0,0,0,0,5,1,0.0,0.0,0.0,0.0,0,9,0,0.0,0.0,0.0,0.0,0.0,0.0,0.0,0.0,0.0,0.0,andrew omobamidele,Defender,right,188.0,FR1,10000000.0,11000000.0,https://img.a.transfermarkt.technology/portrait/header/621993-1700738756.jpg?lm=1,https://www.transfermarkt.co.uk/andrew-omobamidele/profil/spieler/621993
2056,Karl-Johan Johnsson,SWE,GB,34,3,3,270,3.0,0,0,0,0,0,0,0,0,0.0,0.0,0.0,0.0,0,0,0,0.0,0.0,0.0,0.0,0.0,0.0,0.0,0.0,0.0,0.0,karl johan johnsson,Goalkeeper,right,188.0,FR1,400000.0,2500000.0,https://img.a.transfermarkt.technology/portrait/header/112822-1732486706.png?lm=1,https://www.transfermarkt.co.uk/karl-johan-johnsson/profil/spieler/112822
2057,Junior Mwanga,FRA,MT,21,8,2,296,3.3,0,0,0,0,0,0,0,0,0.0,0.0,0.0,0.0,2,10,2,0.0,0.0,0.0,0.0,0.0,0.0,0.01,0.01,0.0,0.01,junior mwanga,Midfield,both,184.0,FR1,6000000.0,7000000.0,https://img.a.transfermarkt.technology/portrait/header/1011200-1732575482.png?lm=1,https://www.transfermarkt.co.uk/junior-mwanga/profil/spieler/1011200
2058,Marvin Senaya,TOG,DF,23,10,1,227,2.5,0,0,0,0,0,0,3,0,0.0,0.0,0.1,0.1,1,5,2,0.0,0.0,0.0,0.0,0.0,0.01,0.05,0.06,0.01,0.06,marvin senaya,Defender,right,181.0,FR1,2000000.0,2000000.0,https://img.a.transfermarkt.technology/portrait/header/830890-1666197496.jpg?lm=1,https://www.transfermarkt.co.uk/marvin-senaya/profil/spieler/830890
2059,Andrey Santos,BRA,MT,20,32,32,"2,855",31.7,10,3,13,10,0,0,8,0,5.1,5.1,3.3,8.4,29,149,26,0.32,0.09,0.41,0.32,0.41,0.16,0.1,0.27,0.16,0.27,andrey santos,Midfield,right,180.0,FR1,25000000.0,25000000.0,https://img.a.transfermarkt.technology/portrait/header/743600-1732576153.png?lm=1,https://www.transfermarkt.co.uk/andrey-santos/profil/spieler/743600
2061,Guela Doué,CIV,DF,21,32,30,"2,717",30.2,1,2,3,1,0,0,7,0,0.8,0.8,0.7,1.5,51,173,54,0.03,0.07,0.1,0.03,0.1,0.03,0.02,0.05,0.03,0.05,guela doue,Defender,right,187.0,FR1,12000000.0,12000000.0,https://img.a.transfermarkt.technology/portrait/header/711980-1732575765.png?lm=1,https://www.transfermarkt.co.uk/guela-doue/profil/spieler/711980
2062,Dilane Bakwa,FRA,"MT,DF",21,30,29,"2,497",27.7,6,8,14,6,0,0,4,0,4.7,4.7,6.6,11.3,107,129,249,0.22,0.29,0.5,0.22,0.5,0.17,0.24,0.41,0.17,0.41,dilane bakwa,Attack,left,180.0,FR1,18000000.0,18000000.0,https://img.a.transfermarkt.technology/portrait/header/540664-1732575429.png?lm=1,https://www.transfermarkt.co.uk/dilane-bakwa/profil/spieler/540664
2063,Mamadou Sarr,FRA,DF,18,27,27,"2,365",26.3,0,1,1,0,0,0,4,0,0.8,0.8,0.3,1.1,7,52,1,0.0,0.04,0.04,0.0,0.04,0.03,0.01,0.04,0.03,0.04,mamadou sarr,Defender,right,194.0,FR1,15000000.0,15000000.0,https://img.a.transfermarkt.technology/portrait/header/910905-1732575264.png?lm=1,https://www.transfermarkt.co.uk/mamadou-sarr/profil/spieler/910905
2064,Habib Diarra,SEN,"MT,AT",20,30,27,"2,352",26.1,4,5,9,2,2,2,6,0,3.3,1.8,4.5,6.3,61,116,114,0.15,0.19,0.34,0.08,0.27,0.13,0.17,0.3,0.07,0.24,habib diarra,Midfield,right,178.0,FR1,20000000.0,20000000.0,https://img.a.transfermarkt.technology/portrait/header/876631-1732576173.png?lm=1,https://www.transfermarkt.co.uk/habib-diarra/profil/spieler/876631
2065,Emanuel Emegha,NED,AT,21,27,27,"2,293",25.5,14,3,17,14,0,0,5,0,17.0,17.0,2.4,19.4,37,14,104,0.55,0.12,0.67,0.55,0.67,0.67,0.1,0.76,0.67,0.76,emanuel emegha,Attack,right,196.0,FR1,20000000.0,20000000.0,https://img.a.transfermarkt.technology/portrait/header/559328-1732575392.png?lm=1,https://www.transfermarkt.co.uk/emanuel-emegha/profil/spieler/559328
2066,Sebastian Nanasi,SWE,"MT,AT",22,31,26,"2,107",23.4,6,4,10,6,0,0,1,0,6.5,6.5,4.9,11.4,53,126,127,0.26,0.17,0.43,0.26,0.43,0.28,0.21,0.49,0.28,0.49,sebastian nanasi,Midfield,right,178.0,FR1,15000000.0,15000000.0,https://img.a.transfermarkt.technology/portrait/header/579928-1732576164.png?lm=1,https://www.transfermarkt.co.uk/sebastian-nanasi/profil/spieler/579928
2067,Félix Lemaréchal,FRA,"MT,AT",20,27,20,"1,779",19.8,4,3,7,4,0,0,2,0,3.5,3.5,2.9,6.4,35,58,90,0.2,0.15,0.35,0.2,0.35,0.18,0.15,0.32,0.18,0.32,felix lemarechal,Midfield,right,180.0,FR1,7000000.0,7000000.0,https://img.a.transfermarkt.technology/portrait/header/659518-1732576183.png?lm=1,https://www.transfermarkt.co.uk/felix-lemarechal/profil/spieler/659518
2068,Valentín Barco,ARG,"MT,DF",20,14,14,"1,157",12.9,0,2,2,0,0,0,2,0,0.5,0.5,1.5,2.0,20,64,55,0.0,0.16,0.16,0.0,0.16,0.04,0.11,0.15,0.04,0.15,valentin barco,Defender,left,170.0,FR1,8000000.0,13000000.0,https://img.a.transfermarkt.technology/portrait/header/849410-1683292377.jpg?lm=1,https://www.transfermarkt.co.uk/valentin-barco/profil/spieler/849410
2070,Abakar Sylla,CIV,DF,21,21,10,950,10.6,1,0,1,1,0,0,2,1,0.4,0.4,0.1,0.5,0,21,3,0.09,0.0,0.09,0.09,0.09,0.04,0.01,0.05,0.04,0.05,abakar sylla,Defender,left,188.0,FR1,12000000.0,15000000.0,https://img.a.transfermarkt.technology/portrait/header/962555-1732575720.png?lm=1,https://www.transfermarkt.co.uk/abakar-sylla/profil/spieler/962555
2071,Andrew Omobamidele,IRL,DF,22,10,6,539,6.0,0,0,0,0,0,0,5,1,0.0,0.0,0.0,0.0,0,9,0,0.0,0.0,0.0,0.0,0.0,0.0,0.0,0.0,0.0,0.0,andrew omobamidele,Defender,right,188.0,FR1,10000000.0,11000000.0,https://img.a.transfermarkt.technology/portrait/header/621993-1700738756.jpg?lm=1,https://www.transfermarkt.co.uk/andrew-omobamidele/profil/spieler/621993
2072,Karl-Johan Johnsson,SWE,GB,34,3,3,270,3.0,0,0,0,0,0,0,0,0,0.0,0.0,0.0,0.0,0,0,0,0.0,0.0,0.0,0.0,0.0,0.0,0.0,0.0,0.0,0.0,karl johan johnsson,Goalkeeper,right,188.0,FR1,400000.0,2500000.0,https://img.a.transfermarkt.technology/portrait/header/112822-1732486706.png?lm=1,https://www.transfermarkt.co.uk/karl-johan-johnsson/profil/spieler/112822
2073,Junior Mwanga,FRA,MT,21,8,2,296,3.3,0,0,0,0,0,0,0,0,0.0,0.0,0.0,0.0,2,10,2,0.0,0.0,0.0,0.0,0.0,0.0,0.01,0.01,0.0,0.01,junior mwanga,Midfield,both,184.0,FR1,6000000.0,7000000.0,https://img.a.transfermarkt.technology/portrait/header/1011200-1732575482.png?lm=1,https://www.transfermarkt.co.uk/junior-mwanga/profil/spieler/1011200
2074,Marvin Senaya,TOG,DF,23,10,1,227,2.5,0,0,0,0,0,0,3,0,0.0,0.0,0.1,0.1,1,5,2,0.0,0.0,0.0,0.0,0.0,0.01,0.05,0.06,0.01,0.06,marvin senaya,Defender,right,181.0,FR1,2000000.0,2000000.0,https://img.a.transfermarkt.technology/portrait/header/830890-1666197496.jpg?lm=1,https://www.transfermarkt.co.uk/marvin-senaya/profil/spieler/830890
2075,Jordan Pickford,ENG,GB,30,38,38,"3,420",38.0,0,1,1,0,0,0,7,0,0.0,0.0,0.4,0.4,0,0,0,0.0,0.03,0.03,0.0,0.03,0.0,0.01,0.01,0.0,0.01,jordan pickford,Goalkeeper,left,185.0,GB1,20000000.0,40000000.0,https://img.a.transfermarkt.technology/portrait/header/130164-1668499964.jpg?lm=1,https://www.transfermarkt.co.uk/jordan-pickford/profil/spieler/130164
2076,Vitaliy Mykolenko,UKR,DF,25,35,35,"3,082",34.2,1,2,3,1,0,0,4,0,0.5,0.5,2.6,3.1,33,110,99,0.03,0.06,0.09,0.03,0.09,0.01,0.08,0.09,0.01,0.09,vitaliy mykolenko,Defender,left,180.0,GB1,28000000.0,28000000.0,https://img.a.transfermarkt.technology/portrait/header/404842-1708012303.jpg?lm=1,https://www.transfermarkt.co.uk/vitaliy-mykolenko/profil/spieler/404842
2078,James Tarkowski,ENG,DF,31,33,33,"2,922",32.5,1,1,2,1,0,0,6,0,1.3,1.3,2.9,4.2,9,75,3,0.03,0.03,0.06,0.03,0.06,0.04,0.09,0.13,0.04,0.13,james tarkowski,Defender,right,185.0,GB1,10000000.0,28000000.0,https://img.a.transfermarkt.technology/portrait/header/173504-1655979328.jpg?lm=1,https://www.transfermarkt.co.uk/james-tarkowski/profil/spieler/173504
2079,Abdoulaye Doucouré,MLI,MT,31,33,31,"2,564",28.5,3,2,5,3,0,0,5,1,4.1,4.1,2.4,6.6,42,82,96,0.11,0.07,0.18,0.11,0.18,0.15,0.09,0.23,0.15,0.23,abdoulaye doucoure,Midfield,right,183.0,GB1,8000000.0,25000000.0,https://img.a.transfermarkt.technology/portrait/header/127187-1687966805.jpg?lm=1,https://www.transfermarkt.co.uk/abdoulaye-doucoure/profil/spieler/127187
2080,Iliman Ndiaye,SEN,AT,24,33,29,"2,430",27.0,9,0,9,7,2,2,3,0,6.2,4.7,1.9,6.5,86,59,122,0.33,0.0,0.33,0.26,0.26,0.23,0.07,0.3,0.17,0.24,iliman ndiaye,Attack,right,180.0,GB1,22000000.0,22000000.0,https://img.a.transfermarkt.technology/portrait/header/623570-1651653048.png?lm=1,https://www.transfermarkt.co.uk/iliman-ndiaye/profil/spieler/623570
2081,Jarrad Branthwaite,ENG,DF,22,30,28,"2,511",27.9,0,1,1,0,0,0,4,0,1.2,1.2,0.7,1.9,10,66,2,0.0,0.04,0.04,0.0,0.04,0.04,0.02,0.07,0.04,0.07,jarrad branthwaite,Defender,left,195.0,GB1,50000000.0,50000000.0,https://img.a.transfermarkt.technology/portrait/header/661053-1687975679.jpg?lm=1,https://www.transfermarkt.co.uk/jarrad-branthwaite/profil/spieler/661053
2082,Jack Harrison,ENG,AT,27,34,24,"2,076",23.1,1,0,1,1,0,0,0,0,3.5,3.5,3.7,7.2,73,51,127,0.04,0.0,0.04,0.04,0.04,0.15,0.16,0.31,0.15,0.31,jack harrison,Attack,left,175.0,GB1,16000000.0,28000000.0,https://img.a.transfermarkt.technology/portrait/header/417346-1711746777.jpg?lm=1,https://www.transfermarkt.co.uk/jack-harrison/profil/spieler/417346
2083,Ashley Young,ENG,DF,39,32,19,"1,875",20.8,1,3,4,1,0,0,7,1,0.3,0.3,2.3,2.6,24,90,32,0.05,0.14,0.19,0.05,0.19,0.01,0.11,0.12,0.01,0.12,ashley young,Defender,both,175.0,GB1,500000.0,27000000.0,https://img.a.transfermarkt.technology/portrait/header/14086-1700736434.jpg?lm=1,https://www.transfermarkt.co.uk/ashley-young/profil/spieler/14086
2084,Dominic Calvert-Lewin,ENG,AT,27,26,19,"1,609",17.9,3,1,4,3,0,0,2,0,6.7,6.7,0.6,7.4,23,20,112,0.17,0.06,0.22,0.17,0.22,0.38,0.04,0.41,0.38,0.41,dominic calvert lewin,Attack,right,189.0,GB1,20000000.0,45000000.0,https://img.a.transfermarkt.technology/portrait/header/306024-1685705768.jpg?lm=1,https://www.transfermarkt.co.uk/dominic-calvert-lewin/profil/spieler/306024
2085,James Garner,ENG,"MT,DF",23,21,17,"1,594",17.7,0,1,1,0,0,0,5,0,0.7,0.7,1.4,2.1,15,50,30,0.0,0.06,0.06,0.0,0.06,0.04,0.08,0.12,0.04,0.12,james garner,Midfield,right,182.0,GB1,20000000.0,22000000.0,https://img.a.transfermarkt.technology/portrait/header/505219-1662067244.jpg?lm=1,https://www.transfermarkt.co.uk/james-garner/profil/spieler/505219
2086,Jake O'Brien,IRL,DF,23,20,17,"1,571",17.5,2,0,2,2,0,0,5,0,0.8,0.8,0.6,1.3,7,50,25,0.11,0.0,0.11,0.11,0.11,0.04,0.03,0.08,0.04,0.08,jake o'brien,Defender,right,197.0,GB1,15000000.0,15000000.0,https://img.a.transfermarkt.technology/portrait/header/711544-1662362868.jpg?lm=1,https://www.transfermarkt.co.uk/jake-obrien/profil/spieler/711544
2087,Beto,GNB,AT,26,30,15,"1,534",17.0,8,0,8,8,0,0,2,0,8.2,8.2,1.2,9.4,15,16,77,0.47,0.0,0.47,0.47,0.47,0.48,0.07,0.55,0.48,0.55,beto,Attack,right,194.0,GB1,20000000.0,25000000.0,https://img.a.transfermarkt.technology/portrait/header/595809-1711746870.jpg?lm=1,https://www.transfermarkt.co.uk/beto/profil/spieler/595809
2088,Dwight McNeil,ENG,"MT,AT",24,21,15,"1,371",15.2,4,6,10,4,0,0,1,0,1.1,1.1,5.2,6.3,38,69,80,0.26,0.39,0.66,0.26,0.66,0.07,0.34,0.41,0.07,0.41,dwight mcneil,Midfield,left,183.0,GB1,25000000.0,25000000.0,https://img.a.transfermarkt.technology/portrait/header/584769-1700651579.jpg?lm=1,https://www.transfermarkt.co.uk/dwight-mcneil/profil/spieler/584769
2089,Jesper Lindstrøm,DEN,AT,24,25,15,"1,239",13.8,0,1,1,0,0,0,2,0,2.1,2.1,2.0,4.1,30,25,81,0.0,0.07,0.07,0.0,0.07,0.15,0.15,0.3,0.15,0.3,jesper lindstrøm,Attack,right,182.0,GB1,20000000.0,28000000.0,https://img.a.transfermarkt.technology/portrait/header/513245-1663065433.jpg?lm=1,https://www.transfermarkt.co.uk/jesper-lindstrom/profil/spieler/513245
2090,Orel Mangala,BEL,MT,26,19,14,"1,261",14.0,1,0,1,1,0,0,2,0,1.1,1.1,0.6,1.8,6,34,19,0.07,0.0,0.07,0.07,0.07,0.08,0.05,0.13,0.08,0.13,orel mangala,Midfield,right,178.0,GB1,20000000.0,22000000.0,https://img.a.transfermarkt.technology/portrait/header/289592-1657181518.jpg?lm=1,https://www.transfermarkt.co.uk/orel-mangala/profil/spieler/289592
2091,Michael Keane,ENG,DF,31,14,11,"1,049",11.7,3,0,3,3,0,0,5,0,0.6,0.6,0.1,0.7,1,14,3,0.26,0.0,0.26,0.26,0.26,0.05,0.01,0.06,0.05,0.06,michael keane,Defender,right,188.0,GB1,6000000.0,30000000.0,https://img.a.transfermarkt.technology/portrait/header/118534-1687967021.jpg?lm=1,https://www.transfermarkt.co.uk/michael-keane/profil/spieler/118534
2092,Tim Iroegbunam,ENG,MT,21,18,5,574,6.4,0,1,1,0,0,0,4,0,0.2,0.2,0.2,0.4,8,15,9,0.0,0.16,0.16,0.0,0.16,0.04,0.03,0.07,0.04,0.07,tim iroegbunam,Midfield,right,183.0,GB1,10000000.0,10000000.0,https://img.a.transfermarkt.technology/portrait/header/696589-1650877564.jpg?lm=1,https://www.transfermarkt.co.uk/tim-iroegbunam/profil/spieler/696589
2093,Armando Broja,ALB,AT,22,10,4,334,3.7,0,0,0,0,0,0,1,0,0.1,0.1,0.2,0.3,12,2,26,0.0,0.0,0.0,0.0,0.0,0.03,0.05,0.08,0.03,0.08,armando broja,Attack,right,191.0,GB1,13000000.0,30000000.0,https://img.a.transfermarkt.technology/portrait/header/571743-1662362376.jpg?lm=1,https://www.transfermarkt.co.uk/armando-broja/profil/spieler/571743
2094,Nathan Patterson,SCO,DF,22,10,3,347,3.9,0,1,1,0,0,0,1,0,0.1,0.1,0.4,0.5,6,13,18,0.0,0.26,0.26,0.0,0.26,0.02,0.11,0.13,0.02,0.13,nathan patterson,Defender,right,189.0,GB1,15000000.0,16000000.0,https://img.a.transfermarkt.technology/portrait/header/424015-1736161412.jpg?lm=1,https://www.transfermarkt.co.uk/nathan-patterson/profil/spieler/424015
2095,Séamus Coleman,IRL,DF,35,5,3,215,2.4,0,0,0,0,0,0,1,0,0.6,0.6,0.0,0.6,1,11,7,0.0,0.0,0.0,0.0,0.0,0.24,0.0,0.24,0.24,0.24,seamus coleman,Defender,right,177.0,GB1,500000.0,19000000.0,https://img.a.transfermarkt.technology/portrait/header/68390-1627488566.jpg?lm=1,https://www.transfermarkt.co.uk/seamus-coleman/profil/spieler/68390
2099,Tom Bischof,GER,"MT,AT",19,31,30,"2,559",28.4,5,2,7,5,0,0,5,0,2.2,2.2,3.6,5.9,47,138,102,0.18,0.07,0.25,0.18,0.25,0.08,0.13,0.21,0.08,0.21,tom bischof,Midfield,left,176.0,L1,25000000.0,25000000.0,https://img.a.transfermarkt.technology/portrait/header/822959-1723921256.jpg?lm=1,https://www.transfermarkt.co.uk/tom-bischof/profil/spieler/822959
2100,Anton Stach,GER,"MT,DF",25,30,29,"2,585",28.7,1,2,3,1,0,0,8,0,2.0,2.0,2.2,4.2,33,152,36,0.03,0.07,0.1,0.03,0.1,0.07,0.08,0.15,0.07,0.15,anton stach,Midfield,right,194.0,L1,14000000.0,15000000.0,https://img.a.transfermarkt.technology/portrait/header/344069-1723921116.jpg?lm=1,https://www.transfermarkt.co.uk/anton-stach/profil/spieler/344069
2101,Oliver Baumann,GER,GB,34,28,28,"2,520",28.0,0,0,0,0,0,0,1,0,0.0,0.0,1.0,1.0,0,1,0,0.0,0.0,0.0,0.0,0.0,0.0,0.03,0.03,0.0,0.03,oliver baumann,Goalkeeper,right,187.0,L1,3000000.0,10000000.0,https://img.a.transfermarkt.technology/portrait/header/55089-1657200130.jpg?lm=1,https://www.transfermarkt.co.uk/oliver-baumann/profil/spieler/55089
2102,Arthur Chaves,BRA,DF,23,26,24,"2,185",24.3,1,0,1,1,0,0,8,0,0.8,0.8,0.1,0.9,10,57,13,0.04,0.0,0.04,0.04,0.04,0.03,0.0,0.04,0.03,0.04,arthur chaves,Defender,right,188.0,L1,3000000.0,3000000.0,https://img.a.transfermarkt.technology/portrait/header/875332-1731017725.jpg?lm=1,https://www.transfermarkt.co.uk/arthur-chaves/profil/spieler/875332
2103,Kevin Akpoguma,NGA,DF,29,32,23,"2,220",24.7,0,0,0,0,0,0,3,0,0.1,0.1,0.3,0.4,14,98,16,0.0,0.0,0.0,0.0,0.0,0.0,0.01,0.02,0.0,0.02,kevin akpoguma,Defender,right,192.0,L1,2500000.0,12000000.0,https://img.a.transfermarkt.technology/portrait/header/160241-1723920979.jpg?lm=1,https://www.transfermarkt.co.uk/kevin-akpoguma/profil/spieler/160241
2104,Alexander Prass,AUT,DF,23,23,19,"1,566",17.4,0,1,1,0,0,0,1,0,0.9,0.9,2.8,3.6,28,63,66,0.0,0.06,0.06,0.0,0.06,0.05,0.16,0.21,0.05,0.21,alexander prass,Defender,left,180.0,L1,6500000.0,12000000.0,https://img.a.transfermarkt.technology/portrait/header/434116-1723921044.jpg?lm=1,https://www.transfermarkt.co.uk/alexander-prass/profil/spieler/434116
2107,Valentin Gendrey,FRA,DF,24,22,14,"1,414",15.7,1,1,2,1,0,0,1,0,1.1,1.1,1.8,2.9,24,49,86,0.06,0.06,0.13,0.06,0.13,0.07,0.12,0.19,0.07,0.19,valentin gendrey,Defender,right,179.0,L1,8500000.0,8500000.0,https://img.a.transfermarkt.technology/portrait/header/569387-1663745931.jpg?lm=1,https://www.transfermarkt.co.uk/valentin-gendrey/profil/spieler/569387
2109,Florian Grillitsch,AUT,MT,28,8,8,601,6.7,0,0,0,0,0,0,1,0,0.2,0.2,0.2,0.3,4,44,4,0.0,0.0,0.0,0.0,0.0,0.02,0.03,0.05,0.02,0.05,florian grillitsch,Midfield,right,187.0,ES1,3000000.0,25000000.0,https://img.a.transfermarkt.technology/portrait/header/195736-1691269821.jpg?lm=1,https://www.transfermarkt.co.uk/florian-grillitsch/profil/spieler/195736
2110,Dennis Geiger,GER,"MT,AT",26,20,7,734,8.2,0,0,0,0,0,0,4,0,0.2,0.2,0.5,0.6,12,37,21,0.0,0.0,0.0,0.0,0.0,0.02,0.06,0.08,0.02,0.08,dennis geiger,Midfield,right,173.0,L1,3000000.0,13000000.0,https://img.a.transfermarkt.technology/portrait/header/251309-1723921207.jpg?lm=1,https://www.transfermarkt.co.uk/dennis-geiger/profil/spieler/251309
2111,Gift Orban,NGA,AT,22,13,7,687,7.6,4,0,4,4,0,0,2,0,3.4,3.4,0.2,3.6,8,7,35,0.52,0.0,0.52,0.52,0.52,0.44,0.03,0.47,0.44,0.47,gift orban,Attack,right,178.0,L1,10000000.0,20000000.0,https://img.a.transfermarkt.technology/portrait/header/1018259-1701690897.jpg?lm=1,https://www.transfermarkt.co.uk/gift-orban/profil/spieler/1018259
2113,Haris Tabakovic,BIH,AT,30,22,6,821,9.1,3,1,4,3,0,0,0,0,3.3,3.3,1.2,4.6,4,7,45,0.33,0.11,0.44,0.33,0.44,0.37,0.14,0.5,0.37,0.5,haris tabakovic,Attack,right,194.0,L1,3000000.0,3000000.0,https://img.a.transfermarkt.technology/portrait/header/203123-1720778399.jpg?lm=1,https://www.transfermarkt.co.uk/haris-tabakovic/profil/spieler/203123
2114,David Jurásek,CZE,DF,23,14,6,619,6.9,0,1,1,0,0,0,0,0,0.1,0.1,0.9,1.0,17,22,42,0.0,0.15,0.15,0.0,0.15,0.02,0.13,0.14,0.02,0.14,david jurasek,Defender,left,183.0,L1,7000000.0,8000000.0,https://img.a.transfermarkt.technology/portrait/header/500054-1701333965.jpg?lm=1,https://www.transfermarkt.co.uk/david-jurasek/profil/spieler/500054
2115,Luca Philipp,GER,GB,23,6,6,540,6.0,0,0,0,0,0,0,0,0,0.0,0.0,0.0,0.0,0,0,0,0.0,0.0,0.0,0.0,0.0,0.0,0.0,0.0,0.0,0.0,luca philipp,Goalkeeper,,192.0,L1,750000.0,750000.0,https://img.a.transfermarkt.technology/portrait/header/432671-1657200196.jpg?lm=1,https://www.transfermarkt.co.uk/luca-philipp/profil/spieler/432671
2116,Diadie Samassékou,MLI,MT,28,8,6,290,3.2,0,0,0,0,0,0,0,0,0.1,0.1,0.0,0.1,3,11,2,0.0,0.0,0.0,0.0,0.0,0.02,0.0,0.02,0.02,0.02,diadie samassekou,Midfield,right,177.0,L1,1000000.0,20000000.0,https://img.a.transfermarkt.technology/portrait/header/315604-1657200749.jpg?lm=1,https://www.transfermarkt.co.uk/diadie-samassekou/profil/spieler/315604
2117,Andrey Santos,BRA,MT,20,32,32,"2,855",31.7,10,3,13,10,0,0,8,0,5.1,5.1,3.3,8.4,29,149,26,0.32,0.09,0.41,0.32,0.41,0.16,0.1,0.27,0.16,0.27,andrey santos,Midfield,right,180.0,FR1,25000000.0,25000000.0,https://img.a.transfermarkt.technology/portrait/header/743600-1732576153.png?lm=1,https://www.transfermarkt.co.uk/andrey-santos/profil/spieler/743600
2119,Guela Doué,CIV,DF,21,32,30,"2,717",30.2,1,2,3,1,0,0,7,0,0.8,0.8,0.7,1.5,51,173,54,0.03,0.07,0.1,0.03,0.1,0.03,0.02,0.05,0.03,0.05,guela doue,Defender,right,187.0,FR1,12000000.0,12000000.0,https://img.a.transfermarkt.technology/portrait/header/711980-1732575765.png?lm=1,https://www.transfermarkt.co.uk/guela-doue/profil/spieler/711980
2120,Dilane Bakwa,FRA,"MT,DF",21,30,29,"2,497",27.7,6,8,14,6,0,0,4,0,4.7,4.7,6.6,11.3,107,129,249,0.22,0.29,0.5,0.22,0.5,0.17,0.24,0.41,0.17,0.41,dilane bakwa,Attack,left,180.0,FR1,18000000.0,18000000.0,https://img.a.transfermarkt.technology/portrait/header/540664-1732575429.png?lm=1,https://www.transfermarkt.co.uk/dilane-bakwa/profil/spieler/540664
2121,Mamadou Sarr,FRA,DF,18,27,27,"2,365",26.3,0,1,1,0,0,0,4,0,0.8,0.8,0.3,1.1,7,52,1,0.0,0.04,0.04,0.0,0.04,0.03,0.01,0.04,0.03,0.04,mamadou sarr,Defender,right,194.0,FR1,15000000.0,15000000.0,https://img.a.transfermarkt.technology/portrait/header/910905-1732575264.png?lm=1,https://www.transfermarkt.co.uk/mamadou-sarr/profil/spieler/910905
2122,Habib Diarra,SEN,"MT,AT",20,30,27,"2,352",26.1,4,5,9,2,2,2,6,0,3.3,1.8,4.5,6.3,61,116,114,0.15,0.19,0.34,0.08,0.27,0.13,0.17,0.3,0.07,0.24,habib diarra,Midfield,right,178.0,FR1,20000000.0,20000000.0,https://img.a.transfermarkt.technology/portrait/header/876631-1732576173.png?lm=1,https://www.transfermarkt.co.uk/habib-diarra/profil/spieler/876631
2123,Emanuel Emegha,NED,AT,21,27,27,"2,293",25.5,14,3,17,14,0,0,5,0,17.0,17.0,2.4,19.4,37,14,104,0.55,0.12,0.67,0.55,0.67,0.67,0.1,0.76,0.67,0.76,emanuel emegha,Attack,right,196.0,FR1,20000000.0,20000000.0,https://img.a.transfermarkt.technology/portrait/header/559328-1732575392.png?lm=1,https://www.transfermarkt.co.uk/emanuel-emegha/profil/spieler/559328
2124,Sebastian Nanasi,SWE,"MT,AT",22,31,26,"2,107",23.4,6,4,10,6,0,0,1,0,6.5,6.5,4.9,11.4,53,126,127,0.26,0.17,0.43,0.26,0.43,0.28,0.21,0.49,0.28,0.49,sebastian nanasi,Midfield,right,178.0,FR1,15000000.0,15000000.0,https://img.a.transfermarkt.technology/portrait/header/579928-1732576164.png?lm=1,https://www.transfermarkt.co.uk/sebastian-nanasi/profil/spieler/579928
2125,Félix Lemaréchal,FRA,"MT,AT",20,27,20,"1,779",19.8,4,3,7,4,0,0,2,0,3.5,3.5,2.9,6.4,35,58,90,0.2,0.15,0.35,0.2,0.35,0.18,0.15,0.32,0.18,0.32,felix lemarechal,Midfield,right,180.0,FR1,7000000.0,7000000.0,https://img.a.transfermarkt.technology/portrait/header/659518-1732576183.png?lm=1,https://www.transfermarkt.co.uk/felix-lemarechal/profil/spieler/659518
2126,Valentín Barco,ARG,"MT,DF",20,14,14,"1,157",12.9,0,2,2,0,0,0,2,0,0.5,0.5,1.5,2.0,20,64,55,0.0,0.16,0.16,0.0,0.16,0.04,0.11,0.15,0.04,0.15,valentin barco,Defender,left,170.0,FR1,8000000.0,13000000.0,https://img.a.transfermarkt.technology/portrait/header/849410-1683292377.jpg?lm=1,https://www.transfermarkt.co.uk/valentin-barco/profil/spieler/849410
2128,Abakar Sylla,CIV,DF,21,21,10,950,10.6,1,0,1,1,0,0,2,1,0.4,0.4,0.1,0.5,0,21,3,0.09,0.0,0.09,0.09,0.09,0.04,0.01,0.05,0.04,0.05,abakar sylla,Defender,left,188.0,FR1,12000000.0,15000000.0,https://img.a.transfermarkt.technology/portrait/header/962555-1732575720.png?lm=1,https://www.transfermarkt.co.uk/abakar-sylla/profil/spieler/962555
2129,Andrew Omobamidele,IRL,DF,22,10,6,539,6.0,0,0,0,0,0,0,5,1,0.0,0.0,0.0,0.0,0,9,0,0.0,0.0,0.0,0.0,0.0,0.0,0.0,0.0,0.0,0.0,andrew omobamidele,Defender,right,188.0,FR1,10000000.0,11000000.0,https://img.a.transfermarkt.technology/portrait/header/621993-1700738756.jpg?lm=1,https://www.transfermarkt.co.uk/andrew-omobamidele/profil/spieler/621993
2130,Karl-Johan Johnsson,SWE,GB,34,3,3,270,3.0,0,0,0,0,0,0,0,0,0.0,0.0,0.0,0.0,0,0,0,0.0,0.0,0.0,0.0,0.0,0.0,0.0,0.0,0.0,0.0,karl johan johnsson,Goalkeeper,right,188.0,FR1,400000.0,2500000.0,https://img.a.transfermarkt.technology/portrait/header/112822-1732486706.png?lm=1,https://www.transfermarkt.co.uk/karl-johan-johnsson/profil/spieler/112822
2131,Junior Mwanga,FRA,MT,21,8,2,296,3.3,0,0,0,0,0,0,0,0,0.0,0.0,0.0,0.0,2,10,2,0.0,0.0,0.0,0.0,0.0,0.0,0.01,0.01,0.0,0.01,junior mwanga,Midfield,both,184.0,FR1,6000000.0,7000000.0,https://img.a.transfermarkt.technology/portrait/header/1011200-1732575482.png?lm=1,https://www.transfermarkt.co.uk/junior-mwanga/profil/spieler/1011200
2132,Marvin Senaya,TOG,DF,23,10,1,227,2.5,0,0,0,0,0,0,3,0,0.0,0.0,0.1,0.1,1,5,2,0.0,0.0,0.0,0.0,0.0,0.01,0.05,0.06,0.01,0.06,marvin senaya,Defender,right,181.0,FR1,2000000.0,2000000.0,https://img.a.transfermarkt.technology/portrait/header/830890-1666197496.jpg?lm=1,https://www.transfermarkt.co.uk/marvin-senaya/profil/spieler/830890
2134,Tom Bischof,GER,"MT,AT",19,31,30,"2,559",28.4,5,2,7,5,0,0,5,0,2.2,2.2,3.6,5.9,47,138,102,0.18,0.07,0.25,0.18,0.25,0.08,0.13,0.21,0.08,0.21,tom bischof,Midfield,left,176.0,L1,25000000.0,25000000.0,https://img.a.transfermarkt.technology/portrait/header/822959-1723921256.jpg?lm=1,https://www.transfermarkt.co.uk/tom-bischof/profil/spieler/822959
2135,Anton Stach,GER,"MT,DF",25,30,29,"2,585",28.7,1,2,3,1,0,0,8,0,2.0,2.0,2.2,4.2,33,152,36,0.03,0.07,0.1,0.03,0.1,0.07,0.08,0.15,0.07,0.15,anton stach,Midfield,right,194.0,L1,14000000.0,15000000.0,https://img.a.transfermarkt.technology/portrait/header/344069-1723921116.jpg?lm=1,https://www.transfermarkt.co.uk/anton-stach/profil/spieler/344069
2136,Oliver Baumann,GER,GB,34,28,28,"2,520",28.0,0,0,0,0,0,0,1,0,0.0,0.0,1.0,1.0,0,1,0,0.0,0.0,0.0,0.0,0.0,0.0,0.03,0.03,0.0,0.03,oliver baumann,Goalkeeper,right,187.0,L1,3000000.0,10000000.0,https://img.a.transfermarkt.technology/portrait/header/55089-1657200130.jpg?lm=1,https://www.transfermarkt.co.uk/oliver-baumann/profil/spieler/55089
2137,Arthur Chaves,BRA,DF,23,26,24,"2,185",24.3,1,0,1,1,0,0,8,0,0.8,0.8,0.1,0.9,10,57,13,0.04,0.0,0.04,0.04,0.04,0.03,0.0,0.04,0.03,0.04,arthur chaves,Defender,right,188.0,L1,3000000.0,3000000.0,https://img.a.transfermarkt.technology/portrait/header/875332-1731017725.jpg?lm=1,https://www.transfermarkt.co.uk/arthur-chaves/profil/spieler/875332
2138,Kevin Akpoguma,NGA,DF,29,32,23,"2,220",24.7,0,0,0,0,0,0,3,0,0.1,0.1,0.3,0.4,14,98,16,0.0,0.0,0.0,0.0,0.0,0.0,0.01,0.02,0.0,0.02,kevin akpoguma,Defender,right,192.0,L1,2500000.0,12000000.0,https://img.a.transfermarkt.technology/portrait/header/160241-1723920979.jpg?lm=1,https://www.transfermarkt.co.uk/kevin-akpoguma/profil/spieler/160241
2139,Alexander Prass,AUT,DF,23,23,19,"1,566",17.4,0,1,1,0,0,0,1,0,0.9,0.9,2.8,3.6,28,63,66,0.0,0.06,0.06,0.0,0.06,0.05,0.16,0.21,0.05,0.21,alexander prass,Defender,left,180.0,L1,6500000.0,12000000.0,https://img.a.transfermarkt.technology/portrait/header/434116-1723921044.jpg?lm=1,https://www.transfermarkt.co.uk/alexander-prass/profil/spieler/434116
2142,Valentin Gendrey,FRA,DF,24,22,14,"1,414",15.7,1,1,2,1,0,0,1,0,1.1,1.1,1.8,2.9,24,49,86,0.06,0.06,0.13,0.06,0.13,0.07,0.12,0.19,0.07,0.19,valentin gendrey,Defender,right,179.0,L1,8500000.0,8500000.0,https://img.a.transfermarkt.technology/portrait/header/569387-1663745931.jpg?lm=1,https://www.transfermarkt.co.uk/valentin-gendrey/profil/spieler/569387
2144,Florian Grillitsch,AUT,MT,28,8,8,601,6.7,0,0,0,0,0,0,1,0,0.2,0.2,0.2,0.3,4,44,4,0.0,0.0,0.0,0.0,0.0,0.02,0.03,0.05,0.02,0.05,florian grillitsch,Midfield,right,187.0,ES1,3000000.0,25000000.0,https://img.a.transfermarkt.technology/portrait/header/195736-1691269821.jpg?lm=1,https://www.transfermarkt.co.uk/florian-grillitsch/profil/spieler/195736
2145,Dennis Geiger,GER,"MT,AT",26,20,7,734,8.2,0,0,0,0,0,0,4,0,0.2,0.2,0.5,0.6,12,37,21,0.0,0.0,0.0,0.0,0.0,0.02,0.06,0.08,0.02,0.08,dennis geiger,Midfield,right,173.0,L1,3000000.0,13000000.0,https://img.a.transfermarkt.technology/portrait/header/251309-1723921207.jpg?lm=1,https://www.transfermarkt.co.uk/dennis-geiger/profil/spieler/251309
2146,Gift Orban,NGA,AT,22,13,7,687,7.6,4,0,4,4,0,0,2,0,3.4,3.4,0.2,3.6,8,7,35,0.52,0.0,0.52,0.52,0.52,0.44,0.03,0.47,0.44,0.47,gift orban,Attack,right,178.0,L1,10000000.0,20000000.0,https://img.a.transfermarkt.technology/portrait/header/1018259-1701690897.jpg?lm=1,https://www.transfermarkt.co.uk/gift-orban/profil/spieler/1018259
2148,Haris Tabakovic,BIH,AT,30,22,6,821,9.1,3,1,4,3,0,0,0,0,3.3,3.3,1.2,4.6,4,7,45,0.33,0.11,0.44,0.33,0.44,0.37,0.14,0.5,0.37,0.5,haris tabakovic,Attack,right,194.0,L1,3000000.0,3000000.0,https://img.a.transfermarkt.technology/portrait/header/203123-1720778399.jpg?lm=1,https://www.transfermarkt.co.uk/haris-tabakovic/profil/spieler/203123
2149,David Jurásek,CZE,DF,23,14,6,619,6.9,0,1,1,0,0,0,0,0,0.1,0.1,0.9,1.0,17,22,42,0.0,0.15,0.15,0.0,0.15,0.02,0.13,0.14,0.02,0.14,david jurasek,Defender,left,183.0,L1,7000000.0,8000000.0,https://img.a.transfermarkt.technology/portrait/header/500054-1701333965.jpg?lm=1,https://www.transfermarkt.co.uk/david-jurasek/profil/spieler/500054
2150,Luca Philipp,GER,GB,23,6,6,540,6.0,0,0,0,0,0,0,0,0,0.0,0.0,0.0,0.0,0,0,0,0.0,0.0,0.0,0.0,0.0,0.0,0.0,0.0,0.0,0.0,luca philipp,Goalkeeper,,192.0,L1,750000.0,750000.0,https://img.a.transfermarkt.technology/portrait/header/432671-1657200196.jpg?lm=1,https://www.transfermarkt.co.uk/luca-philipp/profil/spieler/432671
2151,Diadie Samassékou,MLI,MT,28,8,6,290,3.2,0,0,0,0,0,0,0,0,0.1,0.1,0.0,0.1,3,11,2,0.0,0.0,0.0,0.0,0.0,0.02,0.0,0.02,0.02,0.02,diadie samassekou,Midfield,right,177.0,L1,1000000.0,20000000.0,https://img.a.transfermarkt.technology/portrait/header/315604-1657200749.jpg?lm=1,https://www.transfermarkt.co.uk/diadie-samassekou/profil/spieler/315604
2152,Andrey Santos,BRA,MT,20,32,32,"2,855",31.7,10,3,13,10,0,0,8,0,5.1,5.1,3.3,8.4,29,149,26,0.32,0.09,0.41,0.32,0.41,0.16,0.1,0.27,0.16,0.27,andrey santos,Midfield,right,180.0,FR1,25000000.0,25000000.0,https://img.a.transfermarkt.technology/portrait/header/743600-1732576153.png?lm=1,https://www.transfermarkt.co.uk/andrey-santos/profil/spieler/743600
2154,Guela Doué,CIV,DF,21,32,30,"2,717",30.2,1,2,3,1,0,0,7,0,0.8,0.8,0.7,1.5,51,173,54,0.03,0.07,0.1,0.03,0.1,0.03,0.02,0.05,0.03,0.05,guela doue,Defender,right,187.0,FR1,12000000.0,12000000.0,https://img.a.transfermarkt.technology/portrait/header/711980-1732575765.png?lm=1,https://www.transfermarkt.co.uk/guela-doue/profil/spieler/711980
2155,Dilane Bakwa,FRA,"MT,DF",21,30,29,"2,497",27.7,6,8,14,6,0,0,4,0,4.7,4.7,6.6,11.3,107,129,249,0.22,0.29,0.5,0.22,0.5,0.17,0.24,0.41,0.17,0.41,dilane bakwa,Attack,left,180.0,FR1,18000000.0,18000000.0,https://img.a.transfermarkt.technology/portrait/header/540664-1732575429.png?lm=1,https://www.transfermarkt.co.uk/dilane-bakwa/profil/spieler/540664
2156,Mamadou Sarr,FRA,DF,18,27,27,"2,365",26.3,0,1,1,0,0,0,4,0,0.8,0.8,0.3,1.1,7,52,1,0.0,0.04,0.04,0.0,0.04,0.03,0.01,0.04,0.03,0.04,mamadou sarr,Defender,right,194.0,FR1,15000000.0,15000000.0,https://img.a.transfermarkt.technology/portrait/header/910905-1732575264.png?lm=1,https://www.transfermarkt.co.uk/mamadou-sarr/profil/spieler/910905
2157,Habib Diarra,SEN,"MT,AT",20,30,27,"2,352",26.1,4,5,9,2,2,2,6,0,3.3,1.8,4.5,6.3,61,116,114,0.15,0.19,0.34,0.08,0.27,0.13,0.17,0.3,0.07,0.24,habib diarra,Midfield,right,178.0,FR1,20000000.0,20000000.0,https://img.a.transfermarkt.technology/portrait/header/876631-1732576173.png?lm=1,https://www.transfermarkt.co.uk/habib-diarra/profil/spieler/876631
2158,Emanuel Emegha,NED,AT,21,27,27,"2,293",25.5,14,3,17,14,0,0,5,0,17.0,17.0,2.4,19.4,37,14,104,0.55,0.12,0.67,0.55,0.67,0.67,0.1,0.76,0.67,0.76,emanuel emegha,Attack,right,196.0,FR1,20000000.0,20000000.0,https://img.a.transfermarkt.technology/portrait/header/559328-1732575392.png?lm=1,https://www.transfermarkt.co.uk/emanuel-emegha/profil/spieler/559328
2159,Sebastian Nanasi,SWE,"MT,AT",22,31,26,"2,107",23.4,6,4,10,6,0,0,1,0,6.5,6.5,4.9,11.4,53,126,127,0.26,0.17,0.43,0.26,0.43,0.28,0.21,0.49,0.28,0.49,sebastian nanasi,Midfield,right,178.0,FR1,15000000.0,15000000.0,https://img.a.transfermarkt.technology/portrait/header/579928-1732576164.png?lm=1,https://www.transfermarkt.co.uk/sebastian-nanasi/profil/spieler/579928
2160,Félix Lemaréchal,FRA,"MT,AT",20,27,20,"1,779",19.8,4,3,7,4,0,0,2,0,3.5,3.5,2.9,6.4,35,58,90,0.2,0.15,0.35,0.2,0.35,0.18,0.15,0.32,0.18,0.32,felix lemarechal,Midfield,right,180.0,FR1,7000000.0,7000000.0,https://img.a.transfermarkt.technology/portrait/header/659518-1732576183.png?lm=1,https://www.transfermarkt.co.uk/felix-lemarechal/profil/spieler/659518
2161,Valentín Barco,ARG,"MT,DF",20,14,14,"1,157",12.9,0,2,2,0,0,0,2,0,0.5,0.5,1.5,2.0,20,64,55,0.0,0.16,0.16,0.0,0.16,0.04,0.11,0.15,0.04,0.15,valentin barco,Defender,left,170.0,FR1,8000000.0,13000000.0,https://img.a.transfermarkt.technology/portrait/header/849410-1683292377.jpg?lm=1,https://www.transfermarkt.co.uk/valentin-barco/profil/spieler/849410
2163,Abakar Sylla,CIV,DF,21,21,10,950,10.6,1,0,1,1,0,0,2,1,0.4,0.4,0.1,0.5,0,21,3,0.09,0.0,0.09,0.09,0.09,0.04,0.01,0.05,0.04,0.05,abakar sylla,Defender,left,188.0,FR1,12000000.0,15000000.0,https://img.a.transfermarkt.technology/portrait/header/962555-1732575720.png?lm=1,https://www.transfermarkt.co.uk/abakar-sylla/profil/spieler/962555
2164,Andrew Omobamidele,IRL,DF,22,10,6,539,6.0,0,0,0,0,0,0,5,1,0.0,0.0,0.0,0.0,0,9,0,0.0,0.0,0.0,0.0,0.0,0.0,0.0,0.0,0.0,0.0,andrew omobamidele,Defender,right,188.0,FR1,10000000.0,11000000.0,https://img.a.transfermarkt.technology/portrait/header/621993-1700738756.jpg?lm=1,https://www.transfermarkt.co.uk/andrew-omobamidele/profil/spieler/621993
2165,Karl-Johan Johnsson,SWE,GB,34,3,3,270,3.0,0,0,0,0,0,0,0,0,0.0,0.0,0.0,0.0,0,0,0,0.0,0.0,0.0,0.0,0.0,0.0,0.0,0.0,0.0,0.0,karl johan johnsson,Goalkeeper,right,188.0,FR1,400000.0,2500000.0,https://img.a.transfermarkt.technology/portrait/header/112822-1732486706.png?lm=1,https://www.transfermarkt.co.uk/karl-johan-johnsson/profil/spieler/112822
2166,Junior Mwanga,FRA,MT,21,8,2,296,3.3,0,0,0,0,0,0,0,0,0.0,0.0,0.0,0.0,2,10,2,0.0,0.0,0.0,0.0,0.0,0.0,0.01,0.01,0.0,0.01,junior mwanga,Midfield,both,184.0,FR1,6000000.0,7000000.0,https://img.a.transfermarkt.technology/portrait/header/1011200-1732575482.png?lm=1,https://www.transfermarkt.co.uk/junior-mwanga/profil/spieler/1011200
2167,Marvin Senaya,TOG,DF,23,10,1,227,2.5,0,0,0,0,0,0,3,0,0.0,0.0,0.1,0.1,1,5,2,0.0,0.0,0.0,0.0,0.0,0.01,0.05,0.06,0.01,0.06,marvin senaya,Defender,right,181.0,FR1,2000000.0,2000000.0,https://img.a.transfermarkt.technology/portrait/header/830890-1666197496.jpg?lm=1,https://www.transfermarkt.co.uk/marvin-senaya/profil/spieler/830890
2168,Hauke Wahl,GER,DF,30,33,33,"2,970",33.0,0,0,0,0,0,0,1,0,0.9,0.9,0.5,1.4,30,142,10,0.0,0.0,0.0,0.0,0.0,0.03,0.02,0.04,0.03,0.04,hauke wahl,Defender,right,189.0,L1,1500000.0,2000000.0,https://img.a.transfermarkt.technology/portrait/header/154147-1723631071.jpeg?lm=1,https://www.transfermarkt.co.uk/hauke-wahl/profil/spieler/154147
2169,Nikola Vasilj,BIH,GB,28,33,33,"2,969",33.0,0,0,0,0,0,0,2,1,0.0,0.0,0.0,0.0,0,0,0,0.0,0.0,0.0,0.0,0.0,0.0,0.0,0.0,0.0,0.0,nikola vasilj,Goalkeeper,right,193.0,L1,3000000.0,3000000.0,https://img.a.transfermarkt.technology/portrait/header/248454-1723630622.jpeg?lm=1,https://www.transfermarkt.co.uk/nikola-vasilj/profil/spieler/248454
2170,Philipp Treu,GER,"MT,DF",23,33,33,"2,881",32.0,0,2,2,0,0,0,2,0,1.2,1.2,2.5,3.7,58,105,117,0.0,0.06,0.06,0.0,0.06,0.04,0.08,0.12,0.04,0.12,philipp treu,Defender,right,173.0,L1,5000000.0,5000000.0,https://img.a.transfermarkt.technology/portrait/header/335993-1723631488.jpeg?lm=1,https://www.transfermarkt.co.uk/philipp-treu/profil/spieler/335993
2171,Jackson Irvine,AUS,MT,31,29,29,"2,610",29.0,0,6,6,0,0,0,2,0,3.2,3.0,3.9,7.0,19,117,58,0.0,0.21,0.21,0.0,0.21,0.11,0.14,0.25,0.1,0.24,jackson irvine,Midfield,right,189.0,L1,2000000.0,3500000.0,https://img.a.transfermarkt.technology/portrait/header/192557-1723631725.jpeg?lm=1,https://www.transfermarkt.co.uk/jackson-irvine/profil/spieler/192557
2172,Manolis Saliakas,GRE,"MT,DF",27,30,26,"2,314",25.7,2,1,3,2,0,0,4,0,1.5,1.5,2.6,4.1,28,93,80,0.08,0.04,0.12,0.08,0.12,0.06,0.1,0.16,0.06,0.16,manolis saliakas,Defender,right,177.0,L1,2800000.0,2800000.0,https://img.a.transfermarkt.technology/portrait/header/242661-1723630834.jpeg?lm=1,https://www.transfermarkt.co.uk/manolis-saliakas/profil/spieler/242661
2173,David Nemeth,AUT,DF,23,24,24,"2,137",23.7,0,1,1,0,0,0,3,0,0.2,0.2,0.1,0.3,14,65,5,0.0,0.04,0.04,0.0,0.04,0.01,0.01,0.01,0.01,0.01,david nemeth,Defender,both,191.0,L1,2500000.0,4000000.0,https://img.a.transfermarkt.technology/portrait/header/451906-1723630981.jpeg?lm=1,https://www.transfermarkt.co.uk/david-nemeth/profil/spieler/451906
2174,Johannes Eggestein,GER,AT,26,27,22,"1,853",20.6,3,4,7,2,1,2,3,0,4.7,3.1,2.1,5.2,25,43,138,0.15,0.19,0.34,0.1,0.29,0.23,0.1,0.33,0.15,0.25,johannes eggestein,Attack,right,183.0,L1,3000000.0,10000000.0,https://img.a.transfermarkt.technology/portrait/header/251303-1723632371.jpeg?lm=1,https://www.transfermarkt.co.uk/johannes-eggestein/profil/spieler/251303
2175,Carlo Boukhalfa,MAR,MT,25,25,19,"1,646",18.3,2,0,2,2,0,0,1,0,1.5,1.5,1.1,2.6,10,41,44,0.11,0.0,0.11,0.11,0.11,0.08,0.06,0.14,0.08,0.14,carlo boukhalfa,Midfield,left,186.0,L1,1000000.0,1000000.0,https://img.a.transfermarkt.technology/portrait/header/329373-1723631834.jpeg?lm=1,https://www.transfermarkt.co.uk/carlo-boukhalfa/profil/spieler/329373
2176,Karol Mets,EST,DF,31,10,10,900,10.0,0,0,0,0,0,0,1,0,0.1,0.1,0.2,0.3,5,54,2,0.0,0.0,0.0,0.0,0.0,0.01,0.02,0.03,0.01,0.03,karol mets,Defender,left,191.0,L1,1300000.0,1300000.0,https://img.a.transfermarkt.technology/portrait/header/139304-1723630917.jpeg?lm=1,https://www.transfermarkt.co.uk/karol-mets/profil/spieler/139304
2177,James Sands,USA,"MT,DF",24,7,5,453,5.0,0,0,0,0,0,0,1,0,0.1,0.1,0.0,0.1,0,16,6,0.0,0.0,0.0,0.0,0.0,0.01,0.0,0.01,0.01,0.01,james sands,Midfield,right,186.0,L1,3000000.0,4000000.0,https://img.a.transfermarkt.technology/portrait/header/393321-1710582814.jpg?lm=1,https://www.transfermarkt.co.uk/james-sands/profil/spieler/393321
2178,Robert Wagner,GER,MT,21,12,5,407,4.5,0,0,0,0,0,0,1,0,0.1,0.1,0.0,0.1,1,10,9,0.0,0.0,0.0,0.0,0.0,0.02,0.0,0.02,0.02,0.02,robert wagner,Midfield,right,181.0,L1,3000000.0,3000000.0,https://img.a.transfermarkt.technology/portrait/header/690429-1723632023.jpeg?lm=1,https://www.transfermarkt.co.uk/robert-wagner/profil/spieler/690429
2179,Connor Metcalfe,AUS,"MT,AT",24,10,3,358,4.0,0,0,0,0,0,0,2,1,0.7,0.7,0.2,0.9,6,8,11,0.0,0.0,0.0,0.0,0.0,0.18,0.04,0.22,0.18,0.22,connor metcalfe,Midfield,left,183.0,L1,2500000.0,2500000.0,https://img.a.transfermarkt.technology/portrait/header/522223-1723631966.jpeg?lm=1,https://www.transfermarkt.co.uk/connor-metcalfe/profil/spieler/522223
2181,Andreas Albers,DEN,AT,34,14,0,62,0.7,1,0,1,1,0,0,0,0,0.6,0.6,0.1,0.7,1,3,6,1.45,0.0,1.45,1.45,1.45,0.9,0.14,1.04,0.9,1.04,andreas albers,Attack,right,193.0,L1,300000.0,550000.0,https://img.a.transfermarkt.technology/portrait/header/88647-1723632561.jpeg?lm=1,https://www.transfermarkt.co.uk/andreas-albers/profil/spieler/88647
2182,Abdoulie Ceesay,GAM,AT,20,7,0,60,0.7,0,0,0,0,0,0,1,0,0.0,0.0,0.0,0.0,0,0,8,0.0,0.0,0.0,0.0,0.0,0.0,0.03,0.03,0.0,0.03,abdoulie ceesay,Attack,,185.0,L1,500000.0,500000.0,https://img.a.transfermarkt.technology/portrait/header/1280281-1732527438.jpg?lm=1,https://www.transfermarkt.co.uk/abdoulie-ceesay/profil/spieler/1280281
2186,Tom Bischof,GER,"MT,AT",19,31,30,"2,559",28.4,5,2,7,5,0,0,5,0,2.2,2.2,3.6,5.9,47,138,102,0.18,0.07,0.25,0.18,0.25,0.08,0.13,0.21,0.08,0.21,tom bischof,Midfield,left,176.0,L1,25000000.0,25000000.0,https://img.a.transfermarkt.technology/portrait/header/822959-1723921256.jpg?lm=1,https://www.transfermarkt.co.uk/tom-bischof/profil/spieler/822959
2187,Anton Stach,GER,"MT,DF",25,30,29,"2,585",28.7,1,2,3,1,0,0,8,0,2.0,2.0,2.2,4.2,33,152,36,0.03,0.07,0.1,0.03,0.1,0.07,0.08,0.15,0.07,0.15,anton stach,Midfield,right,194.0,L1,14000000.0,15000000.0,https://img.a.transfermarkt.technology/portrait/header/344069-1723921116.jpg?lm=1,https://www.transfermarkt.co.uk/anton-stach/profil/spieler/344069
2188,Oliver Baumann,GER,GB,34,28,28,"2,520",28.0,0,0,0,0,0,0,1,0,0.0,0.0,1.0,1.0,0,1,0,0.0,0.0,0.0,0.0,0.0,0.0,0.03,0.03,0.0,0.03,oliver baumann,Goalkeeper,right,187.0,L1,3000000.0,10000000.0,https://img.a.transfermarkt.technology/portrait/header/55089-1657200130.jpg?lm=1,https://www.transfermarkt.co.uk/oliver-baumann/profil/spieler/55089
2189,Arthur Chaves,BRA,DF,23,26,24,"2,185",24.3,1,0,1,1,0,0,8,0,0.8,0.8,0.1,0.9,10,57,13,0.04,0.0,0.04,0.04,0.04,0.03,0.0,0.04,0.03,0.04,arthur chaves,Defender,right,188.0,L1,3000000.0,3000000.0,https://img.a.transfermarkt.technology/portrait/header/875332-1731017725.jpg?lm=1,https://www.transfermarkt.co.uk/arthur-chaves/profil/spieler/875332
2190,Kevin Akpoguma,NGA,DF,29,32,23,"2,220",24.7,0,0,0,0,0,0,3,0,0.1,0.1,0.3,0.4,14,98,16,0.0,0.0,0.0,0.0,0.0,0.0,0.01,0.02,0.0,0.02,kevin akpoguma,Defender,right,192.0,L1,2500000.0,12000000.0,https://img.a.transfermarkt.technology/portrait/header/160241-1723920979.jpg?lm=1,https://www.transfermarkt.co.uk/kevin-akpoguma/profil/spieler/160241
2191,Alexander Prass,AUT,DF,23,23,19,"1,566",17.4,0,1,1,0,0,0,1,0,0.9,0.9,2.8,3.6,28,63,66,0.0,0.06,0.06,0.0,0.06,0.05,0.16,0.21,0.05,0.21,alexander prass,Defender,left,180.0,L1,6500000.0,12000000.0,https://img.a.transfermarkt.technology/portrait/header/434116-1723921044.jpg?lm=1,https://www.transfermarkt.co.uk/alexander-prass/profil/spieler/434116
2194,Valentin Gendrey,FRA,DF,24,22,14,"1,414",15.7,1,1,2,1,0,0,1,0,1.1,1.1,1.8,2.9,24,49,86,0.06,0.06,0.13,0.06,0.13,0.07,0.12,0.19,0.07,0.19,valentin gendrey,Defender,right,179.0,L1,8500000.0,8500000.0,https://img.a.transfermarkt.technology/portrait/header/569387-1663745931.jpg?lm=1,https://www.transfermarkt.co.uk/valentin-gendrey/profil/spieler/569387
2196,Florian Grillitsch,AUT,MT,28,8,8,601,6.7,0,0,0,0,0,0,1,0,0.2,0.2,0.2,0.3,4,44,4,0.0,0.0,0.0,0.0,0.0,0.02,0.03,0.05,0.02,0.05,florian grillitsch,Midfield,right,187.0,ES1,3000000.0,25000000.0,https://img.a.transfermarkt.technology/portrait/header/195736-1691269821.jpg?lm=1,https://www.transfermarkt.co.uk/florian-grillitsch/profil/spieler/195736
2197,Dennis Geiger,GER,"MT,AT",26,20,7,734,8.2,0,0,0,0,0,0,4,0,0.2,0.2,0.5,0.6,12,37,21,0.0,0.0,0.0,0.0,0.0,0.02,0.06,0.08,0.02,0.08,dennis geiger,Midfield,right,173.0,L1,3000000.0,13000000.0,https://img.a.transfermarkt.technology/portrait/header/251309-1723921207.jpg?lm=1,https://www.transfermarkt.co.uk/dennis-geiger/profil/spieler/251309
2198,Gift Orban,NGA,AT,22,13,7,687,7.6,4,0,4,4,0,0,2,0,3.4,3.4,0.2,3.6,8,7,35,0.52,0.0,0.52,0.52,0.52,0.44,0.03,0.47,0.44,0.47,gift orban,Attack,right,178.0,L1,10000000.0,20000000.0,https://img.a.transfermarkt.technology/portrait/header/1018259-1701690897.jpg?lm=1,https://www.transfermarkt.co.uk/gift-orban/profil/spieler/1018259
2200,Haris Tabakovic,BIH,AT,30,22,6,821,9.1,3,1,4,3,0,0,0,0,3.3,3.3,1.2,4.6,4,7,45,0.33,0.11,0.44,0.33,0.44,0.37,0.14,0.5,0.37,0.5,haris tabakovic,Attack,right,194.0,L1,3000000.0,3000000.0,https://img.a.transfermarkt.technology/portrait/header/203123-1720778399.jpg?lm=1,https://www.transfermarkt.co.uk/haris-tabakovic/profil/spieler/203123
2201,David Jurásek,CZE,DF,23,14,6,619,6.9,0,1,1,0,0,0,0,0,0.1,0.1,0.9,1.0,17,22,42,0.0,0.15,0.15,0.0,0.15,0.02,0.13,0.14,0.02,0.14,david jurasek,Defender,left,183.0,L1,7000000.0,8000000.0,https://img.a.transfermarkt.technology/portrait/header/500054-1701333965.jpg?lm=1,https://www.transfermarkt.co.uk/david-jurasek/profil/spieler/500054
2202,Luca Philipp,GER,GB,23,6,6,540,6.0,0,0,0,0,0,0,0,0,0.0,0.0,0.0,0.0,0,0,0,0.0,0.0,0.0,0.0,0.0,0.0,0.0,0.0,0.0,0.0,luca philipp,Goalkeeper,,192.0,L1,750000.0,750000.0,https://img.a.transfermarkt.technology/portrait/header/432671-1657200196.jpg?lm=1,https://www.transfermarkt.co.uk/luca-philipp/profil/spieler/432671
2203,Diadie Samassékou,MLI,MT,28,8,6,290,3.2,0,0,0,0,0,0,0,0,0.1,0.1,0.0,0.1,3,11,2,0.0,0.0,0.0,0.0,0.0,0.02,0.0,0.02,0.02,0.02,diadie samassekou,Midfield,right,177.0,L1,1000000.0,20000000.0,https://img.a.transfermarkt.technology/portrait/header/315604-1657200749.jpg?lm=1,https://www.transfermarkt.co.uk/diadie-samassekou/profil/spieler/315604
2204,Andrey Santos,BRA,MT,20,32,32,"2,855",31.7,10,3,13,10,0,0,8,0,5.1,5.1,3.3,8.4,29,149,26,0.32,0.09,0.41,0.32,0.41,0.16,0.1,0.27,0.16,0.27,andrey santos,Midfield,right,180.0,FR1,25000000.0,25000000.0,https://img.a.transfermarkt.technology/portrait/header/743600-1732576153.png?lm=1,https://www.transfermarkt.co.uk/andrey-santos/profil/spieler/743600
2206,Guela Doué,CIV,DF,21,32,30,"2,717",30.2,1,2,3,1,0,0,7,0,0.8,0.8,0.7,1.5,51,173,54,0.03,0.07,0.1,0.03,0.1,0.03,0.02,0.05,0.03,0.05,guela doue,Defender,right,187.0,FR1,12000000.0,12000000.0,https://img.a.transfermarkt.technology/portrait/header/711980-1732575765.png?lm=1,https://www.transfermarkt.co.uk/guela-doue/profil/spieler/711980
2207,Dilane Bakwa,FRA,"MT,DF",21,30,29,"2,497",27.7,6,8,14,6,0,0,4,0,4.7,4.7,6.6,11.3,107,129,249,0.22,0.29,0.5,0.22,0.5,0.17,0.24,0.41,0.17,0.41,dilane bakwa,Attack,left,180.0,FR1,18000000.0,18000000.0,https://img.a.transfermarkt.technology/portrait/header/540664-1732575429.png?lm=1,https://www.transfermarkt.co.uk/dilane-bakwa/profil/spieler/540664
2208,Mamadou Sarr,FRA,DF,18,27,27,"2,365",26.3,0,1,1,0,0,0,4,0,0.8,0.8,0.3,1.1,7,52,1,0.0,0.04,0.04,0.0,0.04,0.03,0.01,0.04,0.03,0.04,mamadou sarr,Defender,right,194.0,FR1,15000000.0,15000000.0,https://img.a.transfermarkt.technology/portrait/header/910905-1732575264.png?lm=1,https://www.transfermarkt.co.uk/mamadou-sarr/profil/spieler/910905
2209,Habib Diarra,SEN,"MT,AT",20,30,27,"2,352",26.1,4,5,9,2,2,2,6,0,3.3,1.8,4.5,6.3,61,116,114,0.15,0.19,0.34,0.08,0.27,0.13,0.17,0.3,0.07,0.24,habib diarra,Midfield,right,178.0,FR1,20000000.0,20000000.0,https://img.a.transfermarkt.technology/portrait/header/876631-1732576173.png?lm=1,https://www.transfermarkt.co.uk/habib-diarra/profil/spieler/876631
2210,Emanuel Emegha,NED,AT,21,27,27,"2,293",25.5,14,3,17,14,0,0,5,0,17.0,17.0,2.4,19.4,37,14,104,0.55,0.12,0.67,0.55,0.67,0.67,0.1,0.76,0.67,0.76,emanuel emegha,Attack,right,196.0,FR1,20000000.0,20000000.0,https://img.a.transfermarkt.technology/portrait/header/559328-1732575392.png?lm=1,https://www.transfermarkt.co.uk/emanuel-emegha/profil/spieler/559328
2211,Sebastian Nanasi,SWE,"MT,AT",22,31,26,"2,107",23.4,6,4,10,6,0,0,1,0,6.5,6.5,4.9,11.4,53,126,127,0.26,0.17,0.43,0.26,0.43,0.28,0.21,0.49,0.28,0.49,sebastian nanasi,Midfield,right,178.0,FR1,15000000.0,15000000.0,https://img.a.transfermarkt.technology/portrait/header/579928-1732576164.png?lm=1,https://www.transfermarkt.co.uk/sebastian-nanasi/profil/spieler/579928
2212,Félix Lemaréchal,FRA,"MT,AT",20,27,20,"1,779",19.8,4,3,7,4,0,0,2,0,3.5,3.5,2.9,6.4,35,58,90,0.2,0.15,0.35,0.2,0.35,0.18,0.15,0.32,0.18,0.32,felix lemarechal,Midfield,right,180.0,FR1,7000000.0,7000000.0,https://img.a.transfermarkt.technology/portrait/header/659518-1732576183.png?lm=1,https://www.transfermarkt.co.uk/felix-lemarechal/profil/spieler/659518
2213,Valentín Barco,ARG,"MT,DF",20,14,14,"1,157",12.9,0,2,2,0,0,0,2,0,0.5,0.5,1.5,2.0,20,64,55,0.0,0.16,0.16,0.0,0.16,0.04,0.11,0.15,0.04,0.15,valentin barco,Defender,left,170.0,FR1,8000000.0,13000000.0,https://img.a.transfermarkt.technology/portrait/header/849410-1683292377.jpg?lm=1,https://www.transfermarkt.co.uk/valentin-barco/profil/spieler/849410
2215,Abakar Sylla,CIV,DF,21,21,10,950,10.6,1,0,1,1,0,0,2,1,0.4,0.4,0.1,0.5,0,21,3,0.09,0.0,0.09,0.09,0.09,0.04,0.01,0.05,0.04,0.05,abakar sylla,Defender,left,188.0,FR1,12000000.0,15000000.0,https://img.a.transfermarkt.technology/portrait/header/962555-1732575720.png?lm=1,https://www.transfermarkt.co.uk/abakar-sylla/profil/spieler/962555
2216,Andrew Omobamidele,IRL,DF,22,10,6,539,6.0,0,0,0,0,0,0,5,1,0.0,0.0,0.0,0.0,0,9,0,0.0,0.0,0.0,0.0,0.0,0.0,0.0,0.0,0.0,0.0,andrew omobamidele,Defender,right,188.0,FR1,10000000.0,11000000.0,https://img.a.transfermarkt.technology/portrait/header/621993-1700738756.jpg?lm=1,https://www.transfermarkt.co.uk/andrew-omobamidele/profil/spieler/621993
2217,Karl-Johan Johnsson,SWE,GB,34,3,3,270,3.0,0,0,0,0,0,0,0,0,0.0,0.0,0.0,0.0,0,0,0,0.0,0.0,0.0,0.0,0.0,0.0,0.0,0.0,0.0,0.0,karl johan johnsson,Goalkeeper,right,188.0,FR1,400000.0,2500000.0,https://img.a.transfermarkt.technology/portrait/header/112822-1732486706.png?lm=1,https://www.transfermarkt.co.uk/karl-johan-johnsson/profil/spieler/112822
2218,Junior Mwanga,FRA,MT,21,8,2,296,3.3,0,0,0,0,0,0,0,0,0.0,0.0,0.0,0.0,2,10,2,0.0,0.0,0.0,0.0,0.0,0.0,0.01,0.01,0.0,0.01,junior mwanga,Midfield,both,184.0,FR1,6000000.0,7000000.0,https://img.a.transfermarkt.technology/portrait/header/1011200-1732575482.png?lm=1,https://www.transfermarkt.co.uk/junior-mwanga/profil/spieler/1011200
2219,Marvin Senaya,TOG,DF,23,10,1,227,2.5,0,0,0,0,0,0,3,0,0.0,0.0,0.1,0.1,1,5,2,0.0,0.0,0.0,0.0,0.0,0.01,0.05,0.06,0.01,0.06,marvin senaya,Defender,right,181.0,FR1,2000000.0,2000000.0,https://img.a.transfermarkt.technology/portrait/header/830890-1666197496.jpg?lm=1,https://www.transfermarkt.co.uk/marvin-senaya/profil/spieler/830890
2220,Rayan Aït-Nouri,ALG,DF,23,37,37,"3,109",34.5,4,7,11,4,0,0,7,1,2.7,2.7,5.5,8.2,89,108,176,0.12,0.2,0.32,0.12,0.32,0.08,0.16,0.24,0.08,0.24,rayan aït nouri,Defender,left,180.0,GB1,35000000.0,35000000.0,https://img.a.transfermarkt.technology/portrait/header/578391-1695656762.jpg?lm=1,https://www.transfermarkt.co.uk/rayan-ait-nouri/profil/spieler/578391
2221,João Gomes,BRA,MT,23,36,35,"2,974",33.0,3,1,4,3,0,0,11,1,2.9,2.9,1.2,4.1,59,165,76,0.09,0.03,0.12,0.09,0.12,0.09,0.04,0.12,0.09,0.12,joao gomes,Midfield,right,176.0,GB1,40000000.0,40000000.0,https://img.a.transfermarkt.technology/portrait/header/735570-1675092223.jpg?lm=1,https://www.transfermarkt.co.uk/joao-gomes/profil/spieler/735570
2222,Nélson Semedo,POR,DF,30,34,32,"2,886",32.1,0,4,4,0,0,0,8,0,0.9,0.9,2.8,3.7,67,80,119,0.0,0.12,0.12,0.0,0.12,0.03,0.09,0.12,0.03,0.12,nelson semedo,Defender,right,177.0,GB1,10000000.0,40000000.0,https://img.a.transfermarkt.technology/portrait/header/231572-1684487147.jpg?lm=1,https://www.transfermarkt.co.uk/nelson-semedo/profil/spieler/231572
2223,André,BRA,MT,23,33,31,"2,472",27.5,0,0,0,0,0,0,7,0,0.4,0.4,0.8,1.3,10,109,11,0.0,0.0,0.0,0.0,0.0,0.02,0.03,0.05,0.02,0.05,andre,Midfield,right,176.0,GB1,25000000.0,25000000.0,https://img.a.transfermarkt.technology/portrait/header/800176-1699348390.jpg?lm=1,https://www.transfermarkt.co.uk/andre/profil/spieler/800176
2225,Jørgen Strand Larsen,NOR,AT,24,35,30,"2,587",28.7,14,4,18,14,0,0,4,0,10.3,10.3,3.0,13.3,17,29,112,0.49,0.14,0.63,0.49,0.63,0.36,0.1,0.46,0.36,0.46,jørgen strand larsen,Attack,right,193.0,GB1,27000000.0,27000000.0,https://img.a.transfermarkt.technology/portrait/header/429983-1743541067.jpg?lm=1,https://www.transfermarkt.co.uk/jorgen-strand-larsen/profil/spieler/429983
2226,José Sá,POR,GB,31,29,29,"2,609",29.0,0,0,0,0,0,0,2,0,0.0,0.0,0.2,0.2,0,2,0,0.0,0.0,0.0,0.0,0.0,0.0,0.01,0.01,0.0,0.01,jose sa,Goalkeeper,right,192.0,GB1,8000000.0,18000000.0,https://img.a.transfermarkt.technology/portrait/header/249994-1696600015.jpg?lm=1,https://www.transfermarkt.co.uk/jose-sa/profil/spieler/249994
2227,Matheus Cunha,BRA,"MT,AT",25,33,29,"2,597",28.9,15,6,21,15,0,0,4,0,8.6,8.6,7.7,16.4,112,144,161,0.52,0.21,0.73,0.52,0.73,0.3,0.27,0.57,0.3,0.57,matheus cunha,Attack,right,183.0,GB1,55000000.0,55000000.0,https://img.a.transfermarkt.technology/portrait/header/517894-1696599737.jpg?lm=1,https://www.transfermarkt.co.uk/matheus-cunha/profil/spieler/517894
2228,Matt Doherty,IRL,DF,32,30,25,"2,109",23.4,2,1,3,2,0,0,6,0,1.0,1.0,1.5,2.6,29,79,41,0.09,0.04,0.13,0.09,0.13,0.04,0.07,0.11,0.04,0.11,matt doherty,Defender,right,185.0,GB1,2500000.0,20000000.0,https://img.a.transfermarkt.technology/portrait/header/171679-1682598455.jpg?lm=1,https://www.transfermarkt.co.uk/matt-doherty/profil/spieler/171679
2229,Jean-Ricner Bellegarde,FRA,"MT,AT",26,35,20,"1,677",18.6,2,7,9,2,0,0,3,0,1.5,1.5,3.8,5.3,52,43,89,0.11,0.38,0.48,0.11,0.48,0.08,0.2,0.29,0.08,0.29,jean ricner bellegarde,Midfield,right,172.0,GB1,18000000.0,18000000.0,https://img.a.transfermarkt.technology/portrait/header/450050-1618501758.jpg?lm=1,https://www.transfermarkt.co.uk/jean-ricner-bellegarde/profil/spieler/450050
2230,Santiago Bueno,URU,DF,25,29,18,"1,687",18.7,0,0,0,0,0,0,2,0,0.4,0.4,0.0,0.4,1,28,1,0.0,0.0,0.0,0.0,0.0,0.02,0.0,0.02,0.02,0.02,santiago bueno,Defender,right,190.0,GB1,8000000.0,8000000.0,https://img.a.transfermarkt.technology/portrait/header/438001-1738823992.jpg?lm=1,https://www.transfermarkt.co.uk/santiago-bueno/profil/spieler/438001
2231,Emmanuel Agbadou,CIV,DF,27,16,16,"1,410",15.7,1,0,1,1,0,0,3,0,0.8,0.8,0.2,1.1,6,31,2,0.06,0.0,0.06,0.06,0.06,0.05,0.02,0.07,0.05,0.07,emmanuel agbadou,Defender,right,192.0,GB1,17000000.0,17000000.0,https://img.a.transfermarkt.technology/portrait/header/683895-1723821154.png?lm=1,https://www.transfermarkt.co.uk/emmanuel-agbadou/profil/spieler/683895
2232,Mario Lemina,GAB,"MT,DF",30,17,15,"1,364",15.2,1,3,4,1,0,0,4,0,1.4,1.4,1.1,2.5,8,48,21,0.07,0.2,0.26,0.07,0.26,0.09,0.07,0.17,0.09,0.17,mario lemina,Midfield,right,184.0,TR1,7500000.0,15000000.0,https://img.a.transfermarkt.technology/portrait/header/170934-1667549900.jpg?lm=1,https://www.transfermarkt.co.uk/mario-lemina/profil/spieler/170934
2233,Marshall Munetsi,ZIM,"MT,AT",28,14,12,"1,078",12.0,2,1,3,2,0,0,0,0,3.3,3.3,1.8,5.1,9,10,35,0.17,0.08,0.25,0.17,0.25,0.28,0.15,0.42,0.28,0.42,marshall munetsi,Midfield,right,188.0,GB1,15000000.0,15000000.0,https://img.a.transfermarkt.technology/portrait/header/414908-1723836952.png?lm=1,https://www.transfermarkt.co.uk/marshall-munetsi/profil/spieler/414908
2234,Gonçalo Guedes,POR,"MT,AT",27,29,10,995,11.1,2,4,6,2,0,0,1,0,3.2,3.2,1.3,4.5,41,40,79,0.18,0.36,0.54,0.18,0.54,0.29,0.11,0.4,0.29,0.4,goncalo guedes,Attack,right,179.0,GB1,13000000.0,40000000.0,https://img.a.transfermarkt.technology/portrait/header/225122-1701334424.jpg?lm=1,https://www.transfermarkt.co.uk/goncalo-guedes/profil/spieler/225122
2235,Craig Dawson,ENG,DF,34,15,10,971,10.8,0,0,0,0,0,0,2,0,0.5,0.5,0.0,0.5,6,20,5,0.0,0.0,0.0,0.0,0.0,0.05,0.0,0.05,0.05,0.05,craig dawson,Defender,right,188.0,GB1,2000000.0,8000000.0,https://img.a.transfermarkt.technology/portrait/header/121477-1700673087.jpg?lm=1,https://www.transfermarkt.co.uk/craig-dawson/profil/spieler/121477
2236,Pablo Sarabia,ESP,"MT,AT",32,23,7,814,9.0,3,2,5,3,0,0,3,0,2.9,2.9,1.8,4.6,15,60,62,0.33,0.22,0.55,0.33,0.55,0.32,0.19,0.51,0.32,0.51,pablo sarabia,Attack,left,174.0,GB1,7000000.0,40000000.0,https://img.a.transfermarkt.technology/portrait/header/74230-1602692460.jpg?lm=1,https://www.transfermarkt.co.uk/pablo-sarabia/profil/spieler/74230
2237,Sam Johnstone,ENG,GB,31,7,7,630,7.0,0,0,0,0,0,0,0,0,0.0,0.0,0.0,0.0,0,0,0,0.0,0.0,0.0,0.0,0.0,0.0,0.0,0.0,0.0,0.0,sam johnstone,Goalkeeper,right,193.0,GB1,8000000.0,12000000.0,https://img.a.transfermarkt.technology/portrait/header/110864-1672915792.jpg?lm=1,https://www.transfermarkt.co.uk/sam-johnstone/profil/spieler/110864
2239,Yerson Mosquera,COL,DF,23,5,5,441,4.9,0,0,0,0,0,0,2,0,0.3,0.3,0.1,0.4,0,7,0,0.0,0.0,0.0,0.0,0.0,0.07,0.02,0.09,0.07,0.09,yerson mosquera,Defender,right,188.0,GB1,8000000.0,8000000.0,https://img.a.transfermarkt.technology/portrait/header/716276-1682874906.jpg?lm=1,https://www.transfermarkt.co.uk/yerson-mosquera/profil/spieler/716276
2240,Tommy Doyle,ENG,MT,22,24,3,488,5.4,0,1,1,0,0,0,1,0,0.6,0.6,0.5,1.1,6,40,4,0.0,0.18,0.18,0.0,0.18,0.1,0.09,0.2,0.1,0.2,tommy doyle,Midfield,right,172.0,GB1,10000000.0,10000000.0,https://img.a.transfermarkt.technology/portrait/header/433183-1682690588.jpg?lm=1,https://www.transfermarkt.co.uk/tommy-doyle/profil/spieler/433183
2241,Daniel Bentley,ENG,GB,31,2,2,180,2.0,0,0,0,0,0,0,0,0,0.0,0.0,0.0,0.0,0,0,0,0.0,0.0,0.0,0.0,0.0,0.0,0.0,0.0,0.0,0.0,daniel bentley,Goalkeeper,,193.0,GB1,2000000.0,4000000.0,https://img.a.transfermarkt.technology/portrait/header/136401-1700737411.jpg?lm=1,https://www.transfermarkt.co.uk/daniel-bentley/profil/spieler/136401
2242,Carlos Forbs,POR,"MT,AT",20,10,1,239,2.7,0,0,0,0,0,0,2,0,0.1,0.1,0.0,0.2,10,8,28,0.0,0.0,0.0,0.0,0.0,0.05,0.01,0.07,0.05,0.07,carlos forbs,Attack,left,169.0,GB1,8000000.0,10000000.0,https://img.a.transfermarkt.technology/portrait/header/742451-1721657852.jpg?lm=1,https://www.transfermarkt.co.uk/carlos-forbs/profil/spieler/742451
2243,Pedro Lima,BRA,DF,18,3,1,70,0.8,0,0,0,0,0,0,0,0,0.1,0.1,0.1,0.1,4,4,11,0.0,0.0,0.0,0.0,0.0,0.07,0.09,0.16,0.07,0.16,pedro lima,Defender,right,174.0,GB1,5000000.0,5000000.0,https://img.a.transfermarkt.technology/portrait/header/1193867-1710156658.jpg?lm=1,https://www.transfermarkt.co.uk/pedro-lima/profil/spieler/1193867
2244,Nasser Djiga,BFA,DF,21,5,1,66,0.7,0,0,0,0,0,0,0,0,0.0,0.0,0.0,0.0,0,3,2,0.0,0.0,0.0,0.0,0.0,0.0,0.0,0.0,0.0,0.0,nasser djiga,Defender,right,192.0,GB1,10000000.0,10000000.0,https://img.a.transfermarkt.technology/portrait/header/862297-1743575220.jpg?lm=1,https://www.transfermarkt.co.uk/nasser-djiga/profil/spieler/862297
2245,Daniel Podence,POR,"MT,AT",28,2,0,48,0.5,0,0,0,0,0,0,0,0,0.0,0.0,0.0,0.0,1,2,3,0.0,0.0,0.0,0.0,0.0,0.07,0.0,0.07,0.07,0.07,daniel podence,Attack,right,170.0,GR1,13000000.0,25000000.0,https://img.a.transfermarkt.technology/portrait/header/256977-1720192587.jpg?lm=1,https://www.transfermarkt.co.uk/daniel-podence/profil/spieler/256977
2246,Chiquinho,POR,MT,24,1,0,7,0.1,0,0,0,0,0,0,0,0,0.0,0.0,0.0,0.0,0,0,0,0.0,0.0,0.0,0.0,0.0,0.0,0.42,0.42,0.0,0.42,chiquinho,Midfield,right,175.0,GR1,4500000.0,9000000.0,https://img.a.transfermarkt.technology/portrait/header/334557-1728417990.png?lm=1,https://www.transfermarkt.co.uk/chiquinho/profil/spieler/334557
2246,Chiquinho,POR,MT,24,1,0,7,0.1,0,0,0,0,0,0,0,0,0.0,0.0,0.0,0.0,0,0,0,0.0,0.0,0.0,0.0,0.0,0.0,0.42,0.42,0.0,0.42,chiquinho,Attack,right,179.0,ES1,2500000.0,3000000.0,https://img.a.transfermarkt.technology/portrait/header/695454-1641552728.png?lm=1,https://www.transfermarkt.co.uk/chiquinho/profil/spieler/695454
2247,Tom King,WAL,GB,29,1,0,1,0.0,0,0,0,0,0,0,0,0,0.0,0.0,0.0,0.0,0,0,0,0.0,0.0,0.0,0.0,0.0,0.0,0.0,0.0,0.0,0.0,tom king,Goalkeeper,right,194.0,GB1,200000.0,200000.0,https://img.a.transfermarkt.technology/portrait/header/215810-1621592912.jpg?lm=1,https://www.transfermarkt.co.uk/tom-king/profil/spieler/215810
2248,Alfie Pond,ENG,DF,20,1,0,1,0.0,0,0,0,0,0,0,0,0,0.0,0.0,0.0,0.0,0,0,0,0.0,0.0,0.0,0.0,0.0,0.0,0.0,0.0,0.0,0.0,alfie pond,Defender,right,191.0,GB1,250000.0,250000.0,https://img.a.transfermarkt.technology/portrait/header/821522-1669124307.jpg?lm=1,https://www.transfermarkt.co.uk/alfie-pond/profil/spieler/821522
2249,Boubacar Traoré,MLI,MT,22,1,0,1,0.0,0,0,0,0,0,0,0,0,0.0,0.0,0.0,0.0,0,0,0,0.0,0.0,0.0,0.0,0.0,0.0,0.0,0.0,0.0,0.0,boubacar traore,Midfield,right,183.0,GB1,6000000.0,6000000.0,https://img.a.transfermarkt.technology/portrait/header/649020-1693477837.jpg?lm=1,https://www.transfermarkt.co.uk/boubacar-traore/profil/spieler/649020
2250,Mohamed Salah,EGY,AT,32,38,38,"3,371",37.5,29,18,47,20,9,9,1,0,25.2,18.2,14.2,32.4,154,144,488,0.77,0.48,1.25,0.53,1.01,0.67,0.38,1.05,0.49,0.87,mohamed salah,Attack,left,175.0,GB1,55000000.0,150000000.0,https://img.a.transfermarkt.technology/portrait/header/148455-1727337594.jpg?lm=1,https://www.transfermarkt.co.uk/mohamed-salah/profil/spieler/148455
2251,Virgil van Dijk,NED,DF,33,37,37,"3,330",37.0,3,1,4,3,0,0,5,0,2.2,2.2,0.7,3.0,22,198,6,0.08,0.03,0.11,0.08,0.11,0.06,0.02,0.08,0.06,0.08,virgil van dijk,Defender,right,195.0,GB1,28000000.0,100000000.0,https://img.a.transfermarkt.technology/portrait/header/139208-1702049837.jpg?lm=1,https://www.transfermarkt.co.uk/virgil-van-dijk/profil/spieler/139208
2252,Ryan Gravenberch,NED,MT,22,37,37,"3,160",35.1,0,4,4,0,0,0,6,1,1.1,1.1,3.1,4.2,70,181,55,0.0,0.11,0.11,0.0,0.11,0.03,0.09,0.12,0.03,0.12,ryan gravenberch,Midfield,right,190.0,GB1,70000000.0,70000000.0,https://img.a.transfermarkt.technology/portrait/header/478573-1718097194.jpg?lm=1,https://www.transfermarkt.co.uk/ryan-gravenberch/profil/spieler/478573
2253,Alexis Mac Allister,ARG,MT,25,35,30,"2,599",28.9,5,5,10,5,0,0,6,0,2.8,2.8,4.7,7.5,36,177,80,0.17,0.17,0.35,0.17,0.35,0.1,0.16,0.26,0.1,0.26,alexis mac allister,Midfield,right,176.0,GB1,90000000.0,90000000.0,https://img.a.transfermarkt.technology/portrait/header/534033-1669835342.jpg?lm=1,https://www.transfermarkt.co.uk/alexis-mac-allister/profil/spieler/534033
2254,Ibrahima Konaté,FRA,DF,25,31,30,"2,560",28.4,1,2,3,1,0,0,5,0,1.7,1.7,1.0,2.7,25,115,3,0.04,0.07,0.11,0.04,0.11,0.06,0.03,0.1,0.06,0.1,ibrahima konate,Defender,right,194.0,GB1,60000000.0,60000000.0,https://img.a.transfermarkt.technology/portrait/header/357119-1669190550.jpg?lm=1,https://www.transfermarkt.co.uk/ibrahima-konate/profil/spieler/357119
2255,Dominik Szoboszlai,HUN,MT,23,36,29,"2,491",27.7,6,6,12,6,0,0,6,0,7.3,7.3,7.4,14.7,72,131,127,0.22,0.22,0.43,0.22,0.43,0.27,0.27,0.53,0.27,0.53,dominik szoboszlai,Midfield,right,187.0,GB1,80000000.0,80000000.0,https://img.a.transfermarkt.technology/portrait/header/451276-1700209677.jpg?lm=1,https://www.transfermarkt.co.uk/dominik-szoboszlai/profil/spieler/451276
2256,Andrew Robertson,SCO,DF,30,33,29,"2,482",27.6,0,1,1,0,0,0,3,1,1.2,1.2,4.6,5.8,64,176,108,0.0,0.04,0.04,0.0,0.04,0.04,0.17,0.21,0.04,0.21,andrew robertson,Defender,left,178.0,GB1,20000000.0,80000000.0,https://img.a.transfermarkt.technology/portrait/header/234803-1709147379.jpg?lm=1,https://www.transfermarkt.co.uk/andrew-robertson/profil/spieler/234803
2257,Alisson,BRA,GB,31,28,28,"2,508",27.9,0,0,0,0,0,0,0,0,0.0,0.0,0.6,0.6,0,1,0,0.0,0.0,0.0,0.0,0.0,0.0,0.02,0.02,0.0,0.02,alisson,Goalkeeper,right,193.0,GB1,25000000.0,90000000.0,https://img.a.transfermarkt.technology/portrait/header/105470-1668522221.jpg?lm=1,https://www.transfermarkt.co.uk/alisson/profil/spieler/105470
2257,Alisson,BRA,GB,31,28,28,"2,508",27.9,0,0,0,0,0,0,0,0,0.0,0.0,0.6,0.6,0,1,0,0.0,0.0,0.0,0.0,0.0,0.0,0.02,0.02,0.0,0.02,alisson,Attack,left,183.0,UKR1,10000000.0,10000000.0,https://img.a.transfermarkt.technology/portrait/header/1083070-1741617223.png?lm=1,https://www.transfermarkt.co.uk/alisson/profil/spieler/1083070
2258,Luis Díaz,COL,AT,27,36,28,"2,399",26.7,13,5,18,13,0,0,2,0,12.0,12.0,5.0,17.1,108,110,293,0.49,0.19,0.68,0.49,0.68,0.45,0.19,0.64,0.45,0.64,luis diaz,Attack,right,180.0,GB1,85000000.0,85000000.0,https://img.a.transfermarkt.technology/portrait/header/480692-1697903145.jpg?lm=1,https://www.transfermarkt.co.uk/luis-diaz/profil/spieler/480692
2259,Trent Alexander-Arnold,ENG,DF,25,33,28,"2,365",26.3,3,6,9,3,0,0,5,0,1.9,1.9,7.3,9.2,51,232,94,0.11,0.23,0.34,0.11,0.34,0.07,0.28,0.35,0.07,0.35,trent alexander arnold,Defender,right,175.0,GB1,75000000.0,110000000.0,https://img.a.transfermarkt.technology/portrait/header/314353-1701680958.jpg?lm=1,https://www.transfermarkt.co.uk/trent-alexander-arnold/profil/spieler/314353
2260,Cody Gakpo,NED,AT,25,35,23,"1,935",21.5,10,4,14,10,0,0,5,0,7.1,7.1,4.4,11.5,59,52,278,0.47,0.19,0.65,0.47,0.65,0.33,0.2,0.53,0.33,0.53,cody gakpo,Attack,right,193.0,GB1,70000000.0,70000000.0,https://img.a.transfermarkt.technology/portrait/header/434675-1682690965.jpg?lm=1,https://www.transfermarkt.co.uk/cody-gakpo/profil/spieler/434675
2261,Curtis Jones,ENG,"MT,DF",23,33,19,"1,712",19.0,3,3,6,3,0,0,3,1,4.3,4.3,1.1,5.4,30,117,79,0.16,0.16,0.32,0.16,0.32,0.23,0.06,0.29,0.23,0.29,curtis jones,Midfield,right,185.0,GB1,50000000.0,50000000.0,https://img.a.transfermarkt.technology/portrait/header/433188-1701681163.jpg?lm=1,https://www.transfermarkt.co.uk/curtis-jones/profil/spieler/433188
2262,Diogo Jota,POR,AT,27,26,14,"1,196",13.3,6,3,9,6,0,0,2,0,7.9,7.9,1.8,9.8,37,34,88,0.45,0.23,0.68,0.45,0.68,0.6,0.14,0.74,0.6,0.74,diogo jota,Attack,right,178.0,GB1,45000000.0,60000000.0,https://img.a.transfermarkt.technology/portrait/header/340950-1716296423.jpg?lm=1,https://www.transfermarkt.co.uk/diogo-jota/profil/spieler/340950
2263,Caoimhín Kelleher,IRL,GB,25,10,10,900,10.0,0,0,0,0,0,0,0,0,0.0,0.0,0.0,0.0,0,0,0,0.0,0.0,0.0,0.0,0.0,0.0,0.0,0.0,0.0,0.0,caoimhin kelleher,Goalkeeper,right,188.0,GB1,22000000.0,22000000.0,https://img.a.transfermarkt.technology/portrait/header/340918-1708933663.jpg?lm=1,https://www.transfermarkt.co.uk/caoimhin-kelleher/profil/spieler/340918
2265,Darwin Núñez,URU,AT,25,30,8,"1,133",12.6,5,2,7,5,0,0,8,0,5.8,5.8,1.3,7.1,23,27,78,0.4,0.16,0.56,0.4,0.56,0.46,0.1,0.57,0.46,0.57,darwin nunez,Attack,right,187.0,GB1,50000000.0,70000000.0,https://img.a.transfermarkt.technology/portrait/header/546543-1681827179.jpg?lm=1,https://www.transfermarkt.co.uk/darwin-nunez/profil/spieler/546543
2266,Conor Bradley,NIR,DF,21,19,7,754,8.4,0,2,2,0,0,0,4,0,0.7,0.7,1.4,2.1,35,33,39,0.0,0.24,0.24,0.0,0.24,0.08,0.17,0.25,0.08,0.25,conor bradley,Defender,right,181.0,GB1,25000000.0,25000000.0,https://img.a.transfermarkt.technology/portrait/header/624258-1708933100.jpg?lm=1,https://www.transfermarkt.co.uk/conor-bradley/profil/spieler/624258
2267,Joe Gomez,ENG,DF,27,9,6,519,5.8,0,0,0,0,0,0,1,0,0.3,0.3,0.1,0.4,5,35,2,0.0,0.0,0.0,0.0,0.0,0.06,0.02,0.08,0.06,0.08,joe gomez,Defender,right,188.0,GB1,25000000.0,42000000.0,https://img.a.transfermarkt.technology/portrait/header/256178-1595946530.jpg?lm=1,https://www.transfermarkt.co.uk/joe-gomez/profil/spieler/256178
2268,Jarell Quansah,ENG,DF,21,13,4,495,5.5,0,0,0,0,0,0,2,0,0.1,0.1,0.1,0.2,3,19,4,0.0,0.0,0.0,0.0,0.0,0.02,0.02,0.04,0.02,0.04,jarell quansah,Defender,right,190.0,GB1,22000000.0,22000000.0,https://img.a.transfermarkt.technology/portrait/header/632349-1633426240.jpg?lm=1,https://www.transfermarkt.co.uk/jarell-quansah/profil/spieler/632349
2269,Harvey Elliott,ENG,MT,21,18,2,371,4.1,1,2,3,1,0,0,1,0,1.8,1.8,1.1,2.8,10,44,30,0.24,0.49,0.73,0.24,0.73,0.43,0.26,0.69,0.43,0.69,harvey elliott,Midfield,left,170.0,GB1,35000000.0,35000000.0,https://img.a.transfermarkt.technology/portrait/header/565822-1665128076.jpg?lm=1,https://www.transfermarkt.co.uk/harvey-elliott/profil/spieler/565822
2270,Wataru Endo,JPN,"MT,DF",31,20,1,273,3.0,0,0,0,0,0,0,0,0,0.0,0.0,0.1,0.1,1,19,8,0.0,0.0,0.0,0.0,0.0,0.0,0.02,0.02,0.0,0.02,wataru endo,Midfield,right,178.0,GB1,10000000.0,13000000.0,https://img.a.transfermarkt.technology/portrait/header/146310-1657181542.jpg?lm=1,https://www.transfermarkt.co.uk/wataru-endo/profil/spieler/146310
2271,Federico Chiesa,ITA,AT,26,6,1,108,1.2,0,0,0,0,0,0,0,0,0.3,0.3,0.2,0.5,3,3,7,0.0,0.0,0.0,0.0,0.0,0.28,0.15,0.43,0.28,0.43,federico chiesa,Attack,right,175.0,GB1,18000000.0,70000000.0,https://img.a.transfermarkt.technology/portrait/header/341092-1663576975.jpg?lm=1,https://www.transfermarkt.co.uk/federico-chiesa/profil/spieler/341092
2272,Vitezslav Jaros,CZE,GB,23,1,0,12,0.1,0,0,0,0,0,0,0,0,0.0,0.0,0.0,0.0,0,0,0,0.0,0.0,0.0,0.0,0.0,0.0,0.0,0.0,0.0,0.0,vitezslav jaros,Goalkeeper,right,190.0,GB1,5000000.0,5000000.0,https://img.a.transfermarkt.technology/portrait/header/486604-1696603392.jpg?lm=1,https://www.transfermarkt.co.uk/vitezslav-jaros/profil/spieler/486604
2273,Jayden Danns,ENG,MT,18,1,0,11,0.1,0,0,0,0,0,0,0,0,0.0,0.0,0.0,0.0,0,0,0,0.0,0.0,0.0,0.0,0.0,0.0,0.0,0.0,0.0,0.0,jayden danns,Attack,right,183.0,GB1,1000000.0,1000000.0,https://img.a.transfermarkt.technology/portrait/header/939290-1709192145.jpg?lm=1,https://www.transfermarkt.co.uk/jayden-danns/profil/spieler/939290
