Age,Min,Gls,Ast,npxG,xAG,Sh,SoT,Cmp,Att,KP,PPA,CrsPA,PrgP,Touches,PrgC,Succ,Dis,Rec,Tkl,Int,Blocks,Clr,Recov,Won,CrdY,CrdR,Fls,Fld,Off,Crs,value,days_missed,games_missed,height,Club_Rank,Country_Rank,Pos_FW,Pos_MF,foot_left,foot_right
23.0,3420.0,2.0,3.0,2.5,1.8,17.0,6.0,1705.0,1985.0,10.0,7.0,2.0,127.0,2435.0,32.0,6.0,8.0,1490.0,40.0,34.0,8.0,226.0,162.0,117.0,5.0,0.0,29.0,2.0,5.0,8.0,28000000.0,69.0,8.0,193.0,99,60,False,False,False,True
28.0,3420.0,2.0,0.0,1.2,0.2,22.0,8.0,1409.0,1635.0,4.0,5.0,0.0,71.0,2043.0,13.0,4.0,1.0,1157.0,37.0,23.0,5.0,237.0,93.0,104.0,3.0,0.0,31.0,0.0,3.0,5.0,3600000.0,2.0,0.0,187.0,357,9,False,False,False,True
25.0,3414.0,20.0,7.0,7.5,8.3,79.0,34.0,872.0,1319.0,70.0,59.0,19.0,141.0,1781.0,130.0,52.0,47.0,1204.0,49.0,14.0,50.0,55.0,156.0,34.0,3.0,0.0,25.0,4.0,8.0,202.0,55000000.0,97.0,19.0,171.0,41,2,True,False,True,False
30.0,3406.0,1.0,3.0,2.9,1.1,28.0,3.0,2531.0,2781.0,11.0,9.0,0.0,188.0,3152.0,30.0,4.0,6.0,2254.0,39.0,27.0,11.0,179.0,135.0,124.0,2.0,0.0,42.0,0.0,1.0,1.0,12000000.0,35.0,8.0,192.0,9,65,False,False,False,True
32.0,3371.0,29.0,18.0,18.2,14.2,121.0,50.0,892.0,1263.0,88.0,93.0,15.0,144.0,1695.0,154.0,58.0,67.0,1407.0,21.0,9.0,62.0,5.0,101.0,9.0,1.0,0.0,25.0,5.0,6.0,79.0,50000000.0,41.0,12.0,175.0,1,33,True,False,True,False
23.0,3351.0,1.0,2.0,0.8,3.0,20.0,3.0,1967.0,2194.0,30.0,34.0,2.0,215.0,2579.0,43.0,29.0,25.0,1780.0,114.0,49.0,20.0,60.0,229.0,35.0,11.0,0.0,70.0,3.0,4.0,10.0,90000000.0,10.0,2.0,178.0,8,24,False,True,False,True
21.0,3336.0,2.0,5.0,0.5,3.9,19.0,5.0,1346.0,1776.0,35.0,41.0,27.0,159.0,2158.0,106.0,22.0,22.0,1196.0,52.0,45.0,55.0,106.0,169.0,28.0,4.0,0.0,30.0,5.0,5.0,142.0,45000000.0,0.0,0.0,180.0,1,30,False,False,True,False
33.0,3330.0,3.0,1.0,2.2,0.7,27.0,8.0,2688.0,2935.0,12.0,7.0,0.0,198.0,3301.0,22.0,3.0,5.0,2281.0,38.0,56.0,9.0,190.0,115.0,119.0,5.0,0.0,17.0,1.0,3.0,1.0,23000000.0,7.0,2.0,195.0,1,7,False,False,False,True
27.0,3330.0,5.0,2.0,4.0,1.1,29.0,8.0,850.0,1033.0,9.0,2.0,0.0,51.0,1412.0,3.0,1.0,2.0,727.0,51.0,27.0,3.0,209.0,85.0,101.0,4.0,0.0,20.0,0.0,7.0,0.0,35000000.0,0.0,0.0,195.0,40,32,False,False,False,True
31.0,3330.0,3.0,2.0,2.8,3.9,21.0,6.0,1870.0,2236.0,37.0,54.0,8.0,224.0,2541.0,50.0,4.0,14.0,1701.0,66.0,31.0,48.0,85.0,94.0,45.0,6.0,0.0,46.0,1.0,14.0,63.0,12000000.0,3.0,1.0,183.0,9,9,False,False,False,True
32.0,3330.0,1.0,1.0,2.0,0.9,23.0,7.0,1774.0,2006.0,9.0,9.0,0.0,75.0,2386.0,12.0,3.0,3.0,1615.0,39.0,27.0,16.0,197.0,103.0,146.0,11.0,0.0,34.0,1.0,1.0,3.0,6000000.0,38.0,10.0,201.0,43,4,False,False,True,False
33.0,3325.0,2.0,3.0,3.6,1.9,58.0,17.0,1728.0,2062.0,14.0,7.0,3.0,143.0,2486.0,21.0,4.0,4.0,1612.0,46.0,41.0,19.0,181.0,156.0,92.0,8.0,0.0,50.0,0.0,2.0,8.0,2500000.0,0.0,0.0,190.0,235,2,False,False,False,True
20.0,3319.0,1.0,0.0,0.4,0.0,5.0,2.0,1858.0,2053.0,0.0,1.0,0.0,123.0,2367.0,35.0,5.0,10.0,1583.0,56.0,35.0,9.0,128.0,190.0,41.0,6.0,0.0,14.0,0.0,5.0,2.0,30000000.0,0.0,0.0,191.0,110,3,False,False,False,True
27.0,3271.0,5.0,6.0,4.3,6.1,45.0,13.0,1481.0,1798.0,52.0,77.0,6.0,271.0,2213.0,64.0,34.0,76.0,1652.0,83.0,29.0,38.0,44.0,188.0,18.0,7.0,0.0,65.0,4.0,9.0,28.0,80000000.0,0.0,0.0,182.0,43,3,False,True,False,True
25.0,3270.0,1.0,3.0,1.4,3.2,27.0,8.0,1961.0,2183.0,43.0,33.0,3.0,316.0,2437.0,89.0,15.0,18.0,1836.0,37.0,32.0,23.0,50.0,173.0,18.0,7.0,0.0,28.0,1.0,6.0,21.0,32000000.0,19.0,3.0,185.0,28,2,False,True,False,True
28.0,3240.0,1.0,3.0,2.2,1.3,21.0,5.0,1315.0,1568.0,8.0,6.0,1.0,96.0,1913.0,22.0,1.0,3.0,1190.0,48.0,33.0,12.0,161.0,139.0,61.0,4.0,0.0,23.0,1.0,8.0,8.0,4000000.0,0.0,0.0,191.0,327,9,False,False,True,False
28.0,3228.0,4.0,5.0,4.9,5.5,37.0,14.0,1129.0,1492.0,46.0,35.0,15.0,97.0,2010.0,62.0,21.0,20.0,956.0,123.0,44.0,39.0,108.0,171.0,58.0,10.0,0.0,56.0,1.0,6.0,74.0,25000000.0,4.0,1.0,181.0,56,12,False,False,False,True
30.0,3217.0,2.0,1.0,3.9,0.7,22.0,8.0,836.0,1084.0,17.0,20.0,8.0,53.0,1390.0,22.0,20.0,24.0,676.0,52.0,11.0,35.0,77.0,135.0,43.0,5.0,0.0,56.0,1.0,4.0,37.0,1400000.0,0.0,0.0,181.0,85,9,False,False,False,True
32.0,3204.0,1.0,2.0,1.3,1.5,17.0,4.0,1704.0,1944.0,36.0,24.0,4.0,208.0,2245.0,39.0,5.0,14.0,1506.0,79.0,38.0,16.0,57.0,146.0,28.0,6.0,0.0,47.0,1.0,6.0,19.0,5000000.0,8.0,2.0,180.0,160,20,False,True,False,True
24.0,3203.0,11.0,5.0,10.0,5.8,125.0,40.0,821.0,1119.0,46.0,45.0,8.0,109.0,1653.0,140.0,69.0,77.0,1140.0,55.0,11.0,40.0,39.0,158.0,66.0,9.0,0.0,73.0,5.0,10.0,59.0,40000000.0,0.0,0.0,185.0,267,4,True,False,False,True
22.0,3191.0,15.0,8.0,13.3,10.9,121.0,44.0,1140.0,1480.0,87.0,64.0,17.0,214.0,1851.0,120.0,51.0,37.0,1366.0,34.0,11.0,48.0,20.0,106.0,2.0,7.0,0.0,15.0,8.0,9.0,144.0,120000000.0,30.0,3.0,185.0,8,4,False,True,True,False
22.0,3188.0,2.0,0.0,1.4,1.2,25.0,6.0,1138.0,1450.0,13.0,13.0,1.0,115.0,1918.0,22.0,27.0,10.0,989.0,53.0,36.0,6.0,249.0,142.0,44.0,6.0,0.0,27.0,1.0,13.0,14.0,55000000.0,9.0,1.0,180.0,40,5,False,False,True,False
29.0,3186.0,0.0,3.0,0.7,1.1,13.0,2.0,1331.0,1600.0,21.0,21.0,4.0,135.0,1882.0,23.0,6.0,18.0,1199.0,61.0,35.0,20.0,82.0,146.0,31.0,9.0,0.0,42.0,2.0,2.0,15.0,4000000.0,0.0,0.0,185.0,82,27,False,True,False,True
27.0,3177.0,2.0,1.0,1.4,3.7,24.0,6.0,1544.0,1969.0,50.0,58.0,22.0,172.0,2266.0,66.0,11.0,9.0,1476.0,46.0,28.0,25.0,98.0,101.0,30.0,1.0,0.0,32.0,4.0,6.0,116.0,20000000.0,0.0,0.0,171.0,27,3,False,False,True,False
27.0,3167.0,0.0,10.0,0.7,4.2,16.0,2.0,1595.0,2076.0,43.0,56.0,29.0,131.0,2523.0,118.0,38.0,20.0,1509.0,95.0,62.0,47.0,133.0,157.0,50.0,8.0,0.0,31.0,0.0,6.0,170.0,35000000.0,123.0,5.0,183.0,416,4,False,False,True,False
23.0,3167.0,2.0,3.0,1.6,2.8,18.0,3.0,837.0,1126.0,34.0,29.0,18.0,72.0,1403.0,88.0,21.0,15.0,748.0,50.0,14.0,35.0,75.0,121.0,30.0,7.0,1.0,26.0,0.0,4.0,118.0,8000000.0,80.0,8.0,180.0,119,8,False,False,False,True
22.0,3160.0,0.0,4.0,1.1,3.1,20.0,5.0,1718.0,1927.0,26.0,35.0,2.0,181.0,2343.0,70.0,37.0,26.0,1669.0,69.0,60.0,15.0,59.0,193.0,26.0,6.0,1.0,47.0,0.0,6.0,7.0,75000000.0,36.0,8.0,190.0,1,7,False,True,False,True
27.0,3154.0,2.0,5.0,1.2,3.5,16.0,5.0,1472.0,1815.0,33.0,35.0,11.0,149.0,2256.0,110.0,64.0,22.0,1322.0,70.0,66.0,62.0,125.0,174.0,22.0,1.0,0.0,25.0,2.0,4.0,76.0,24000000.0,118.0,36.0,183.0,55,4,False,False,False,True
21.0,3153.0,0.0,2.0,0.0,0.8,2.0,0.0,1245.0,1577.0,8.0,11.0,6.0,84.0,1992.0,35.0,17.0,7.0,981.0,111.0,46.0,25.0,145.0,132.0,36.0,11.0,0.0,52.0,1.0,3.0,57.0,15000000.0,57.0,14.0,183.0,80,3,False,False,False,True
21.0,3149.0,2.0,1.0,1.9,1.1,17.0,4.0,2338.0,2619.0,14.0,7.0,3.0,131.0,2904.0,14.0,6.0,8.0,2092.0,47.0,33.0,21.0,118.0,121.0,82.0,9.0,0.0,45.0,0.0,4.0,13.0,55000000.0,92.0,16.0,187.0,8,4,False,False,True,False
28.0,3143.0,2.0,0.0,1.7,0.9,22.0,5.0,1689.0,1965.0,14.0,17.0,4.0,139.0,2240.0,45.0,1.0,8.0,1609.0,42.0,35.0,19.0,103.0,99.0,60.0,8.0,0.0,49.0,1.0,2.0,33.0,15000000.0,19.0,5.0,190.0,27,9,False,False,False,True
26.0,3128.0,10.0,4.0,7.5,3.5,77.0,28.0,1355.0,1549.0,47.0,56.0,2.0,230.0,1863.0,111.0,36.0,32.0,1390.0,26.0,38.0,16.0,28.0,125.0,5.0,2.0,1.0,28.0,3.0,5.0,46.0,60000000.0,0.0,0.0,185.0,2,7,False,True,False,True
24.0,3127.0,1.0,0.0,1.8,0.7,15.0,3.0,1457.0,1694.0,8.0,4.0,1.0,84.0,2078.0,15.0,1.0,7.0,1166.0,45.0,32.0,12.0,156.0,113.0,57.0,5.0,0.0,50.0,1.0,0.0,6.0,7500000.0,97.0,18.0,190.0,95,7,False,False,False,True
23.0,3127.0,10.0,1.0,12.0,0.9,97.0,28.0,343.0,517.0,13.0,7.0,0.0,37.0,919.0,30.0,14.0,46.0,666.0,13.0,3.0,17.0,31.0,54.0,110.0,6.0,0.0,60.0,13.0,4.0,8.0,12000000.0,0.0,0.0,190.0,327,9,True,False,False,True
24.0,3116.0,1.0,1.0,3.4,1.0,30.0,5.0,1207.0,1477.0,8.0,4.0,2.0,65.0,1934.0,8.0,8.0,6.0,1136.0,68.0,54.0,12.0,207.0,130.0,60.0,5.0,0.0,34.0,0.0,0.0,7.0,25000000.0,0.0,0.0,190.0,56,2,False,False,False,True
22.0,3114.0,8.0,10.0,6.6,7.8,55.0,20.0,664.0,907.0,51.0,56.0,3.0,123.0,1362.0,114.0,66.0,74.0,956.0,43.0,6.0,45.0,20.0,119.0,13.0,10.0,0.0,50.0,5.0,7.0,27.0,55000000.0,27.0,3.0,187.0,77,4,True,False,False,True
23.0,3109.0,4.0,7.0,2.7,5.5,36.0,10.0,1449.0,1721.0,46.0,30.0,10.0,108.0,2148.0,89.0,63.0,47.0,1321.0,89.0,26.0,42.0,75.0,145.0,22.0,7.0,1.0,30.0,4.0,4.0,94.0,35000000.0,0.0,0.0,180.0,2,2,False,False,True,False
23.0,3103.0,2.0,0.0,1.6,0.9,30.0,9.0,1067.0,1250.0,14.0,11.0,0.0,106.0,1647.0,24.0,10.0,24.0,876.0,102.0,47.0,23.0,57.0,184.0,30.0,5.0,0.0,51.0,3.0,6.0,3.0,20000000.0,18.0,1.0,178.0,266,21,False,True,False,True
23.0,3093.0,1.0,3.0,3.1,3.2,28.0,14.0,982.0,1273.0,26.0,47.0,18.0,98.0,1613.0,98.0,41.0,20.0,966.0,49.0,21.0,29.0,76.0,146.0,27.0,7.0,0.0,18.0,6.0,8.0,78.0,23000000.0,0.0,0.0,170.0,99,4,True,False,False,True
25.0,3092.0,5.0,5.0,2.7,5.4,35.0,13.0,720.0,1140.0,63.0,38.0,29.0,68.0,1551.0,104.0,34.0,49.0,898.0,47.0,14.0,67.0,40.0,133.0,34.0,3.0,0.0,38.0,5.0,9.0,269.0,10000000.0,13.0,2.0,179.0,299,3,True,False,False,True
25.0,3092.0,0.0,5.0,1.3,6.4,12.0,3.0,976.0,1355.0,41.0,33.0,16.0,70.0,1754.0,63.0,16.0,30.0,902.0,91.0,19.0,61.0,108.0,168.0,20.0,2.0,0.0,23.0,2.0,5.0,105.0,25000000.0,0.0,0.0,181.0,56,4,False,False,True,False
27.0,3085.0,0.0,8.0,0.9,5.5,16.0,4.0,1221.0,1685.0,65.0,30.0,21.0,90.0,1951.0,50.0,12.0,17.0,1039.0,71.0,19.0,30.0,73.0,146.0,20.0,5.0,0.0,38.0,2.0,5.0,256.0,6500000.0,43.0,5.0,178.0,266,3,False,False,True,False
25.0,3082.0,1.0,2.0,0.5,2.6,14.0,1.0,986.0,1322.0,24.0,40.0,24.0,110.0,1678.0,33.0,8.0,11.0,860.0,63.0,44.0,23.0,145.0,88.0,47.0,4.0,0.0,22.0,0.0,3.0,101.0,28000000.0,143.0,16.0,180.0,135,25,False,False,True,False
25.0,3079.0,0.0,3.0,0.2,3.5,8.0,0.0,1139.0,1573.0,30.0,50.0,30.0,106.0,1902.0,101.0,24.0,29.0,1075.0,53.0,8.0,63.0,92.0,118.0,27.0,9.0,0.0,31.0,3.0,4.0,169.0,12000000.0,0.0,0.0,182.0,52,3,False,False,False,True
25.0,3074.0,1.0,0.0,1.0,0.1,14.0,4.0,1934.0,2155.0,3.0,3.0,0.0,116.0,2463.0,39.0,15.0,8.0,1716.0,54.0,20.0,17.0,118.0,168.0,43.0,7.0,0.0,26.0,0.0,2.0,8.0,25000000.0,4.0,1.0,185.0,416,4,False,False,True,False
25.0,3060.0,2.0,0.0,0.9,3.6,11.0,5.0,1318.0,1723.0,28.0,24.0,15.0,146.0,2017.0,57.0,13.0,7.0,1191.0,40.0,23.0,44.0,93.0,123.0,21.0,4.0,0.0,25.0,0.0,10.0,72.0,4000000.0,13.0,1.0,187.0,327,9,False,False,False,True
26.0,3060.0,1.0,1.0,2.6,1.4,32.0,4.0,995.0,1270.0,13.0,6.0,3.0,96.0,1654.0,13.0,3.0,6.0,1000.0,37.0,44.0,20.0,169.0,97.0,93.0,4.0,0.0,36.0,2.0,5.0,10.0,13000000.0,75.0,12.0,190.0,34,7,False,False,False,True
30.0,3060.0,1.0,1.0,1.9,0.3,25.0,8.0,1425.0,1669.0,7.0,5.0,0.0,102.0,2136.0,21.0,6.0,8.0,1257.0,58.0,68.0,17.0,206.0,152.0,109.0,3.0,0.0,17.0,0.0,5.0,4.0,3000000.0,0.0,0.0,194.0,60,10,False,False,False,True
31.0,3060.0,0.0,1.0,0.6,1.1,9.0,1.0,1446.0,1749.0,10.0,11.0,4.0,89.0,2144.0,6.0,8.0,2.0,1420.0,52.0,32.0,21.0,206.0,110.0,40.0,3.0,0.0,14.0,1.0,10.0,12.0,1500000.0,0.0,0.0,184.0,393,2,False,False,True,False
24.0,3059.0,3.0,2.0,2.0,1.8,15.0,7.0,1473.0,1765.0,16.0,11.0,3.0,134.0,2131.0,22.0,12.0,18.0,1330.0,61.0,28.0,9.0,163.0,146.0,68.0,9.0,1.0,24.0,2.0,6.0,13.0,45000000.0,89.0,15.0,182.0,56,4,False,False,False,True
33.0,3058.0,4.0,4.0,0.9,2.3,14.0,4.0,1950.0,2258.0,25.0,27.0,3.0,242.0,2538.0,37.0,6.0,9.0,1754.0,74.0,47.0,17.0,67.0,140.0,46.0,5.0,0.0,48.0,1.0,1.0,28.0,5000000.0,65.0,5.0,185.0,36,7,False,False,False,True
24.0,3057.0,11.0,5.0,9.7,2.9,134.0,38.0,434.0,654.0,30.0,15.0,1.0,56.0,1051.0,42.0,17.0,40.0,786.0,18.0,7.0,28.0,24.0,72.0,91.0,6.0,0.0,57.0,5.0,2.0,8.0,15000000.0,0.0,0.0,185.0,357,32,True,False,False,True
24.0,3043.0,0.0,0.0,0.9,1.2,20.0,2.0,1153.0,1439.0,19.0,19.0,1.0,159.0,1814.0,53.0,32.0,31.0,1027.0,61.0,65.0,26.0,56.0,190.0,83.0,3.0,0.0,16.0,4.0,5.0,11.0,20000000.0,0.0,0.0,176.0,65,15,False,True,False,True
26.0,3041.0,3.0,0.0,2.4,0.3,36.0,8.0,1491.0,1760.0,7.0,6.0,2.0,96.0,2190.0,37.0,5.0,5.0,1387.0,56.0,50.0,19.0,150.0,122.0,93.0,9.0,0.0,31.0,2.0,3.0,7.0,14000000.0,32.0,5.0,185.0,266,19,False,False,True,False
23.0,3039.0,2.0,0.0,2.3,0.9,6.0,2.0,2413.0,2559.0,7.0,6.0,0.0,138.0,2824.0,16.0,12.0,8.0,2137.0,62.0,21.0,4.0,119.0,154.0,61.0,2.0,1.0,28.0,0.0,5.0,3.0,80000000.0,19.0,4.0,192.0,22,2,False,False,False,True
26.0,3032.0,6.0,4.0,2.7,3.1,57.0,22.0,2010.0,2237.0,39.0,31.0,2.0,226.0,2543.0,66.0,16.0,1.0,1905.0,50.0,55.0,23.0,52.0,174.0,27.0,4.0,0.0,12.0,0.0,11.0,26.0,130000000.0,28.0,4.0,182.0,3,3,False,False,False,True
22.0,3026.0,2.0,0.0,1.9,0.1,20.0,6.0,1428.0,1692.0,3.0,1.0,0.0,79.0,2096.0,20.0,11.0,4.0,1318.0,49.0,22.0,14.0,222.0,104.0,87.0,7.0,0.0,56.0,0.0,5.0,1.0,10000000.0,0.0,0.0,194.0,110,3,False,False,False,True
27.0,3026.0,3.0,7.0,2.5,7.0,40.0,12.0,1694.0,2061.0,60.0,38.0,4.0,235.0,2385.0,39.0,31.0,29.0,1667.0,84.0,23.0,37.0,47.0,145.0,22.0,4.0,0.0,41.0,2.0,7.0,119.0,38000000.0,86.0,14.0,177.0,77,8,False,True,False,True
32.0,3025.0,0.0,4.0,1.4,4.2,25.0,5.0,1341.0,1728.0,36.0,40.0,22.0,128.0,2083.0,143.0,52.0,26.0,1311.0,44.0,34.0,45.0,58.0,183.0,12.0,8.0,0.0,24.0,8.0,3.0,142.0,300000.0,0.0,0.0,178.0,94,5,False,False,True,False
26.0,3012.0,0.0,1.0,1.5,0.9,15.0,4.0,1826.0,2114.0,10.0,11.0,3.0,153.0,2419.0,27.0,1.0,8.0,1625.0,54.0,30.0,12.0,111.0,135.0,93.0,1.0,0.0,28.0,0.0,4.0,8.0,28000000.0,21.0,4.0,188.0,9,7,False,False,False,True
28.0,2995.0,2.0,1.0,0.6,1.4,11.0,2.0,994.0,1352.0,16.0,23.0,11.0,107.0,1708.0,67.0,33.0,22.0,822.0,55.0,33.0,46.0,115.0,190.0,13.0,5.0,0.0,23.0,3.0,2.0,59.0,22000000.0,58.0,10.0,184.0,40,4,False,False,False,True
23.0,2989.0,4.0,0.0,3.1,2.1,34.0,13.0,1050.0,1233.0,20.0,24.0,3.0,140.0,1467.0,69.0,15.0,23.0,1042.0,28.0,26.0,14.0,36.0,127.0,29.0,6.0,0.0,19.0,3.0,2.0,15.0,5000000.0,17.0,3.0,188.0,85,20,False,True,False,True
26.0,2988.0,5.0,1.0,2.8,2.1,24.0,11.0,1680.0,1916.0,19.0,12.0,3.0,118.0,2244.0,35.0,4.0,7.0,1385.0,67.0,28.0,23.0,95.0,130.0,32.0,10.0,1.0,37.0,1.0,7.0,31.0,35000000.0,78.0,17.0,173.0,8,3,False,False,True,False
23.0,6514.0,4.0,0.0,3.2,1.8,28.0,6.0,2788.0,3184.0,8.0,12.0,0.0,236.0,3876.0,34.0,20.0,20.0,2446.0,148.0,90.0,18.0,288.0,264.0,64.0,10.0,0.0,92.0,0.0,4.0,4.0,20000000.0,0.0,0.0,184.0,131,2,False,False,False,True
28.0,2981.0,9.0,6.0,4.7,7.0,68.0,29.0,1150.0,1532.0,59.0,86.0,19.0,213.0,1861.0,144.0,48.0,40.0,1447.0,44.0,14.0,52.0,29.0,140.0,7.0,1.0,0.0,19.0,2.0,6.0,126.0,28000000.0,27.0,5.0,183.0,416,4,False,True,False,True
25.0,2981.0,0.0,3.0,1.1,1.7,10.0,4.0,1538.0,1800.0,16.0,11.0,5.0,80.0,2124.0,25.0,9.0,3.0,1404.0,42.0,27.0,14.0,154.0,95.0,48.0,7.0,0.0,24.0,0.0,15.0,9.0,12000000.0,0.0,0.0,187.0,94,9,False,False,True,False
27.0,2978.0,1.0,3.0,0.9,4.1,14.0,4.0,1224.0,1585.0,48.0,26.0,11.0,158.0,1900.0,33.0,13.0,18.0,965.0,81.0,41.0,26.0,70.0,187.0,41.0,8.0,1.0,49.0,0.0,2.0,132.0,15000000.0,4.0,1.0,175.0,267,4,False,True,False,True
26.0,2974.0,12.0,4.0,7.7,3.0,66.0,19.0,521.0,678.0,22.0,15.0,4.0,75.0,985.0,73.0,21.0,33.0,703.0,22.0,5.0,19.0,19.0,105.0,9.0,8.0,0.0,22.0,4.0,4.0,27.0,10000000.0,51.0,4.0,177.0,80,3,False,True,False,True
23.0,2974.0,3.0,1.0,2.9,1.2,35.0,7.0,1380.0,1623.0,23.0,24.0,1.0,165.0,1998.0,59.0,30.0,51.0,1335.0,116.0,25.0,24.0,33.0,200.0,11.0,11.0,1.0,70.0,2.0,3.0,29.0,40000000.0,0.0,0.0,176.0,119,5,False,True,False,True
28.0,2973.0,13.0,8.0,7.8,6.8,86.0,36.0,584.0,815.0,51.0,46.0,8.0,91.0,1252.0,109.0,44.0,77.0,834.0,41.0,16.0,44.0,25.0,129.0,12.0,1.0,0.0,20.0,9.0,6.0,106.0,40000000.0,47.0,8.0,176.0,55,4,True,False,True,False
24.0,2972.0,3.0,0.0,1.8,0.0,16.0,5.0,1189.0,1407.0,1.0,4.0,2.0,71.0,1845.0,11.0,4.0,1.0,1155.0,51.0,34.0,8.0,224.0,74.0,71.0,9.0,0.0,37.0,1.0,5.0,6.0,7500000.0,42.0,8.0,191.0,80,9,False,False,False,True
28.0,2971.0,1.0,0.0,1.7,0.9,38.0,10.0,724.0,1106.0,11.0,15.0,2.0,112.0,1585.0,25.0,18.0,9.0,658.0,43.0,40.0,14.0,241.0,115.0,101.0,8.0,0.0,33.0,1.0,13.0,6.0,8000000.0,14.0,2.0,188.0,109,53,False,False,True,False
28.0,2970.0,3.0,0.0,1.1,0.4,24.0,7.0,2145.0,2309.0,4.0,6.0,3.0,169.0,2626.0,15.0,3.0,10.0,1888.0,19.0,36.0,7.0,157.0,165.0,77.0,3.0,0.0,16.0,1.0,3.0,6.0,30000000.0,3.0,1.0,195.0,4,10,False,False,False,True
30.0,2970.0,0.0,0.0,0.9,0.5,11.0,4.0,1520.0,1755.0,9.0,8.0,1.0,142.0,2096.0,30.0,8.0,9.0,1305.0,36.0,31.0,11.0,170.0,129.0,47.0,1.0,0.0,13.0,1.0,4.0,8.0,1500000.0,0.0,0.0,189.0,563,10,False,False,False,True
23.0,2966.0,5.0,4.0,3.5,2.9,47.0,15.0,924.0,1128.0,41.0,36.0,5.0,163.0,1432.0,74.0,49.0,55.0,1038.0,35.0,20.0,30.0,10.0,164.0,18.0,8.0,0.0,28.0,4.0,7.0,29.0,15000000.0,48.0,5.0,177.0,131,3,False,True,False,True
25.0,2963.0,1.0,0.0,2.0,0.6,19.0,6.0,1432.0,1712.0,12.0,8.0,2.0,98.0,2083.0,22.0,2.0,2.0,1339.0,43.0,38.0,6.0,182.0,101.0,109.0,13.0,1.0,49.0,0.0,4.0,3.0,18000000.0,115.0,17.0,190.0,128,55,False,False,False,True
25.0,2962.0,2.0,1.0,2.6,1.1,24.0,6.0,1482.0,1772.0,19.0,23.0,1.0,195.0,2131.0,38.0,19.0,17.0,1412.0,73.0,44.0,24.0,79.0,140.0,53.0,6.0,0.0,44.0,1.0,7.0,12.0,60000000.0,41.0,7.0,181.0,25,3,False,True,False,True
33.0,2959.0,20.0,3.0,11.0,2.6,65.0,32.0,315.0,490.0,22.0,12.0,1.0,42.0,770.0,14.0,4.0,28.0,563.0,6.0,5.0,7.0,29.0,50.0,94.0,1.0,0.0,25.0,0.0,5.0,1.0,10000000.0,53.0,11.0,191.0,40,95,True,False,False,True
24.0,2958.0,1.0,1.0,1.3,1.5,17.0,5.0,2016.0,2286.0,15.0,17.0,4.0,228.0,2589.0,55.0,5.0,7.0,1820.0,45.0,24.0,7.0,142.0,131.0,82.0,8.0,1.0,25.0,1.0,2.0,11.0,32000000.0,70.0,11.0,189.0,58,7,False,False,False,True
30.0,2957.0,3.0,0.0,2.3,1.2,31.0,7.0,1026.0,1363.0,10.0,5.0,0.0,109.0,1706.0,10.0,6.0,23.0,981.0,74.0,45.0,10.0,70.0,172.0,159.0,10.0,0.0,75.0,1.0,6.0,1.0,3000000.0,0.0,0.0,190.0,131,3,False,True,False,True
33.0,2952.0,21.0,4.0,12.3,1.7,91.0,29.0,239.0,426.0,16.0,7.0,0.0,24.0,788.0,23.0,10.0,44.0,540.0,20.0,2.0,9.0,26.0,54.0,136.0,4.0,0.0,47.0,9.0,3.0,6.0,5000000.0,28.0,4.0,190.0,131,13,True,False,True,False
23.0,2947.0,6.0,7.0,6.1,6.8,53.0,20.0,1518.0,1900.0,77.0,41.0,7.0,212.0,2210.0,60.0,26.0,28.0,1622.0,65.0,13.0,46.0,23.0,156.0,14.0,8.0,0.0,52.0,4.0,9.0,109.0,75000000.0,65.0,12.0,178.0,8,1,False,True,False,True
25.0,2945.0,1.0,7.0,2.4,5.8,20.0,6.0,1126.0,1457.0,45.0,46.0,26.0,77.0,1842.0,52.0,10.0,11.0,952.0,71.0,40.0,39.0,122.0,131.0,41.0,11.0,0.0,38.0,0.0,6.0,111.0,10000000.0,0.0,0.0,186.0,16,3,False,False,False,False
33.0,2944.0,1.0,4.0,0.9,2.2,17.0,4.0,1400.0,1694.0,14.0,22.0,2.0,142.0,2061.0,24.0,7.0,6.0,1234.0,50.0,35.0,10.0,183.0,141.0,62.0,9.0,0.0,22.0,0.0,6.0,17.0,1500000.0,73.0,4.0,188.0,161,7,False,False,False,True
28.0,5914.0,24.0,8.0,15.0,5.4,154.0,66.0,1574.0,1868.0,52.0,44.0,2.0,226.0,2656.0,112.0,78.0,98.0,1906.0,86.0,48.0,40.0,104.0,288.0,134.0,6.0,0.0,90.0,10.0,4.0,22.0,50000000.0,98.0,16.0,191.0,9,4,False,True,False,True
27.0,2936.0,2.0,0.0,1.3,0.4,11.0,5.0,1555.0,1673.0,6.0,2.0,0.0,90.0,1915.0,24.0,8.0,10.0,1338.0,34.0,24.0,21.0,114.0,97.0,31.0,1.0,0.0,9.0,0.0,1.0,5.0,35000000.0,44.0,9.0,183.0,77,4,False,False,False,True
33.0,2934.0,4.0,0.0,3.7,0.4,40.0,11.0,1654.0,1977.0,5.0,13.0,0.0,118.0,2319.0,18.0,8.0,6.0,1609.0,36.0,45.0,8.0,138.0,134.0,56.0,9.0,1.0,35.0,2.0,8.0,13.0,7000000.0,30.0,7.0,186.0,43,20,False,False,False,True
21.0,2927.0,2.0,0.0,0.7,0.1,10.0,4.0,920.0,1135.0,3.0,0.0,0.0,48.0,1576.0,4.0,1.0,5.0,793.0,66.0,72.0,6.0,194.0,89.0,133.0,10.0,0.0,44.0,0.0,5.0,0.0,10000000.0,8.0,1.0,193.0,58,7,False,False,False,True
28.0,2922.0,2.0,1.0,2.2,1.6,27.0,8.0,1017.0,1410.0,19.0,19.0,9.0,103.0,1835.0,42.0,17.0,15.0,829.0,96.0,47.0,35.0,123.0,117.0,46.0,11.0,0.0,37.0,8.0,8.0,85.0,3000000.0,12.0,2.0,181.0,299,1,False,False,False,True
32.0,2922.0,1.0,1.0,1.3,2.9,15.0,4.0,1045.0,1290.0,16.0,11.0,0.0,75.0,1706.0,9.0,5.0,7.0,927.0,64.0,41.0,12.0,213.0,98.0,102.0,6.0,0.0,35.0,0.0,9.0,1.0,9000000.0,85.0,5.0,185.0,135,4,False,False,False,True
28.0,2919.0,19.0,4.0,18.5,2.6,90.0,41.0,450.0,588.0,27.0,13.0,1.0,67.0,925.0,60.0,15.0,35.0,658.0,22.0,8.0,23.0,21.0,81.0,30.0,5.0,0.0,34.0,10.0,3.0,20.0,32000000.0,36.0,6.0,176.0,43,2,True,False,False,True
27.0,2918.0,0.0,2.0,0.8,2.8,20.0,6.0,1493.0,1693.0,24.0,30.0,4.0,139.0,2022.0,114.0,38.0,39.0,1433.0,44.0,19.0,33.0,90.0,135.0,11.0,5.0,0.0,28.0,3.0,3.0,51.0,15000000.0,0.0,0.0,173.0,55,4,False,False,False,True
26.0,2912.0,2.0,2.0,1.5,0.8,25.0,6.0,1205.0,1541.0,14.0,23.0,8.0,91.0,1948.0,39.0,9.0,15.0,1077.0,58.0,46.0,40.0,141.0,88.0,69.0,6.0,0.0,29.0,5.0,3.0,57.0,13000000.0,10.0,2.0,183.0,128,4,False,False,False,False
24.0,2911.0,2.0,10.0,2.8,8.4,35.0,7.0,1107.0,1529.0,63.0,73.0,17.0,234.0,1883.0,73.0,50.0,47.0,1239.0,83.0,27.0,36.0,31.0,179.0,12.0,2.0,0.0,18.0,1.0,8.0,144.0,28000000.0,101.0,20.0,180.0,99,21,False,True,False,True
20.0,2909.0,2.0,4.0,4.0,3.0,42.0,14.0,1087.0,1361.0,34.0,27.0,6.0,145.0,1760.0,76.0,49.0,36.0,1077.0,89.0,28.0,36.0,35.0,179.0,15.0,8.0,0.0,46.0,6.0,2.0,113.0,15000000.0,0.0,0.0,180.0,55,6,False,True,False,True
26.0,2907.0,31.0,3.0,18.6,7.7,152.0,75.0,949.0,1145.0,51.0,52.0,3.0,140.0,1572.0,150.0,83.0,49.0,1355.0,8.0,1.0,33.0,1.0,36.0,4.0,3.0,1.0,25.0,8.0,5.0,35.0,180000000.0,25.0,5.0,178.0,3,2,True,False,False,True
32.0,2888.0,2.0,7.0,0.9,4.4,21.0,3.0,2528.0,2818.0,50.0,40.0,6.0,318.0,3052.0,42.0,7.0,14.0,2368.0,48.0,12.0,26.0,52.0,179.0,41.0,3.0,0.0,33.0,2.0,10.0,30.0,12000000.0,0.0,0.0,186.0,10,20,False,True,True,False
31.0,2886.0,0.0,4.0,0.9,2.8,18.0,7.0,1096.0,1357.0,25.0,28.0,13.0,80.0,1717.0,67.0,32.0,21.0,995.0,62.0,23.0,36.0,104.0,139.0,28.0,8.0,0.0,48.0,3.0,5.0,63.0,9000000.0,11.0,2.0,177.0,113,6,False,False,False,True
29.0,2881.0,0.0,2.0,0.7,1.1,19.0,6.0,1557.0,1763.0,11.0,18.0,1.0,122.0,2075.0,11.0,7.0,10.0,1416.0,53.0,48.0,23.0,86.0,133.0,39.0,8.0,0.0,23.0,1.0,5.0,11.0,6000000.0,20.0,1.0,186.0,1407,10,False,True,False,True
25.0,2881.0,4.0,1.0,4.1,4.3,39.0,12.0,1700.0,1966.0,37.0,41.0,5.0,216.0,2308.0,40.0,23.0,41.0,1702.0,52.0,35.0,28.0,36.0,186.0,53.0,5.0,1.0,31.0,2.0,6.0,23.0,50000000.0,7.0,0.0,183.0,36,5,False,True,False,True
24.0,2881.0,0.0,2.0,1.2,2.5,19.0,4.0,1225.0,1532.0,22.0,19.0,8.0,105.0,1867.0,58.0,13.0,12.0,979.0,61.0,19.0,45.0,87.0,147.0,21.0,2.0,0.0,20.0,4.0,6.0,60.0,5000000.0,124.0,7.0,173.0,563,10,False,False,False,True
22.0,2879.0,4.0,5.0,2.2,7.4,25.0,11.0,2404.0,2749.0,70.0,79.0,4.0,360.0,3060.0,92.0,40.0,35.0,2389.0,61.0,26.0,43.0,21.0,254.0,7.0,3.0,0.0,10.0,4.0,4.0,58.0,140000000.0,176.0,28.0,174.0,11,3,False,True,False,True
27.0,2878.0,0.0,3.0,0.6,4.6,15.0,3.0,829.0,1246.0,36.0,30.0,22.0,80.0,1579.0,77.0,17.0,32.0,778.0,55.0,15.0,60.0,110.0,88.0,36.0,7.0,0.0,49.0,2.0,5.0,178.0,2500000.0,126.0,18.0,187.0,85,9,True,False,True,False
30.0,2875.0,1.0,4.0,1.0,3.9,31.0,7.0,1129.0,1536.0,70.0,26.0,10.0,152.0,1802.0,32.0,21.0,17.0,890.0,61.0,24.0,17.0,28.0,168.0,31.0,6.0,0.0,38.0,5.0,12.0,201.0,3500000.0,123.0,10.0,175.0,109,3,False,True,False,True
26.0,2873.0,2.0,6.0,1.0,4.7,26.0,4.0,783.0,1193.0,36.0,31.0,19.0,93.0,1528.0,79.0,12.0,5.0,739.0,51.0,29.0,26.0,103.0,124.0,19.0,1.0,0.0,28.0,5.0,1.0,129.0,3000000.0,27.0,4.0,180.0,742,9,False,False,True,False
33.0,2869.0,4.0,2.0,1.1,0.9,19.0,6.0,1084.0,1442.0,9.0,15.0,3.0,69.0,1796.0,9.0,1.0,1.0,1009.0,40.0,30.0,13.0,199.0,83.0,77.0,4.0,1.0,24.0,1.0,11.0,17.0,1000000.0,19.0,2.0,190.0,80,3,False,False,True,False
30.0,2868.0,5.0,9.0,5.4,4.7,43.0,15.0,1151.0,1558.0,42.0,40.0,12.0,125.0,1949.0,65.0,35.0,36.0,1210.0,61.0,22.0,64.0,61.0,152.0,31.0,9.0,1.0,30.0,5.0,5.0,78.0,5000000.0,17.0,3.0,177.0,303,10,False,True,False,True
26.0,2862.0,10.0,7.0,6.6,3.7,61.0,21.0,783.0,1090.0,27.0,48.0,15.0,130.0,1537.0,64.0,56.0,62.0,1031.0,66.0,14.0,42.0,47.0,133.0,16.0,2.0,0.0,27.0,15.0,3.0,80.0,25000000.0,0.0,0.0,172.0,50,15,True,False,True,False
24.0,2861.0,4.0,2.0,2.4,2.1,53.0,20.0,1119.0,1411.0,29.0,15.0,1.0,140.0,1739.0,20.0,17.0,37.0,1027.0,47.0,28.0,28.0,55.0,147.0,27.0,7.0,1.0,50.0,0.0,4.0,72.0,8500000.0,0.0,0.0,184.0,95,9,False,True,False,True
17.0,2856.0,9.0,13.0,9.8,13.9,144.0,46.0,1161.0,1553.0,64.0,95.0,16.0,160.0,2094.0,181.0,161.0,49.0,1723.0,42.0,16.0,57.0,3.0,123.0,1.0,3.0,0.0,30.0,11.0,8.0,108.0,200000000.0,64.0,11.0,180.0,11,3,True,False,True,False
20.0,2855.0,10.0,3.0,5.1,3.3,46.0,16.0,1401.0,1588.0,27.0,15.0,0.0,149.0,1983.0,29.0,18.0,11.0,1276.0,110.0,32.0,23.0,67.0,188.0,37.0,8.0,0.0,29.0,2.0,7.0,0.0,35000000.0,0.0,0.0,180.0,8,5,False,True,False,True
25.0,2850.0,10.0,1.0,7.0,1.7,78.0,29.0,419.0,667.0,15.0,9.0,3.0,46.0,952.0,20.0,11.0,34.0,710.0,10.0,1.0,28.0,28.0,53.0,83.0,4.0,0.0,21.0,2.0,5.0,17.0,15000000.0,0.0,0.0,185.0,266,9,True,False,False,True
29.0,2847.0,3.0,7.0,1.8,7.4,34.0,10.0,3269.0,3652.0,83.0,53.0,10.0,362.0,3867.0,51.0,12.0,7.0,3047.0,47.0,25.0,30.0,34.0,190.0,12.0,4.0,0.0,15.0,1.0,7.0,176.0,45000000.0,41.0,7.0,177.0,4,10,False,True,False,True
25.0,2845.0,2.0,0.0,1.2,0.0,20.0,5.0,1350.0,1529.0,1.0,2.0,1.0,70.0,1879.0,17.0,7.0,2.0,1227.0,46.0,38.0,12.0,157.0,87.0,62.0,10.0,0.0,53.0,1.0,2.0,2.0,10000000.0,21.0,3.0,187.0,98,3,False,False,False,True
28.0,2845.0,2.0,0.0,2.0,1.5,36.0,10.0,1213.0,1452.0,19.0,16.0,3.0,141.0,1757.0,34.0,11.0,19.0,1093.0,57.0,39.0,32.0,54.0,154.0,60.0,4.0,0.0,22.0,4.0,4.0,9.0,10000000.0,0.0,0.0,181.0,53,10,False,True,False,True
31.0,2843.0,14.0,10.0,9.8,4.0,60.0,20.0,353.0,497.0,35.0,11.0,1.0,36.0,725.0,31.0,6.0,53.0,589.0,4.0,1.0,21.0,17.0,34.0,42.0,4.0,0.0,47.0,2.0,0.0,4.0,22000000.0,17.0,5.0,191.0,9,8,True,False,True,False
25.0,2842.0,6.0,1.0,3.2,3.2,35.0,8.0,1373.0,1672.0,39.0,38.0,3.0,207.0,1993.0,107.0,57.0,51.0,1446.0,48.0,26.0,31.0,28.0,193.0,13.0,4.0,0.0,48.0,3.0,10.0,44.0,7000000.0,14.0,2.0,185.0,393,2,True,False,False,True
28.0,2839.0,18.0,9.0,17.6,12.7,112.0,40.0,1064.0,1497.0,91.0,67.0,18.0,135.0,1863.0,94.0,52.0,29.0,1316.0,36.0,11.0,36.0,26.0,94.0,9.0,4.0,0.0,11.0,10.0,12.0,215.0,90000000.0,61.0,14.0,176.0,11,5,True,False,True,False
27.0,2838.0,0.0,1.0,0.7,1.5,13.0,3.0,1526.0,1781.0,20.0,20.0,5.0,115.0,2139.0,42.0,26.0,17.0,1289.0,115.0,34.0,35.0,95.0,149.0,50.0,3.0,0.0,38.0,3.0,1.0,23.0,25000000.0,111.0,21.0,183.0,41,7,False,False,False,True
24.0,2834.0,5.0,4.0,3.5,6.2,47.0,13.0,1239.0,1663.0,68.0,90.0,24.0,279.0,1988.0,107.0,45.0,55.0,1502.0,43.0,11.0,39.0,9.0,167.0,23.0,4.0,0.0,28.0,7.0,17.0,145.0,17000000.0,15.0,3.0,168.0,303,22,False,True,False,True
31.0,5708.0,10.0,6.0,3.4,9.2,56.0,24.0,1652.0,2446.0,72.0,120.0,50.0,208.0,3040.0,194.0,86.0,80.0,2082.0,70.0,44.0,122.0,88.0,224.0,30.0,12.0,0.0,38.0,4.0,6.0,418.0,2000000.0,0.0,0.0,176.0,110,3,False,True,True,False
27.0,2827.0,1.0,1.0,1.4,1.5,24.0,9.0,1355.0,1677.0,28.0,19.0,4.0,118.0,1956.0,16.0,3.0,7.0,1130.0,46.0,37.0,7.0,104.0,139.0,30.0,7.0,0.0,27.0,1.0,7.0,102.0,5000000.0,69.0,8.0,192.0,563,27,False,False,False,True
23.0,2825.0,1.0,1.0,1.3,0.6,22.0,7.0,1177.0,1338.0,15.0,13.0,0.0,116.0,1589.0,43.0,6.0,18.0,1073.0,35.0,25.0,16.0,51.0,130.0,14.0,8.0,1.0,38.0,2.0,3.0,30.0,30000000.0,68.0,11.0,181.0,6,9,False,True,False,True
22.0,2825.0,1.0,0.0,1.8,1.0,20.0,8.0,1892.0,2164.0,14.0,10.0,1.0,125.0,2475.0,29.0,3.0,5.0,1792.0,28.0,30.0,11.0,141.0,123.0,63.0,9.0,0.0,35.0,1.0,3.0,10.0,22000000.0,23.0,3.0,188.0,198,4,False,False,False,True
25.0,2825.0,4.0,7.0,3.5,6.6,48.0,14.0,1376.0,1650.0,59.0,35.0,5.0,192.0,1948.0,90.0,14.0,32.0,1266.0,53.0,25.0,15.0,51.0,156.0,37.0,7.0,1.0,21.0,5.0,6.0,164.0,120000000.0,16.0,4.0,188.0,22,4,False,True,False,True
37.0,2823.0,9.0,4.0,9.6,3.0,56.0,23.0,258.0,389.0,19.0,10.0,1.0,22.0,586.0,29.0,11.0,14.0,382.0,19.0,5.0,15.0,24.0,39.0,50.0,5.0,0.0,25.0,6.0,7.0,11.0,1000000.0,53.0,11.0,179.0,46,4,True,False,False,True
26.0,2822.0,2.0,2.0,1.0,2.5,24.0,7.0,2134.0,2431.0,29.0,31.0,2.0,294.0,2752.0,33.0,8.0,8.0,2032.0,72.0,23.0,14.0,77.0,141.0,35.0,9.0,0.0,46.0,2.0,9.0,24.0,30000000.0,35.0,6.0,185.0,19,9,False,True,False,True
30.0,2819.0,5.0,4.0,4.3,1.3,39.0,15.0,1164.0,1427.0,18.0,27.0,4.0,154.0,1802.0,14.0,7.0,20.0,1075.0,79.0,49.0,25.0,70.0,193.0,49.0,8.0,1.0,44.0,2.0,6.0,17.0,11000000.0,100.0,16.0,187.0,99,21,False,True,False,True
31.0,2819.0,0.0,3.0,0.4,2.7,16.0,3.0,1058.0,1564.0,36.0,46.0,29.0,136.0,1929.0,27.0,6.0,13.0,772.0,81.0,34.0,44.0,102.0,132.0,26.0,9.0,1.0,38.0,2.0,12.0,148.0,1200000.0,0.0,0.0,183.0,109,3,False,False,True,False
26.0,2815.0,1.0,0.0,1.5,0.1,12.0,1.0,1376.0,1564.0,4.0,6.0,0.0,86.0,1906.0,12.0,5.0,6.0,1268.0,42.0,26.0,7.0,185.0,90.0,45.0,4.0,0.0,23.0,0.0,3.0,5.0,15000000.0,4.0,1.0,187.0,46,8,False,False,False,True
25.0,2814.0,0.0,3.0,2.0,2.0,25.0,5.0,1347.0,1673.0,26.0,25.0,8.0,103.0,1983.0,62.0,27.0,21.0,1200.0,68.0,37.0,36.0,72.0,167.0,38.0,5.0,0.0,40.0,0.0,5.0,66.0,30000000.0,25.0,5.0,183.0,41,6,False,False,False,True
31.0,2804.0,3.0,4.0,3.1,4.8,56.0,14.0,873.0,1261.0,56.0,55.0,23.0,129.0,1561.0,135.0,32.0,24.0,1137.0,29.0,13.0,57.0,50.0,95.0,6.0,3.0,0.0,14.0,3.0,7.0,229.0,10000000.0,15.0,2.0,171.0,9,9,True,False,True,False
23.0,2804.0,21.0,5.0,9.1,5.7,111.0,45.0,1089.0,1389.0,47.0,70.0,14.0,157.0,1746.0,126.0,54.0,44.0,1451.0,35.0,12.0,26.0,5.0,88.0,8.0,3.0,0.0,24.0,7.0,5.0,110.0,40000000.0,0.0,0.0,181.0,51,4,True,False,False,False
24.0,2803.0,7.0,8.0,6.3,5.0,61.0,21.0,993.0,1269.0,51.0,41.0,10.0,164.0,1627.0,69.0,31.0,44.0,1227.0,43.0,23.0,27.0,29.0,127.0,40.0,11.0,1.0,38.0,5.0,10.0,45.0,50000000.0,7.0,1.0,171.0,40,4,False,True,False,True
31.0,2797.0,4.0,2.0,2.3,2.1,26.0,9.0,1678.0,1920.0,20.0,33.0,2.0,185.0,2193.0,36.0,24.0,17.0,1561.0,89.0,35.0,13.0,49.0,138.0,28.0,4.0,0.0,45.0,1.0,6.0,12.0,14000000.0,151.0,35.0,185.0,22,77,False,True,False,True
27.0,2790.0,3.0,0.0,1.6,0.8,21.0,7.0,1617.0,1817.0,7.0,8.0,4.0,69.0,2170.0,23.0,12.0,8.0,1513.0,40.0,28.0,11.0,171.0,95.0,65.0,5.0,0.0,28.0,1.0,5.0,9.0,12000000.0,89.0,15.0,188.0,7,15,False,False,False,True
34.0,2780.0,0.0,2.0,0.5,1.6,10.0,4.0,2318.0,2610.0,19.0,26.0,8.0,272.0,2860.0,71.0,15.0,12.0,2151.0,49.0,32.0,29.0,94.0,116.0,17.0,2.0,0.0,19.0,0.0,10.0,42.0,1500000.0,22.0,3.0,180.0,200,7,False,False,True,False
23.0,2778.0,9.0,8.0,6.6,4.7,68.0,24.0,737.0,938.0,50.0,23.0,4.0,73.0,1298.0,95.0,46.0,57.0,905.0,22.0,14.0,22.0,14.0,117.0,14.0,3.0,0.0,20.0,8.0,5.0,85.0,10000000.0,3.0,1.0,175.0,498,68,False,True,False,True
28.0,2770.0,1.0,0.0,0.5,0.8,8.0,1.0,1943.0,2253.0,6.0,9.0,0.0,138.0,2520.0,44.0,4.0,2.0,1712.0,22.0,36.0,12.0,124.0,113.0,57.0,5.0,0.0,22.0,1.0,8.0,9.0,12000000.0,167.0,26.0,189.0,53,22,False,False,False,True
21.0,2768.0,9.0,2.0,7.7,3.8,73.0,26.0,351.0,538.0,27.0,15.0,4.0,48.0,878.0,75.0,35.0,65.0,689.0,11.0,4.0,27.0,36.0,83.0,64.0,3.0,0.0,34.0,3.0,2.0,30.0,18000000.0,0.0,0.0,182.0,138,2,True,False,False,True
29.0,2768.0,2.0,1.0,1.2,0.9,11.0,2.0,1317.0,1511.0,5.0,5.0,1.0,99.0,1885.0,13.0,4.0,3.0,1240.0,68.0,34.0,10.0,192.0,100.0,64.0,5.0,0.0,31.0,0.0,5.0,3.0,3000000.0,13.0,2.0,191.0,80,2,False,False,True,False
23.0,2766.0,4.0,1.0,2.3,0.2,16.0,7.0,2086.0,2239.0,3.0,0.0,0.0,90.0,2475.0,15.0,9.0,6.0,1891.0,31.0,27.0,19.0,99.0,139.0,61.0,8.0,1.0,44.0,1.0,2.0,4.0,28000000.0,91.0,14.0,184.0,267,2,False,False,False,True
29.0,2763.0,3.0,0.0,0.8,0.1,12.0,5.0,1195.0,1391.0,4.0,4.0,0.0,91.0,1723.0,23.0,6.0,1.0,1049.0,30.0,18.0,13.0,195.0,102.0,49.0,4.0,0.0,15.0,1.0,5.0,11.0,6000000.0,45.0,6.0,187.0,224,41,False,False,False,True
25.0,2756.0,23.0,6.0,17.2,4.3,95.0,41.0,519.0,689.0,41.0,31.0,1.0,88.0,1025.0,83.0,42.0,55.0,740.0,12.0,3.0,24.0,17.0,55.0,26.0,1.0,0.0,27.0,2.0,6.0,16.0,120000000.0,99.0,21.0,192.0,1,27,True,False,False,True
32.0,2755.0,1.0,2.0,0.9,4.1,17.0,3.0,1217.0,1641.0,40.0,53.0,33.0,130.0,1949.0,66.0,33.0,27.0,1115.0,35.0,26.0,51.0,84.0,181.0,9.0,5.0,0.0,18.0,2.0,12.0,143.0,2000000.0,52.0,5.0,185.0,224,3,False,False,True,False
23.0,2752.0,2.0,2.0,2.3,3.2,23.0,10.0,1263.0,1601.0,39.0,39.0,20.0,104.0,1906.0,69.0,16.0,25.0,1186.0,61.0,27.0,39.0,56.0,139.0,27.0,3.0,0.0,25.0,3.0,6.0,145.0,15000000.0,0.0,0.0,176.0,267,2,False,True,True,False
33.0,2751.0,1.0,1.0,0.4,1.2,13.0,3.0,1249.0,1445.0,24.0,17.0,4.0,120.0,1683.0,22.0,17.0,13.0,1137.0,68.0,29.0,22.0,47.0,157.0,18.0,10.0,0.0,48.0,1.0,7.0,15.0,500000.0,12.0,2.0,175.0,80,4,False,True,False,True
31.0,2744.0,2.0,6.0,2.1,3.7,36.0,9.0,981.0,1302.0,54.0,33.0,15.0,142.0,1558.0,37.0,34.0,30.0,1030.0,40.0,16.0,25.0,23.0,122.0,13.0,4.0,0.0,21.0,0.0,8.0,163.0,4000000.0,0.0,0.0,180.0,224,3,True,False,False,True
25.0,2743.0,1.0,2.0,1.0,4.9,16.0,2.0,919.0,1284.0,61.0,28.0,12.0,59.0,1562.0,52.0,13.0,16.0,835.0,46.0,25.0,23.0,77.0,113.0,34.0,5.0,1.0,27.0,1.0,7.0,161.0,22000000.0,15.0,3.0,182.0,80,4,False,False,True,False
23.0,2741.0,1.0,8.0,1.8,7.2,21.0,4.0,2219.0,2540.0,59.0,50.0,10.0,289.0,2781.0,39.0,20.0,25.0,2112.0,49.0,26.0,15.0,50.0,140.0,18.0,6.0,0.0,21.0,3.0,11.0,95.0,45000000.0,36.0,5.0,183.0,175,10,False,True,True,False
24.0,2741.0,1.0,0.0,1.1,0.6,15.0,4.0,1877.0,2049.0,15.0,9.0,1.0,157.0,2339.0,48.0,4.0,7.0,1673.0,55.0,28.0,11.0,115.0,153.0,66.0,8.0,0.0,32.0,0.0,4.0,6.0,30000000.0,68.0,7.0,185.0,28,3,False,False,False,True
24.0,2738.0,2.0,5.0,1.9,8.9,18.0,10.0,1076.0,1439.0,56.0,23.0,11.0,93.0,1724.0,43.0,22.0,16.0,1025.0,71.0,19.0,47.0,30.0,146.0,20.0,4.0,0.0,29.0,2.0,9.0,231.0,20000000.0,11.0,3.0,171.0,25,3,False,True,True,False
29.0,2737.0,16.0,7.0,11.9,6.2,73.0,36.0,466.0,765.0,29.0,22.0,1.0,63.0,1149.0,45.0,14.0,42.0,797.0,30.0,12.0,43.0,66.0,74.0,149.0,5.0,1.0,75.0,4.0,6.0,16.0,17000000.0,177.0,12.0,194.0,71,10,True,False,False,False
24.0,2736.0,22.0,3.0,18.8,3.0,104.0,55.0,255.0,381.0,29.0,8.0,1.0,20.0,639.0,24.0,13.0,27.0,478.0,11.0,5.0,10.0,23.0,34.0,57.0,2.0,0.0,24.0,2.0,2.0,3.0,180000000.0,115.0,22.0,195.0,2,43,True,False,True,False
25.0,2733.0,0.0,1.0,1.1,0.6,24.0,3.0,1099.0,1326.0,8.0,15.0,1.0,91.0,1717.0,9.0,12.0,15.0,959.0,72.0,65.0,16.0,75.0,191.0,25.0,9.0,0.0,38.0,0.0,5.0,5.0,9000000.0,16.0,2.0,185.0,303,8,False,True,False,True
25.0,2729.0,4.0,6.0,1.5,5.6,33.0,10.0,1692.0,2197.0,35.0,69.0,11.0,200.0,2460.0,69.0,25.0,14.0,1692.0,38.0,22.0,40.0,46.0,138.0,11.0,6.0,1.0,24.0,3.0,9.0,139.0,20000000.0,6.0,2.0,184.0,66,3,False,True,False,True
22.0,2728.0,2.0,6.0,2.1,3.3,40.0,7.0,1085.0,1386.0,37.0,19.0,2.0,143.0,1831.0,52.0,36.0,49.0,1088.0,92.0,31.0,35.0,76.0,207.0,56.0,10.0,0.0,49.0,4.0,9.0,86.0,32000000.0,126.0,29.0,179.0,40,4,False,True,False,True
24.0,2727.0,0.0,1.0,0.8,1.6,25.0,3.0,1013.0,1278.0,15.0,19.0,9.0,146.0,1543.0,13.0,15.0,26.0,889.0,67.0,42.0,24.0,48.0,164.0,28.0,11.0,1.0,66.0,1.0,8.0,29.0,10000000.0,7.0,1.0,176.0,299,3,False,True,False,True
30.0,2723.0,1.0,1.0,1.4,0.6,14.0,1.0,700.0,950.0,12.0,10.0,3.0,80.0,1246.0,12.0,5.0,10.0,617.0,68.0,44.0,23.0,55.0,108.0,42.0,7.0,0.0,45.0,0.0,11.0,22.0,2500000.0,78.0,10.0,189.0,34,10,False,True,False,True
23.0,2718.0,0.0,3.0,1.5,2.2,28.0,8.0,1862.0,2078.0,31.0,24.0,3.0,159.0,2354.0,45.0,18.0,14.0,1749.0,84.0,47.0,11.0,46.0,154.0,11.0,13.0,0.0,43.0,3.0,3.0,37.0,30000000.0,76.0,13.0,179.0,28,9,False,True,False,True
21.0,2714.0,6.0,1.0,5.6,3.3,68.0,24.0,845.0,1039.0,41.0,29.0,5.0,116.0,1416.0,97.0,64.0,48.0,1097.0,27.0,18.0,24.0,8.0,132.0,5.0,5.0,0.0,31.0,5.0,3.0,32.0,25000000.0,39.0,7.0,171.0,720,3,True,False,False,True
26.0,2714.0,0.0,1.0,1.5,1.5,21.0,2.0,602.0,837.0,12.0,12.0,4.0,78.0,1155.0,49.0,29.0,29.0,684.0,55.0,28.0,30.0,51.0,127.0,38.0,1.0,0.0,31.0,4.0,7.0,38.0,6000000.0,13.0,3.0,186.0,34,40,False,True,False,True
25.0,2713.0,6.0,2.0,3.1,2.4,33.0,10.0,557.0,827.0,28.0,31.0,21.0,63.0,1115.0,69.0,38.0,31.0,732.0,30.0,19.0,41.0,47.0,96.0,17.0,2.0,0.0,33.0,1.0,3.0,119.0,5000000.0,58.0,8.0,187.0,327,9,False,True,False,True
30.0,2713.0,0.0,7.0,0.3,4.6,8.0,0.0,1179.0,1640.0,39.0,38.0,26.0,118.0,1902.0,58.0,24.0,18.0,1020.0,49.0,16.0,50.0,109.0,135.0,49.0,3.0,0.0,15.0,0.0,10.0,207.0,1800000.0,14.0,3.0,180.0,327,9,False,False,True,False
29.0,2706.0,0.0,0.0,1.4,4.4,41.0,7.0,1077.0,1525.0,46.0,37.0,18.0,141.0,1882.0,47.0,12.0,12.0,860.0,65.0,27.0,39.0,89.0,115.0,23.0,8.0,0.0,34.0,4.0,5.0,164.0,1500000.0,0.0,0.0,173.0,165,10,False,False,True,False
24.0,2704.0,0.0,0.0,2.4,1.0,36.0,9.0,1539.0,1863.0,13.0,22.0,5.0,171.0,2230.0,50.0,10.0,7.0,1431.0,36.0,39.0,18.0,170.0,123.0,54.0,6.0,1.0,14.0,3.0,5.0,26.0,24000000.0,68.0,12.0,185.0,50,8,False,False,True,False
24.0,2696.0,1.0,3.0,1.0,2.6,17.0,5.0,1120.0,1421.0,27.0,23.0,7.0,128.0,1727.0,31.0,22.0,12.0,1009.0,96.0,42.0,26.0,36.0,172.0,24.0,11.0,0.0,53.0,5.0,5.0,80.0,6000000.0,4.0,1.0,176.0,1389,47,False,True,False,True
34.0,2692.0,0.0,3.0,1.4,1.9,16.0,4.0,1586.0,1911.0,21.0,18.0,3.0,209.0,2267.0,29.0,9.0,33.0,1556.0,103.0,48.0,31.0,56.0,189.0,94.0,12.0,0.0,50.0,4.0,9.0,16.0,5000000.0,0.0,0.0,180.0,75,2,False,True,False,True
28.0,2691.0,10.0,11.0,6.1,7.8,59.0,26.0,728.0,1031.0,73.0,34.0,7.0,142.0,1327.0,83.0,60.0,63.0,888.0,49.0,12.0,43.0,4.0,124.0,3.0,2.0,0.0,24.0,3.0,7.0,162.0,8000000.0,0.0,0.0,169.0,201,2,False,True,False,True
31.0,2690.0,4.0,3.0,4.6,7.1,31.0,11.0,811.0,1214.0,82.0,67.0,28.0,133.0,1533.0,100.0,47.0,39.0,1034.0,45.0,13.0,40.0,15.0,135.0,17.0,1.0,0.0,14.0,1.0,6.0,234.0,6000000.0,14.0,1.0,176.0,256,15,False,True,False,True
26.0,2689.0,2.0,2.0,2.1,4.6,31.0,5.0,880.0,1213.0,45.0,50.0,14.0,126.0,1542.0,94.0,47.0,38.0,913.0,56.0,28.0,42.0,37.0,171.0,12.0,6.0,0.0,38.0,3.0,10.0,117.0,4000000.0,0.0,0.0,178.0,1389,43,False,False,True,False
24.0,2689.0,0.0,0.0,1.7,0.6,19.0,3.0,1869.0,2025.0,5.0,9.0,1.0,154.0,2324.0,19.0,10.0,8.0,1689.0,47.0,46.0,10.0,92.0,143.0,74.0,5.0,0.0,26.0,0.0,3.0,12.0,75000000.0,112.0,21.0,188.0,3,2,False,True,False,True
29.0,2686.0,8.0,6.0,4.9,4.6,46.0,14.0,872.0,1151.0,55.0,39.0,6.0,114.0,1458.0,91.0,44.0,40.0,1084.0,38.0,29.0,31.0,22.0,86.0,19.0,10.0,0.0,35.0,6.0,2.0,156.0,20000000.0,149.0,26.0,177.0,28,9,True,False,False,True
33.0,2686.0,3.0,2.0,0.6,4.3,9.0,4.0,1367.0,1796.0,41.0,40.0,13.0,138.0,2043.0,58.0,15.0,16.0,1229.0,66.0,25.0,44.0,75.0,154.0,8.0,5.0,0.0,18.0,0.0,3.0,126.0,2000000.0,0.0,0.0,178.0,322,2,False,False,False,True
25.0,2681.0,4.0,3.0,3.9,3.4,41.0,13.0,778.0,1042.0,25.0,19.0,3.0,107.0,1440.0,35.0,14.0,24.0,801.0,56.0,43.0,26.0,95.0,130.0,57.0,8.0,0.0,32.0,1.0,3.0,12.0,4000000.0,0.0,0.0,190.0,60,10,False,True,False,True
34.0,2672.0,1.0,2.0,0.9,1.9,11.0,1.0,1282.0,1654.0,25.0,37.0,21.0,99.0,1965.0,48.0,11.0,7.0,1113.0,69.0,47.0,28.0,99.0,132.0,15.0,2.0,0.0,16.0,3.0,15.0,107.0,300000.0,0.0,0.0,177.0,393,2,False,False,True,False
27.0,2671.0,0.0,0.0,0.7,0.3,14.0,1.0,1058.0,1282.0,3.0,2.0,0.0,46.0,1643.0,7.0,8.0,7.0,965.0,72.0,31.0,16.0,131.0,98.0,66.0,9.0,0.0,61.0,1.0,6.0,3.0,3000000.0,35.0,0.0,187.0,60,10,False,False,True,False
22.0,2670.0,2.0,2.0,2.9,3.2,22.0,3.0,1855.0,2110.0,16.0,16.0,7.0,152.0,2456.0,52.0,5.0,5.0,1705.0,52.0,32.0,21.0,114.0,105.0,65.0,8.0,0.0,26.0,0.0,7.0,37.0,50000000.0,0.0,0.0,184.0,10,24,False,False,True,False
30.0,2670.0,4.0,4.0,3.9,5.1,32.0,11.0,1547.0,1783.0,53.0,40.0,7.0,134.0,2054.0,101.0,28.0,34.0,1518.0,56.0,23.0,35.0,32.0,107.0,5.0,7.0,0.0,27.0,3.0,1.0,60.0,38000000.0,16.0,3.0,173.0,2,6,True,False,True,False
28.0,2667.0,1.0,0.0,0.8,0.9,9.0,3.0,775.0,955.0,12.0,7.0,0.0,93.0,1229.0,21.0,18.0,19.0,714.0,48.0,18.0,23.0,46.0,146.0,31.0,3.0,0.0,39.0,7.0,2.0,13.0,2500000.0,17.0,3.0,183.0,357,51,False,True,False,True
36.0,2667.0,27.0,2.0,24.0,2.3,111.0,45.0,383.0,522.0,19.0,9.0,0.0,48.0,841.0,27.0,20.0,45.0,667.0,10.0,3.0,22.0,26.0,45.0,37.0,1.0,0.0,30.0,5.0,4.0,5.0,12000000.0,62.0,15.0,185.0,11,35,True,False,False,True
26.0,2665.0,1.0,3.0,1.2,1.6,13.0,6.0,925.0,1146.0,14.0,15.0,10.0,66.0,1409.0,52.0,14.0,18.0,872.0,53.0,21.0,30.0,85.0,88.0,27.0,10.0,0.0,48.0,0.0,3.0,57.0,1500000.0,0.0,0.0,185.0,70,6,False,False,False,True
20.0,2661.0,3.0,1.0,3.1,1.3,44.0,11.0,1149.0,1314.0,21.0,23.0,3.0,118.0,1697.0,43.0,33.0,42.0,1035.0,79.0,46.0,14.0,44.0,197.0,39.0,8.0,1.0,40.0,1.0,2.0,9.0,40000000.0,8.0,1.0,179.0,58,49,False,True,True,False
29.0,2661.0,10.0,0.0,5.8,0.6,53.0,16.0,586.0,800.0,17.0,4.0,1.0,75.0,1146.0,17.0,18.0,29.0,622.0,48.0,15.0,14.0,46.0,137.0,59.0,10.0,0.0,51.0,9.0,4.0,14.0,12000000.0,221.0,32.0,175.0,109,3,False,True,False,True
26.0,2659.0,5.0,3.0,4.1,2.0,49.0,19.0,1021.0,1190.0,26.0,17.0,10.0,111.0,1530.0,58.0,29.0,28.0,999.0,71.0,33.0,24.0,29.0,98.0,17.0,5.0,0.0,41.0,8.0,2.0,46.0,9000000.0,0.0,0.0,176.0,322,2,True,False,False,True
30.0,2652.0,6.0,8.0,7.6,7.8,63.0,24.0,525.0,830.0,43.0,51.0,15.0,76.0,1169.0,107.0,33.0,44.0,898.0,17.0,12.0,35.0,32.0,87.0,30.0,1.0,0.0,22.0,3.0,6.0,115.0,15000000.0,15.0,2.0,186.0,52,3,True,False,False,True
24.0,2649.0,11.0,2.0,9.1,2.9,84.0,32.0,575.0,775.0,26.0,24.0,10.0,82.0,1110.0,90.0,30.0,43.0,776.0,24.0,13.0,27.0,19.0,116.0,7.0,5.0,0.0,29.0,0.0,3.0,56.0,8000000.0,46.0,7.0,180.0,211,15,True,False,False,True
27.0,2648.0,14.0,2.0,11.9,3.2,68.0,29.0,291.0,447.0,29.0,16.0,2.0,52.0,739.0,45.0,20.0,45.0,539.0,18.0,2.0,17.0,23.0,68.0,63.0,2.0,0.0,27.0,5.0,1.0,26.0,30000000.0,22.0,2.0,192.0,56,2,True,False,False,True
34.0,2647.0,3.0,0.0,1.6,1.3,31.0,10.0,2139.0,2397.0,21.0,21.0,6.0,215.0,2683.0,64.0,16.0,9.0,1901.0,35.0,34.0,24.0,126.0,176.0,70.0,10.0,2.0,31.0,0.0,3.0,42.0,1500000.0,128.0,25.0,188.0,66,3,False,False,True,False
31.0,2640.0,1.0,2.0,2.7,1.3,20.0,4.0,1483.0,1691.0,11.0,12.0,3.0,109.0,2023.0,32.0,1.0,1.0,1323.0,53.0,40.0,15.0,141.0,102.0,90.0,6.0,0.0,23.0,0.0,2.0,11.0,6000000.0,50.0,11.0,190.0,36,20,False,False,False,True
31.0,2640.0,6.0,0.0,2.0,0.9,26.0,7.0,918.0,1057.0,6.0,7.0,0.0,33.0,1458.0,1.0,3.0,2.0,797.0,60.0,25.0,5.0,201.0,90.0,72.0,7.0,0.0,27.0,1.0,2.0,0.0,2500000.0,42.0,4.0,190.0,201,5,False,False,False,True
21.0,2639.0,1.0,1.0,0.6,1.1,3.0,1.0,1494.0,1685.0,11.0,1.0,0.0,116.0,1944.0,20.0,13.0,18.0,1385.0,40.0,25.0,13.0,102.0,103.0,26.0,7.0,0.0,30.0,1.0,7.0,1.0,18000000.0,94.0,12.0,183.0,86,2,False,False,False,True
30.0,2636.0,0.0,1.0,0.3,1.2,7.0,0.0,1600.0,1762.0,17.0,20.0,1.0,118.0,1967.0,30.0,8.0,12.0,1459.0,47.0,21.0,10.0,57.0,166.0,6.0,3.0,0.0,24.0,0.0,5.0,2.0,25000000.0,48.0,8.0,168.0,9,41,False,True,False,True
27.0,2634.0,0.0,3.0,0.6,1.6,7.0,3.0,1114.0,1385.0,16.0,17.0,7.0,93.0,1708.0,28.0,7.0,17.0,974.0,62.0,42.0,28.0,103.0,115.0,40.0,4.0,0.0,22.0,0.0,2.0,51.0,900000.0,77.0,1.0,188.0,498,2,False,False,True,False
28.0,2634.0,1.0,0.0,1.7,1.2,12.0,2.0,807.0,1117.0,16.0,21.0,13.0,78.0,1477.0,47.0,8.0,20.0,627.0,83.0,30.0,43.0,76.0,105.0,8.0,6.0,1.0,56.0,2.0,8.0,78.0,300000.0,103.0,9.0,183.0,70,3,False,False,False,True
24.0,2630.0,4.0,2.0,4.4,2.2,35.0,12.0,1285.0,1535.0,28.0,30.0,5.0,128.0,1818.0,37.0,20.0,23.0,1257.0,51.0,34.0,27.0,33.0,177.0,12.0,5.0,0.0,37.0,6.0,6.0,54.0,60000000.0,0.0,0.0,181.0,43,9,False,True,False,True
29.0,2620.0,0.0,0.0,1.8,0.1,17.0,5.0,1233.0,1391.0,2.0,5.0,1.0,87.0,1682.0,21.0,3.0,4.0,1116.0,34.0,25.0,8.0,151.0,91.0,51.0,5.0,1.0,34.0,1.0,2.0,9.0,3500000.0,25.0,1.0,186.0,101,2,False,False,False,False
27.0,2619.0,6.0,4.0,3.7,3.9,58.0,21.0,875.0,1158.0,57.0,29.0,9.0,106.0,1483.0,80.0,36.0,53.0,1110.0,57.0,13.0,41.0,26.0,108.0,10.0,5.0,0.0,46.0,4.0,8.0,123.0,6000000.0,19.0,1.0,168.0,90,5,True,False,False,True
17.0,2618.0,0.0,3.0,0.8,1.6,8.0,0.0,2434.0,2604.0,9.0,4.0,1.0,191.0,2805.0,26.0,6.0,1.0,2193.0,34.0,16.0,6.0,86.0,102.0,62.0,3.0,0.0,24.0,0.0,4.0,2.0,80000000.0,7.0,1.0,184.0,11,3,False,False,False,True
28.0,2618.0,2.0,4.0,2.0,2.6,14.0,7.0,1608.0,1857.0,15.0,18.0,0.0,140.0,2124.0,19.0,12.0,16.0,1426.0,59.0,32.0,24.0,51.0,171.0,57.0,10.0,1.0,38.0,3.0,6.0,4.0,12000000.0,14.0,1.0,191.0,175,10,False,True,False,True
26.0,2616.0,0.0,1.0,0.5,1.6,16.0,3.0,989.0,1399.0,20.0,36.0,14.0,117.0,1712.0,103.0,25.0,22.0,994.0,50.0,21.0,65.0,66.0,136.0,15.0,7.0,0.0,23.0,3.0,1.0,107.0,4000000.0,3.0,1.0,187.0,60,10,False,False,False,True
24.0,2615.0,17.0,3.0,17.9,1.9,98.0,45.0,228.0,326.0,19.0,10.0,1.0,26.0,700.0,42.0,44.0,53.0,541.0,7.0,5.0,15.0,26.0,52.0,51.0,5.0,0.0,40.0,5.0,2.0,8.0,50000000.0,188.0,27.0,183.0,94,9,True,False,False,True
31.0,2615.0,3.0,7.0,5.9,6.0,41.0,11.0,1318.0,1612.0,56.0,29.0,7.0,149.0,1995.0,30.0,26.0,41.0,1361.0,90.0,19.0,33.0,28.0,206.0,17.0,7.0,0.0,51.0,3.0,5.0,58.0,5000000.0,0.0,0.0,175.0,90,2,False,True,False,True
26.0,2614.0,0.0,1.0,0.6,0.4,13.0,2.0,1859.0,2040.0,8.0,0.0,0.0,108.0,2294.0,34.0,10.0,4.0,1557.0,53.0,26.0,7.0,88.0,176.0,45.0,8.0,1.0,22.0,0.0,4.0,4.0,22000000.0,100.0,16.0,187.0,160,12,False,False,True,False
23.0,2613.0,3.0,2.0,2.0,3.8,37.0,14.0,1439.0,1702.0,55.0,29.0,9.0,154.0,1929.0,63.0,12.0,16.0,1382.0,45.0,17.0,30.0,30.0,157.0,16.0,4.0,0.0,21.0,4.0,3.0,102.0,10000000.0,0.0,0.0,174.0,90,2,False,True,True,False
26.0,2613.0,7.0,7.0,4.2,4.2,30.0,14.0,1156.0,1427.0,53.0,47.0,20.0,143.0,1643.0,84.0,51.0,19.0,1282.0,16.0,10.0,31.0,30.0,116.0,0.0,0.0,0.0,8.0,0.0,2.0,97.0,75000.0,17.0,1.0,184.0,51,5,True,False,True,False
25.0,2610.0,2.0,6.0,1.6,5.0,39.0,8.0,1385.0,1892.0,57.0,57.0,27.0,154.0,2237.0,65.0,14.0,18.0,1291.0,66.0,36.0,75.0,84.0,152.0,12.0,5.0,0.0,25.0,4.0,7.0,196.0,38000000.0,19.0,2.0,173.0,14,3,False,False,False,True
27.0,2610.0,2.0,1.0,1.7,1.6,25.0,8.0,804.0,1072.0,27.0,16.0,5.0,105.0,1429.0,35.0,32.0,32.0,792.0,66.0,36.0,28.0,61.0,154.0,76.0,11.0,1.0,75.0,4.0,2.0,21.0,6000000.0,24.0,5.0,193.0,165,2,False,True,False,True
31.0,2610.0,0.0,6.0,3.0,3.9,41.0,12.0,684.0,969.0,32.0,12.0,2.0,117.0,1286.0,19.0,9.0,13.0,710.0,56.0,36.0,17.0,63.0,125.0,85.0,2.0,0.0,38.0,1.0,5.0,18.0,2000000.0,176.0,12.0,189.0,563,11,False,True,False,True
24.0,2609.0,0.0,2.0,0.3,2.7,9.0,3.0,822.0,1241.0,44.0,28.0,22.0,107.0,1587.0,57.0,13.0,14.0,735.0,65.0,20.0,32.0,133.0,116.0,26.0,3.0,1.0,12.0,1.0,5.0,116.0,4300000.0,44.0,6.0,183.0,357,9,False,False,True,False
29.0,2609.0,8.0,10.0,2.7,6.7,40.0,13.0,505.0,815.0,56.0,41.0,24.0,59.0,1131.0,147.0,65.0,55.0,778.0,20.0,12.0,48.0,13.0,118.0,10.0,2.0,0.0,11.0,6.0,0.0,222.0,12000000.0,122.0,13.0,168.0,138,44,True,False,False,True
30.0,2607.0,1.0,4.0,1.5,1.9,21.0,4.0,954.0,1272.0,22.0,38.0,19.0,106.0,1555.0,62.0,22.0,26.0,893.0,51.0,24.0,39.0,51.0,110.0,20.0,7.0,0.0,24.0,2.0,7.0,85.0,1800000.0,54.0,9.0,170.0,65,11,False,False,False,True
26.0,2605.0,2.0,3.0,1.8,3.9,18.0,6.0,1856.0,2140.0,32.0,29.0,8.0,165.0,2453.0,44.0,22.0,13.0,1625.0,63.0,20.0,25.0,68.0,107.0,30.0,4.0,0.0,22.0,0.0,5.0,63.0,65000000.0,60.0,11.0,180.0,11,2,False,False,False,True
27.0,2603.0,10.0,4.0,9.2,4.6,57.0,27.0,749.0,988.0,37.0,36.0,8.0,89.0,1375.0,146.0,52.0,23.0,966.0,45.0,14.0,39.0,10.0,99.0,26.0,1.0,0.0,40.0,4.0,4.0,75.0,40000000.0,199.0,33.0,178.0,58,15,True,False,False,True
22.0,5236.0,2.0,0.0,2.6,2.4,52.0,12.0,2646.0,3074.0,36.0,32.0,6.0,250.0,3664.0,70.0,34.0,48.0,2594.0,102.0,44.0,46.0,106.0,250.0,32.0,18.0,0.0,86.0,0.0,16.0,46.0,5000000.0,0.0,0.0,173.0,70,9,False,True,False,True
26.0,2599.0,5.0,5.0,2.8,4.7,38.0,13.0,1273.0,1524.0,45.0,35.0,2.0,177.0,1860.0,36.0,16.0,22.0,1227.0,95.0,22.0,31.0,29.0,148.0,19.0,6.0,0.0,62.0,2.0,5.0,86.0,100000000.0,102.0,8.0,176.0,1,1,False,True,False,True
28.0,2598.0,21.0,4.0,19.6,3.9,86.0,33.0,456.0,627.0,25.0,14.0,0.0,43.0,965.0,25.0,11.0,30.0,747.0,7.0,4.0,12.0,38.0,45.0,109.0,4.0,0.0,16.0,6.0,1.0,1.0,45000000.0,106.0,14.0,187.0,23,2,True,False,False,True
29.0,2598.0,16.0,8.0,13.8,3.3,82.0,36.0,307.0,424.0,24.0,13.0,0.0,31.0,695.0,55.0,10.0,50.0,552.0,10.0,8.0,17.0,15.0,43.0,52.0,2.0,0.0,29.0,6.0,3.0,7.0,40000000.0,41.0,7.0,180.0,77,4,True,False,False,True
25.0,2597.0,15.0,6.0,8.6,7.7,110.0,44.0,811.0,1133.0,56.0,58.0,10.0,144.0,1561.0,112.0,61.0,55.0,1056.0,38.0,17.0,34.0,23.0,125.0,13.0,4.0,0.0,42.0,12.0,10.0,142.0,60000000.0,49.0,7.0,183.0,41,5,True,False,False,True
28.0,2595.0,1.0,2.0,0.9,1.1,14.0,4.0,956.0,1206.0,11.0,17.0,4.0,74.0,1615.0,41.0,23.0,21.0,802.0,72.0,52.0,27.0,149.0,121.0,26.0,8.0,0.0,44.0,0.0,5.0,39.0,3000000.0,20.0,5.0,175.0,107,2,False,False,False,True
23.0,2594.0,1.0,3.0,2.3,1.6,37.0,7.0,843.0,1116.0,18.0,22.0,10.0,89.0,1565.0,68.0,18.0,21.0,744.0,90.0,31.0,31.0,137.0,110.0,40.0,7.0,0.0,24.0,3.0,4.0,59.0,20000000.0,90.0,11.0,183.0,40,30,False,False,False,True
21.0,2593.0,12.0,2.0,7.8,1.9,66.0,29.0,219.0,357.0,21.0,6.0,0.0,30.0,682.0,61.0,40.0,60.0,537.0,11.0,2.0,16.0,28.0,68.0,55.0,12.0,0.0,72.0,13.0,2.0,5.0,40000000.0,92.0,16.0,186.0,8,4,True,False,False,True
22.0,2592.0,3.0,1.0,3.3,1.7,32.0,13.0,1287.0,1551.0,5.0,4.0,1.0,69.0,1920.0,8.0,3.0,3.0,1193.0,35.0,28.0,7.0,191.0,103.0,98.0,5.0,0.0,28.0,1.0,4.0,4.0,10000000.0,0.0,0.0,190.0,1389,4,False,False,False,True
24.0,2590.0,5.0,3.0,6.9,3.1,75.0,21.0,715.0,855.0,31.0,29.0,15.0,79.0,1274.0,98.0,92.0,93.0,989.0,38.0,4.0,29.0,8.0,138.0,11.0,2.0,1.0,39.0,2.0,2.0,81.0,45000000.0,13.0,0.0,177.0,14,77,True,False,True,False
26.0,2588.0,8.0,8.0,8.9,6.2,100.0,27.0,777.0,1047.0,58.0,39.0,4.0,97.0,1414.0,69.0,67.0,45.0,907.0,39.0,11.0,17.0,10.0,146.0,7.0,1.0,0.0,13.0,9.0,18.0,112.0,55000000.0,118.0,21.0,178.0,56,4,False,True,False,True
23.0,5354.0,4.0,2.0,1.4,2.2,24.0,10.0,2802.0,3200.0,10.0,14.0,2.0,240.0,3708.0,52.0,0.0,2.0,2502.0,80.0,46.0,16.0,238.0,216.0,100.0,6.0,0.0,38.0,2.0,0.0,12.0,18000000.0,0.0,0.0,190.0,16,2,False,False,False,True
24.0,2587.0,14.0,4.0,10.3,3.0,54.0,33.0,295.0,457.0,21.0,4.0,1.0,29.0,736.0,17.0,8.0,34.0,534.0,10.0,6.0,19.0,29.0,42.0,67.0,4.0,0.0,46.0,2.0,0.0,6.0,30000000.0,39.0,6.0,193.0,119,43,True,False,False,True
27.0,5222.0,0.0,2.0,2.8,2.6,48.0,12.0,1716.0,2052.0,34.0,26.0,10.0,214.0,2698.0,92.0,36.0,70.0,1642.0,116.0,72.0,50.0,72.0,298.0,32.0,16.0,0.0,98.0,10.0,8.0,40.0,7000000.0,0.0,0.0,183.0,99,44,False,True,False,True
28.0,2586.0,3.0,0.0,1.7,0.2,15.0,6.0,1631.0,1799.0,7.0,5.0,0.0,93.0,2148.0,9.0,1.0,3.0,1397.0,24.0,25.0,16.0,197.0,112.0,102.0,3.0,0.0,24.0,0.0,2.0,1.0,18000000.0,71.0,14.0,192.0,50,10,False,False,False,True
23.0,2586.0,0.0,0.0,2.0,0.8,20.0,6.0,1092.0,1278.0,6.0,3.0,1.0,79.0,1605.0,12.0,4.0,7.0,917.0,39.0,21.0,7.0,134.0,97.0,94.0,3.0,0.0,23.0,1.0,1.0,7.0,22000000.0,42.0,8.0,192.0,99,7,False,False,False,True
26.0,2585.0,0.0,1.0,1.2,1.9,11.0,3.0,1244.0,1561.0,24.0,27.0,10.0,114.0,1884.0,59.0,10.0,6.0,1053.0,46.0,30.0,39.0,108.0,114.0,23.0,3.0,0.0,31.0,2.0,4.0,79.0,5000000.0,0.0,0.0,174.0,235,3,False,False,True,False
26.0,2585.0,1.0,2.0,2.0,2.2,35.0,10.0,1270.0,1537.0,26.0,33.0,10.0,152.0,1925.0,33.0,15.0,10.0,1136.0,66.0,46.0,26.0,101.0,171.0,53.0,8.0,0.0,38.0,3.0,4.0,24.0,14000000.0,20.0,4.0,194.0,128,10,False,True,False,True
28.0,5346.0,0.0,0.0,2.0,1.0,40.0,10.0,3430.0,4166.0,8.0,14.0,6.0,232.0,4858.0,34.0,8.0,8.0,3376.0,56.0,68.0,16.0,390.0,258.0,144.0,14.0,2.0,40.0,0.0,14.0,26.0,27000000.0,26.0,4.0,192.0,416,21,False,False,False,True
21.0,2583.0,3.0,2.0,2.9,3.5,45.0,18.0,690.0,885.0,31.0,27.0,15.0,75.0,1259.0,97.0,51.0,58.0,893.0,32.0,11.0,39.0,15.0,110.0,6.0,5.0,0.0,30.0,5.0,8.0,81.0,22000000.0,47.0,8.0,174.0,80,4,False,True,True,False
22.0,2578.0,17.0,3.0,8.9,2.0,68.0,29.0,477.0,605.0,19.0,14.0,1.0,72.0,885.0,50.0,21.0,59.0,684.0,19.0,4.0,24.0,16.0,63.0,22.0,2.0,0.0,29.0,2.0,3.0,13.0,22000000.0,18.0,3.0,175.0,48,2,True,False,False,True
22.0,2578.0,0.0,0.0,0.4,1.1,6.0,1.0,1300.0,1559.0,11.0,15.0,7.0,68.0,1850.0,52.0,31.0,23.0,1163.0,45.0,16.0,34.0,86.0,97.0,24.0,6.0,0.0,23.0,1.0,3.0,50.0,10000000.0,3.0,0.0,184.0,71,11,False,False,False,True
22.0,2572.0,1.0,0.0,0.8,0.2,11.0,2.0,933.0,1163.0,5.0,3.0,0.0,86.0,1506.0,17.0,6.0,17.0,752.0,65.0,48.0,8.0,128.0,97.0,61.0,3.0,0.0,30.0,2.0,1.0,0.0,5500000.0,160.0,23.0,190.0,85,9,False,False,True,False
23.0,2572.0,2.0,1.0,3.4,1.7,34.0,8.0,1160.0,1273.0,19.0,15.0,1.0,144.0,1555.0,70.0,30.0,45.0,1181.0,41.0,24.0,14.0,28.0,131.0,20.0,6.0,0.0,28.0,6.0,2.0,2.0,40000000.0,49.0,7.0,185.0,27,2,False,True,False,True
30.0,2569.0,1.0,0.0,2.3,0.3,26.0,8.0,1198.0,1394.0,4.0,6.0,1.0,76.0,1797.0,17.0,3.0,13.0,969.0,66.0,37.0,8.0,163.0,158.0,94.0,6.0,1.0,40.0,0.0,3.0,1.0,3000000.0,107.0,19.0,195.0,327,12,False,False,False,True
20.0,2568.0,2.0,7.0,2.0,7.3,25.0,8.0,1028.0,1327.0,30.0,37.0,10.0,87.0,1701.0,99.0,57.0,33.0,1098.0,44.0,35.0,30.0,65.0,139.0,27.0,4.0,1.0,26.0,2.0,5.0,93.0,18000000.0,12.0,2.0,179.0,86,6,False,False,True,False
29.0,2567.0,9.0,1.0,6.7,1.0,55.0,17.0,715.0,969.0,14.0,8.0,1.0,74.0,1280.0,9.0,6.0,15.0,764.0,46.0,20.0,26.0,85.0,63.0,99.0,8.0,0.0,47.0,2.0,3.0,14.0,18000000.0,0.0,0.0,192.0,55,40,False,True,False,True
23.0,2565.0,12.0,8.0,9.2,5.4,63.0,27.0,421.0,574.0,32.0,27.0,4.0,79.0,926.0,87.0,49.0,71.0,687.0,44.0,15.0,30.0,16.0,98.0,26.0,2.0,0.0,45.0,8.0,3.0,36.0,25000000.0,0.0,0.0,188.0,77,2,True,False,False,True
32.0,2564.0,3.0,2.0,4.1,2.4,31.0,9.0,725.0,903.0,28.0,15.0,0.0,82.0,1161.0,42.0,24.0,38.0,750.0,48.0,10.0,27.0,20.0,150.0,30.0,5.0,1.0,49.0,0.0,5.0,23.0,7000000.0,27.0,5.0,183.0,50,2,False,True,False,True
30.0,2561.0,2.0,1.0,2.8,0.7,24.0,4.0,1256.0,1521.0,9.0,8.0,1.0,113.0,1816.0,11.0,4.0,0.0,1205.0,30.0,19.0,10.0,146.0,93.0,98.0,5.0,0.0,13.0,2.0,9.0,13.0,7000000.0,124.0,12.0,189.0,53,10,False,False,False,True
25.0,2560.0,1.0,2.0,1.7,1.0,19.0,3.0,1718.0,1905.0,10.0,9.0,0.0,115.0,2185.0,25.0,3.0,2.0,1576.0,40.0,17.0,9.0,133.0,98.0,74.0,5.0,0.0,27.0,0.0,3.0,0.0,60000000.0,68.0,16.0,194.0,1,2,False,False,False,True
28.0,2560.0,4.0,2.0,4.6,2.0,39.0,8.0,1163.0,1374.0,27.0,30.0,3.0,154.0,1734.0,39.0,18.0,44.0,1149.0,85.0,19.0,22.0,56.0,160.0,32.0,7.0,0.0,37.0,0.0,8.0,14.0,8000000.0,0.0,0.0,188.0,16,3,False,True,False,False
32.0,2559.0,4.0,5.0,7.6,5.0,71.0,26.0,543.0,841.0,50.0,44.0,18.0,71.0,1164.0,68.0,10.0,16.0,746.0,33.0,32.0,43.0,42.0,94.0,9.0,4.0,0.0,18.0,5.0,5.0,109.0,2000000.0,0.0,0.0,167.0,235,3,False,True,False,False
19.0,2559.0,5.0,2.0,2.2,3.6,51.0,18.0,1210.0,1537.0,50.0,39.0,10.0,138.0,1951.0,47.0,29.0,38.0,1146.0,95.0,30.0,54.0,53.0,156.0,14.0,5.0,0.0,45.0,4.0,7.0,145.0,30000000.0,33.0,7.0,176.0,130,10,False,True,True,False
23.0,2554.0,2.0,1.0,2.0,2.1,29.0,6.0,719.0,1007.0,29.0,26.0,12.0,64.0,1366.0,50.0,22.0,13.0,656.0,73.0,30.0,34.0,102.0,125.0,14.0,7.0,0.0,34.0,1.0,3.0,92.0,5000000.0,0.0,0.0,174.0,80,3,False,False,True,False
24.0,2554.0,16.0,5.0,10.7,4.4,66.0,28.0,563.0,686.0,36.0,26.0,0.0,65.0,952.0,40.0,20.0,40.0,717.0,24.0,7.0,24.0,10.0,66.0,16.0,4.0,0.0,25.0,5.0,2.0,4.0,45000000.0,0.0,0.0,178.0,75,11,True,False,False,False
22.0,2551.0,1.0,1.0,1.8,0.3,14.0,2.0,1139.0,1324.0,5.0,7.0,0.0,84.0,1669.0,14.0,7.0,9.0,989.0,31.0,52.0,17.0,163.0,143.0,68.0,4.0,0.0,10.0,0.0,6.0,3.0,22000000.0,0.0,0.0,193.0,161,2,False,False,False,True
25.0,2546.0,1.0,2.0,1.4,1.0,18.0,8.0,1099.0,1398.0,13.0,11.0,3.0,116.0,1803.0,20.0,10.0,7.0,959.0,64.0,57.0,19.0,162.0,104.0,78.0,3.0,0.0,25.0,4.0,8.0,10.0,17000000.0,146.0,8.0,190.0,34,6,False,False,True,False
30.0,2546.0,8.0,7.0,7.2,6.1,72.0,21.0,711.0,954.0,41.0,48.0,10.0,101.0,1278.0,80.0,38.0,52.0,956.0,31.0,9.0,41.0,18.0,104.0,6.0,4.0,1.0,27.0,4.0,8.0,86.0,22000000.0,0.0,0.0,172.0,22,8,True,False,False,True
25.0,2543.0,0.0,1.0,1.8,2.0,27.0,3.0,1655.0,1889.0,24.0,30.0,2.0,174.0,2176.0,46.0,10.0,14.0,1514.0,44.0,32.0,18.0,70.0,165.0,30.0,15.0,1.0,29.0,0.0,9.0,16.0,25000000.0,5.0,0.0,184.0,90,1,False,False,True,False
23.0,2540.0,9.0,1.0,7.0,1.6,76.0,24.0,441.0,674.0,26.0,22.0,3.0,68.0,1112.0,103.0,42.0,94.0,781.0,43.0,2.0,54.0,13.0,111.0,29.0,3.0,0.0,42.0,6.0,1.0,73.0,12000000.0,0.0,0.0,181.0,60,10,True,False,False,False
20.0,2539.0,0.0,1.0,0.3,0.3,6.0,0.0,724.0,929.0,3.0,1.0,1.0,45.0,1200.0,12.0,4.0,5.0,663.0,64.0,33.0,13.0,97.0,108.0,28.0,3.0,1.0,26.0,0.0,2.0,5.0,8000000.0,16.0,0.0,192.0,85,68,False,False,False,True
31.0,2532.0,1.0,0.0,2.5,0.3,12.0,5.0,1310.0,1517.0,4.0,6.0,1.0,81.0,1757.0,20.0,3.0,8.0,1189.0,34.0,33.0,10.0,102.0,74.0,52.0,12.0,1.0,44.0,0.0,6.0,9.0,3000000.0,0.0,0.0,193.0,90,9,False,False,False,True
28.0,2531.0,2.0,0.0,0.7,0.5,5.0,2.0,1564.0,1687.0,5.0,1.0,0.0,60.0,2049.0,5.0,3.0,3.0,1307.0,36.0,56.0,4.0,190.0,106.0,71.0,7.0,0.0,31.0,0.0,2.0,1.0,9000000.0,58.0,11.0,189.0,13,35,False,False,False,True
21.0,2529.0,6.0,4.0,7.1,2.9,61.0,19.0,431.0,573.0,30.0,15.0,2.0,53.0,898.0,41.0,33.0,70.0,647.0,34.0,3.0,19.0,17.0,64.0,23.0,2.0,0.0,21.0,5.0,1.0,14.0,20000000.0,4.0,1.0,189.0,5,2,True,False,False,True
27.0,2523.0,2.0,3.0,1.5,2.5,26.0,7.0,929.0,1147.0,21.0,20.0,12.0,86.0,1436.0,55.0,13.0,19.0,817.0,34.0,17.0,19.0,97.0,109.0,19.0,5.0,0.0,25.0,2.0,5.0,94.0,7000000.0,36.0,6.0,175.0,211,3,False,False,True,False
31.0,2519.0,2.0,0.0,1.5,0.3,11.0,4.0,1383.0,1595.0,6.0,3.0,0.0,81.0,1915.0,7.0,6.0,4.0,1243.0,36.0,43.0,9.0,154.0,93.0,77.0,4.0,0.0,20.0,1.0,3.0,1.0,6000000.0,112.0,19.0,186.0,30,3,False,False,False,True
22.0,2518.0,2.0,0.0,2.4,1.6,36.0,7.0,696.0,917.0,28.0,25.0,4.0,95.0,1250.0,60.0,15.0,32.0,842.0,46.0,19.0,39.0,52.0,107.0,32.0,4.0,0.0,26.0,5.0,3.0,29.0,6000000.0,83.0,6.0,172.0,529,9,False,True,False,True
21.0,2514.0,3.0,2.0,2.3,1.0,12.0,5.0,1488.0,1716.0,13.0,10.0,1.0,114.0,1994.0,29.0,10.0,5.0,1411.0,53.0,33.0,18.0,96.0,87.0,40.0,7.0,0.0,37.0,3.0,0.0,4.0,15000000.0,0.0,0.0,178.0,66,3,False,False,False,True
29.0,2513.0,2.0,4.0,0.8,4.3,16.0,5.0,1337.0,1563.0,28.0,26.0,14.0,111.0,1808.0,82.0,14.0,9.0,1217.0,69.0,27.0,34.0,51.0,131.0,15.0,0.0,1.0,23.0,1.0,9.0,62.0,25000000.0,32.0,6.0,184.0,10,3,False,False,False,True
27.0,2513.0,5.0,3.0,2.5,3.1,24.0,8.0,1263.0,1626.0,20.0,35.0,9.0,172.0,1955.0,51.0,22.0,15.0,1218.0,59.0,20.0,38.0,97.0,121.0,44.0,4.0,0.0,24.0,2.0,6.0,59.0,14000000.0,68.0,14.0,187.0,50,21,False,False,False,True
22.0,2511.0,0.0,1.0,1.2,0.7,10.0,3.0,984.0,1198.0,3.0,3.0,0.0,66.0,1520.0,10.0,3.0,4.0,894.0,36.0,27.0,7.0,191.0,93.0,61.0,4.0,0.0,12.0,1.0,6.0,5.0,50000000.0,138.0,21.0,195.0,135,4,False,False,True,False
28.0,2508.0,0.0,0.0,0.3,0.0,5.0,0.0,872.0,1005.0,2.0,0.0,0.0,38.0,1410.0,3.0,0.0,3.0,668.0,30.0,56.0,4.0,249.0,83.0,77.0,3.0,0.0,21.0,0.0,1.0,0.0,6000000.0,170.0,29.0,187.0,85,65,False,False,False,True
25.0,2507.0,0.0,0.0,1.1,0.2,21.0,2.0,1703.0,1972.0,4.0,9.0,2.0,164.0,2214.0,52.0,11.0,5.0,1564.0,39.0,24.0,14.0,89.0,124.0,54.0,4.0,0.0,34.0,1.0,1.0,8.0,35000000.0,51.0,12.0,194.0,18,66,False,False,False,True
25.0,2504.0,1.0,6.0,1.3,3.4,36.0,5.0,1237.0,1444.0,23.0,23.0,2.0,176.0,1655.0,44.0,14.0,20.0,1221.0,56.0,19.0,7.0,24.0,151.0,11.0,5.0,0.0,28.0,0.0,4.0,10.0,30000000.0,14.0,4.0,185.0,6,2,False,True,False,True
22.0,2501.0,6.0,11.0,4.5,5.7,44.0,24.0,540.0,827.0,50.0,26.0,8.0,63.0,1115.0,102.0,25.0,43.0,764.0,19.0,6.0,24.0,25.0,89.0,24.0,1.0,0.0,9.0,11.0,4.0,185.0,42000000.0,0.0,0.0,178.0,43,27,False,True,False,True
29.0,2498.0,0.0,1.0,1.2,2.2,14.0,4.0,753.0,982.0,22.0,21.0,16.0,55.0,1272.0,54.0,12.0,21.0,629.0,55.0,23.0,22.0,70.0,110.0,29.0,5.0,0.0,33.0,3.0,2.0,61.0,2400000.0,39.0,6.0,189.0,82,7,False,False,False,True
22.0,2497.0,6.0,8.0,4.7,6.6,52.0,22.0,808.0,1109.0,47.0,40.0,10.0,129.0,1420.0,107.0,50.0,34.0,1046.0,26.0,15.0,23.0,27.0,92.0,11.0,4.0,0.0,29.0,7.0,7.0,153.0,25000000.0,24.0,4.0,180.0,86,2,False,False,True,False
25.0,2496.0,1.0,1.0,1.4,0.5,8.0,2.0,1167.0,1356.0,4.0,0.0,0.0,97.0,1648.0,10.0,4.0,7.0,969.0,52.0,22.0,9.0,141.0,128.0,44.0,1.0,1.0,30.0,0.0,0.0,1.0,6000000.0,21.0,5.0,184.0,1389,11,False,False,False,True
30.0,2495.0,13.0,2.0,9.6,3.1,53.0,25.0,462.0,671.0,35.0,11.0,1.0,41.0,914.0,10.0,8.0,11.0,658.0,26.0,6.0,16.0,26.0,62.0,133.0,5.0,0.0,61.0,2.0,3.0,7.0,4000000.0,17.0,1.0,196.0,322,2,True,False,True,False
27.0,2495.0,6.0,3.0,6.3,3.4,52.0,18.0,455.0,666.0,31.0,28.0,13.0,44.0,1010.0,77.0,32.0,38.0,675.0,37.0,19.0,44.0,24.0,111.0,15.0,3.0,1.0,41.0,4.0,4.0,69.0,4000000.0,0.0,0.0,173.0,235,3,False,True,False,True
33.0,2494.0,12.0,3.0,9.6,3.3,93.0,30.0,458.0,643.0,24.0,14.0,3.0,62.0,999.0,35.0,21.0,45.0,734.0,35.0,10.0,28.0,23.0,80.0,91.0,4.0,0.0,39.0,5.0,1.0,23.0,5000000.0,44.0,6.0,187.0,416,19,True,False,False,True
33.0,2493.0,1.0,1.0,0.8,0.6,22.0,5.0,1192.0,1371.0,14.0,7.0,0.0,64.0,1635.0,14.0,6.0,3.0,1007.0,42.0,27.0,6.0,94.0,74.0,46.0,6.0,0.0,26.0,1.0,5.0,31.0,3000000.0,96.0,16.0,187.0,24,7,False,True,False,True
24.0,2491.0,6.0,6.0,7.3,7.4,67.0,22.0,1114.0,1322.0,56.0,33.0,5.0,131.0,1584.0,72.0,21.0,23.0,1073.0,38.0,9.0,27.0,19.0,133.0,19.0,6.0,0.0,44.0,3.0,2.0,41.0,80000000.0,63.0,14.0,187.0,1,30,False,True,False,True
33.0,2490.0,0.0,4.0,0.5,2.6,13.0,2.0,2217.0,2435.0,16.0,9.0,1.0,260.0,2652.0,70.0,3.0,3.0,2003.0,25.0,18.0,15.0,108.0,126.0,58.0,5.0,0.0,18.0,2.0,3.0,8.0,5000000.0,142.0,24.0,182.0,11,3,False,False,True,False
21.0,2488.0,9.0,8.0,9.9,3.9,60.0,22.0,1333.0,1548.0,42.0,31.0,0.0,199.0,1881.0,74.0,41.0,43.0,1542.0,61.0,28.0,27.0,23.0,97.0,30.0,5.0,1.0,33.0,3.0,10.0,18.0,180000000.0,64.0,11.0,186.0,3,4,False,True,False,True
21.0,2486.0,4.0,6.0,3.8,2.9,50.0,14.0,387.0,592.0,29.0,16.0,4.0,49.0,971.0,43.0,32.0,67.0,726.0,35.0,10.0,23.0,19.0,110.0,91.0,8.0,2.0,55.0,15.0,3.0,22.0,15000000.0,0.0,0.0,190.0,56,44,True,False,False,False
23.0,2486.0,0.0,1.0,0.3,0.9,6.0,1.0,998.0,1209.0,8.0,10.0,5.0,74.0,1532.0,27.0,8.0,4.0,929.0,55.0,42.0,20.0,141.0,116.0,38.0,7.0,0.0,15.0,2.0,3.0,25.0,5000000.0,18.0,3.0,181.0,406,2,False,False,True,False
29.0,2485.0,9.0,4.0,7.3,3.8,48.0,22.0,1309.0,1543.0,28.0,24.0,5.0,168.0,1822.0,79.0,26.0,31.0,1445.0,49.0,21.0,38.0,32.0,124.0,34.0,4.0,0.0,53.0,2.0,3.0,40.0,25000000.0,76.0,8.0,191.0,6,2,False,True,True,False
30.0,2482.0,0.0,1.0,1.2,4.6,15.0,2.0,1559.0,1885.0,40.0,31.0,17.0,176.0,2084.0,64.0,7.0,13.0,1399.0,39.0,21.0,35.0,54.0,105.0,7.0,3.0,1.0,11.0,0.0,6.0,147.0,18000000.0,121.0,27.0,178.0,1,35,False,False,True,False
26.0,2478.0,11.0,9.0,8.9,6.4,53.0,20.0,825.0,1078.0,69.0,35.0,8.0,105.0,1367.0,121.0,39.0,40.0,985.0,43.0,5.0,25.0,13.0,94.0,11.0,1.0,0.0,20.0,5.0,7.0,119.0,50000000.0,59.0,14.0,177.0,6,11,False,True,False,True
27.0,2474.0,12.0,3.0,13.5,4.3,99.0,33.0,472.0,634.0,36.0,22.0,1.0,68.0,981.0,34.0,17.0,54.0,754.0,30.0,10.0,21.0,15.0,73.0,35.0,1.0,0.0,41.0,4.0,8.0,11.0,95000000.0,60.0,11.0,174.0,5,1,True,False,False,True
28.0,2473.0,7.0,5.0,3.9,6.6,60.0,24.0,1371.0,1781.0,63.0,57.0,9.0,204.0,2093.0,50.0,32.0,27.0,1307.0,50.0,16.0,36.0,30.0,207.0,16.0,9.0,2.0,44.0,3.0,14.0,166.0,20000000.0,16.0,2.0,180.0,65,10,False,True,False,True
33.0,2469.0,8.0,7.0,5.9,7.1,48.0,17.0,1094.0,1463.0,48.0,47.0,11.0,143.0,1678.0,46.0,15.0,20.0,1255.0,30.0,6.0,39.0,23.0,93.0,21.0,2.0,0.0,11.0,2.0,5.0,138.0,18000000.0,21.0,4.0,176.0,10,2,True,False,True,False
27.0,2469.0,1.0,7.0,0.9,4.7,21.0,4.0,1698.0,2035.0,47.0,61.0,31.0,182.0,2385.0,62.0,21.0,8.0,1541.0,79.0,47.0,28.0,96.0,119.0,24.0,5.0,0.0,24.0,0.0,6.0,164.0,20000000.0,35.0,2.0,180.0,175,10,False,False,True,False
24.0,2467.0,10.0,9.0,7.2,4.0,73.0,25.0,532.0,757.0,35.0,26.0,5.0,61.0,1106.0,81.0,37.0,18.0,733.0,29.0,9.0,42.0,24.0,92.0,19.0,6.0,0.0,30.0,4.0,5.0,35.0,32000000.0,85.0,6.0,170.0,96,37,True,False,False,True
28.0,2466.0,0.0,0.0,1.1,0.7,10.0,0.0,1276.0,1471.0,4.0,1.0,0.0,45.0,1745.0,11.0,3.0,4.0,1140.0,21.0,9.0,5.0,163.0,69.0,85.0,5.0,1.0,13.0,0.0,2.0,2.0,4000000.0,38.0,8.0,189.0,720,35,False,False,True,False
25.0,2463.0,0.0,1.0,0.9,0.3,12.0,1.0,719.0,939.0,8.0,10.0,2.0,79.0,1251.0,16.0,3.0,3.0,650.0,36.0,39.0,6.0,146.0,87.0,40.0,13.0,0.0,47.0,1.0,3.0,5.0,7500000.0,63.0,8.0,188.0,70,14,False,False,False,True
28.0,2461.0,2.0,0.0,1.4,0.2,25.0,6.0,1297.0,1493.0,7.0,6.0,0.0,96.0,1901.0,9.0,3.0,1.0,1142.0,21.0,37.0,3.0,234.0,89.0,80.0,4.0,0.0,7.0,1.0,5.0,8.0,7000000.0,42.0,5.0,189.0,96,41,False,False,False,True
22.0,2460.0,1.0,1.0,0.4,1.1,11.0,3.0,1190.0,1518.0,15.0,11.0,6.0,97.0,1887.0,26.0,8.0,12.0,979.0,102.0,30.0,37.0,98.0,127.0,40.0,8.0,0.0,50.0,1.0,2.0,45.0,15000000.0,0.0,0.0,176.0,25,3,False,False,False,True
31.0,2460.0,0.0,0.0,0.5,0.1,6.0,3.0,1165.0,1357.0,3.0,3.0,0.0,53.0,1609.0,6.0,0.0,1.0,1020.0,40.0,13.0,13.0,107.0,68.0,25.0,12.0,0.0,27.0,0.0,1.0,1.0,1000000.0,0.0,0.0,180.0,720,3,False,False,False,True
33.0,2459.0,0.0,0.0,0.8,0.7,11.0,2.0,922.0,1228.0,13.0,30.0,15.0,102.0,1469.0,64.0,17.0,9.0,900.0,58.0,29.0,28.0,82.0,111.0,19.0,4.0,0.0,27.0,5.0,6.0,75.0,700000.0,0.0,0.0,181.0,80,2,False,False,False,True
27.0,2456.0,3.0,6.0,2.2,4.5,42.0,9.0,1484.0,1808.0,55.0,54.0,12.0,235.0,2064.0,63.0,23.0,42.0,1612.0,50.0,12.0,28.0,16.0,165.0,26.0,4.0,0.0,25.0,4.0,18.0,68.0,75000000.0,53.0,14.0,175.0,5,9,False,True,False,True
24.0,2453.0,9.0,5.0,8.2,3.4,77.0,31.0,377.0,591.0,28.0,20.0,1.0,47.0,904.0,58.0,22.0,27.0,718.0,9.0,5.0,36.0,12.0,54.0,19.0,5.0,1.0,29.0,11.0,3.0,27.0,50000000.0,6.0,1.0,177.0,21,8,False,True,False,True
32.0,2435.0,1.0,1.0,0.4,0.8,6.0,2.0,1305.0,1485.0,11.0,6.0,1.0,72.0,1768.0,12.0,6.0,6.0,1085.0,40.0,45.0,12.0,101.0,90.0,52.0,12.0,0.0,65.0,0.0,1.0,8.0,1500000.0,130.0,16.0,183.0,70,9,False,False,False,True
25.0,2435.0,2.0,3.0,2.7,3.0,39.0,18.0,943.0,1134.0,22.0,32.0,3.0,124.0,1467.0,54.0,25.0,26.0,943.0,76.0,22.0,27.0,45.0,175.0,16.0,9.0,0.0,41.0,3.0,4.0,17.0,15000000.0,70.0,12.0,175.0,100,37,False,True,False,True
23.0,2435.0,3.0,1.0,3.0,1.0,24.0,5.0,972.0,1149.0,17.0,15.0,1.0,110.0,1409.0,26.0,30.0,33.0,920.0,59.0,12.0,13.0,45.0,154.0,25.0,3.0,1.0,39.0,5.0,4.0,10.0,3000000.0,0.0,0.0,178.0,107,78,False,True,False,True
30.0,5048.0,10.0,10.0,3.6,5.0,48.0,16.0,2086.0,2752.0,56.0,68.0,20.0,212.0,3314.0,64.0,8.0,10.0,1976.0,112.0,38.0,58.0,186.0,140.0,156.0,14.0,0.0,58.0,2.0,12.0,128.0,8000000.0,37.0,6.0,183.0,94,7,False,False,True,False
23.0,2434.0,6.0,5.0,6.5,5.0,57.0,16.0,720.0,982.0,51.0,55.0,17.0,98.0,1267.0,121.0,38.0,38.0,924.0,32.0,7.0,38.0,9.0,97.0,8.0,2.0,0.0,20.0,8.0,8.0,131.0,65000000.0,48.0,9.0,183.0,43,4,True,False,False,True
31.0,2432.0,8.0,11.0,5.6,6.9,63.0,26.0,1173.0,1529.0,66.0,48.0,10.0,128.0,1768.0,58.0,25.0,17.0,1186.0,30.0,9.0,29.0,23.0,134.0,15.0,2.0,0.0,15.0,1.0,6.0,155.0,6000000.0,0.0,0.0,180.0,53,9,False,True,False,True
24.0,2430.0,9.0,0.0,4.7,1.9,35.0,15.0,602.0,736.0,18.0,14.0,5.0,59.0,1084.0,86.0,68.0,44.0,674.0,53.0,20.0,22.0,24.0,172.0,6.0,3.0,0.0,24.0,6.0,2.0,38.0,22000000.0,50.0,7.0,180.0,135,2,True,False,False,True
35.0,5196.0,2.0,2.0,1.8,1.2,24.0,6.0,3844.0,4188.0,8.0,14.0,0.0,272.0,4668.0,34.0,12.0,14.0,3478.0,70.0,30.0,18.0,242.0,194.0,64.0,8.0,0.0,24.0,0.0,8.0,6.0,1000000.0,69.0,11.0,185.0,200,3,False,False,False,True
19.0,2427.0,3.0,2.0,1.9,2.0,18.0,3.0,1355.0,1625.0,15.0,7.0,2.0,132.0,2021.0,41.0,2.0,1.0,1271.0,36.0,51.0,12.0,198.0,105.0,68.0,10.0,0.0,31.0,1.0,6.0,12.0,60000000.0,6.0,0.0,197.0,3,3,False,False,False,False
29.0,2424.0,1.0,0.0,0.6,0.4,14.0,6.0,838.0,1070.0,8.0,9.0,0.0,83.0,1397.0,17.0,19.0,15.0,779.0,61.0,27.0,25.0,86.0,155.0,32.0,8.0,0.0,38.0,1.0,3.0,12.0,2000000.0,115.0,18.0,185.0,107,3,False,True,False,True
25.0,2421.0,2.0,1.0,1.0,1.8,23.0,4.0,1313.0,1482.0,15.0,14.0,1.0,152.0,1711.0,28.0,10.0,22.0,1209.0,50.0,26.0,16.0,34.0,119.0,19.0,3.0,0.0,34.0,0.0,4.0,5.0,8000000.0,0.0,0.0,165.0,66,3,False,True,False,True
27.0,2418.0,12.0,2.0,10.3,2.4,61.0,25.0,321.0,433.0,25.0,4.0,0.0,16.0,654.0,24.0,7.0,33.0,504.0,4.0,2.0,11.0,12.0,26.0,42.0,0.0,0.0,30.0,1.0,4.0,1.0,30000000.0,132.0,9.0,189.0,27,25,True,False,True,False
30.0,2418.0,8.0,8.0,8.5,8.5,70.0,27.0,560.0,908.0,61.0,30.0,8.0,86.0,1105.0,26.0,7.0,11.0,673.0,10.0,8.0,24.0,26.0,65.0,19.0,3.0,0.0,6.0,0.0,8.0,167.0,6000000.0,44.0,6.0,188.0,294,10,True,False,False,True
24.0,2417.0,0.0,1.0,1.5,0.8,24.0,2.0,756.0,970.0,9.0,10.0,3.0,80.0,1316.0,25.0,7.0,18.0,743.0,45.0,29.0,16.0,100.0,101.0,86.0,11.0,0.0,43.0,3.0,2.0,8.0,3000000.0,0.0,0.0,188.0,207,10,False,True,False,True
23.0,2417.0,1.0,3.0,1.2,0.8,14.0,4.0,1194.0,1395.0,17.0,17.0,2.0,146.0,1661.0,57.0,24.0,24.0,1052.0,58.0,22.0,25.0,44.0,94.0,22.0,7.0,0.0,31.0,1.0,3.0,28.0,55000000.0,301.0,67.0,179.0,22,7,False,False,False,True
30.0,2416.0,1.0,0.0,0.8,1.2,14.0,1.0,993.0,1210.0,8.0,3.0,1.0,51.0,1521.0,7.0,0.0,0.0,948.0,45.0,29.0,7.0,169.0,91.0,58.0,6.0,0.0,36.0,1.0,0.0,3.0,6000000.0,22.0,2.0,181.0,322,2,False,False,False,True
22.0,2406.0,5.0,10.0,8.4,7.3,61.0,17.0,989.0,1216.0,49.0,64.0,3.0,173.0,1566.0,127.0,50.0,47.0,1149.0,51.0,15.0,34.0,13.0,131.0,5.0,2.0,0.0,31.0,8.0,10.0,53.0,45000000.0,13.0,3.0,183.0,35,2,True,False,True,False
29.0,2402.0,5.0,1.0,2.7,3.6,30.0,7.0,1076.0,1372.0,30.0,26.0,1.0,147.0,1646.0,15.0,12.0,18.0,1074.0,44.0,16.0,18.0,44.0,125.0,31.0,4.0,0.0,34.0,2.0,3.0,64.0,4000000.0,29.0,5.0,185.0,1389,20,False,True,False,True
26.0,2402.0,1.0,1.0,1.2,2.1,28.0,9.0,1338.0,1610.0,26.0,34.0,18.0,132.0,1915.0,59.0,19.0,27.0,1144.0,65.0,37.0,28.0,65.0,147.0,46.0,5.0,0.0,36.0,4.0,3.0,119.0,30000000.0,259.0,43.0,175.0,6,3,False,False,True,False
24.0,4978.0,0.0,18.0,2.2,9.600000000000001,38.0,10.0,2016.0,2614.0,70.0,56.0,44.0,174.0,3040.0,174.0,42.0,22.0,1946.0,48.0,36.0,74.0,98.0,242.0,48.0,6.0,0.0,32.0,2.0,6.0,322.0,24000000.0,0.0,0.0,188.0,36,9,False,False,False,True
19.0,2402.0,7.0,4.0,4.3,5.0,61.0,22.0,896.0,1124.0,57.0,52.0,13.0,121.0,1485.0,115.0,59.0,41.0,1116.0,54.0,5.0,24.0,13.0,123.0,8.0,2.0,1.0,25.0,5.0,5.0,115.0,50000000.0,8.0,2.0,187.0,19,10,True,False,False,False
23.0,2399.0,0.0,1.0,0.4,1.5,10.0,0.0,1112.0,1495.0,16.0,16.0,7.0,106.0,1820.0,33.0,7.0,5.0,1065.0,61.0,38.0,24.0,121.0,78.0,28.0,5.0,0.0,33.0,0.0,4.0,57.0,10000000.0,0.0,0.0,181.0,720,3,False,False,True,False
27.0,2399.0,13.0,5.0,12.0,5.0,71.0,30.0,736.0,874.0,56.0,46.0,6.0,110.0,1184.0,108.0,53.0,49.0,933.0,39.0,7.0,24.0,7.0,105.0,13.0,2.0,0.0,48.0,4.0,2.0,32.0,70000000.0,0.0,0.0,180.0,321,12,True,False,False,True
30.0,2395.0,1.0,3.0,1.0,3.2,25.0,5.0,943.0,1204.0,32.0,24.0,7.0,117.0,1467.0,23.0,25.0,22.0,789.0,46.0,31.0,13.0,30.0,188.0,14.0,12.0,1.0,51.0,4.0,6.0,89.0,3500000.0,46.0,6.0,180.0,88,41,False,True,False,True
20.0,2393.0,3.0,1.0,3.1,2.1,21.0,10.0,1080.0,1243.0,21.0,19.0,3.0,121.0,1478.0,16.0,12.0,11.0,1006.0,47.0,30.0,17.0,35.0,121.0,13.0,2.0,0.0,21.0,1.0,4.0,8.0,40000000.0,72.0,15.0,187.0,50,27,False,True,False,True
28.0,2393.0,4.0,3.0,3.9,2.5,45.0,13.0,863.0,1043.0,23.0,17.0,2.0,116.0,1360.0,40.0,15.0,53.0,934.0,57.0,23.0,23.0,47.0,149.0,59.0,10.0,0.0,58.0,1.0,3.0,16.0,35000000.0,224.0,37.0,186.0,43,5,False,True,False,True
24.0,2389.0,7.0,4.0,4.2,6.2,47.0,17.0,658.0,893.0,65.0,52.0,6.0,124.0,1276.0,120.0,38.0,74.0,895.0,45.0,13.0,42.0,10.0,121.0,10.0,3.0,0.0,48.0,3.0,9.0,89.0,50000000.0,46.0,9.0,186.0,14,27,True,False,True,False
26.0,2389.0,2.0,1.0,0.8,1.5,17.0,6.0,797.0,1060.0,17.0,11.0,4.0,80.0,1323.0,40.0,16.0,26.0,675.0,26.0,23.0,21.0,98.0,112.0,21.0,6.0,0.0,49.0,2.0,3.0,52.0,2500000.0,0.0,0.0,180.0,107,3,False,False,True,False
28.0,2383.0,4.0,0.0,1.5,0.3,12.0,8.0,1622.0,1804.0,5.0,1.0,0.0,139.0,2060.0,16.0,1.0,2.0,1419.0,37.0,36.0,7.0,113.0,132.0,54.0,1.0,0.0,23.0,0.0,3.0,2.0,20000000.0,0.0,0.0,186.0,35,10,False,False,False,False
25.0,2383.0,25.0,8.0,14.9,4.9,99.0,32.0,440.0,575.0,38.0,9.0,1.0,46.0,874.0,21.0,12.0,48.0,704.0,14.0,4.0,19.0,17.0,69.0,51.0,3.0,0.0,32.0,4.0,2.0,15.0,45000000.0,124.0,23.0,186.0,36,1,True,False,False,True
31.0,2381.0,26.0,9.0,13.3,5.3,105.0,45.0,509.0,645.0,35.0,36.0,2.0,97.0,917.0,29.0,23.0,22.0,716.0,13.0,2.0,21.0,16.0,61.0,29.0,5.0,0.0,9.0,5.0,6.0,13.0,75000000.0,50.0,8.0,188.0,4,4,True,False,False,True
27.0,2380.0,4.0,0.0,3.7,3.1,39.0,3.0,1126.0,1456.0,36.0,44.0,4.0,155.0,1796.0,26.0,21.0,51.0,1268.0,66.0,18.0,26.0,37.0,149.0,48.0,10.0,0.0,53.0,5.0,8.0,29.0,28000000.0,80.0,11.0,180.0,55,5,False,True,True,False
23.0,2372.0,5.0,0.0,3.6,4.5,43.0,14.0,694.0,962.0,45.0,45.0,11.0,110.0,1341.0,133.0,75.0,48.0,988.0,31.0,17.0,43.0,13.0,118.0,11.0,5.0,0.0,21.0,9.0,7.0,85.0,30000000.0,0.0,0.0,173.0,25,15,True,False,True,False
32.0,2370.0,0.0,4.0,0.2,1.4,5.0,0.0,1448.0,1636.0,11.0,14.0,7.0,88.0,1877.0,20.0,14.0,10.0,1287.0,41.0,46.0,13.0,72.0,129.0,21.0,6.0,0.0,27.0,1.0,3.0,38.0,3500000.0,23.0,4.0,180.0,45,8,False,False,False,True
27.0,2370.0,0.0,2.0,1.1,1.7,16.0,2.0,1350.0,1580.0,25.0,11.0,4.0,126.0,1884.0,46.0,5.0,13.0,1205.0,63.0,28.0,32.0,74.0,93.0,41.0,4.0,0.0,28.0,3.0,7.0,22.0,20000000.0,136.0,23.0,185.0,9,3,False,False,True,False
27.0,2368.0,0.0,2.0,0.3,4.1,7.0,1.0,736.0,1039.0,29.0,34.0,25.0,74.0,1389.0,46.0,40.0,32.0,701.0,60.0,25.0,33.0,103.0,107.0,21.0,7.0,0.0,22.0,5.0,9.0,96.0,5000000.0,47.0,10.0,172.0,224,1,False,False,False,True
19.0,2365.0,0.0,1.0,0.8,0.3,5.0,0.0,1593.0,1699.0,5.0,1.0,1.0,52.0,1953.0,7.0,10.0,10.0,1464.0,37.0,25.0,13.0,117.0,98.0,30.0,4.0,0.0,29.0,0.0,1.0,1.0,20000000.0,55.0,10.0,194.0,86,2,False,False,False,True
26.0,2365.0,3.0,6.0,1.9,7.3,45.0,8.0,1448.0,1971.0,52.0,65.0,20.0,232.0,2252.0,51.0,17.0,15.0,1436.0,72.0,31.0,36.0,55.0,132.0,3.0,5.0,0.0,11.0,0.0,10.0,153.0,75000000.0,167.0,28.0,180.0,3,4,False,False,False,True
33.0,2363.0,2.0,5.0,2.3,6.9,45.0,14.0,1031.0,1481.0,67.0,31.0,12.0,183.0,1748.0,26.0,27.0,31.0,1131.0,29.0,15.0,27.0,21.0,117.0,18.0,4.0,1.0,22.0,7.0,20.0,199.0,2500000.0,55.0,0.0,172.0,363,2,False,True,False,True
27.0,2363.0,3.0,1.0,2.6,0.9,22.0,5.0,1480.0,1641.0,13.0,8.0,0.0,126.0,1873.0,10.0,4.0,2.0,1366.0,25.0,16.0,8.0,93.0,63.0,53.0,4.0,0.0,19.0,1.0,1.0,9.0,75000000.0,123.0,17.0,190.0,22,5,False,False,True,False
29.0,2360.0,8.0,12.0,5.7,8.9,43.0,15.0,688.0,1004.0,42.0,41.0,15.0,83.0,1271.0,79.0,35.0,37.0,911.0,28.0,13.0,51.0,35.0,98.0,5.0,4.0,0.0,11.0,3.0,8.0,120.0,16000000.0,104.0,21.0,179.0,43,4,True,False,False,True
24.0,2357.0,3.0,4.0,2.2,3.5,22.0,5.0,1015.0,1301.0,29.0,28.0,12.0,116.0,1638.0,98.0,28.0,34.0,1006.0,49.0,25.0,38.0,74.0,110.0,38.0,9.0,0.0,52.0,1.0,6.0,70.0,9000000.0,0.0,0.0,181.0,175,2,False,False,False,True
30.0,2356.0,3.0,5.0,0.9,3.5,27.0,12.0,1049.0,1358.0,45.0,19.0,8.0,128.0,1576.0,9.0,1.0,11.0,885.0,34.0,24.0,18.0,70.0,154.0,14.0,7.0,1.0,30.0,3.0,5.0,152.0,5000000.0,45.0,7.0,184.0,96,10,False,True,True,False
24.0,2353.0,12.0,1.0,6.8,1.6,64.0,25.0,240.0,375.0,14.0,1.0,0.0,18.0,641.0,15.0,12.0,29.0,478.0,10.0,7.0,10.0,27.0,44.0,59.0,10.0,0.0,65.0,3.0,0.0,5.0,22000000.0,39.0,6.0,201.0,9,9,True,False,False,True
20.0,2352.0,4.0,5.0,1.8,4.5,25.0,10.0,812.0,978.0,27.0,27.0,12.0,116.0,1214.0,61.0,13.0,22.0,885.0,22.0,13.0,25.0,46.0,90.0,12.0,6.0,0.0,26.0,6.0,2.0,54.0,20000000.0,83.0,11.0,178.0,86,2,True,False,False,True
21.0,2351.0,10.0,12.0,6.1,7.0,74.0,35.0,1370.0,1749.0,57.0,65.0,8.0,176.0,2096.0,131.0,82.0,47.0,1638.0,32.0,10.0,40.0,6.0,113.0,9.0,3.0,0.0,22.0,4.0,10.0,101.0,140000000.0,48.0,10.0,177.0,1,10,True,False,False,True
31.0,2351.0,0.0,4.0,0.8,4.7,13.0,3.0,956.0,1277.0,36.0,30.0,19.0,57.0,1527.0,23.0,9.0,16.0,820.0,65.0,25.0,41.0,89.0,104.0,37.0,4.0,0.0,21.0,0.0,2.0,140.0,10000000.0,43.0,7.0,178.0,77,2,False,False,True,False
27.0,2348.0,0.0,2.0,0.5,1.8,8.0,2.0,1336.0,1570.0,19.0,24.0,4.0,170.0,1740.0,16.0,3.0,7.0,1244.0,44.0,19.0,16.0,45.0,116.0,10.0,6.0,0.0,25.0,0.0,2.0,19.0,5000000.0,22.0,3.0,178.0,138,3,False,True,False,True
22.0,2345.0,10.0,4.0,5.8,4.1,44.0,18.0,853.0,1167.0,35.0,41.0,19.0,91.0,1516.0,67.0,25.0,43.0,1079.0,38.0,13.0,62.0,30.0,124.0,17.0,5.0,1.0,37.0,9.0,3.0,111.0,24000000.0,0.0,0.0,169.0,65,10,False,True,False,False
28.0,2344.0,0.0,2.0,1.2,2.7,18.0,2.0,1100.0,1260.0,26.0,17.0,7.0,98.0,1493.0,39.0,8.0,8.0,963.0,68.0,28.0,23.0,35.0,109.0,19.0,12.0,0.0,66.0,1.0,2.0,62.0,14000000.0,102.0,12.0,182.0,416,32,False,True,False,True
27.0,2344.0,1.0,3.0,0.4,1.0,7.0,3.0,693.0,847.0,14.0,6.0,1.0,78.0,1097.0,8.0,9.0,24.0,566.0,73.0,42.0,13.0,35.0,154.0,16.0,7.0,0.0,49.0,0.0,2.0,8.0,3000000.0,37.0,6.0,182.0,406,2,False,True,False,True
22.0,2341.0,4.0,5.0,4.1,5.7,46.0,16.0,517.0,797.0,44.0,38.0,22.0,81.0,1050.0,112.0,57.0,11.0,713.0,22.0,10.0,32.0,20.0,85.0,8.0,2.0,0.0,4.0,3.0,5.0,149.0,7500000.0,94.0,16.0,169.0,7,3,True,False,False,True
25.0,2340.0,12.0,6.0,5.6,4.8,57.0,23.0,582.0,782.0,45.0,35.0,6.0,105.0,1086.0,81.0,36.0,27.0,710.0,23.0,14.0,18.0,24.0,78.0,8.0,8.0,0.0,47.0,5.0,7.0,85.0,35000000.0,11.0,2.0,172.0,267,7,False,True,False,False
30.0,2340.0,1.0,1.0,0.9,1.0,12.0,5.0,1151.0,1333.0,5.0,5.0,0.0,96.0,1636.0,14.0,2.0,5.0,1044.0,40.0,41.0,9.0,138.0,90.0,72.0,4.0,1.0,29.0,0.0,5.0,2.0,4000000.0,79.0,10.0,193.0,98,50,False,False,False,True
29.0,2339.0,6.0,7.0,6.0,5.0,51.0,18.0,628.0,954.0,46.0,28.0,11.0,78.0,1250.0,65.0,33.0,50.0,809.0,32.0,10.0,28.0,18.0,113.0,27.0,5.0,0.0,29.0,2.0,7.0,178.0,9000000.0,21.0,3.0,175.0,52,3,False,True,False,True
24.0,2337.0,1.0,0.0,0.7,0.5,7.0,3.0,1932.0,2076.0,11.0,11.0,5.0,117.0,2275.0,48.0,4.0,7.0,1752.0,41.0,17.0,11.0,68.0,95.0,27.0,2.0,1.0,26.0,3.0,2.0,22.0,28000000.0,233.0,47.0,182.0,19,2,False,False,False,True
28.0,2337.0,0.0,4.0,0.7,3.9,22.0,3.0,730.0,1002.0,33.0,22.0,11.0,108.0,1197.0,18.0,6.0,9.0,671.0,42.0,15.0,9.0,42.0,89.0,13.0,10.0,0.0,83.0,1.0,4.0,98.0,2000000.0,0.0,0.0,183.0,180,35,False,True,False,True
23.0,2334.0,12.0,15.0,9.7,12.0,86.0,36.0,1290.0,1585.0,90.0,111.0,13.0,184.0,1957.0,119.0,72.0,29.0,1556.0,36.0,8.0,44.0,16.0,105.0,11.0,3.0,0.0,22.0,9.0,6.0,131.0,100000000.0,61.0,12.0,184.0,4,2,True,False,True,False
26.0,2334.0,1.0,6.0,1.3,3.9,26.0,6.0,660.0,997.0,25.0,27.0,11.0,65.0,1290.0,43.0,12.0,12.0,658.0,53.0,18.0,63.0,63.0,114.0,10.0,4.0,0.0,29.0,2.0,3.0,113.0,2000000.0,24.0,4.0,170.0,165,10,False,False,False,True
23.0,2333.0,5.0,4.0,5.4,3.5,50.0,26.0,478.0,644.0,30.0,28.0,0.0,103.0,953.0,116.0,50.0,50.0,709.0,31.0,6.0,33.0,4.0,107.0,5.0,2.0,0.0,16.0,6.0,5.0,26.0,8000000.0,27.0,4.0,178.0,1389,2,True,False,False,True
25.0,2333.0,1.0,5.0,0.8,2.3,12.0,2.0,1966.0,2225.0,27.0,49.0,24.0,162.0,2446.0,62.0,7.0,5.0,1815.0,46.0,21.0,18.0,52.0,96.0,44.0,6.0,1.0,43.0,3.0,12.0,61.0,80000000.0,30.0,7.0,190.0,5,9,False,False,True,False
22.0,2331.0,8.0,0.0,4.2,2.1,59.0,19.0,445.0,739.0,36.0,31.0,5.0,93.0,1081.0,31.0,29.0,50.0,712.0,57.0,12.0,41.0,14.0,106.0,26.0,1.0,0.0,47.0,7.0,5.0,55.0,8500000.0,99.0,18.0,183.0,85,9,False,True,False,True
21.0,2330.0,1.0,4.0,1.3,2.4,29.0,8.0,1299.0,1511.0,26.0,24.0,5.0,142.0,1784.0,29.0,25.0,23.0,1308.0,46.0,34.0,28.0,33.0,131.0,35.0,4.0,1.0,28.0,1.0,3.0,26.0,55000000.0,171.0,40.0,181.0,10,3,False,True,False,True
30.0,2329.0,7.0,4.0,5.3,4.9,51.0,18.0,1359.0,1602.0,31.0,35.0,4.0,166.0,1917.0,31.0,11.0,20.0,1409.0,57.0,22.0,41.0,41.0,128.0,54.0,4.0,0.0,44.0,1.0,4.0,32.0,12000000.0,66.0,11.0,181.0,45,2,False,True,False,True
35.0,2328.0,1.0,4.0,1.5,2.7,23.0,2.0,1326.0,1518.0,29.0,53.0,5.0,199.0,1747.0,72.0,7.0,15.0,1301.0,43.0,16.0,26.0,41.0,131.0,23.0,4.0,0.0,33.0,1.0,6.0,22.0,4000000.0,15.0,3.0,177.0,5,100,False,True,False,False
33.0,2327.0,0.0,9.0,2.4,5.1,27.0,7.0,1589.0,1970.0,57.0,44.0,15.0,178.0,2178.0,41.0,3.0,9.0,1510.0,44.0,9.0,33.0,30.0,96.0,24.0,5.0,1.0,18.0,1.0,6.0,174.0,5000000.0,13.0,2.0,181.0,23,10,False,True,False,True
25.0,2327.0,0.0,0.0,1.0,0.1,8.0,2.0,1146.0,1277.0,2.0,1.0,0.0,51.0,1546.0,7.0,6.0,9.0,923.0,48.0,31.0,13.0,82.0,141.0,68.0,10.0,0.0,36.0,0.0,0.0,1.0,30000000.0,95.0,18.0,191.0,36,27,False,False,False,True
23.0,2326.0,4.0,5.0,3.5,3.6,36.0,10.0,1228.0,1389.0,25.0,19.0,0.0,123.0,1661.0,74.0,39.0,23.0,1258.0,44.0,14.0,17.0,39.0,110.0,28.0,5.0,0.0,36.0,2.0,4.0,13.0,40000000.0,57.0,7.0,192.0,19,2,False,True,False,True
26.0,2325.0,3.0,8.0,4.0,5.4,48.0,15.0,1237.0,1499.0,63.0,86.0,5.0,258.0,1694.0,92.0,25.0,40.0,1336.0,19.0,6.0,27.0,6.0,97.0,8.0,4.0,0.0,12.0,2.0,12.0,86.0,85000000.0,82.0,20.0,178.0,22,43,False,True,True,False
28.0,2324.0,0.0,5.0,2.0,1.9,22.0,8.0,839.0,1045.0,17.0,11.0,3.0,70.0,1400.0,18.0,13.0,33.0,834.0,85.0,31.0,26.0,80.0,127.0,61.0,8.0,0.0,39.0,0.0,3.0,30.0,15000000.0,127.0,33.0,183.0,46,4,False,True,False,True
30.0,2324.0,10.0,1.0,2.2,0.4,38.0,6.0,868.0,1059.0,7.0,10.0,5.0,109.0,1354.0,17.0,17.0,30.0,832.0,61.0,34.0,8.0,42.0,160.0,30.0,5.0,0.0,30.0,7.0,6.0,11.0,3000000.0,36.0,5.0,188.0,80,2,False,True,False,True
26.0,2323.0,1.0,0.0,0.8,0.4,19.0,6.0,920.0,1083.0,6.0,6.0,1.0,80.0,1315.0,21.0,9.0,23.0,869.0,52.0,18.0,17.0,37.0,111.0,10.0,5.0,0.0,29.0,1.0,5.0,18.0,6000000.0,0.0,0.0,180.0,322,2,False,True,False,True
25.0,2323.0,8.0,8.0,7.6,8.4,66.0,29.0,630.0,849.0,58.0,51.0,10.0,93.0,1135.0,123.0,59.0,36.0,940.0,16.0,6.0,27.0,4.0,66.0,26.0,5.0,0.0,19.0,6.0,4.0,55.0,70000000.0,48.0,10.0,188.0,6,6,True,False,False,True
24.0,2323.0,11.0,4.0,11.7,2.9,71.0,24.0,209.0,337.0,23.0,12.0,1.0,27.0,624.0,44.0,18.0,27.0,485.0,11.0,0.0,8.0,19.0,36.0,99.0,4.0,0.0,47.0,3.0,0.0,5.0,200000.0,138.0,0.0,173.0,16,3,True,False,True,False
25.0,2319.0,10.0,1.0,11.7,1.9,72.0,31.0,244.0,342.0,26.0,6.0,0.0,28.0,558.0,29.0,7.0,24.0,400.0,16.0,1.0,11.0,21.0,67.0,42.0,1.0,1.0,37.0,9.0,1.0,0.0,35000000.0,93.0,15.0,183.0,267,5,True,False,False,False
22.0,2315.0,3.0,3.0,4.1,2.6,44.0,12.0,307.0,443.0,33.0,22.0,8.0,64.0,758.0,72.0,55.0,72.0,569.0,17.0,6.0,20.0,6.0,84.0,14.0,3.0,0.0,50.0,9.0,3.0,59.0,6000000.0,84.0,13.0,174.0,742,9,False,True,True,False
24.0,2314.0,5.0,5.0,4.1,4.2,34.0,16.0,715.0,940.0,30.0,29.0,18.0,55.0,1205.0,100.0,25.0,26.0,827.0,33.0,8.0,29.0,22.0,84.0,13.0,4.0,0.0,20.0,3.0,2.0,116.0,50000000.0,8.0,2.0,172.0,1,7,False,False,False,True
31.0,2314.0,2.0,2.0,0.6,2.5,21.0,6.0,851.0,1143.0,28.0,30.0,21.0,52.0,1304.0,19.0,3.0,4.0,764.0,23.0,8.0,33.0,50.0,61.0,7.0,0.0,0.0,14.0,2.0,2.0,121.0,3500000.0,189.0,31.0,184.0,53,10,False,False,True,False
28.0,2314.0,2.0,1.0,1.5,2.6,29.0,6.0,958.0,1334.0,26.0,31.0,14.0,93.0,1560.0,28.0,3.0,6.0,876.0,46.0,20.0,29.0,62.0,84.0,14.0,4.0,0.0,16.0,3.0,3.0,82.0,3000000.0,79.0,6.0,177.0,563,39,False,False,False,True
27.0,2312.0,1.0,1.0,0.6,0.6,16.0,3.0,974.0,1127.0,13.0,10.0,1.0,96.0,1379.0,24.0,19.0,21.0,934.0,53.0,26.0,13.0,38.0,121.0,22.0,14.0,0.0,33.0,3.0,9.0,15.0,3000000.0,21.0,4.0,180.0,107,2,False,True,False,True
26.0,2310.0,2.0,4.0,2.9,3.6,22.0,8.0,928.0,1117.0,32.0,22.0,2.0,101.0,1350.0,28.0,20.0,26.0,911.0,33.0,14.0,19.0,37.0,104.0,35.0,3.0,0.0,32.0,3.0,5.0,19.0,22000000.0,46.0,10.0,185.0,19,11,False,False,False,True
26.0,2308.0,2.0,3.0,2.6,3.4,49.0,12.0,749.0,952.0,32.0,21.0,4.0,120.0,1258.0,60.0,21.0,28.0,786.0,46.0,22.0,17.0,27.0,118.0,1.0,5.0,0.0,54.0,4.0,3.0,90.0,8500000.0,84.0,14.0,180.0,82,11,False,True,False,True
28.0,2307.0,0.0,6.0,1.0,3.3,16.0,2.0,880.0,1172.0,33.0,23.0,15.0,76.0,1368.0,35.0,14.0,12.0,868.0,26.0,11.0,27.0,38.0,94.0,16.0,6.0,0.0,30.0,0.0,3.0,145.0,4500000.0,21.0,3.0,181.0,98,22,True,False,False,True
32.0,2303.0,3.0,8.0,2.2,7.7,26.0,8.0,1006.0,1399.0,55.0,47.0,14.0,105.0,1675.0,53.0,11.0,8.0,899.0,52.0,48.0,36.0,68.0,114.0,16.0,7.0,0.0,26.0,2.0,6.0,190.0,5000000.0,55.0,9.0,178.0,100,2,False,False,False,True
28.0,2303.0,5.0,10.0,4.8,8.5,45.0,15.0,953.0,1209.0,61.0,48.0,6.0,149.0,1455.0,61.0,19.0,36.0,1097.0,26.0,14.0,30.0,13.0,119.0,11.0,1.0,0.0,8.0,0.0,4.0,71.0,25000000.0,44.0,8.0,185.0,23,10,False,True,False,True
25.0,2299.0,5.0,8.0,5.7,5.5,60.0,16.0,528.0,688.0,37.0,17.0,3.0,62.0,993.0,53.0,28.0,43.0,690.0,33.0,13.0,26.0,38.0,76.0,27.0,5.0,0.0,36.0,5.0,3.0,25.0,4000000.0,0.0,0.0,186.0,406,2,False,True,False,True
31.0,2299.0,0.0,1.0,0.4,1.4,13.0,2.0,1007.0,1276.0,10.0,15.0,6.0,97.0,1530.0,48.0,8.0,16.0,882.0,48.0,16.0,43.0,86.0,97.0,13.0,6.0,0.0,24.0,0.0,6.0,57.0,1500000.0,32.0,4.0,183.0,110,2,False,False,False,True
26.0,2298.0,1.0,1.0,0.9,1.6,24.0,7.0,886.0,1196.0,20.0,22.0,10.0,79.0,1526.0,41.0,17.0,15.0,826.0,56.0,24.0,34.0,85.0,100.0,11.0,7.0,0.0,38.0,1.0,6.0,97.0,7000000.0,44.0,6.0,172.0,24,3,False,False,True,False
24.0,2297.0,1.0,0.0,0.3,0.5,6.0,1.0,976.0,1241.0,12.0,20.0,3.0,110.0,1529.0,51.0,10.0,9.0,794.0,64.0,19.0,27.0,98.0,84.0,21.0,7.0,0.0,34.0,0.0,2.0,39.0,6000000.0,126.0,11.0,182.0,96,10,False,False,False,False
30.0,2295.0,2.0,0.0,1.6,0.6,13.0,5.0,1109.0,1368.0,11.0,13.0,3.0,101.0,1693.0,26.0,5.0,7.0,998.0,62.0,42.0,21.0,127.0,99.0,38.0,11.0,1.0,46.0,0.0,5.0,16.0,3500000.0,71.0,3.0,183.0,65,10,False,True,False,True
20.0,2294.0,8.0,4.0,6.9,2.9,62.0,20.0,354.0,461.0,28.0,8.0,0.0,39.0,722.0,17.0,18.0,64.0,519.0,18.0,3.0,10.0,20.0,69.0,37.0,7.0,0.0,49.0,8.0,3.0,8.0,35000000.0,14.0,2.0,179.0,160,1,True,False,False,True
27.0,2293.0,6.0,8.0,5.0,4.6,57.0,26.0,693.0,938.0,47.0,33.0,9.0,116.0,1262.0,83.0,44.0,46.0,919.0,38.0,13.0,20.0,11.0,88.0,11.0,6.0,0.0,31.0,4.0,2.0,124.0,18000000.0,37.0,4.0,180.0,48,2,True,False,True,False
23.0,2293.0,11.0,2.0,8.2,3.7,55.0,27.0,323.0,541.0,23.0,11.0,3.0,38.0,883.0,61.0,30.0,36.0,543.0,39.0,5.0,20.0,34.0,83.0,90.0,3.0,0.0,21.0,5.0,1.0,38.0,30000000.0,201.0,36.0,185.0,99,10,True,False,False,True
31.0,2291.0,0.0,0.0,1.7,0.5,24.0,4.0,1706.0,1858.0,7.0,6.0,1.0,94.0,2069.0,20.0,3.0,2.0,1584.0,20.0,9.0,5.0,96.0,102.0,35.0,3.0,0.0,15.0,3.0,6.0,4.0,20000000.0,95.0,16.0,190.0,3,10,False,False,False,True
19.0,2290.0,8.0,4.0,7.4,5.0,55.0,24.0,499.0,699.0,40.0,37.0,15.0,52.0,994.0,124.0,33.0,38.0,752.0,23.0,5.0,37.0,19.0,78.0,17.0,1.0,0.0,16.0,3.0,5.0,92.0,25000.0,0.0,0.0,0.0,22,9,False,True,False,True
21.0,2284.0,0.0,4.0,0.5,3.4,12.0,3.0,1306.0,1484.0,26.0,39.0,11.0,93.0,1721.0,107.0,46.0,27.0,1245.0,18.0,5.0,28.0,27.0,122.0,16.0,2.0,0.0,16.0,7.0,4.0,67.0,60000000.0,225.0,31.0,177.0,11,3,False,False,True,False
26.0,2280.0,0.0,1.0,0.2,2.6,4.0,1.0,1056.0,1321.0,22.0,26.0,14.0,93.0,1627.0,52.0,29.0,31.0,888.0,68.0,50.0,37.0,83.0,172.0,16.0,2.0,0.0,33.0,0.0,4.0,76.0,4000000.0,93.0,7.0,178.0,406,77,False,False,True,False
31.0,2277.0,3.0,3.0,5.5,3.3,54.0,19.0,441.0,694.0,26.0,9.0,0.0,53.0,938.0,8.0,10.0,32.0,731.0,17.0,4.0,12.0,33.0,52.0,164.0,4.0,0.0,36.0,2.0,5.0,10.0,1000000.0,25.0,2.0,195.0,165,10,True,False,True,False
24.0,2277.0,0.0,6.0,0.7,6.1,22.0,5.0,1420.0,1877.0,57.0,52.0,30.0,163.0,2080.0,34.0,7.0,8.0,1270.0,32.0,23.0,27.0,50.0,97.0,36.0,4.0,1.0,26.0,1.0,5.0,211.0,15000000.0,10.0,2.0,185.0,160,3,False,False,True,False
30.0,2274.0,0.0,1.0,1.1,1.6,26.0,8.0,844.0,1121.0,10.0,18.0,2.0,97.0,1406.0,13.0,7.0,18.0,803.0,35.0,42.0,22.0,80.0,154.0,41.0,9.0,0.0,35.0,0.0,8.0,12.0,10000000.0,75.0,11.0,179.0,56,12,False,True,False,True
25.0,2273.0,0.0,0.0,0.9,0.7,15.0,1.0,2360.0,2516.0,8.0,6.0,0.0,105.0,2767.0,13.0,22.0,13.0,2183.0,54.0,38.0,12.0,72.0,161.0,39.0,9.0,1.0,28.0,0.0,3.0,2.0,20000000.0,53.0,7.0,187.0,51,1,False,False,False,True
27.0,2271.0,0.0,0.0,1.5,0.3,21.0,7.0,2167.0,2317.0,5.0,12.0,0.0,160.0,2499.0,43.0,2.0,1.0,2016.0,17.0,20.0,14.0,71.0,78.0,37.0,4.0,0.0,12.0,0.0,3.0,3.0,65000000.0,83.0,19.0,187.0,2,6,False,False,False,True
29.0,2270.0,1.0,0.0,0.5,0.2,5.0,1.0,1539.0,1643.0,6.0,1.0,0.0,66.0,1901.0,11.0,1.0,0.0,1337.0,40.0,31.0,4.0,129.0,77.0,60.0,5.0,0.0,21.0,0.0,0.0,0.0,6000000.0,107.0,13.0,187.0,66,27,False,False,False,True
27.0,2269.0,0.0,0.0,0.6,0.4,12.0,4.0,1281.0,1483.0,4.0,6.0,0.0,101.0,1732.0,22.0,6.0,1.0,1145.0,34.0,31.0,5.0,100.0,86.0,65.0,6.0,1.0,38.0,0.0,8.0,1.0,12000000.0,110.0,12.0,181.0,25,3,False,False,False,True
24.0,2267.0,1.0,0.0,1.7,1.4,21.0,3.0,858.0,1025.0,16.0,13.0,1.0,73.0,1259.0,26.0,11.0,20.0,800.0,45.0,18.0,24.0,37.0,106.0,31.0,6.0,1.0,25.0,4.0,2.0,20.0,10000000.0,34.0,6.0,186.0,53,10,False,True,True,False
27.0,2259.0,2.0,3.0,0.7,4.5,18.0,5.0,1234.0,1447.0,36.0,31.0,22.0,92.0,1684.0,66.0,36.0,20.0,1090.0,46.0,22.0,31.0,26.0,120.0,10.0,6.0,1.0,31.0,0.0,3.0,110.0,20000000.0,130.0,21.0,183.0,23,11,False,False,False,True
26.0,2257.0,4.0,3.0,3.6,1.5,39.0,14.0,868.0,1068.0,17.0,13.0,3.0,110.0,1405.0,31.0,19.0,35.0,968.0,66.0,31.0,22.0,50.0,106.0,50.0,10.0,1.0,72.0,4.0,6.0,44.0,15000000.0,86.0,13.0,184.0,40,3,False,True,False,True
27.0,2257.0,5.0,4.0,2.7,4.1,33.0,14.0,488.0,716.0,24.0,32.0,14.0,66.0,951.0,59.0,40.0,24.0,570.0,32.0,13.0,27.0,31.0,109.0,15.0,2.0,0.0,14.0,2.0,7.0,92.0,25000.0,0.0,0.0,178.0,107,19,False,True,False,True
27.0,2256.0,0.0,2.0,0.6,1.6,13.0,4.0,1121.0,1364.0,19.0,15.0,9.0,106.0,1627.0,28.0,8.0,8.0,1011.0,62.0,15.0,32.0,84.0,75.0,30.0,5.0,0.0,31.0,0.0,2.0,42.0,6000000.0,44.0,10.0,180.0,27,35,False,False,False,True
26.0,2254.0,1.0,3.0,0.8,2.2,14.0,4.0,872.0,1057.0,14.0,23.0,7.0,80.0,1289.0,17.0,3.0,10.0,814.0,38.0,27.0,16.0,53.0,107.0,19.0,3.0,0.0,24.0,0.0,6.0,30.0,20000000.0,138.0,10.0,184.0,99,10,False,True,True,False
27.0,2250.0,9.0,3.0,6.8,2.4,39.0,13.0,371.0,505.0,15.0,10.0,3.0,28.0,729.0,31.0,9.0,30.0,532.0,25.0,4.0,17.0,15.0,48.0,32.0,4.0,1.0,14.0,6.0,1.0,10.0,25000000.0,31.0,7.0,181.0,25,3,True,False,True,False
27.0,2247.0,15.0,5.0,9.5,7.1,81.0,32.0,684.0,944.0,61.0,43.0,13.0,73.0,1274.0,142.0,37.0,51.0,974.0,32.0,3.0,35.0,5.0,69.0,17.0,4.0,0.0,31.0,2.0,5.0,124.0,60000000.0,36.0,9.0,174.0,36,4,False,True,False,True
21.0,2244.0,2.0,1.0,1.1,1.4,21.0,8.0,904.0,1121.0,23.0,11.0,1.0,118.0,1418.0,14.0,20.0,23.0,848.0,84.0,29.0,13.0,36.0,144.0,34.0,4.0,1.0,46.0,3.0,5.0,27.0,30000000.0,0.0,0.0,177.0,52,3,False,True,False,True
22.0,2238.0,3.0,2.0,1.9,0.6,23.0,6.0,1109.0,1412.0,6.0,3.0,1.0,59.0,1710.0,7.0,3.0,2.0,1022.0,47.0,32.0,16.0,146.0,95.0,77.0,6.0,0.0,21.0,0.0,3.0,9.0,8000000.0,48.0,7.0,188.0,24,3,False,False,True,False
22.0,2233.0,6.0,2.0,5.1,2.9,55.0,18.0,343.0,508.0,21.0,12.0,2.0,48.0,837.0,27.0,24.0,52.0,547.0,31.0,2.0,16.0,16.0,73.0,53.0,5.0,1.0,46.0,8.0,1.0,10.0,5000000.0,12.0,1.0,183.0,85,9,False,True,True,False
29.0,2231.0,6.0,3.0,8.9,6.6,57.0,20.0,520.0,736.0,40.0,33.0,0.0,114.0,1016.0,51.0,12.0,23.0,709.0,33.0,10.0,30.0,20.0,88.0,19.0,4.0,0.0,31.0,0.0,7.0,23.0,15000000.0,14.0,2.0,172.0,35,15,False,True,False,True
29.0,2231.0,1.0,2.0,1.4,1.4,13.0,2.0,1153.0,1303.0,22.0,18.0,0.0,105.0,1544.0,17.0,11.0,7.0,1047.0,40.0,31.0,20.0,45.0,105.0,19.0,6.0,0.0,22.0,1.0,4.0,3.0,7500000.0,63.0,11.0,185.0,50,2,False,True,False,True
24.0,2230.0,2.0,4.0,2.6,1.7,29.0,9.0,619.0,912.0,25.0,18.0,6.0,70.0,1187.0,53.0,14.0,21.0,635.0,37.0,22.0,32.0,59.0,98.0,41.0,6.0,0.0,27.0,1.0,6.0,102.0,3000000.0,0.0,0.0,183.0,85,9,False,False,True,False
33.0,2227.0,0.0,1.0,0.4,1.3,3.0,0.0,1339.0,1506.0,16.0,24.0,14.0,112.0,1710.0,52.0,17.0,10.0,1036.0,50.0,40.0,14.0,62.0,102.0,5.0,7.0,0.0,21.0,0.0,2.0,47.0,900000.0,0.0,0.0,174.0,16,3,False,False,False,True
21.0,2225.0,1.0,2.0,2.9,2.8,40.0,5.0,849.0,1068.0,33.0,31.0,3.0,116.0,1367.0,82.0,43.0,42.0,966.0,37.0,15.0,30.0,18.0,154.0,18.0,2.0,0.0,43.0,2.0,11.0,30.0,15000000.0,0.0,0.0,187.0,5,2,False,True,True,False
25.0,2224.0,4.0,0.0,3.4,1.1,55.0,17.0,911.0,1144.0,17.0,23.0,2.0,156.0,1456.0,36.0,11.0,19.0,1030.0,54.0,27.0,21.0,53.0,126.0,31.0,6.0,2.0,31.0,1.0,12.0,20.0,15000000.0,0.0,0.0,189.0,16,2,False,True,True,False
26.0,2224.0,0.0,0.0,0.4,0.6,3.0,1.0,1091.0,1193.0,18.0,5.0,0.0,124.0,1384.0,29.0,11.0,16.0,892.0,50.0,21.0,8.0,38.0,126.0,28.0,6.0,0.0,31.0,0.0,0.0,3.0,25000000.0,26.0,5.0,195.0,416,43,False,True,False,True
30.0,2223.0,1.0,4.0,2.8,3.5,31.0,5.0,699.0,854.0,31.0,29.0,8.0,103.0,1072.0,32.0,20.0,29.0,744.0,33.0,14.0,17.0,18.0,100.0,17.0,7.0,0.0,43.0,5.0,1.0,60.0,16000000.0,31.0,7.0,178.0,77,35,False,True,True,False
34.0,2223.0,1.0,6.0,3.2,3.5,27.0,7.0,1525.0,1703.0,44.0,23.0,2.0,127.0,1892.0,64.0,17.0,25.0,1480.0,25.0,13.0,21.0,23.0,116.0,14.0,1.0,0.0,15.0,1.0,5.0,60.0,5000000.0,8.0,1.0,180.0,242,10,False,True,False,True
24.0,2221.0,2.0,3.0,0.7,2.6,17.0,6.0,1476.0,1667.0,34.0,31.0,9.0,111.0,1911.0,78.0,27.0,21.0,1364.0,46.0,16.0,39.0,34.0,116.0,6.0,4.0,0.0,28.0,2.0,1.0,66.0,35000000.0,72.0,16.0,182.0,19,9,False,False,False,False
29.0,2220.0,0.0,0.0,0.1,0.3,5.0,1.0,1193.0,1369.0,7.0,10.0,0.0,98.0,1692.0,14.0,8.0,9.0,1025.0,54.0,29.0,10.0,115.0,107.0,48.0,3.0,0.0,25.0,1.0,4.0,12.0,2500000.0,40.0,5.0,192.0,130,10,False,False,False,True
23.0,2220.0,10.0,5.0,12.3,4.3,76.0,34.0,303.0,399.0,28.0,10.0,1.0,38.0,687.0,47.0,18.0,41.0,514.0,22.0,3.0,15.0,15.0,48.0,21.0,7.0,1.0,35.0,9.0,2.0,3.0,50000000.0,114.0,10.0,187.0,4,17,True,False,False,True
21.0,2213.0,0.0,2.0,0.2,0.6,9.0,0.0,771.0,936.0,7.0,8.0,3.0,61.0,1172.0,15.0,6.0,9.0,639.0,50.0,22.0,16.0,64.0,99.0,27.0,0.0,0.0,16.0,0.0,5.0,14.0,5000000.0,106.0,14.0,189.0,165,10,False,False,False,True
23.0,2210.0,4.0,2.0,5.2,2.1,54.0,24.0,610.0,796.0,35.0,24.0,10.0,46.0,1084.0,95.0,44.0,31.0,805.0,16.0,10.0,32.0,21.0,68.0,13.0,5.0,0.0,23.0,8.0,4.0,110.0,20000000.0,16.0,4.0,181.0,28,21,True,False,True,False
25.0,2206.0,7.0,4.0,6.6,4.0,57.0,17.0,363.0,552.0,30.0,12.0,1.0,59.0,849.0,23.0,16.0,24.0,607.0,23.0,8.0,22.0,32.0,63.0,73.0,7.0,0.0,50.0,7.0,2.0,11.0,5500000.0,141.0,12.0,191.0,60,10,False,True,False,True
24.0,2205.0,1.0,0.0,1.3,0.3,10.0,4.0,962.0,1121.0,5.0,2.0,0.0,69.0,1404.0,11.0,4.0,2.0,851.0,40.0,21.0,4.0,148.0,61.0,83.0,5.0,0.0,16.0,1.0,2.0,1.0,18000000.0,65.0,9.0,193.0,80,4,False,False,True,False
28.0,2204.0,10.0,5.0,7.2,2.8,44.0,15.0,768.0,998.0,23.0,26.0,4.0,104.0,1271.0,28.0,8.0,10.0,834.0,49.0,18.0,22.0,42.0,114.0,34.0,10.0,0.0,38.0,4.0,4.0,23.0,14000000.0,44.0,7.0,187.0,303,21,False,True,False,True
29.0,2203.0,1.0,0.0,1.0,0.8,11.0,4.0,634.0,850.0,7.0,7.0,0.0,74.0,1058.0,18.0,5.0,18.0,542.0,39.0,33.0,14.0,43.0,124.0,29.0,8.0,0.0,28.0,3.0,6.0,10.0,1800000.0,99.0,13.0,183.0,85,9,False,True,False,True
27.0,2201.0,9.0,3.0,10.1,2.9,59.0,24.0,255.0,361.0,14.0,9.0,0.0,47.0,655.0,31.0,17.0,51.0,459.0,18.0,1.0,15.0,23.0,38.0,46.0,0.0,0.0,36.0,2.0,2.0,4.0,40000000.0,73.0,14.0,186.0,14,4,True,False,False,True
27.0,2200.0,14.0,4.0,9.9,4.4,64.0,27.0,412.0,559.0,39.0,27.0,4.0,53.0,830.0,62.0,24.0,29.0,612.0,18.0,3.0,12.0,15.0,71.0,45.0,1.0,0.0,30.0,9.0,2.0,13.0,75000000.0,64.0,13.0,192.0,5,2,True,False,False,True
20.0,2199.0,6.0,2.0,7.3,4.5,84.0,29.0,649.0,823.0,37.0,25.0,5.0,56.0,1159.0,141.0,26.0,48.0,888.0,30.0,13.0,54.0,11.0,108.0,3.0,3.0,0.0,12.0,6.0,1.0,56.0,45000000.0,0.0,0.0,180.0,8,1,True,False,False,True
24.0,2194.0,5.0,2.0,2.5,2.7,37.0,17.0,691.0,843.0,44.0,33.0,11.0,71.0,1035.0,130.0,37.0,23.0,784.0,22.0,13.0,16.0,12.0,92.0,3.0,2.0,0.0,12.0,4.0,3.0,79.0,25000000.0,81.0,9.0,178.0,40,4,False,True,False,True
24.0,2192.0,0.0,0.0,0.7,0.2,8.0,1.0,1266.0,1404.0,2.0,5.0,0.0,97.0,1673.0,27.0,12.0,3.0,1109.0,37.0,18.0,8.0,121.0,97.0,48.0,3.0,1.0,28.0,0.0,1.0,2.0,10000000.0,76.0,7.0,190.0,100,31,False,False,False,True
23.0,2191.0,0.0,1.0,0.3,0.3,8.0,1.0,989.0,1157.0,4.0,3.0,3.0,51.0,1412.0,9.0,5.0,5.0,925.0,60.0,27.0,16.0,106.0,62.0,38.0,5.0,0.0,29.0,0.0,7.0,15.0,2800000.0,110.0,15.0,187.0,70,9,False,False,True,False
23.0,2191.0,1.0,2.0,1.3,0.9,16.0,3.0,1170.0,1352.0,15.0,7.0,0.0,126.0,1601.0,21.0,11.0,18.0,1068.0,57.0,28.0,11.0,48.0,117.0,37.0,6.0,0.0,25.0,3.0,5.0,3.0,10000000.0,12.0,2.0,186.0,110,1,False,True,False,True
28.0,2190.0,0.0,1.0,0.6,1.3,9.0,1.0,1148.0,1292.0,10.0,10.0,4.0,77.0,1596.0,16.0,10.0,3.0,1063.0,42.0,32.0,2.0,162.0,73.0,41.0,4.0,2.0,24.0,0.0,3.0,12.0,3000000.0,0.0,0.0,193.0,211,2,False,False,False,True
33.0,2189.0,1.0,5.0,1.4,4.7,15.0,3.0,1415.0,1624.0,33.0,29.0,2.0,99.0,1850.0,37.0,19.0,13.0,1331.0,58.0,17.0,27.0,35.0,83.0,6.0,4.0,0.0,29.0,2.0,5.0,63.0,3000000.0,47.0,9.0,173.0,3,3,False,False,False,True
20.0,2189.0,0.0,4.0,0.4,4.3,11.0,1.0,1300.0,1592.0,34.0,17.0,5.0,123.0,1820.0,41.0,11.0,20.0,1094.0,58.0,18.0,27.0,75.0,119.0,30.0,3.0,0.0,9.0,1.0,5.0,110.0,32000000.0,125.0,13.0,179.0,43,4,False,False,True,False
27.0,2188.0,3.0,4.0,2.0,2.2,18.0,7.0,975.0,1205.0,20.0,18.0,4.0,88.0,1464.0,59.0,19.0,8.0,844.0,34.0,25.0,30.0,57.0,122.0,17.0,6.0,0.0,9.0,1.0,2.0,25.0,14000000.0,60.0,9.0,185.0,96,21,False,False,False,True
23.0,2185.0,1.0,0.0,0.8,0.1,10.0,2.0,966.0,1177.0,5.0,1.0,0.0,57.0,1513.0,10.0,3.0,11.0,919.0,51.0,37.0,22.0,136.0,93.0,67.0,8.0,0.0,38.0,1.0,3.0,8.0,5000000.0,1.0,1.0,188.0,130,5,False,False,False,True
20.0,2182.0,2.0,3.0,1.3,4.6,30.0,7.0,798.0,1063.0,42.0,31.0,6.0,128.0,1268.0,73.0,34.0,38.0,851.0,50.0,6.0,26.0,10.0,92.0,19.0,4.0,0.0,30.0,3.0,5.0,89.0,28000000.0,0.0,0.0,180.0,175,8,True,False,False,True
22.0,2181.0,14.0,10.0,13.4,10.1,74.0,38.0,749.0,917.0,50.0,51.0,4.0,96.0,1278.0,137.0,34.0,20.0,1019.0,27.0,19.0,22.0,12.0,67.0,14.0,2.0,0.0,30.0,2.0,4.0,25.0,70000000.0,16.0,4.0,182.0,12,2,True,False,False,True
28.0,2177.0,9.0,3.0,7.1,4.2,39.0,19.0,494.0,591.0,26.0,7.0,0.0,51.0,802.0,23.0,17.0,34.0,618.0,22.0,6.0,13.0,16.0,55.0,21.0,2.0,0.0,23.0,2.0,2.0,2.0,15000000.0,91.0,21.0,180.0,28,2,False,True,False,True
23.0,2177.0,11.0,3.0,10.4,2.3,54.0,20.0,449.0,638.0,19.0,35.0,6.0,71.0,853.0,60.0,19.0,17.0,626.0,39.0,4.0,41.0,14.0,63.0,7.0,5.0,0.0,27.0,5.0,2.0,53.0,40000000.0,57.0,12.0,186.0,14,4,True,False,False,True
23.0,2175.0,1.0,1.0,0.3,0.6,9.0,4.0,1122.0,1265.0,5.0,3.0,1.0,52.0,1514.0,12.0,2.0,8.0,994.0,35.0,28.0,0.0,123.0,75.0,65.0,5.0,1.0,19.0,1.0,4.0,2.0,9000000.0,53.0,7.0,188.0,30,5,False,False,True,False
26.0,2172.0,4.0,7.0,5.4,3.6,59.0,24.0,684.0,898.0,32.0,34.0,12.0,95.0,1186.0,51.0,25.0,44.0,809.0,22.0,9.0,28.0,28.0,123.0,19.0,4.0,0.0,19.0,3.0,5.0,61.0,12000000.0,113.0,3.0,178.0,71,10,True,False,False,True
25.0,2171.0,0.0,0.0,0.3,0.4,7.0,0.0,1073.0,1234.0,11.0,16.0,3.0,105.0,1441.0,34.0,27.0,22.0,1013.0,37.0,27.0,15.0,34.0,140.0,21.0,8.0,0.0,24.0,2.0,3.0,10.0,12000000.0,12.0,3.0,188.0,46,2,False,True,False,True
25.0,2166.0,11.0,2.0,8.6,1.3,48.0,16.0,296.0,428.0,14.0,3.0,0.0,28.0,634.0,13.0,7.0,32.0,471.0,13.0,10.0,15.0,11.0,46.0,59.0,5.0,0.0,38.0,5.0,1.0,7.0,14000000.0,76.0,8.0,177.0,110,3,True,False,True,False
26.0,2165.0,1.0,0.0,1.0,0.8,7.0,4.0,738.0,921.0,13.0,24.0,12.0,73.0,1153.0,32.0,13.0,12.0,637.0,55.0,13.0,24.0,85.0,54.0,21.0,5.0,0.0,23.0,2.0,2.0,37.0,2500000.0,30.0,4.0,180.0,138,2,False,False,False,True
27.0,2163.0,0.0,6.0,0.8,3.8,7.0,4.0,994.0,1248.0,40.0,38.0,12.0,109.0,1484.0,42.0,25.0,14.0,889.0,59.0,36.0,27.0,40.0,125.0,13.0,0.0,0.0,32.0,2.0,3.0,78.0,4000000.0,25.0,4.0,178.0,1389,50,False,False,True,False
36.0,2162.0,4.0,7.0,2.8,3.1,31.0,10.0,498.0,715.0,33.0,17.0,6.0,78.0,971.0,37.0,16.0,46.0,611.0,49.0,12.0,17.0,30.0,70.0,27.0,5.0,0.0,51.0,3.0,4.0,116.0,800000.0,0.0,0.0,178.0,224,3,True,False,False,True
26.0,2161.0,0.0,0.0,0.5,0.2,4.0,3.0,1324.0,1468.0,3.0,5.0,1.0,69.0,1769.0,4.0,6.0,7.0,1101.0,62.0,34.0,6.0,130.0,141.0,46.0,10.0,2.0,26.0,0.0,3.0,2.0,12000000.0,113.0,16.0,187.0,303,22,False,False,True,False
24.0,2156.0,4.0,2.0,6.0,2.1,53.0,17.0,310.0,441.0,20.0,11.0,4.0,29.0,751.0,21.0,21.0,61.0,520.0,13.0,7.0,17.0,27.0,59.0,29.0,10.0,1.0,38.0,5.0,5.0,18.0,6000000.0,40.0,6.0,183.0,24,3,True,False,True,False
25.0,2152.0,2.0,0.0,1.1,0.2,14.0,4.0,1316.0,1443.0,2.0,3.0,1.0,74.0,1635.0,13.0,1.0,1.0,1214.0,21.0,15.0,6.0,103.0,69.0,47.0,4.0,0.0,20.0,1.0,4.0,2.0,14000000.0,55.0,5.0,185.0,6,9,False,False,False,True
25.0,2151.0,1.0,0.0,0.6,1.1,10.0,3.0,1003.0,1109.0,15.0,12.0,0.0,66.0,1339.0,29.0,8.0,17.0,945.0,49.0,32.0,13.0,51.0,83.0,17.0,12.0,0.0,50.0,0.0,1.0,4.0,13000000.0,44.0,7.0,178.0,198,4,False,True,False,True
28.0,2151.0,1.0,0.0,1.5,0.5,11.0,3.0,1174.0,1298.0,3.0,2.0,0.0,55.0,1523.0,11.0,2.0,6.0,1100.0,27.0,10.0,3.0,120.0,82.0,54.0,8.0,0.0,35.0,0.0,1.0,1.0,40000000.0,68.0,17.0,187.0,10,2,False,False,False,True
26.0,2150.0,0.0,3.0,0.3,0.9,7.0,0.0,1051.0,1183.0,8.0,14.0,3.0,92.0,1367.0,11.0,10.0,24.0,957.0,42.0,17.0,11.0,28.0,109.0,4.0,4.0,1.0,27.0,1.0,3.0,7.0,3500000.0,25.0,4.0,187.0,844,2,False,True,False,True
21.0,2150.0,10.0,6.0,5.1,6.3,50.0,23.0,944.0,1201.0,51.0,60.0,4.0,140.0,1557.0,85.0,33.0,55.0,1112.0,28.0,12.0,25.0,19.0,128.0,19.0,5.0,0.0,24.0,11.0,8.0,79.0,70000000.0,70.0,15.0,179.0,14,7,False,True,False,True
23.0,2144.0,3.0,1.0,2.0,0.9,19.0,7.0,950.0,1109.0,9.0,4.0,0.0,71.0,1427.0,19.0,26.0,23.0,890.0,55.0,48.0,21.0,64.0,138.0,29.0,4.0,0.0,38.0,0.0,2.0,3.0,25000000.0,99.0,21.0,186.0,10,9,False,True,False,True
28.0,2144.0,6.0,4.0,3.6,1.4,29.0,9.0,1062.0,1175.0,16.0,23.0,2.0,113.0,1425.0,27.0,21.0,23.0,972.0,41.0,34.0,8.0,39.0,165.0,18.0,5.0,0.0,32.0,1.0,2.0,7.0,30000000.0,131.0,20.0,190.0,35,20,False,True,False,True
29.0,2144.0,1.0,3.0,0.7,3.2,12.0,2.0,826.0,1205.0,45.0,25.0,13.0,117.0,1427.0,36.0,19.0,16.0,769.0,27.0,24.0,46.0,51.0,82.0,8.0,2.0,0.0,19.0,3.0,12.0,115.0,3000000.0,13.0,3.0,188.0,161,10,False,False,False,True
24.0,2143.0,8.0,4.0,5.4,3.8,50.0,17.0,519.0,704.0,27.0,26.0,2.0,74.0,1021.0,132.0,37.0,46.0,825.0,26.0,9.0,28.0,4.0,89.0,14.0,4.0,0.0,23.0,15.0,2.0,44.0,35000000.0,103.0,17.0,184.0,160,17,True,False,False,True
25.0,2141.0,2.0,0.0,0.7,0.6,11.0,3.0,857.0,967.0,6.0,3.0,0.0,51.0,1224.0,13.0,13.0,9.0,762.0,57.0,29.0,7.0,110.0,90.0,37.0,10.0,0.0,33.0,1.0,2.0,1.0,3000000.0,78.0,9.0,187.0,363,2,False,False,True,False
30.0,2140.0,4.0,1.0,1.7,1.1,21.0,6.0,999.0,1179.0,16.0,8.0,0.0,128.0,1449.0,19.0,14.0,20.0,877.0,49.0,40.0,14.0,61.0,148.0,48.0,12.0,0.0,45.0,2.0,9.0,4.0,2000000.0,0.0,0.0,186.0,235,17,False,False,False,True
27.0,2140.0,4.0,7.0,3.3,6.1,55.0,20.0,973.0,1275.0,48.0,40.0,19.0,83.0,1475.0,47.0,4.0,10.0,1007.0,25.0,14.0,29.0,33.0,76.0,7.0,3.0,0.0,18.0,2.0,7.0,188.0,50000000.0,56.0,12.0,175.0,5,9,False,False,True,False
23.0,2137.0,0.0,1.0,0.2,0.1,5.0,1.0,957.0,1107.0,3.0,4.0,1.0,65.0,1338.0,14.0,4.0,3.0,833.0,43.0,18.0,14.0,94.0,87.0,37.0,3.0,0.0,21.0,0.0,3.0,7.0,4000000.0,0.0,0.0,191.0,563,22,False,False,False,False
28.0,2135.0,1.0,1.0,2.0,0.4,12.0,3.0,1400.0,1522.0,5.0,2.0,0.0,55.0,1827.0,20.0,0.0,1.0,1152.0,38.0,30.0,9.0,163.0,89.0,46.0,1.0,0.0,9.0,0.0,3.0,1.0,8000000.0,74.0,13.0,189.0,71,20,False,False,False,True
22.0,2135.0,3.0,0.0,2.1,0.2,13.0,7.0,1116.0,1289.0,3.0,3.0,2.0,56.0,1551.0,10.0,6.0,8.0,938.0,33.0,25.0,10.0,118.0,114.0,74.0,6.0,0.0,43.0,1.0,3.0,4.0,22000000.0,98.0,17.0,191.0,6,8,False,False,False,True
21.0,2132.0,1.0,1.0,1.7,1.5,34.0,11.0,843.0,984.0,20.0,19.0,2.0,119.0,1305.0,34.0,15.0,25.0,905.0,68.0,14.0,7.0,33.0,108.0,24.0,9.0,1.0,32.0,4.0,4.0,6.0,6000000.0,16.0,5.0,185.0,66,3,False,True,False,True
23.0,2132.0,0.0,1.0,0.3,0.3,4.0,1.0,1865.0,1968.0,3.0,1.0,0.0,53.0,2223.0,3.0,2.0,4.0,1697.0,56.0,40.0,7.0,91.0,119.0,29.0,2.0,0.0,20.0,0.0,2.0,0.0,65000000.0,0.0,0.0,187.0,12,24,False,False,True,False
32.0,2128.0,0.0,1.0,0.2,2.1,5.0,2.0,903.0,1179.0,13.0,25.0,7.0,108.0,1486.0,51.0,20.0,18.0,824.0,71.0,29.0,43.0,89.0,90.0,27.0,2.0,0.0,37.0,0.0,4.0,52.0,800000.0,100.0,16.0,179.0,498,2,False,False,False,True
22.0,2124.0,1.0,2.0,0.5,2.7,10.0,5.0,768.0,1084.0,24.0,28.0,14.0,79.0,1349.0,59.0,9.0,12.0,756.0,51.0,21.0,33.0,70.0,91.0,24.0,4.0,1.0,22.0,1.0,3.0,78.0,5000000.0,0.0,0.0,183.0,119,7,False,False,False,True
25.0,2123.0,2.0,0.0,2.5,0.3,18.0,9.0,1241.0,1380.0,6.0,2.0,1.0,55.0,1608.0,7.0,2.0,3.0,1158.0,30.0,33.0,11.0,96.0,68.0,58.0,3.0,0.0,16.0,0.0,3.0,6.0,38000000.0,125.0,30.0,189.0,41,7,False,False,False,True
29.0,2117.0,2.0,3.0,1.8,3.5,33.0,12.0,837.0,1056.0,41.0,33.0,5.0,137.0,1376.0,34.0,23.0,25.0,777.0,54.0,30.0,19.0,51.0,182.0,20.0,9.0,0.0,43.0,2.0,6.0,48.0,10000000.0,147.0,11.0,178.0,267,35,False,True,True,False
27.0,2117.0,5.0,4.0,1.8,2.4,30.0,10.0,613.0,768.0,32.0,24.0,4.0,94.0,983.0,53.0,24.0,42.0,713.0,37.0,9.0,19.0,15.0,93.0,27.0,0.0,0.0,28.0,3.0,4.0,26.0,8000000.0,163.0,20.0,179.0,98,13,True,False,False,True
34.0,2115.0,10.0,4.0,8.8,1.4,59.0,23.0,417.0,491.0,23.0,14.0,0.0,47.0,726.0,21.0,13.0,28.0,547.0,26.0,5.0,13.0,14.0,46.0,17.0,5.0,0.0,11.0,6.0,1.0,3.0,5000000.0,88.0,17.0,185.0,58,4,True,False,False,True
32.0,2112.0,0.0,0.0,0.8,0.7,16.0,4.0,1133.0,1332.0,11.0,10.0,2.0,127.0,1594.0,18.0,3.0,3.0,1086.0,44.0,25.0,11.0,122.0,73.0,64.0,4.0,0.0,29.0,0.0,4.0,10.0,4000000.0,75.0,8.0,180.0,90,2,False,False,False,True
19.0,2110.0,1.0,0.0,0.5,0.6,5.0,2.0,1085.0,1266.0,7.0,4.0,0.0,75.0,1533.0,14.0,0.0,4.0,982.0,43.0,29.0,10.0,113.0,86.0,63.0,5.0,0.0,24.0,0.0,3.0,3.0,25000000.0,42.0,3.0,185.0,94,9,False,False,False,True
31.0,2110.0,1.0,0.0,0.1,0.1,2.0,1.0,704.0,852.0,2.0,1.0,0.0,59.0,1128.0,1.0,1.0,0.0,626.0,25.0,21.0,4.0,165.0,50.0,39.0,3.0,0.0,15.0,1.0,3.0,0.0,800000.0,0.0,0.0,187.0,107,32,False,False,True,False
26.0,2109.0,9.0,2.0,4.7,1.2,59.0,22.0,543.0,655.0,21.0,21.0,5.0,61.0,994.0,59.0,42.0,50.0,727.0,41.0,15.0,16.0,8.0,72.0,14.0,4.0,0.0,26.0,11.0,0.0,21.0,12000000.0,0.0,0.0,176.0,161,2,True,False,False,True
32.0,2109.0,2.0,1.0,1.0,1.5,10.0,3.0,1078.0,1302.0,12.0,15.0,1.0,79.0,1534.0,29.0,11.0,5.0,982.0,38.0,22.0,14.0,102.0,106.0,56.0,6.0,0.0,18.0,1.0,4.0,22.0,2000000.0,0.0,0.0,185.0,119,60,False,False,False,True
24.0,2109.0,18.0,2.0,13.2,3.1,70.0,28.0,379.0,523.0,20.0,16.0,4.0,42.0,788.0,32.0,16.0,33.0,562.0,15.0,1.0,24.0,14.0,73.0,20.0,0.0,0.0,23.0,4.0,1.0,27.0,35000000.0,126.0,19.0,183.0,50,10,True,False,False,True
29.0,2108.0,0.0,3.0,1.1,3.1,22.0,1.0,737.0,970.0,33.0,15.0,3.0,87.0,1203.0,20.0,5.0,30.0,659.0,66.0,22.0,11.0,28.0,121.0,19.0,11.0,0.0,65.0,5.0,8.0,71.0,7000000.0,8.0,1.0,185.0,56,4,False,True,True,False
22.0,2107.0,6.0,4.0,6.5,4.9,28.0,12.0,643.0,812.0,37.0,39.0,2.0,126.0,992.0,53.0,19.0,15.0,690.0,20.0,7.0,13.0,18.0,71.0,3.0,1.0,0.0,9.0,1.0,2.0,66.0,18000000.0,0.0,0.0,178.0,86,27,True,False,False,True
29.0,2106.0,0.0,1.0,1.1,0.1,12.0,3.0,1098.0,1283.0,1.0,3.0,0.0,62.0,1558.0,7.0,1.0,0.0,1003.0,33.0,36.0,8.0,129.0,73.0,48.0,6.0,1.0,30.0,1.0,1.0,3.0,4000000.0,185.0,25.0,190.0,303,10,False,False,False,True
30.0,2106.0,3.0,5.0,1.3,5.6,19.0,4.0,1449.0,1773.0,42.0,58.0,13.0,231.0,1950.0,85.0,14.0,24.0,1544.0,33.0,6.0,28.0,15.0,128.0,4.0,7.0,0.0,19.0,2.0,12.0,59.0,20000000.0,18.0,4.0,180.0,1479,1,False,True,False,True
30.0,2105.0,3.0,0.0,0.4,0.7,7.0,1.0,1705.0,1905.0,8.0,5.0,0.0,116.0,2156.0,20.0,15.0,10.0,1582.0,50.0,20.0,10.0,89.0,113.0,45.0,4.0,1.0,25.0,1.0,3.0,11.0,7000000.0,72.0,13.0,186.0,23,10,False,False,False,True
26.0,2104.0,5.0,2.0,5.1,1.8,42.0,11.0,412.0,569.0,22.0,19.0,6.0,47.0,820.0,53.0,13.0,29.0,605.0,13.0,9.0,24.0,27.0,61.0,60.0,3.0,0.0,30.0,7.0,1.0,38.0,4000000.0,83.0,12.0,180.0,70,6,False,True,False,True
26.0,2099.0,0.0,0.0,1.6,3.7,21.0,9.0,738.0,992.0,33.0,25.0,13.0,107.0,1198.0,25.0,4.0,8.0,727.0,70.0,11.0,21.0,20.0,91.0,15.0,8.0,0.0,34.0,0.0,5.0,107.0,7000000.0,21.0,2.0,182.0,131,3,False,True,False,True
33.0,2099.0,2.0,1.0,1.2,0.2,18.0,5.0,945.0,1163.0,4.0,5.0,1.0,68.0,1483.0,7.0,7.0,5.0,903.0,33.0,33.0,8.0,148.0,88.0,50.0,2.0,0.0,15.0,0.0,7.0,1.0,1000000.0,188.0,35.0,184.0,30,3,False,False,False,True
22.0,2096.0,2.0,0.0,2.5,1.2,29.0,9.0,599.0,756.0,15.0,18.0,5.0,97.0,1014.0,44.0,13.0,24.0,627.0,60.0,26.0,15.0,32.0,113.0,10.0,4.0,0.0,42.0,10.0,6.0,36.0,5000000.0,9.0,1.0,174.0,80,2,True,False,True,False
24.0,2096.0,1.0,2.0,1.9,1.5,17.0,5.0,1252.0,1452.0,7.0,11.0,1.0,118.0,1703.0,35.0,6.0,7.0,1091.0,37.0,43.0,8.0,110.0,138.0,51.0,4.0,0.0,36.0,0.0,6.0,10.0,25000000.0,26.0,6.0,190.0,242,40,False,False,False,True
23.0,2084.0,0.0,0.0,0.2,1.7,5.0,0.0,1115.0,1348.0,20.0,27.0,3.0,140.0,1607.0,17.0,4.0,8.0,1025.0,53.0,31.0,21.0,76.0,125.0,24.0,2.0,0.0,27.0,0.0,6.0,46.0,18000000.0,15.0,4.0,180.0,21,22,False,True,False,True
33.0,2083.0,0.0,0.0,0.8,0.5,12.0,3.0,1778.0,1953.0,6.0,6.0,0.0,142.0,2127.0,20.0,0.0,3.0,1556.0,17.0,13.0,7.0,79.0,104.0,51.0,5.0,0.0,7.0,0.0,4.0,5.0,6000000.0,62.0,10.0,192.0,58,4,False,False,False,True
29.0,2080.0,3.0,1.0,3.4,1.2,23.0,11.0,547.0,737.0,17.0,11.0,3.0,79.0,940.0,27.0,8.0,17.0,587.0,40.0,14.0,18.0,16.0,86.0,47.0,6.0,0.0,35.0,1.0,5.0,17.0,3000000.0,9.0,2.0,179.0,299,3,False,True,True,False
26.0,2078.0,1.0,3.0,1.2,1.8,11.0,2.0,975.0,1119.0,17.0,18.0,1.0,134.0,1358.0,19.0,17.0,17.0,818.0,64.0,34.0,13.0,52.0,134.0,28.0,3.0,0.0,29.0,2.0,3.0,1.0,8000000.0,26.0,2.0,173.0,48,7,False,True,False,True
23.0,2070.0,7.0,7.0,7.3,6.0,48.0,20.0,754.0,995.0,39.0,53.0,9.0,140.0,1238.0,108.0,43.0,50.0,1008.0,13.0,3.0,26.0,9.0,78.0,36.0,1.0,0.0,22.0,3.0,7.0,56.0,35000000.0,61.0,14.0,192.0,36,8,False,True,True,False
27.0,2070.0,1.0,1.0,0.5,1.1,13.0,6.0,732.0,945.0,10.0,10.0,5.0,42.0,1186.0,48.0,19.0,10.0,654.0,56.0,23.0,21.0,70.0,81.0,20.0,7.0,0.0,27.0,0.0,2.0,40.0,25000000.0,138.0,28.0,185.0,77,4,False,False,False,True
32.0,2067.0,4.0,2.0,2.2,2.1,39.0,12.0,986.0,1192.0,23.0,37.0,23.0,107.0,1416.0,67.0,12.0,17.0,889.0,26.0,11.0,23.0,32.0,89.0,9.0,3.0,0.0,19.0,0.0,4.0,95.0,5000000.0,52.0,12.0,182.0,36,9,False,False,False,True
26.0,2066.0,4.0,6.0,2.9,6.2,32.0,12.0,1898.0,2140.0,50.0,37.0,9.0,183.0,2371.0,93.0,26.0,15.0,1817.0,48.0,31.0,32.0,18.0,136.0,9.0,4.0,0.0,19.0,3.0,3.0,80.0,80000000.0,0.0,0.0,181.0,12,3,False,False,False,True
27.0,2062.0,2.0,1.0,2.4,1.6,22.0,6.0,883.0,994.0,21.0,10.0,1.0,100.0,1197.0,23.0,10.0,9.0,827.0,25.0,28.0,11.0,26.0,110.0,24.0,5.0,0.0,23.0,3.0,2.0,9.0,7500000.0,140.0,23.0,184.0,24,17,False,True,False,True
30.0,2058.0,7.0,2.0,7.3,2.2,52.0,16.0,295.0,487.0,26.0,6.0,0.0,30.0,733.0,23.0,9.0,26.0,550.0,7.0,7.0,19.0,43.0,49.0,135.0,1.0,2.0,29.0,4.0,4.0,10.0,5000000.0,111.0,19.0,194.0,224,65,True,False,True,False
31.0,2058.0,0.0,2.0,0.1,1.9,6.0,1.0,825.0,1204.0,18.0,31.0,12.0,88.0,1428.0,36.0,4.0,4.0,759.0,58.0,22.0,28.0,65.0,92.0,16.0,3.0,0.0,25.0,2.0,7.0,60.0,1400000.0,17.0,4.0,176.0,266,9,False,False,False,True
22.0,2053.0,0.0,1.0,0.4,0.1,3.0,0.0,861.0,964.0,2.0,0.0,0.0,37.0,1228.0,7.0,0.0,1.0,725.0,36.0,25.0,8.0,141.0,64.0,34.0,5.0,0.0,17.0,0.0,1.0,1.0,2400000.0,18.0,2.0,189.0,85,30,False,False,False,True
25.0,2051.0,1.0,0.0,1.4,1.4,17.0,6.0,608.0,782.0,7.0,10.0,4.0,64.0,1044.0,25.0,5.0,6.0,463.0,59.0,25.0,21.0,69.0,62.0,15.0,3.0,1.0,14.0,1.0,4.0,27.0,3500000.0,0.0,0.0,178.0,138,2,False,True,True,False
33.0,2051.0,15.0,2.0,11.7,3.4,53.0,31.0,393.0,547.0,26.0,25.0,4.0,66.0,742.0,24.0,14.0,20.0,572.0,13.0,8.0,20.0,7.0,28.0,16.0,5.0,0.0,48.0,3.0,4.0,17.0,6000000.0,44.0,6.0,175.0,45,2,True,False,False,True
18.0,2050.0,1.0,2.0,1.7,1.4,17.0,7.0,1557.0,1677.0,18.0,9.0,1.0,135.0,1908.0,49.0,20.0,32.0,1506.0,51.0,23.0,22.0,20.0,136.0,9.0,3.0,0.0,25.0,0.0,2.0,9.0,55000000.0,45.0,12.0,178.0,12,2,False,False,False,True
22.0,2048.0,2.0,1.0,1.4,0.9,20.0,5.0,582.0,725.0,8.0,12.0,1.0,89.0,992.0,25.0,18.0,21.0,596.0,68.0,18.0,30.0,25.0,89.0,20.0,3.0,0.0,51.0,1.0,1.0,16.0,6000000.0,101.0,17.0,176.0,138,2,False,True,False,True
28.0,2047.0,0.0,1.0,0.0,1.4,3.0,0.0,810.0,1020.0,17.0,20.0,10.0,70.0,1249.0,39.0,8.0,14.0,686.0,52.0,27.0,20.0,83.0,81.0,31.0,3.0,0.0,38.0,1.0,4.0,55.0,1800000.0,76.0,10.0,176.0,393,86,False,False,False,True
26.0,2047.0,7.0,4.0,6.3,2.1,69.0,26.0,336.0,478.0,19.0,10.0,2.0,31.0,692.0,53.0,9.0,26.0,508.0,16.0,5.0,19.0,7.0,54.0,23.0,1.0,0.0,23.0,3.0,4.0,30.0,6000000.0,36.0,6.0,183.0,742,9,True,False,False,True
29.0,2045.0,4.0,2.0,2.1,1.4,30.0,7.0,1067.0,1296.0,18.0,17.0,0.0,145.0,1497.0,25.0,6.0,13.0,1057.0,48.0,19.0,19.0,36.0,109.0,61.0,8.0,0.0,37.0,1.0,6.0,15.0,7000000.0,69.0,13.0,186.0,27,9,False,True,False,True
27.0,2045.0,0.0,0.0,1.5,0.5,18.0,5.0,1092.0,1265.0,5.0,4.0,1.0,61.0,1532.0,17.0,9.0,0.0,1008.0,35.0,40.0,10.0,126.0,77.0,57.0,6.0,1.0,17.0,0.0,4.0,2.0,17000000.0,32.0,5.0,194.0,55,39,False,False,False,True
34.0,2044.0,0.0,2.0,0.6,2.2,16.0,4.0,1174.0,1398.0,18.0,15.0,8.0,161.0,1631.0,43.0,6.0,2.0,926.0,33.0,27.0,19.0,72.0,121.0,28.0,5.0,0.0,18.0,1.0,3.0,42.0,1400000.0,108.0,15.0,181.0,52,3,False,False,True,False
24.0,2043.0,6.0,3.0,4.5,1.4,37.0,11.0,922.0,1023.0,24.0,15.0,1.0,126.0,1223.0,53.0,16.0,18.0,940.0,31.0,11.0,18.0,16.0,75.0,6.0,3.0,0.0,19.0,2.0,3.0,16.0,30000000.0,75.0,14.0,182.0,416,4,False,True,False,True
21.0,2041.0,8.0,11.0,5.0,11.1,45.0,19.0,1079.0,1375.0,75.0,77.0,3.0,206.0,1573.0,106.0,48.0,43.0,1234.0,15.0,7.0,32.0,6.0,83.0,4.0,3.0,0.0,16.0,4.0,12.0,118.0,45000000.0,2.0,1.0,177.0,2,2,True,False,False,False
29.0,2034.0,9.0,3.0,3.3,3.4,51.0,20.0,438.0,682.0,28.0,10.0,3.0,52.0,930.0,52.0,16.0,28.0,575.0,27.0,16.0,26.0,22.0,93.0,12.0,6.0,0.0,26.0,8.0,8.0,122.0,2500000.0,45.0,8.0,174.0,720,3,True,False,False,True
22.0,2033.0,7.0,3.0,9.6,4.2,80.0,30.0,530.0,685.0,32.0,35.0,8.0,69.0,980.0,154.0,45.0,25.0,756.0,25.0,10.0,15.0,11.0,84.0,11.0,3.0,0.0,22.0,4.0,5.0,63.0,40000000.0,75.0,15.0,182.0,15,4,True,False,True,False
21.0,2029.0,0.0,0.0,0.6,0.2,12.0,4.0,633.0,807.0,6.0,3.0,3.0,57.0,1070.0,16.0,2.0,2.0,606.0,44.0,30.0,10.0,106.0,55.0,41.0,7.0,1.0,33.0,4.0,3.0,10.0,5000000.0,4.0,1.0,189.0,88,9,False,False,False,True
27.0,2026.0,2.0,0.0,0.5,0.3,11.0,5.0,1015.0,1163.0,6.0,1.0,0.0,34.0,1387.0,4.0,2.0,1.0,968.0,26.0,22.0,6.0,111.0,57.0,34.0,6.0,0.0,19.0,0.0,8.0,0.0,1500000.0,37.0,5.0,189.0,274,3,False,False,False,True
29.0,2022.0,1.0,6.0,1.3,3.2,20.0,2.0,1273.0,1478.0,15.0,19.0,5.0,128.0,1766.0,26.0,5.0,6.0,1094.0,51.0,33.0,18.0,86.0,100.0,41.0,6.0,0.0,28.0,0.0,1.0,36.0,7000000.0,123.0,21.0,187.0,23,37,False,False,True,False
28.0,2021.0,3.0,2.0,2.9,1.6,41.0,13.0,545.0,729.0,25.0,23.0,9.0,102.0,983.0,48.0,30.0,15.0,643.0,27.0,14.0,29.0,31.0,104.0,37.0,5.0,0.0,26.0,2.0,5.0,56.0,2000000.0,7.0,1.0,184.0,357,3,True,False,False,True
27.0,2020.0,0.0,0.0,0.5,0.1,8.0,2.0,1217.0,1369.0,3.0,8.0,0.0,97.0,1518.0,40.0,15.0,5.0,1090.0,21.0,10.0,4.0,75.0,62.0,18.0,2.0,0.0,8.0,0.0,4.0,3.0,32000000.0,100.0,20.0,192.0,77,3,False,False,True,False
31.0,2020.0,0.0,0.0,0.5,0.2,8.0,1.0,1668.0,1803.0,5.0,13.0,2.0,105.0,2013.0,20.0,10.0,13.0,1550.0,60.0,22.0,10.0,64.0,108.0,27.0,1.0,0.0,19.0,0.0,1.0,4.0,7000000.0,96.0,14.0,188.0,51,2,False,False,True,False
37.0,2017.0,0.0,2.0,0.4,0.4,3.0,1.0,731.0,874.0,3.0,1.0,1.0,52.0,1192.0,6.0,3.0,3.0,626.0,61.0,28.0,8.0,164.0,96.0,20.0,9.0,0.0,22.0,0.0,0.0,7.0,400000.0,0.0,0.0,189.0,138,2,False,False,True,False
26.0,2017.0,2.0,1.0,0.6,0.2,10.0,3.0,900.0,1085.0,1.0,1.0,0.0,40.0,1351.0,12.0,5.0,5.0,819.0,37.0,23.0,4.0,125.0,93.0,31.0,6.0,1.0,22.0,1.0,3.0,6.0,5000000.0,215.0,22.0,188.0,235,44,False,False,False,True
28.0,2016.0,1.0,0.0,0.8,0.2,7.0,2.0,1112.0,1217.0,4.0,3.0,1.0,51.0,1476.0,11.0,6.0,2.0,974.0,26.0,39.0,4.0,140.0,76.0,45.0,3.0,1.0,24.0,0.0,4.0,1.0,1200000.0,38.0,6.0,185.0,498,2,False,False,False,True
29.0,2014.0,0.0,0.0,1.6,0.4,15.0,2.0,1632.0,1744.0,9.0,11.0,2.0,158.0,1881.0,46.0,2.0,5.0,1483.0,19.0,9.0,6.0,64.0,103.0,30.0,3.0,0.0,17.0,0.0,1.0,11.0,28000000.0,112.0,23.0,188.0,5,20,False,False,False,True
29.0,2013.0,2.0,4.0,3.0,4.6,38.0,8.0,670.0,970.0,57.0,19.0,4.0,104.0,1148.0,29.0,14.0,22.0,676.0,24.0,8.0,26.0,17.0,100.0,13.0,7.0,0.0,28.0,4.0,4.0,171.0,18000000.0,0.0,0.0,178.0,416,5,False,True,False,True
28.0,2013.0,3.0,0.0,2.7,1.6,17.0,7.0,929.0,1046.0,16.0,4.0,1.0,75.0,1271.0,36.0,21.0,19.0,925.0,47.0,20.0,15.0,32.0,112.0,25.0,1.0,0.0,20.0,2.0,1.0,10.0,6000000.0,0.0,0.0,183.0,198,4,False,False,True,False
21.0,2011.0,1.0,0.0,0.9,0.4,12.0,4.0,2013.0,2132.0,8.0,13.0,2.0,131.0,2314.0,9.0,1.0,2.0,1847.0,38.0,21.0,6.0,63.0,115.0,45.0,6.0,0.0,22.0,0.0,5.0,3.0,25000000.0,0.0,0.0,186.0,12,5,False,False,True,False
31.0,2006.0,0.0,1.0,0.1,0.6,5.0,1.0,942.0,1201.0,10.0,17.0,6.0,109.0,1451.0,21.0,8.0,7.0,886.0,42.0,27.0,21.0,95.0,98.0,33.0,0.0,0.0,19.0,0.0,5.0,22.0,1500000.0,56.0,7.0,187.0,65,10,False,False,False,True
22.0,2005.0,7.0,4.0,8.4,5.5,62.0,20.0,367.0,612.0,35.0,26.0,11.0,43.0,959.0,79.0,39.0,32.0,577.0,35.0,11.0,22.0,51.0,92.0,45.0,3.0,0.0,16.0,1.0,3.0,88.0,28000000.0,204.0,23.0,177.0,99,66,True,False,True,False
21.0,2004.0,4.0,0.0,5.3,1.8,32.0,13.0,251.0,336.0,16.0,5.0,1.0,18.0,515.0,28.0,9.0,33.0,408.0,3.0,2.0,6.0,6.0,35.0,31.0,2.0,0.0,17.0,4.0,3.0,8.0,35000000.0,118.0,18.0,191.0,9,21,True,False,True,False
27.0,2002.0,2.0,2.0,0.6,1.6,20.0,5.0,921.0,1157.0,16.0,16.0,11.0,62.0,1419.0,51.0,11.0,14.0,842.0,36.0,22.0,45.0,71.0,95.0,9.0,8.0,1.0,26.0,0.0,5.0,71.0,5000000.0,0.0,0.0,173.0,30,2,False,False,True,False
30.0,2001.0,1.0,4.0,0.9,2.7,17.0,3.0,780.0,1031.0,24.0,28.0,22.0,61.0,1241.0,52.0,18.0,10.0,703.0,35.0,26.0,29.0,49.0,92.0,21.0,8.0,1.0,25.0,1.0,2.0,106.0,3500000.0,27.0,4.0,170.0,82,2,False,False,True,False
29.0,1999.0,0.0,1.0,0.4,0.2,5.0,1.0,1250.0,1362.0,2.0,0.0,0.0,64.0,1582.0,3.0,2.0,3.0,1094.0,26.0,27.0,4.0,115.0,78.0,38.0,5.0,0.0,13.0,0.0,1.0,0.0,20000000.0,199.0,29.0,185.0,10,3,False,False,False,True
23.0,1997.0,4.0,4.0,3.3,3.4,27.0,9.0,410.0,597.0,26.0,13.0,7.0,41.0,814.0,71.0,22.0,30.0,526.0,37.0,7.0,25.0,35.0,83.0,9.0,5.0,0.0,28.0,9.0,1.0,85.0,4000000.0,77.0,8.0,178.0,80,2,False,True,False,True
22.0,1996.0,5.0,5.0,4.2,3.5,54.0,19.0,497.0,705.0,40.0,29.0,8.0,69.0,1064.0,118.0,68.0,46.0,767.0,28.0,7.0,36.0,9.0,96.0,11.0,1.0,0.0,17.0,5.0,5.0,107.0,70000000.0,122.0,24.0,181.0,52,3,True,False,False,True
26.0,1995.0,4.0,4.0,5.5,4.2,49.0,20.0,631.0,793.0,45.0,25.0,5.0,60.0,1027.0,67.0,25.0,31.0,741.0,13.0,8.0,28.0,11.0,72.0,9.0,0.0,0.0,8.0,1.0,1.0,33.0,10000000.0,51.0,6.0,183.0,31,38,False,True,True,False
26.0,1994.0,3.0,3.0,3.9,2.9,42.0,10.0,761.0,953.0,38.0,18.0,3.0,89.0,1170.0,32.0,10.0,16.0,790.0,32.0,8.0,12.0,26.0,51.0,22.0,3.0,0.0,32.0,2.0,5.0,113.0,35000000.0,153.0,24.0,184.0,19,7,False,True,True,False
31.0,1992.0,1.0,0.0,0.5,0.2,9.0,2.0,809.0,963.0,3.0,3.0,0.0,75.0,1189.0,10.0,10.0,9.0,727.0,27.0,49.0,10.0,59.0,90.0,44.0,5.0,1.0,30.0,1.0,4.0,5.0,900000.0,0.0,0.0,181.0,224,3,False,True,False,True
27.0,1985.0,1.0,4.0,2.9,3.4,22.0,7.0,1049.0,1234.0,27.0,30.0,7.0,102.0,1509.0,33.0,17.0,20.0,916.0,71.0,25.0,28.0,61.0,89.0,15.0,1.0,0.0,16.0,0.0,7.0,48.0,12000000.0,0.0,0.0,180.0,45,4,False,False,False,True
23.0,1984.0,2.0,2.0,7.2,2.0,61.0,25.0,542.0,757.0,27.0,19.0,2.0,68.0,1081.0,117.0,46.0,50.0,797.0,37.0,7.0,27.0,19.0,102.0,26.0,2.0,0.0,23.0,4.0,2.0,49.0,12000000.0,121.0,9.0,177.0,30,3,True,False,False,True
25.0,1982.0,0.0,4.0,1.3,2.1,17.0,4.0,1856.0,2080.0,18.0,10.0,2.0,195.0,2297.0,37.0,14.0,10.0,1674.0,38.0,22.0,22.0,79.0,157.0,52.0,7.0,2.0,18.0,1.0,3.0,14.0,40000000.0,91.0,13.0,191.0,23,10,False,False,True,False
26.0,1981.0,2.0,3.0,2.9,3.7,36.0,12.0,807.0,1003.0,32.0,51.0,13.0,95.0,1220.0,114.0,40.0,26.0,905.0,15.0,6.0,20.0,19.0,64.0,5.0,1.0,0.0,9.0,0.0,4.0,82.0,15000000.0,23.0,5.0,181.0,175,10,False,True,False,True
23.0,1972.0,0.0,1.0,1.6,1.7,21.0,4.0,1123.0,1258.0,22.0,13.0,0.0,99.0,1521.0,25.0,16.0,21.0,1064.0,61.0,24.0,17.0,43.0,117.0,11.0,4.0,0.0,35.0,1.0,1.0,5.0,15000000.0,22.0,4.0,188.0,30,3,False,True,False,True
29.0,1972.0,2.0,1.0,2.4,1.1,10.0,4.0,1193.0,1364.0,5.0,0.0,0.0,79.0,1583.0,16.0,3.0,3.0,1162.0,27.0,22.0,13.0,104.0,74.0,37.0,9.0,0.0,29.0,0.0,1.0,4.0,7500000.0,13.0,4.0,186.0,10,2,False,False,True,False
27.0,1970.0,0.0,1.0,0.3,0.8,8.0,1.0,819.0,991.0,10.0,12.0,4.0,83.0,1195.0,28.0,9.0,7.0,672.0,37.0,22.0,18.0,59.0,69.0,12.0,5.0,0.0,32.0,0.0,3.0,32.0,5000000.0,14.0,2.0,172.0,50,6,False,False,False,True
27.0,1970.0,2.0,3.0,1.8,2.0,29.0,12.0,489.0,731.0,22.0,22.0,12.0,58.0,999.0,42.0,16.0,15.0,507.0,45.0,21.0,27.0,67.0,79.0,26.0,3.0,0.0,31.0,3.0,5.0,84.0,1700000.0,87.0,6.0,180.0,655,10,False,True,False,True
31.0,1970.0,19.0,2.0,12.7,3.0,75.0,31.0,314.0,414.0,32.0,21.0,5.0,73.0,705.0,59.0,34.0,34.0,514.0,27.0,8.0,12.0,15.0,56.0,13.0,4.0,0.0,22.0,4.0,4.0,15.0,10000000.0,161.0,21.0,178.0,16,3,True,False,False,True
25.0,1966.0,9.0,3.0,4.0,4.2,38.0,11.0,432.0,612.0,34.0,24.0,0.0,100.0,810.0,17.0,6.0,28.0,637.0,10.0,6.0,20.0,15.0,59.0,98.0,2.0,0.0,15.0,5.0,4.0,7.0,12000000.0,5.0,1.0,190.0,96,21,False,True,False,True
25.0,1965.0,0.0,3.0,1.6,1.0,9.0,2.0,902.0,1069.0,18.0,4.0,1.0,76.0,1337.0,14.0,4.0,12.0,757.0,83.0,32.0,14.0,42.0,114.0,31.0,7.0,0.0,45.0,1.0,6.0,3.0,18000000.0,283.0,47.0,175.0,267,11,False,True,False,True
21.0,1965.0,2.0,1.0,2.4,2.3,28.0,8.0,793.0,973.0,30.0,18.0,4.0,75.0,1233.0,30.0,18.0,22.0,801.0,59.0,20.0,14.0,26.0,118.0,16.0,3.0,0.0,37.0,4.0,1.0,69.0,22000000.0,26.0,5.0,172.0,58,27,False,True,False,True
41.0,1964.0,0.0,0.0,0.5,0.2,9.0,2.0,1267.0,1432.0,4.0,8.0,0.0,96.0,1651.0,18.0,6.0,5.0,1138.0,32.0,34.0,11.0,74.0,112.0,41.0,5.0,1.0,19.0,0.0,3.0,2.0,500000.0,63.0,12.0,188.0,100,5,False,False,True,False
26.0,1963.0,0.0,1.0,1.5,1.3,21.0,9.0,821.0,947.0,13.0,11.0,1.0,83.0,1218.0,16.0,3.0,12.0,676.0,86.0,29.0,11.0,54.0,114.0,27.0,9.0,0.0,33.0,3.0,7.0,7.0,18000000.0,0.0,0.0,179.0,40,1,False,True,False,True
30.0,1959.0,2.0,0.0,1.8,1.0,27.0,7.0,644.0,764.0,10.0,7.0,0.0,68.0,1032.0,15.0,12.0,15.0,615.0,56.0,33.0,9.0,32.0,100.0,38.0,7.0,0.0,50.0,3.0,2.0,2.0,2000000.0,0.0,0.0,186.0,393,40,False,True,True,False
25.0,1959.0,1.0,1.0,0.7,0.8,12.0,1.0,647.0,783.0,13.0,6.0,1.0,59.0,1017.0,26.0,28.0,17.0,594.0,44.0,28.0,12.0,33.0,107.0,13.0,2.0,0.0,24.0,1.0,0.0,10.0,12000000.0,51.0,8.0,188.0,80,11,False,True,False,True
31.0,1956.0,8.0,3.0,5.7,3.8,51.0,23.0,544.0,819.0,39.0,43.0,20.0,90.0,1062.0,92.0,39.0,38.0,790.0,20.0,7.0,28.0,10.0,68.0,5.0,0.0,0.0,10.0,3.0,8.0,168.0,5000000.0,151.0,19.0,181.0,82,2,False,True,True,False
25.0,1952.0,6.0,1.0,3.6,1.8,49.0,22.0,374.0,500.0,16.0,15.0,3.0,50.0,759.0,35.0,15.0,33.0,548.0,20.0,9.0,22.0,12.0,70.0,43.0,1.0,0.0,42.0,4.0,4.0,24.0,12000000.0,122.0,11.0,188.0,160,21,False,True,True,False
31.0,1952.0,11.0,3.0,9.3,3.2,46.0,28.0,346.0,489.0,18.0,9.0,0.0,28.0,685.0,22.0,11.0,32.0,514.0,10.0,7.0,21.0,10.0,46.0,14.0,2.0,0.0,40.0,5.0,8.0,6.0,3000000.0,17.0,4.0,187.0,66,3,True,False,False,True
28.0,1949.0,2.0,2.0,1.7,0.8,19.0,3.0,1664.0,1841.0,6.0,6.0,3.0,117.0,2126.0,32.0,20.0,9.0,1542.0,34.0,30.0,18.0,112.0,122.0,46.0,4.0,0.0,20.0,0.0,0.0,24.0,18000000.0,53.0,11.0,189.0,23,10,False,False,False,True
32.0,1948.0,10.0,6.0,5.0,5.0,42.0,15.0,482.0,661.0,30.0,36.0,5.0,78.0,940.0,66.0,29.0,38.0,732.0,16.0,9.0,20.0,12.0,59.0,41.0,4.0,1.0,26.0,10.0,4.0,22.0,1800000.0,0.0,0.0,184.0,634,5,False,True,False,True
21.0,1947.0,3.0,6.0,2.2,5.1,13.0,5.0,727.0,901.0,39.0,22.0,7.0,63.0,1174.0,45.0,11.0,12.0,658.0,71.0,15.0,28.0,55.0,81.0,5.0,2.0,0.0,15.0,2.0,7.0,92.0,22000000.0,27.0,5.0,180.0,50,10,False,True,True,False
27.0,1947.0,0.0,1.0,0.9,0.6,12.0,3.0,762.0,995.0,12.0,11.0,1.0,112.0,1208.0,14.0,9.0,19.0,655.0,49.0,14.0,19.0,43.0,120.0,30.0,3.0,0.0,39.0,0.0,8.0,5.0,3500000.0,0.0,0.0,180.0,299,3,False,True,False,True
25.0,1943.0,0.0,1.0,0.2,0.8,8.0,2.0,694.0,828.0,17.0,11.0,4.0,115.0,1026.0,18.0,5.0,15.0,596.0,53.0,22.0,14.0,31.0,86.0,10.0,12.0,0.0,56.0,0.0,4.0,19.0,5000000.0,0.0,0.0,176.0,80,3,False,True,False,True
25.0,1939.0,3.0,5.0,5.5,4.0,57.0,17.0,689.0,934.0,43.0,40.0,14.0,128.0,1196.0,53.0,28.0,47.0,790.0,43.0,5.0,26.0,11.0,119.0,26.0,6.0,0.0,34.0,5.0,5.0,108.0,18000000.0,91.0,16.0,178.0,267,4,False,True,True,False
24.0,1938.0,2.0,1.0,2.2,1.9,23.0,8.0,903.0,1166.0,15.0,26.0,13.0,88.0,1436.0,53.0,22.0,15.0,858.0,53.0,29.0,29.0,60.0,124.0,24.0,4.0,2.0,17.0,1.0,6.0,60.0,15000000.0,55.0,8.0,173.0,100,2,False,True,True,False
25.0,1935.0,10.0,4.0,7.1,4.4,57.0,22.0,480.0,634.0,38.0,27.0,8.0,52.0,888.0,59.0,31.0,24.0,677.0,28.0,12.0,10.0,19.0,77.0,17.0,5.0,0.0,20.0,5.0,2.0,74.0,70000000.0,16.0,5.0,193.0,1,7,True,False,False,True
25.0,1933.0,1.0,0.0,0.8,2.2,9.0,4.0,565.0,780.0,25.0,16.0,10.0,46.0,988.0,30.0,15.0,11.0,459.0,36.0,15.0,25.0,49.0,80.0,16.0,6.0,0.0,21.0,1.0,1.0,78.0,4000000.0,34.0,5.0,178.0,88,13,False,False,True,False
26.0,1932.0,3.0,0.0,0.9,0.2,11.0,4.0,1177.0,1316.0,5.0,5.0,0.0,86.0,1581.0,17.0,6.0,7.0,1040.0,40.0,21.0,9.0,117.0,114.0,37.0,5.0,0.0,19.0,3.0,5.0,2.0,12000000.0,242.0,26.0,183.0,100,139,False,False,False,True
23.0,1928.0,6.0,5.0,3.9,3.0,54.0,20.0,939.0,1093.0,49.0,26.0,2.0,108.0,1340.0,113.0,49.0,15.0,1068.0,21.0,11.0,15.0,9.0,71.0,7.0,0.0,0.0,8.0,5.0,5.0,81.0,90000000.0,38.0,6.0,174.0,3,3,False,True,False,True
33.0,1928.0,2.0,0.0,1.9,0.7,28.0,11.0,1188.0,1477.0,13.0,31.0,7.0,136.0,1736.0,64.0,14.0,11.0,1122.0,53.0,34.0,23.0,64.0,88.0,33.0,5.0,0.0,27.0,1.0,0.0,62.0,2000000.0,145.0,27.0,191.0,75,8,False,False,False,True
22.0,1926.0,2.0,6.0,2.2,5.2,22.0,7.0,600.0,795.0,24.0,27.0,10.0,49.0,1034.0,69.0,30.0,20.0,748.0,27.0,14.0,40.0,22.0,72.0,11.0,4.0,0.0,23.0,3.0,1.0,49.0,35000000.0,147.0,32.0,173.0,10,1,False,True,False,True
25.0,1924.0,1.0,0.0,0.8,0.6,8.0,4.0,1161.0,1279.0,5.0,3.0,0.0,82.0,1489.0,27.0,1.0,8.0,1059.0,39.0,35.0,8.0,73.0,84.0,43.0,2.0,0.0,17.0,0.0,3.0,1.0,50000000.0,187.0,30.0,190.0,9,9,False,False,True,False
22.0,1924.0,0.0,1.0,0.3,1.5,5.0,1.0,972.0,1115.0,16.0,6.0,1.0,121.0,1376.0,54.0,13.0,19.0,819.0,75.0,22.0,34.0,36.0,111.0,13.0,2.0,0.0,29.0,1.0,1.0,19.0,40000000.0,183.0,28.0,188.0,14,9,False,False,True,False
24.0,1922.0,1.0,0.0,1.4,0.1,12.0,6.0,684.0,857.0,2.0,1.0,1.0,39.0,1118.0,6.0,1.0,5.0,614.0,47.0,19.0,13.0,121.0,51.0,48.0,4.0,1.0,11.0,1.0,2.0,5.0,14000000.0,68.0,13.0,188.0,56,11,False,False,False,True
30.0,1919.0,1.0,2.0,0.7,0.3,8.0,2.0,1066.0,1267.0,4.0,6.0,2.0,73.0,1502.0,15.0,6.0,8.0,971.0,33.0,27.0,4.0,95.0,88.0,66.0,5.0,0.0,23.0,1.0,3.0,14.0,1500000.0,72.0,13.0,191.0,98,9,False,False,True,False
27.0,1915.0,2.0,1.0,2.3,1.2,33.0,9.0,618.0,758.0,18.0,4.0,0.0,53.0,1041.0,18.0,9.0,18.0,545.0,42.0,26.0,19.0,61.0,104.0,45.0,10.0,0.0,53.0,2.0,3.0,8.0,12000000.0,0.0,0.0,190.0,40,4,False,True,False,True
31.0,1913.0,2.0,0.0,1.1,1.2,10.0,6.0,924.0,1080.0,8.0,4.0,1.0,41.0,1348.0,3.0,3.0,4.0,760.0,35.0,24.0,8.0,142.0,50.0,63.0,2.0,0.0,8.0,1.0,0.0,9.0,7000000.0,130.0,20.0,194.0,99,4,False,False,True,False
22.0,1913.0,3.0,2.0,3.7,1.6,34.0,13.0,889.0,1029.0,15.0,12.0,2.0,88.0,1253.0,33.0,11.0,22.0,872.0,49.0,30.0,20.0,25.0,115.0,34.0,6.0,0.0,34.0,0.0,4.0,14.0,32000000.0,22.0,5.0,184.0,14,17,False,True,False,True
23.0,1907.0,4.0,1.0,3.2,2.1,23.0,7.0,322.0,460.0,22.0,16.0,2.0,41.0,681.0,31.0,14.0,26.0,495.0,22.0,3.0,16.0,14.0,42.0,65.0,1.0,0.0,47.0,2.0,1.0,7.0,5000000.0,49.0,6.0,188.0,88,17,True,False,False,True
32.0,1902.0,3.0,1.0,3.0,0.8,28.0,7.0,1159.0,1338.0,5.0,8.0,3.0,97.0,1582.0,31.0,1.0,4.0,1024.0,57.0,36.0,24.0,55.0,102.0,25.0,7.0,0.0,41.0,2.0,4.0,37.0,6000000.0,44.0,9.0,171.0,45,1,False,False,True,False
24.0,1902.0,5.0,4.0,3.8,3.1,43.0,19.0,339.0,554.0,28.0,16.0,4.0,45.0,839.0,61.0,16.0,32.0,596.0,25.0,16.0,21.0,32.0,98.0,84.0,0.0,0.0,17.0,7.0,4.0,42.0,2000000.0,47.0,5.0,182.0,80,17,False,True,False,True
31.0,1902.0,11.0,4.0,6.6,3.1,41.0,12.0,573.0,795.0,25.0,35.0,8.0,116.0,979.0,51.0,17.0,22.0,773.0,7.0,2.0,40.0,7.0,66.0,15.0,3.0,0.0,17.0,5.0,8.0,45.0,5000000.0,90.0,12.0,181.0,31,2,True,False,False,True
24.0,1901.0,7.0,2.0,8.6,1.6,62.0,26.0,221.0,349.0,12.0,10.0,4.0,22.0,613.0,34.0,16.0,26.0,450.0,22.0,6.0,14.0,9.0,61.0,22.0,4.0,0.0,35.0,4.0,3.0,33.0,12000000.0,238.0,48.0,179.0,1389,7,True,False,False,False
22.0,1901.0,8.0,6.0,4.7,4.9,47.0,17.0,795.0,949.0,49.0,35.0,7.0,60.0,1207.0,109.0,41.0,35.0,854.0,38.0,11.0,20.0,19.0,109.0,10.0,5.0,0.0,21.0,6.0,4.0,42.0,45000000.0,223.0,42.0,173.0,41,9,True,False,True,False
22.0,1899.0,0.0,0.0,0.1,1.5,4.0,2.0,757.0,1010.0,14.0,13.0,12.0,62.0,1204.0,44.0,6.0,5.0,670.0,48.0,22.0,28.0,59.0,60.0,19.0,3.0,0.0,21.0,0.0,7.0,77.0,2500000.0,54.0,7.0,182.0,363,2,False,False,False,True
33.0,1898.0,0.0,0.0,0.0,0.1,1.0,0.0,1354.0,1512.0,2.0,6.0,1.0,121.0,1695.0,20.0,7.0,2.0,1165.0,34.0,25.0,11.0,77.0,81.0,34.0,1.0,0.0,9.0,0.0,3.0,4.0,1000000.0,11.0,2.0,186.0,303,3,False,False,True,False
28.0,1898.0,0.0,1.0,2.8,2.1,15.0,6.0,353.0,530.0,27.0,10.0,1.0,58.0,753.0,24.0,9.0,28.0,470.0,49.0,5.0,20.0,28.0,51.0,107.0,6.0,0.0,53.0,2.0,2.0,9.0,3000000.0,62.0,10.0,188.0,266,43,False,True,False,True
22.0,1895.0,5.0,1.0,1.9,2.1,26.0,10.0,524.0,674.0,16.0,7.0,0.0,50.0,935.0,37.0,20.0,23.0,536.0,25.0,21.0,13.0,33.0,117.0,18.0,5.0,0.0,22.0,6.0,4.0,14.0,3000000.0,0.0,0.0,187.0,95,27,False,True,False,True
27.0,1893.0,2.0,3.0,3.6,3.1,46.0,14.0,372.0,532.0,25.0,14.0,2.0,43.0,842.0,62.0,52.0,40.0,517.0,28.0,16.0,21.0,12.0,100.0,6.0,1.0,0.0,21.0,7.0,0.0,87.0,3500000.0,22.0,2.0,168.0,217,37,True,False,False,False
20.0,1893.0,1.0,2.0,1.4,0.3,10.0,2.0,1201.0,1312.0,7.0,14.0,0.0,107.0,1477.0,39.0,9.0,19.0,1061.0,30.0,13.0,22.0,45.0,95.0,6.0,5.0,1.0,12.0,1.0,0.0,6.0,40000000.0,0.0,0.0,170.0,2,4,False,True,False,True
24.0,1892.0,3.0,2.0,2.8,1.3,27.0,9.0,550.0,690.0,15.0,11.0,2.0,72.0,868.0,34.0,10.0,7.0,560.0,36.0,12.0,17.0,26.0,82.0,18.0,2.0,0.0,29.0,1.0,3.0,12.0,7000000.0,30.0,5.0,188.0,82,7,False,True,False,True
23.0,1892.0,1.0,0.0,1.3,0.5,19.0,3.0,672.0,822.0,7.0,11.0,4.0,80.0,1012.0,20.0,8.0,11.0,579.0,39.0,19.0,14.0,52.0,90.0,16.0,5.0,0.0,16.0,0.0,3.0,30.0,6000000.0,90.0,11.0,179.0,363,2,False,True,False,True
20.0,1887.0,12.0,4.0,7.0,3.4,44.0,23.0,350.0,473.0,18.0,12.0,1.0,35.0,655.0,26.0,15.0,20.0,455.0,16.0,3.0,23.0,8.0,34.0,15.0,4.0,0.0,32.0,2.0,2.0,19.0,18000000.0,96.0,12.0,183.0,498,8,True,False,False,True
22.0,1884.0,6.0,1.0,5.4,2.6,42.0,20.0,329.0,475.0,20.0,13.0,3.0,50.0,782.0,31.0,29.0,35.0,556.0,33.0,9.0,17.0,19.0,74.0,9.0,7.0,0.0,30.0,6.0,2.0,22.0,12000000.0,35.0,5.0,180.0,175,6,False,True,False,True
30.0,1879.0,5.0,6.0,1.3,5.6,41.0,12.0,1464.0,1690.0,49.0,28.0,11.0,173.0,1881.0,52.0,3.0,9.0,1353.0,43.0,17.0,12.0,24.0,110.0,16.0,5.0,0.0,20.0,0.0,3.0,112.0,30000000.0,127.0,34.0,178.0,5,10,False,True,False,True
29.0,1879.0,8.0,6.0,3.6,5.3,39.0,12.0,435.0,648.0,47.0,24.0,4.0,69.0,930.0,42.0,46.0,40.0,572.0,37.0,14.0,16.0,19.0,90.0,5.0,6.0,0.0,40.0,11.0,10.0,90.0,2500000.0,0.0,0.0,185.0,107,3,True,False,True,False
27.0,1878.0,15.0,4.0,7.8,3.7,72.0,25.0,425.0,646.0,30.0,29.0,11.0,69.0,916.0,61.0,33.0,25.0,675.0,16.0,8.0,31.0,10.0,65.0,23.0,2.0,0.0,27.0,5.0,2.0,70.0,25000000.0,104.0,14.0,186.0,160,9,True,False,True,False
25.0,1875.0,9.0,3.0,9.5,2.4,53.0,21.0,407.0,519.0,17.0,9.0,1.0,61.0,785.0,35.0,9.0,23.0,584.0,16.0,6.0,11.0,33.0,41.0,63.0,5.0,0.0,38.0,0.0,2.0,11.0,65000000.0,119.0,23.0,193.0,22,10,True,False,True,False
39.0,1875.0,1.0,3.0,0.3,2.3,6.0,3.0,708.0,999.0,26.0,25.0,14.0,90.0,1194.0,24.0,7.0,1.0,618.0,58.0,25.0,20.0,64.0,75.0,10.0,7.0,1.0,30.0,2.0,7.0,75.0,500000.0,46.0,8.0,175.0,50,4,False,False,False,False
18.0,1874.0,2.0,0.0,2.5,1.5,28.0,9.0,504.0,620.0,20.0,20.0,1.0,64.0,868.0,69.0,45.0,55.0,651.0,34.0,8.0,17.0,16.0,80.0,10.0,6.0,0.0,30.0,5.0,3.0,28.0,25000000.0,65.0,3.0,178.0,135,4,True,False,True,False
30.0,1867.0,6.0,4.0,6.9,2.9,34.0,17.0,390.0,595.0,22.0,9.0,1.0,47.0,854.0,21.0,18.0,24.0,571.0,37.0,7.0,19.0,36.0,68.0,80.0,3.0,0.0,30.0,4.0,2.0,14.0,3000000.0,14.0,1.0,184.0,53,10,False,True,False,True
22.0,1866.0,10.0,3.0,6.4,2.0,46.0,20.0,309.0,466.0,16.0,14.0,3.0,26.0,706.0,30.0,21.0,30.0,491.0,12.0,4.0,24.0,27.0,48.0,51.0,7.0,0.0,39.0,5.0,1.0,21.0,20000000.0,163.0,3.0,185.0,23,6,True,False,False,True
24.0,1866.0,0.0,0.0,0.0,0.1,1.0,0.0,670.0,835.0,3.0,8.0,3.0,70.0,1012.0,12.0,7.0,15.0,584.0,40.0,21.0,14.0,46.0,76.0,31.0,6.0,0.0,28.0,4.0,4.0,23.0,1800000.0,0.0,0.0,185.0,299,2,False,False,True,False
28.0,1865.0,7.0,2.0,5.4,3.2,36.0,19.0,603.0,831.0,21.0,21.0,9.0,51.0,1047.0,55.0,13.0,14.0,665.0,25.0,6.0,27.0,26.0,65.0,57.0,4.0,0.0,53.0,4.0,3.0,54.0,35000000.0,83.0,22.0,188.0,5,7,True,False,False,True
23.0,1864.0,5.0,4.0,3.1,3.0,26.0,6.0,459.0,591.0,29.0,17.0,3.0,64.0,791.0,23.0,15.0,41.0,592.0,23.0,5.0,10.0,14.0,59.0,32.0,6.0,0.0,31.0,2.0,4.0,7.0,25000.0,0.0,0.0,0.0,94,3,False,True,False,True
23.0,1864.0,2.0,1.0,1.8,1.1,17.0,8.0,1208.0,1369.0,6.0,5.0,1.0,94.0,1589.0,40.0,4.0,4.0,1147.0,52.0,16.0,13.0,82.0,67.0,45.0,3.0,1.0,20.0,3.0,4.0,10.0,18000000.0,23.0,2.0,194.0,6,32,False,False,True,False
21.0,1862.0,0.0,1.0,1.7,1.4,22.0,4.0,1198.0,1385.0,22.0,19.0,7.0,119.0,1595.0,50.0,4.0,17.0,1072.0,45.0,24.0,26.0,49.0,119.0,9.0,4.0,0.0,20.0,0.0,2.0,53.0,35000000.0,107.0,26.0,178.0,8,2,False,False,False,True
32.0,1861.0,0.0,0.0,0.7,0.7,11.0,0.0,708.0,885.0,7.0,0.0,0.0,48.0,1156.0,2.0,1.0,0.0,578.0,18.0,41.0,4.0,139.0,77.0,95.0,6.0,0.0,22.0,2.0,4.0,0.0,1000000.0,182.0,18.0,195.0,165,25,False,False,False,True
29.0,1859.0,1.0,0.0,0.2,0.1,3.0,1.0,497.0,633.0,2.0,0.0,0.0,47.0,878.0,3.0,0.0,2.0,394.0,28.0,18.0,1.0,152.0,63.0,28.0,4.0,2.0,24.0,0.0,2.0,0.0,800000.0,0.0,0.0,192.0,109,6,False,False,False,True
21.0,1857.0,0.0,3.0,0.9,2.2,10.0,2.0,1214.0,1343.0,30.0,16.0,0.0,98.0,1502.0,16.0,3.0,16.0,1165.0,38.0,20.0,14.0,43.0,96.0,11.0,6.0,0.0,26.0,1.0,5.0,4.0,12000000.0,76.0,10.0,177.0,90,1,False,True,True,False
27.0,1856.0,4.0,2.0,1.9,4.8,37.0,14.0,724.0,931.0,31.0,16.0,7.0,92.0,1119.0,11.0,7.0,4.0,732.0,23.0,15.0,17.0,54.0,61.0,14.0,7.0,0.0,18.0,3.0,8.0,39.0,12000000.0,41.0,7.0,183.0,94,9,False,True,True,False
26.0,1853.0,3.0,4.0,3.1,2.1,34.0,10.0,404.0,547.0,24.0,9.0,2.0,43.0,713.0,25.0,7.0,30.0,543.0,5.0,0.0,28.0,8.0,58.0,28.0,3.0,0.0,11.0,2.0,3.0,35.0,2500000.0,6.0,2.0,183.0,563,10,True,False,False,True
23.0,1850.0,0.0,1.0,0.7,1.3,12.0,4.0,656.0,781.0,8.0,11.0,2.0,54.0,987.0,16.0,9.0,10.0,613.0,48.0,12.0,13.0,44.0,79.0,10.0,7.0,0.0,28.0,4.0,2.0,8.0,2500000.0,15.0,2.0,186.0,95,43,False,True,False,True
22.0,1849.0,0.0,1.0,0.9,0.9,13.0,3.0,539.0,691.0,7.0,5.0,2.0,46.0,952.0,14.0,4.0,11.0,440.0,43.0,29.0,8.0,120.0,85.0,38.0,7.0,0.0,32.0,2.0,3.0,4.0,3000000.0,27.0,2.0,186.0,16,3,False,False,False,True
29.0,1845.0,0.0,0.0,0.3,0.0,4.0,0.0,653.0,797.0,0.0,1.0,0.0,39.0,982.0,10.0,2.0,3.0,547.0,45.0,20.0,7.0,70.0,54.0,33.0,7.0,1.0,36.0,0.0,1.0,1.0,2500000.0,123.0,22.0,189.0,88,35,False,True,False,False
20.0,1844.0,3.0,8.0,3.0,4.0,28.0,11.0,1491.0,1634.0,33.0,22.0,2.0,144.0,1851.0,35.0,16.0,16.0,1397.0,63.0,23.0,13.0,22.0,123.0,21.0,1.0,0.0,17.0,3.0,3.0,15.0,80000000.0,0.0,0.0,174.0,12,6,False,True,False,True
22.0,1843.0,6.0,5.0,6.7,3.1,43.0,17.0,967.0,1140.0,23.0,30.0,3.0,118.0,1397.0,44.0,31.0,36.0,1067.0,30.0,13.0,26.0,6.0,99.0,8.0,9.0,0.0,25.0,3.0,1.0,41.0,35000000.0,35.0,4.0,175.0,25,2,False,True,True,False
32.0,1842.0,5.0,1.0,2.7,0.8,18.0,10.0,800.0,1037.0,11.0,15.0,5.0,78.0,1268.0,24.0,0.0,7.0,681.0,40.0,53.0,15.0,61.0,73.0,42.0,5.0,0.0,25.0,0.0,7.0,30.0,1500000.0,37.0,6.0,182.0,53,10,False,False,False,True
19.0,1842.0,5.0,2.0,2.7,1.5,18.0,10.0,870.0,1046.0,17.0,9.0,2.0,68.0,1199.0,19.0,2.0,3.0,762.0,27.0,16.0,11.0,37.0,63.0,20.0,5.0,0.0,18.0,1.0,1.0,27.0,24000000.0,258.0,31.0,182.0,58,4,False,True,False,True
27.0,1841.0,6.0,4.0,10.8,5.6,51.0,18.0,299.0,432.0,32.0,23.0,0.0,55.0,668.0,22.0,14.0,53.0,499.0,22.0,3.0,9.0,10.0,58.0,30.0,5.0,0.0,27.0,4.0,5.0,6.0,12000000.0,259.0,39.0,187.0,35,20,False,True,False,True
20.0,5364.0,6.0,2.0,7.3999999999999995,4.4,92.0,24.0,1960.0,2484.0,62.0,64.0,20.0,176.0,3226.0,218.0,32.0,94.0,2114.0,152.0,44.0,64.0,130.0,272.0,92.0,10.0,4.0,82.0,22.0,4.0,158.0,25000000.0,5.0,1.0,185.0,41,21,True,False,True,False
28.0,1840.0,7.0,2.0,6.6,1.5,59.0,19.0,298.0,411.0,15.0,2.0,0.0,31.0,643.0,8.0,11.0,20.0,415.0,16.0,9.0,13.0,23.0,61.0,36.0,2.0,0.0,40.0,0.0,3.0,5.0,9000000.0,39.0,6.0,188.0,52,3,True,False,False,True
28.0,1838.0,1.0,0.0,0.3,0.1,4.0,2.0,1071.0,1211.0,2.0,7.0,1.0,83.0,1472.0,16.0,4.0,0.0,988.0,27.0,24.0,18.0,143.0,74.0,20.0,5.0,0.0,13.0,0.0,3.0,11.0,8000000.0,66.0,11.0,189.0,21,10,False,False,False,True
20.0,1838.0,6.0,4.0,4.1,5.0,34.0,16.0,348.0,557.0,29.0,36.0,9.0,48.0,836.0,90.0,46.0,28.0,511.0,48.0,11.0,36.0,31.0,85.0,17.0,6.0,0.0,21.0,2.0,2.0,91.0,30000000.0,63.0,13.0,180.0,58,120,True,False,True,False
23.0,1836.0,1.0,6.0,2.7,3.2,42.0,13.0,358.0,554.0,36.0,34.0,20.0,50.0,782.0,105.0,57.0,15.0,585.0,13.0,4.0,19.0,8.0,55.0,2.0,4.0,0.0,19.0,5.0,3.0,104.0,12000000.0,86.0,14.0,164.0,131,3,False,True,False,True
30.0,1835.0,0.0,0.0,0.4,0.9,5.0,1.0,688.0,830.0,13.0,6.0,1.0,86.0,1068.0,13.0,5.0,8.0,571.0,55.0,21.0,19.0,51.0,109.0,33.0,5.0,0.0,57.0,3.0,2.0,2.0,2500000.0,0.0,0.0,177.0,235,3,False,True,False,True
24.0,1834.0,1.0,1.0,1.5,2.1,15.0,6.0,725.0,902.0,22.0,18.0,9.0,47.0,1105.0,24.0,8.0,19.0,675.0,26.0,14.0,27.0,57.0,92.0,22.0,4.0,0.0,18.0,1.0,0.0,43.0,10000000.0,332.0,33.0,190.0,175,10,False,True,False,True
28.0,1832.0,0.0,1.0,0.3,1.3,8.0,1.0,659.0,909.0,14.0,15.0,11.0,59.0,1112.0,36.0,7.0,3.0,584.0,45.0,16.0,37.0,57.0,67.0,14.0,3.0,0.0,14.0,1.0,1.0,59.0,1500000.0,17.0,4.0,184.0,60,10,False,False,True,False
22.0,1830.0,2.0,1.0,1.7,2.1,23.0,7.0,684.0,878.0,16.0,16.0,4.0,91.0,1199.0,18.0,17.0,23.0,726.0,52.0,53.0,22.0,59.0,94.0,18.0,1.0,0.0,20.0,2.0,4.0,22.0,15000000.0,58.0,8.0,176.0,71,10,False,True,False,True
30.0,1829.0,11.0,4.0,8.6,3.5,70.0,20.0,346.0,497.0,27.0,12.0,2.0,40.0,730.0,30.0,18.0,18.0,494.0,19.0,6.0,15.0,20.0,49.0,48.0,1.0,0.0,29.0,2.0,2.0,27.0,6000000.0,53.0,8.0,181.0,100,2,True,False,True,False
28.0,1827.0,2.0,0.0,1.8,3.3,23.0,4.0,887.0,1109.0,36.0,33.0,8.0,146.0,1272.0,32.0,8.0,16.0,911.0,21.0,23.0,26.0,15.0,114.0,18.0,2.0,0.0,12.0,0.0,3.0,54.0,6000000.0,66.0,14.0,178.0,30,3,False,True,False,True
39.0,1827.0,2.0,6.0,1.6,7.0,22.0,6.0,1724.0,1969.0,66.0,34.0,2.0,208.0,2124.0,62.0,14.0,13.0,1649.0,31.0,27.0,15.0,17.0,105.0,6.0,7.0,0.0,23.0,0.0,3.0,112.0,4000000.0,6.0,2.0,172.0,6,13,False,True,False,True
22.0,1826.0,0.0,2.0,0.1,1.0,5.0,4.0,660.0,729.0,15.0,3.0,0.0,50.0,907.0,13.0,17.0,18.0,579.0,44.0,21.0,6.0,29.0,94.0,14.0,6.0,1.0,28.0,2.0,0.0,0.0,12000000.0,81.0,22.0,180.0,742,8,False,True,False,True
26.0,1825.0,0.0,2.0,0.8,0.7,12.0,3.0,894.0,1020.0,5.0,1.0,0.0,36.0,1220.0,4.0,4.0,3.0,776.0,33.0,22.0,8.0,89.0,68.0,59.0,1.0,1.0,22.0,0.0,3.0,1.0,8000000.0,239.0,21.0,195.0,90,9,False,False,False,True
25.0,1825.0,0.0,0.0,0.4,0.0,5.0,0.0,951.0,1082.0,2.0,1.0,0.0,38.0,1297.0,9.0,9.0,11.0,890.0,47.0,26.0,7.0,83.0,79.0,28.0,3.0,0.0,16.0,0.0,3.0,3.0,25000000.0,46.0,7.0,190.0,55,2,False,False,False,True
24.0,1812.0,3.0,0.0,2.3,0.1,6.0,3.0,789.0,947.0,2.0,2.0,0.0,46.0,1154.0,4.0,0.0,1.0,708.0,15.0,22.0,5.0,114.0,62.0,30.0,4.0,1.0,23.0,0.0,2.0,1.0,22000000.0,32.0,4.0,185.0,52,3,False,False,False,True
28.0,1809.0,9.0,7.0,5.8,4.2,39.0,17.0,1021.0,1256.0,41.0,32.0,5.0,164.0,1464.0,45.0,33.0,25.0,1125.0,31.0,12.0,15.0,19.0,76.0,5.0,6.0,0.0,32.0,6.0,6.0,98.0,42000000.0,144.0,24.0,175.0,14,4,False,True,False,True
28.0,1807.0,1.0,1.0,0.6,1.1,17.0,6.0,696.0,848.0,16.0,4.0,0.0,60.0,1038.0,9.0,13.0,22.0,651.0,51.0,24.0,10.0,26.0,117.0,15.0,4.0,0.0,18.0,0.0,5.0,6.0,1800000.0,11.0,2.0,185.0,357,65,False,True,False,True
26.0,1807.0,6.0,2.0,7.1,1.9,41.0,15.0,362.0,549.0,27.0,10.0,3.0,41.0,832.0,42.0,21.0,24.0,565.0,32.0,13.0,24.0,33.0,71.0,66.0,6.0,0.0,48.0,2.0,6.0,13.0,4000000.0,66.0,8.0,189.0,563,2,True,False,False,True
31.0,1805.0,1.0,4.0,2.3,2.1,23.0,5.0,763.0,913.0,20.0,19.0,15.0,45.0,1123.0,42.0,23.0,20.0,661.0,36.0,16.0,16.0,34.0,89.0,16.0,7.0,2.0,28.0,1.0,2.0,51.0,3000000.0,160.0,21.0,180.0,90,12,False,True,True,False
22.0,1799.0,0.0,0.0,0.3,0.1,7.0,3.0,832.0,903.0,3.0,5.0,2.0,51.0,1084.0,21.0,11.0,4.0,723.0,32.0,13.0,7.0,78.0,75.0,20.0,1.0,0.0,13.0,0.0,3.0,7.0,4500000.0,120.0,15.0,187.0,363,20,False,False,False,True
21.0,1798.0,12.0,2.0,9.3,4.5,68.0,31.0,778.0,942.0,41.0,24.0,0.0,107.0,1278.0,71.0,72.0,33.0,1031.0,36.0,8.0,33.0,5.0,75.0,7.0,3.0,0.0,20.0,9.0,5.0,8.0,140000000.0,169.0,25.0,184.0,4,4,False,True,False,True
34.0,1794.0,1.0,1.0,4.6,1.5,47.0,18.0,732.0,996.0,18.0,29.0,9.0,105.0,1186.0,44.0,16.0,22.0,932.0,22.0,14.0,42.0,25.0,79.0,43.0,2.0,1.0,15.0,3.0,10.0,75.0,2000000.0,29.0,2.0,187.0,90,2,False,True,False,True
24.0,1792.0,1.0,2.0,0.6,1.8,10.0,3.0,992.0,1161.0,11.0,18.0,8.0,105.0,1428.0,59.0,38.0,33.0,872.0,47.0,21.0,19.0,74.0,109.0,21.0,4.0,1.0,21.0,0.0,4.0,25.0,20000000.0,94.0,21.0,184.0,14,4,False,False,False,True
30.0,1792.0,0.0,1.0,0.1,0.9,3.0,0.0,727.0,830.0,5.0,3.0,0.0,69.0,1064.0,8.0,9.0,10.0,686.0,56.0,35.0,14.0,46.0,90.0,8.0,1.0,0.0,18.0,0.0,2.0,3.0,2000000.0,69.0,8.0,177.0,393,2,False,True,False,True
25.0,1785.0,2.0,0.0,0.7,1.4,18.0,5.0,866.0,1055.0,16.0,18.0,10.0,91.0,1267.0,71.0,20.0,19.0,837.0,36.0,17.0,25.0,41.0,83.0,12.0,3.0,0.0,30.0,2.0,0.0,59.0,7000000.0,0.0,0.0,180.0,128,27,False,False,True,False
30.0,1784.0,0.0,3.0,0.2,3.9,9.0,0.0,852.0,1028.0,15.0,22.0,14.0,54.0,1270.0,52.0,28.0,15.0,779.0,51.0,12.0,24.0,47.0,71.0,25.0,8.0,0.0,38.0,1.0,4.0,57.0,4000000.0,21.0,3.0,172.0,10,3,False,False,True,False
24.0,1784.0,10.0,4.0,9.2,1.3,73.0,25.0,253.0,366.0,15.0,7.0,0.0,22.0,564.0,27.0,9.0,28.0,431.0,4.0,1.0,12.0,9.0,36.0,39.0,3.0,0.0,27.0,2.0,5.0,9.0,35000000.0,81.0,11.0,190.0,19,32,True,False,True,False
26.0,1783.0,1.0,5.0,0.5,6.5,9.0,4.0,841.0,1212.0,48.0,21.0,13.0,71.0,1389.0,36.0,11.0,9.0,787.0,38.0,9.0,32.0,47.0,92.0,13.0,5.0,0.0,23.0,0.0,6.0,188.0,20000000.0,87.0,19.0,181.0,21,10,False,False,True,False
35.0,1781.0,3.0,2.0,1.9,1.5,11.0,3.0,844.0,1007.0,15.0,15.0,7.0,45.0,1144.0,14.0,4.0,6.0,787.0,28.0,10.0,23.0,39.0,39.0,13.0,3.0,0.0,26.0,2.0,2.0,32.0,2500000.0,34.0,8.0,183.0,5,9,False,False,False,True
29.0,1781.0,1.0,0.0,0.5,0.2,9.0,2.0,994.0,1182.0,4.0,3.0,2.0,105.0,1425.0,19.0,6.0,7.0,903.0,25.0,34.0,13.0,129.0,83.0,49.0,4.0,0.0,15.0,0.0,4.0,3.0,7000000.0,186.0,26.0,182.0,52,3,False,False,False,True
21.0,1779.0,4.0,3.0,3.5,2.9,25.0,9.0,551.0,694.0,29.0,10.0,4.0,58.0,935.0,35.0,24.0,22.0,627.0,35.0,14.0,20.0,19.0,62.0,14.0,2.0,0.0,30.0,0.0,6.0,26.0,10000000.0,23.0,3.0,180.0,86,2,True,False,False,True
26.0,1779.0,0.0,0.0,0.9,0.0,9.0,1.0,805.0,918.0,0.0,1.0,0.0,48.0,1114.0,9.0,4.0,2.0,728.0,24.0,24.0,6.0,75.0,51.0,18.0,6.0,0.0,18.0,0.0,2.0,0.0,2000000.0,0.0,0.0,183.0,90,20,False,False,False,True
24.0,1777.0,7.0,2.0,5.2,4.8,54.0,16.0,791.0,941.0,43.0,39.0,6.0,103.0,1139.0,50.0,14.0,31.0,894.0,13.0,9.0,26.0,7.0,61.0,3.0,2.0,0.0,5.0,3.0,4.0,80.0,100000000.0,38.0,6.0,171.0,2,4,False,True,True,False
20.0,1776.0,8.0,3.0,3.6,2.5,52.0,24.0,427.0,558.0,21.0,24.0,4.0,42.0,873.0,113.0,77.0,35.0,653.0,31.0,10.0,22.0,4.0,63.0,5.0,4.0,0.0,25.0,3.0,2.0,49.0,50000000.0,8.0,1.0,178.0,8,4,True,False,False,True
27.0,1775.0,3.0,1.0,3.0,0.6,16.0,7.0,641.0,754.0,16.0,14.0,1.0,89.0,950.0,17.0,9.0,15.0,653.0,30.0,31.0,11.0,43.0,60.0,24.0,6.0,1.0,24.0,0.0,1.0,3.0,8000000.0,43.0,7.0,188.0,13,7,False,True,False,True
29.0,1774.0,0.0,2.0,1.4,0.9,24.0,2.0,772.0,956.0,9.0,13.0,6.0,63.0,1205.0,34.0,9.0,10.0,695.0,56.0,32.0,23.0,67.0,74.0,24.0,5.0,0.0,35.0,2.0,4.0,38.0,13000000.0,180.0,29.0,180.0,416,7,False,False,False,True
32.0,1773.0,0.0,2.0,0.4,0.9,14.0,3.0,1119.0,1267.0,13.0,11.0,4.0,137.0,1433.0,19.0,9.0,27.0,1066.0,42.0,9.0,10.0,20.0,132.0,13.0,6.0,1.0,35.0,4.0,5.0,25.0,2000000.0,27.0,2.0,173.0,363,2,False,True,False,True
27.0,1772.0,0.0,1.0,0.4,0.8,12.0,1.0,861.0,1003.0,12.0,12.0,3.0,85.0,1239.0,24.0,14.0,15.0,830.0,50.0,18.0,10.0,46.0,88.0,30.0,9.0,1.0,42.0,1.0,7.0,6.0,25000000.0,89.0,8.0,190.0,113,19,False,True,False,True
28.0,1772.0,2.0,7.0,4.0,4.9,39.0,12.0,424.0,587.0,42.0,38.0,22.0,68.0,801.0,100.0,48.0,25.0,607.0,20.0,1.0,19.0,6.0,87.0,25.0,3.0,0.0,24.0,1.0,2.0,100.0,9000000.0,156.0,26.0,178.0,416,3,True,False,False,True
23.0,1772.0,1.0,0.0,0.6,0.9,16.0,3.0,902.0,1040.0,16.0,24.0,1.0,133.0,1233.0,48.0,27.0,26.0,953.0,33.0,17.0,15.0,15.0,119.0,6.0,6.0,0.0,15.0,2.0,2.0,9.0,5000000.0,162.0,12.0,165.0,120,8,False,True,False,True
19.0,1771.0,3.0,2.0,2.9,1.3,24.0,5.0,518.0,709.0,20.0,13.0,3.0,64.0,935.0,28.0,25.0,37.0,575.0,40.0,4.0,19.0,20.0,90.0,12.0,2.0,0.0,23.0,5.0,4.0,52.0,18000000.0,20.0,4.0,185.0,31,10,False,True,True,False
23.0,1770.0,3.0,4.0,3.7,2.9,41.0,10.0,427.0,650.0,24.0,23.0,4.0,91.0,920.0,46.0,37.0,27.0,532.0,47.0,32.0,39.0,15.0,92.0,36.0,5.0,1.0,36.0,5.0,2.0,42.0,15000000.0,126.0,19.0,182.0,96,22,True,False,False,True
24.0,1764.0,3.0,4.0,2.2,3.7,24.0,8.0,663.0,803.0,38.0,48.0,0.0,90.0,975.0,102.0,45.0,21.0,760.0,13.0,2.0,24.0,8.0,99.0,6.0,2.0,0.0,6.0,3.0,1.0,25.0,28000000.0,18.0,5.0,180.0,77,4,True,False,False,True
29.0,1764.0,7.0,2.0,6.1,1.4,38.0,14.0,214.0,317.0,8.0,3.0,0.0,20.0,561.0,20.0,8.0,58.0,429.0,12.0,1.0,11.0,16.0,46.0,66.0,4.0,0.0,32.0,4.0,1.0,6.0,3500000.0,0.0,0.0,188.0,224,31,True,False,False,True
28.0,1760.0,0.0,0.0,2.4,0.1,15.0,5.0,1213.0,1389.0,5.0,3.0,1.0,75.0,1594.0,26.0,5.0,3.0,1138.0,30.0,13.0,10.0,91.0,73.0,61.0,5.0,0.0,11.0,0.0,6.0,2.0,18000000.0,102.0,20.0,190.0,25,14,False,False,True,False
26.0,1759.0,2.0,0.0,1.2,0.5,13.0,6.0,1805.0,1923.0,7.0,3.0,1.0,137.0,2101.0,17.0,3.0,4.0,1632.0,36.0,34.0,7.0,45.0,115.0,59.0,6.0,0.0,20.0,0.0,1.0,6.0,50000000.0,150.0,26.0,186.0,4,2,False,False,False,True
31.0,1758.0,1.0,0.0,1.8,0.6,15.0,6.0,965.0,1128.0,9.0,4.0,0.0,51.0,1328.0,7.0,2.0,2.0,856.0,30.0,40.0,5.0,78.0,68.0,64.0,7.0,0.0,18.0,0.0,4.0,4.0,13000000.0,152.0,28.0,194.0,41,4,False,False,False,True
28.0,1758.0,0.0,3.0,1.6,1.5,21.0,8.0,1026.0,1204.0,16.0,14.0,1.0,128.0,1357.0,25.0,11.0,14.0,1027.0,33.0,10.0,15.0,21.0,100.0,13.0,2.0,0.0,9.0,2.0,7.0,18.0,1000000.0,220.0,21.0,178.0,720,3,False,True,False,True
27.0,1755.0,9.0,4.0,7.2,4.0,63.0,20.0,474.0,607.0,26.0,41.0,9.0,83.0,810.0,93.0,24.0,23.0,647.0,16.0,6.0,17.0,15.0,55.0,6.0,0.0,0.0,15.0,6.0,2.0,47.0,35000000.0,194.0,38.0,182.0,43,4,True,False,False,True
21.0,1755.0,5.0,3.0,3.8,2.8,35.0,13.0,751.0,946.0,35.0,42.0,5.0,102.0,1136.0,52.0,27.0,13.0,872.0,36.0,8.0,22.0,6.0,71.0,2.0,3.0,0.0,19.0,3.0,2.0,59.0,18000000.0,74.0,17.0,178.0,75,70,False,True,False,True
26.0,1751.0,2.0,1.0,1.3,1.1,17.0,6.0,1200.0,1342.0,9.0,18.0,2.0,117.0,1524.0,23.0,6.0,3.0,1069.0,40.0,32.0,7.0,57.0,81.0,16.0,7.0,0.0,22.0,0.0,3.0,9.0,40000000.0,527.0,86.0,175.0,41,1,False,False,True,False
18.0,1751.0,0.0,0.0,0.0,0.1,1.0,1.0,1001.0,1145.0,3.0,0.0,0.0,40.0,1286.0,7.0,7.0,11.0,941.0,16.0,19.0,18.0,50.0,69.0,11.0,1.0,0.0,17.0,0.0,4.0,17.0,38000000.0,0.0,0.0,187.0,14,4,False,True,False,True
25.0,1751.0,3.0,0.0,1.4,1.8,9.0,4.0,655.0,822.0,20.0,22.0,12.0,43.0,1045.0,33.0,9.0,12.0,605.0,30.0,21.0,26.0,48.0,67.0,21.0,1.0,0.0,11.0,2.0,2.0,49.0,8000000.0,87.0,13.0,180.0,303,10,False,False,False,True
29.0,1750.0,1.0,3.0,4.2,2.5,35.0,10.0,363.0,483.0,15.0,13.0,3.0,48.0,682.0,57.0,15.0,32.0,483.0,19.0,12.0,13.0,17.0,88.0,10.0,3.0,0.0,18.0,3.0,2.0,34.0,1500000.0,125.0,13.0,172.0,393,2,True,False,False,True
19.0,1750.0,6.0,3.0,4.1,5.2,58.0,19.0,754.0,951.0,33.0,45.0,4.0,122.0,1244.0,85.0,35.0,35.0,988.0,31.0,13.0,18.0,4.0,86.0,13.0,0.0,0.0,25.0,4.0,2.0,52.0,28000000.0,192.0,42.0,178.0,35,2,False,True,False,True
20.0,1748.0,0.0,1.0,1.8,1.4,28.0,13.0,677.0,801.0,12.0,3.0,1.0,66.0,1083.0,18.0,19.0,23.0,673.0,62.0,21.0,14.0,46.0,83.0,31.0,8.0,3.0,50.0,6.0,2.0,11.0,1500000.0,0.0,0.0,177.0,90,3,False,True,False,True
21.0,1747.0,2.0,2.0,1.1,1.0,16.0,4.0,648.0,802.0,10.0,5.0,0.0,49.0,1066.0,3.0,3.0,2.0,574.0,25.0,19.0,6.0,144.0,66.0,65.0,8.0,0.0,20.0,1.0,5.0,0.0,13000000.0,15.0,3.0,190.0,34,22,False,False,False,True
37.0,1745.0,10.0,5.0,4.0,4.6,46.0,18.0,661.0,877.0,38.0,35.0,4.0,132.0,1038.0,50.0,15.0,20.0,876.0,13.0,8.0,27.0,5.0,55.0,7.0,6.0,1.0,16.0,2.0,8.0,15.0,2000000.0,28.0,5.0,176.0,66,3,True,False,True,False
37.0,1740.0,0.0,3.0,0.2,2.1,9.0,3.0,474.0,783.0,35.0,18.0,10.0,73.0,979.0,18.0,2.0,8.0,423.0,38.0,18.0,26.0,92.0,63.0,23.0,5.0,0.0,14.0,1.0,3.0,111.0,600000.0,0.0,0.0,189.0,34,22,False,False,False,True
22.0,1734.0,2.0,2.0,1.9,1.1,12.0,5.0,329.0,505.0,14.0,8.0,4.0,34.0,780.0,19.0,7.0,13.0,335.0,47.0,19.0,22.0,71.0,57.0,30.0,3.0,0.0,19.0,1.0,3.0,18.0,1500000.0,0.0,0.0,190.0,95,10,False,False,False,True
33.0,1733.0,0.0,0.0,0.3,0.4,6.0,2.0,1104.0,1244.0,5.0,6.0,2.0,82.0,1395.0,12.0,3.0,4.0,990.0,31.0,15.0,7.0,54.0,67.0,14.0,3.0,0.0,7.0,0.0,2.0,10.0,1200000.0,27.0,7.0,186.0,75,2,False,False,False,True
27.0,1730.0,21.0,6.0,15.8,8.2,96.0,49.0,844.0,1068.0,63.0,55.0,3.0,137.0,1323.0,127.0,42.0,32.0,1127.0,11.0,9.0,36.0,2.0,39.0,4.0,1.0,0.0,8.0,3.0,8.0,80.0,90000000.0,61.0,11.0,178.0,12,2,True,False,False,False
19.0,1730.0,6.0,6.0,5.1,7.8,55.0,20.0,933.0,1133.0,55.0,51.0,16.0,139.0,1461.0,97.0,57.0,37.0,1164.0,48.0,13.0,21.0,7.0,93.0,8.0,1.0,0.0,28.0,5.0,1.0,78.0,90000000.0,0.0,0.0,181.0,12,2,False,True,False,True
23.0,1729.0,6.0,10.0,6.0,7.6,66.0,22.0,552.0,731.0,58.0,38.0,12.0,70.0,979.0,96.0,41.0,40.0,711.0,29.0,3.0,21.0,8.0,70.0,10.0,3.0,0.0,15.0,4.0,4.0,117.0,150000000.0,158.0,28.0,178.0,22,4,True,False,True,False
31.0,1729.0,7.0,2.0,3.7,3.1,37.0,15.0,394.0,586.0,22.0,25.0,12.0,35.0,774.0,57.0,24.0,21.0,576.0,13.0,4.0,31.0,14.0,63.0,18.0,4.0,0.0,11.0,7.0,1.0,84.0,2500000.0,86.0,16.0,188.0,130,10,True,False,False,True
32.0,1727.0,0.0,0.0,0.4,1.2,14.0,6.0,893.0,1082.0,19.0,23.0,12.0,81.0,1224.0,23.0,3.0,3.0,805.0,25.0,14.0,20.0,40.0,74.0,11.0,4.0,0.0,17.0,0.0,3.0,49.0,1500000.0,58.0,8.0,171.0,90,3,False,False,True,False
25.0,1726.0,1.0,0.0,0.8,0.9,10.0,3.0,825.0,931.0,11.0,10.0,0.0,85.0,1113.0,19.0,9.0,17.0,754.0,50.0,19.0,8.0,51.0,87.0,21.0,2.0,0.0,30.0,1.0,0.0,1.0,40000000.0,283.0,41.0,184.0,77,2,False,True,False,True
28.0,1726.0,9.0,3.0,11.7,3.6,75.0,31.0,431.0,589.0,26.0,27.0,2.0,70.0,797.0,31.0,10.0,28.0,624.0,11.0,3.0,21.0,10.0,48.0,21.0,4.0,0.0,25.0,0.0,4.0,11.0,20000000.0,101.0,18.0,179.0,175,10,False,True,False,False
21.0,1724.0,2.0,1.0,0.5,1.2,6.0,4.0,982.0,1097.0,16.0,12.0,9.0,59.0,1227.0,35.0,6.0,4.0,869.0,29.0,11.0,14.0,38.0,72.0,9.0,5.0,0.0,13.0,0.0,2.0,34.0,12000000.0,116.0,13.0,192.0,19,9,False,False,False,True
24.0,1723.0,0.0,0.0,0.2,0.4,6.0,0.0,696.0,833.0,10.0,5.0,1.0,82.0,1020.0,13.0,13.0,10.0,635.0,51.0,19.0,6.0,31.0,93.0,27.0,2.0,0.0,34.0,2.0,2.0,9.0,1700000.0,106.0,12.0,186.0,357,2,False,True,True,False
21.0,1722.0,4.0,4.0,2.1,2.8,13.0,6.0,568.0,697.0,24.0,14.0,5.0,68.0,884.0,44.0,11.0,12.0,558.0,50.0,17.0,31.0,19.0,66.0,19.0,6.0,1.0,18.0,0.0,2.0,40.0,12000000.0,12.0,1.0,186.0,24,3,False,False,False,True
23.0,1721.0,3.0,3.0,2.3,2.9,32.0,15.0,621.0,759.0,21.0,33.0,7.0,74.0,1019.0,76.0,41.0,39.0,795.0,34.0,10.0,23.0,9.0,78.0,0.0,4.0,0.0,22.0,4.0,5.0,78.0,15000000.0,262.0,29.0,175.0,200,3,True,False,True,False
29.0,1720.0,2.0,0.0,1.7,1.2,11.0,5.0,411.0,505.0,7.0,3.0,2.0,30.0,705.0,24.0,7.0,14.0,430.0,38.0,18.0,6.0,26.0,71.0,23.0,7.0,0.0,30.0,5.0,0.0,22.0,900000.0,62.0,8.0,173.0,90,3,True,False,False,True
23.0,1715.0,1.0,0.0,1.0,1.1,16.0,5.0,647.0,789.0,11.0,6.0,1.0,78.0,991.0,20.0,15.0,20.0,604.0,55.0,28.0,10.0,26.0,91.0,29.0,7.0,0.0,40.0,0.0,1.0,9.0,18000000.0,9.0,2.0,180.0,52,3,False,True,False,True
31.0,1714.0,1.0,0.0,0.4,0.1,2.0,2.0,977.0,1072.0,1.0,2.0,0.0,32.0,1210.0,3.0,1.0,3.0,878.0,13.0,13.0,4.0,71.0,62.0,13.0,3.0,0.0,8.0,0.0,4.0,0.0,2200000.0,0.0,0.0,185.0,46,4,False,False,False,True
23.0,1712.0,3.0,3.0,4.3,1.1,34.0,13.0,1021.0,1097.0,22.0,19.0,1.0,117.0,1288.0,30.0,12.0,36.0,967.0,39.0,7.0,10.0,10.0,97.0,14.0,3.0,1.0,18.0,2.0,2.0,8.0,45000000.0,114.0,20.0,185.0,1,4,False,True,False,True
30.0,1712.0,3.0,0.0,1.1,0.8,13.0,5.0,845.0,1000.0,15.0,10.0,3.0,90.0,1147.0,18.0,3.0,7.0,764.0,25.0,22.0,11.0,35.0,114.0,6.0,1.0,0.0,15.0,1.0,6.0,21.0,3500000.0,74.0,14.0,180.0,94,9,False,True,False,True
24.0,1711.0,1.0,0.0,0.4,1.6,11.0,3.0,339.0,507.0,19.0,21.0,13.0,27.0,720.0,65.0,20.0,9.0,442.0,29.0,12.0,24.0,40.0,60.0,19.0,3.0,0.0,17.0,1.0,0.0,65.0,6000000.0,31.0,4.0,188.0,266,9,True,False,False,True
36.0,1710.0,0.0,1.0,0.4,0.6,5.0,1.0,1200.0,1297.0,9.0,8.0,5.0,62.0,1484.0,19.0,3.0,2.0,1101.0,23.0,26.0,5.0,81.0,62.0,61.0,0.0,0.0,11.0,0.0,2.0,10.0,3000000.0,206.0,31.0,192.0,5,9,False,False,True,False
27.0,1710.0,0.0,1.0,0.2,0.3,4.0,0.0,682.0,814.0,5.0,6.0,1.0,61.0,971.0,10.0,4.0,1.0,516.0,31.0,23.0,14.0,56.0,49.0,22.0,5.0,1.0,17.0,1.0,0.0,10.0,5000000.0,100.0,17.0,185.0,80,4,False,False,False,True
29.0,1707.0,3.0,1.0,1.6,1.0,26.0,11.0,1041.0,1236.0,19.0,11.0,2.0,112.0,1410.0,22.0,15.0,19.0,1036.0,31.0,21.0,19.0,20.0,117.0,10.0,9.0,1.0,18.0,1.0,2.0,33.0,2500000.0,0.0,0.0,170.0,235,3,False,True,False,True
33.0,1702.0,4.0,7.0,5.1,8.0,57.0,15.0,908.0,1196.0,57.0,59.0,13.0,157.0,1368.0,51.0,13.0,28.0,1021.0,17.0,7.0,28.0,10.0,64.0,5.0,2.0,0.0,17.0,3.0,5.0,145.0,20000000.0,195.0,48.0,181.0,9,8,True,False,False,True
27.0,1699.0,2.0,2.0,2.1,2.7,18.0,6.0,1075.0,1225.0,20.0,25.0,4.0,141.0,1421.0,87.0,17.0,23.0,1014.0,49.0,8.0,28.0,24.0,81.0,15.0,8.0,0.0,35.0,1.0,1.0,21.0,25000000.0,29.0,5.0,180.0,4,22,False,False,False,True
32.0,1697.0,0.0,0.0,0.5,0.5,6.0,1.0,745.0,929.0,6.0,9.0,5.0,85.0,1133.0,32.0,4.0,7.0,626.0,43.0,19.0,21.0,66.0,68.0,21.0,5.0,0.0,27.0,2.0,3.0,24.0,4000000.0,153.0,27.0,184.0,58,7,False,False,False,True
30.0,1696.0,0.0,0.0,0.7,0.8,15.0,3.0,570.0,740.0,7.0,10.0,2.0,59.0,911.0,13.0,2.0,11.0,507.0,39.0,17.0,23.0,37.0,83.0,15.0,1.0,0.0,22.0,3.0,2.0,15.0,2500000.0,44.0,5.0,187.0,34,10,False,True,False,True
27.0,1695.0,1.0,0.0,1.0,0.1,12.0,2.0,883.0,1083.0,4.0,4.0,1.0,116.0,1348.0,18.0,14.0,2.0,819.0,30.0,25.0,8.0,137.0,94.0,35.0,5.0,1.0,15.0,0.0,4.0,5.0,7000000.0,170.0,22.0,190.0,211,108,False,False,False,True
28.0,5540.0,12.0,6.0,14.6,7.6,108.0,34.0,830.0,1192.0,56.0,16.0,8.0,72.0,1916.0,34.0,18.0,34.0,952.0,120.0,46.0,32.0,106.0,214.0,140.0,10.0,0.0,94.0,12.0,4.0,42.0,15000000.0,44.0,5.0,188.0,119,121,False,True,False,True
28.0,1690.0,1.0,0.0,1.3,0.1,8.0,3.0,752.0,898.0,2.0,1.0,0.0,36.0,1181.0,5.0,4.0,1.0,687.0,37.0,25.0,2.0,161.0,58.0,41.0,4.0,1.0,30.0,1.0,2.0,0.0,1500000.0,0.0,0.0,188.0,107,3,False,False,False,True
19.0,1689.0,1.0,0.0,1.0,1.6,19.0,6.0,454.0,592.0,8.0,6.0,0.0,40.0,850.0,25.0,25.0,23.0,503.0,64.0,29.0,27.0,23.0,99.0,17.0,11.0,0.0,37.0,6.0,3.0,16.0,2500000.0,0.0,0.0,183.0,363,2,False,True,False,True
26.0,1687.0,0.0,0.0,0.4,0.0,6.0,3.0,741.0,842.0,0.0,2.0,0.0,28.0,1025.0,1.0,0.0,2.0,660.0,41.0,15.0,9.0,70.0,43.0,35.0,2.0,0.0,26.0,0.0,1.0,0.0,10000000.0,25.0,4.0,190.0,119,9,False,False,False,True
24.0,1686.0,0.0,8.0,1.1,4.8,28.0,5.0,820.0,1042.0,33.0,44.0,23.0,111.0,1302.0,98.0,49.0,32.0,811.0,28.0,21.0,29.0,44.0,104.0,11.0,4.0,1.0,18.0,2.0,1.0,126.0,25000000.0,166.0,30.0,183.0,28,6,False,False,True,False
27.0,1686.0,7.0,2.0,5.3,1.2,51.0,19.0,300.0,481.0,22.0,9.0,1.0,29.0,677.0,8.0,15.0,17.0,502.0,11.0,5.0,21.0,26.0,48.0,78.0,4.0,0.0,36.0,2.0,1.0,1.0,5000000.0,0.0,0.0,190.0,161,10,True,False,False,True
30.0,1684.0,0.0,0.0,0.4,1.5,8.0,0.0,962.0,1128.0,15.0,12.0,6.0,92.0,1305.0,28.0,6.0,5.0,876.0,31.0,29.0,21.0,64.0,62.0,42.0,3.0,0.0,20.0,0.0,3.0,33.0,2500000.0,30.0,5.0,187.0,48,7,False,False,False,True
28.0,1684.0,21.0,0.0,11.9,0.6,68.0,32.0,287.0,368.0,11.0,6.0,0.0,21.0,578.0,7.0,10.0,30.0,452.0,6.0,4.0,9.0,17.0,29.0,45.0,4.0,0.0,24.0,5.0,1.0,1.0,27000000.0,36.0,19.0,191.0,18,40,True,False,True,False
32.0,1678.0,0.0,0.0,0.3,0.5,10.0,1.0,693.0,882.0,8.0,11.0,4.0,77.0,1106.0,44.0,15.0,7.0,635.0,27.0,26.0,22.0,73.0,54.0,25.0,3.0,2.0,20.0,7.0,0.0,49.0,1500000.0,132.0,25.0,179.0,322,2,False,False,True,False
26.0,1677.0,2.0,7.0,1.5,3.8,22.0,5.0,475.0,599.0,27.0,18.0,8.0,43.0,843.0,52.0,14.0,29.0,592.0,39.0,10.0,21.0,18.0,62.0,10.0,3.0,0.0,31.0,7.0,1.0,44.0,18000000.0,65.0,9.0,172.0,119,2,True,False,False,True
21.0,1677.0,3.0,3.0,3.1,2.0,24.0,6.0,422.0,567.0,22.0,13.0,2.0,54.0,847.0,33.0,25.0,36.0,549.0,28.0,7.0,14.0,13.0,85.0,11.0,2.0,0.0,23.0,4.0,6.0,61.0,14000000.0,141.0,15.0,180.0,266,9,False,True,False,True
26.0,1674.0,1.0,6.0,1.2,4.4,9.0,4.0,1065.0,1234.0,23.0,26.0,7.0,79.0,1416.0,63.0,19.0,13.0,1013.0,35.0,15.0,24.0,38.0,70.0,14.0,4.0,0.0,30.0,3.0,1.0,45.0,35000000.0,10.0,0.0,183.0,2,5,False,False,False,True
32.0,3606.0,12.0,6.0,13.799999999999999,4.8,106.0,40.0,614.0,844.0,40.0,24.0,2.0,76.0,1322.0,84.0,78.0,78.0,906.0,36.0,14.0,22.0,40.0,130.0,72.0,4.0,0.0,76.0,4.0,6.0,22.0,1800000.0,149.0,27.0,180.0,1389,43,True,False,False,True
24.0,1672.0,1.0,2.0,0.8,1.2,12.0,7.0,982.0,1110.0,17.0,9.0,2.0,65.0,1325.0,20.0,25.0,11.0,874.0,33.0,17.0,8.0,78.0,92.0,20.0,3.0,1.0,17.0,0.0,4.0,9.0,18000000.0,119.0,14.0,192.0,82,2,False,False,False,True
26.0,1670.0,0.0,1.0,0.1,0.6,3.0,1.0,927.0,988.0,6.0,3.0,0.0,27.0,1149.0,5.0,6.0,6.0,807.0,22.0,16.0,2.0,88.0,75.0,30.0,3.0,0.0,12.0,0.0,1.0,0.0,100000.0,42.0,6.0,185.0,3,3,False,False,False,True
20.0,1670.0,3.0,3.0,1.8,1.3,23.0,9.0,547.0,803.0,12.0,15.0,8.0,50.0,1074.0,25.0,5.0,31.0,522.0,45.0,18.0,36.0,57.0,77.0,43.0,4.0,1.0,25.0,3.0,3.0,46.0,10000000.0,15.0,5.0,193.0,34,10,False,False,True,False
23.0,1663.0,2.0,2.0,1.6,3.8,29.0,16.0,409.0,580.0,25.0,26.0,9.0,51.0,801.0,55.0,41.0,38.0,598.0,16.0,11.0,31.0,17.0,73.0,6.0,4.0,0.0,17.0,4.0,5.0,58.0,20000000.0,63.0,13.0,185.0,175,10,False,True,False,False
24.0,3682.0,0.0,0.0,0.8,0.8,12.0,2.0,1618.0,2000.0,10.0,30.0,10.0,176.0,2404.0,54.0,12.0,10.0,1454.0,78.0,38.0,26.0,150.0,116.0,56.0,12.0,0.0,66.0,0.0,10.0,52.0,4500000.0,79.0,10.0,188.0,98,35,False,False,False,True
20.0,3712.0,0.0,4.0,0.4,2.0,12.0,4.0,1344.0,1590.0,32.0,20.0,0.0,166.0,2004.0,52.0,72.0,46.0,1346.0,88.0,22.0,20.0,54.0,244.0,14.0,12.0,4.0,70.0,2.0,2.0,6.0,10000000.0,6.0,1.0,173.0,88,2,False,True,False,True
22.0,1656.0,5.0,3.0,4.6,2.5,50.0,12.0,237.0,355.0,19.0,16.0,1.0,67.0,641.0,42.0,27.0,37.0,411.0,39.0,10.0,14.0,13.0,66.0,25.0,2.0,0.0,34.0,9.0,2.0,9.0,32000000.0,57.0,9.0,182.0,58,2,True,False,True,False
24.0,1656.0,0.0,4.0,0.6,3.1,13.0,3.0,681.0,895.0,16.0,24.0,8.0,53.0,1057.0,39.0,14.0,14.0,672.0,28.0,17.0,30.0,37.0,66.0,3.0,1.0,0.0,19.0,0.0,3.0,41.0,4000000.0,0.0,0.0,170.0,66,3,False,True,False,True
20.0,1655.0,1.0,1.0,0.9,1.0,10.0,1.0,600.0,706.0,14.0,7.0,1.0,49.0,879.0,29.0,19.0,13.0,600.0,50.0,14.0,11.0,23.0,67.0,20.0,7.0,0.0,31.0,2.0,0.0,6.0,18000000.0,154.0,34.0,190.0,198,2,False,True,False,True
26.0,1654.0,1.0,0.0,1.0,0.1,7.0,3.0,669.0,753.0,1.0,0.0,0.0,43.0,944.0,12.0,4.0,3.0,613.0,23.0,12.0,3.0,87.0,52.0,19.0,1.0,1.0,11.0,0.0,1.0,3.0,3000000.0,163.0,29.0,185.0,364,4,False,False,False,True
31.0,1651.0,3.0,2.0,2.6,2.4,28.0,9.0,579.0,732.0,30.0,21.0,2.0,81.0,912.0,43.0,10.0,31.0,686.0,19.0,8.0,18.0,2.0,57.0,4.0,3.0,0.0,18.0,1.0,4.0,80.0,1000000.0,253.0,35.0,171.0,70,9,False,True,False,True
19.0,1651.0,0.0,0.0,0.7,1.6,15.0,2.0,723.0,836.0,14.0,12.0,1.0,65.0,1061.0,22.0,23.0,36.0,760.0,46.0,19.0,17.0,14.0,88.0,19.0,5.0,0.0,27.0,1.0,5.0,7.0,50000000.0,171.0,38.0,180.0,41,4,False,True,False,True
29.0,1649.0,0.0,1.0,0.4,1.2,8.0,3.0,780.0,953.0,9.0,5.0,3.0,62.0,1164.0,17.0,5.0,5.0,665.0,46.0,22.0,26.0,83.0,57.0,34.0,1.0,0.0,15.0,1.0,0.0,37.0,13000000.0,91.0,7.0,185.0,416,8,False,False,False,True
25.0,1646.0,2.0,0.0,1.5,1.1,21.0,4.0,333.0,467.0,11.0,7.0,2.0,41.0,651.0,10.0,12.0,20.0,393.0,26.0,12.0,15.0,25.0,60.0,23.0,1.0,0.0,18.0,3.0,3.0,10.0,2000000.0,48.0,7.0,186.0,489,10,False,True,True,False
27.0,1645.0,2.0,0.0,1.3,0.4,22.0,5.0,946.0,1076.0,10.0,13.0,2.0,100.0,1302.0,28.0,9.0,20.0,848.0,40.0,40.0,19.0,38.0,121.0,36.0,9.0,0.0,34.0,1.0,2.0,4.0,30000000.0,59.0,10.0,187.0,14,11,False,True,False,True
23.0,1644.0,1.0,3.0,1.7,4.0,28.0,9.0,441.0,591.0,23.0,24.0,5.0,36.0,844.0,74.0,26.0,33.0,533.0,64.0,12.0,28.0,10.0,95.0,11.0,2.0,1.0,40.0,6.0,1.0,39.0,4500000.0,61.0,11.0,182.0,90,120,False,False,False,True
31.0,1639.0,1.0,2.0,1.0,0.8,7.0,4.0,416.0,568.0,12.0,17.0,6.0,41.0,731.0,42.0,8.0,17.0,439.0,31.0,6.0,24.0,29.0,77.0,10.0,5.0,0.0,24.0,2.0,0.0,49.0,1000000.0,10.0,2.0,177.0,95,9,False,False,False,True
27.0,1639.0,3.0,1.0,3.1,3.8,38.0,13.0,320.0,461.0,21.0,14.0,10.0,32.0,741.0,53.0,48.0,45.0,555.0,17.0,8.0,31.0,20.0,72.0,19.0,3.0,0.0,21.0,5.0,5.0,53.0,4000000.0,32.0,3.0,180.0,563,4,True,False,False,True
33.0,3318.0,10.0,0.0,5.8,2.2,64.0,16.0,818.0,1100.0,34.0,28.0,14.0,92.0,1620.0,98.0,52.0,82.0,1098.0,56.0,24.0,22.0,38.0,188.0,76.0,12.0,0.0,62.0,2.0,2.0,122.0,2500000.0,0.0,0.0,182.0,46,2,False,True,False,True
24.0,1638.0,5.0,2.0,3.4,1.6,21.0,9.0,659.0,787.0,19.0,13.0,6.0,56.0,977.0,45.0,13.0,15.0,652.0,36.0,14.0,21.0,27.0,60.0,19.0,4.0,0.0,20.0,2.0,3.0,44.0,17000000.0,107.0,19.0,183.0,19,2,True,False,False,True
28.0,1637.0,11.0,5.0,10.2,5.5,67.0,29.0,750.0,909.0,36.0,35.0,7.0,64.0,1184.0,75.0,39.0,27.0,953.0,23.0,7.0,28.0,3.0,82.0,7.0,2.0,0.0,16.0,5.0,2.0,51.0,32000000.0,132.0,12.0,183.0,242,2,True,False,True,False
26.0,1636.0,7.0,2.0,4.2,1.3,44.0,13.0,195.0,301.0,11.0,6.0,2.0,21.0,564.0,33.0,14.0,37.0,433.0,7.0,0.0,12.0,11.0,42.0,57.0,4.0,2.0,45.0,5.0,4.0,5.0,4500000.0,13.0,5.0,193.0,161,2,True,False,False,True
32.0,1636.0,3.0,0.0,1.1,0.0,13.0,3.0,1309.0,1403.0,1.0,1.0,0.0,76.0,1613.0,11.0,3.0,1.0,1162.0,18.0,22.0,4.0,89.0,66.0,65.0,2.0,0.0,8.0,0.0,0.0,0.0,5000000.0,81.0,16.0,189.0,5,7,False,False,False,True
24.0,1633.0,3.0,3.0,2.8,1.2,22.0,4.0,714.0,840.0,12.0,14.0,1.0,64.0,1062.0,24.0,17.0,23.0,755.0,45.0,20.0,18.0,23.0,107.0,9.0,2.0,0.0,32.0,3.0,6.0,13.0,40000000.0,5.0,0.0,182.0,10,4,False,True,False,True
23.0,1630.0,0.0,0.0,0.3,0.5,7.0,2.0,483.0,615.0,11.0,10.0,2.0,42.0,826.0,23.0,10.0,7.0,432.0,41.0,15.0,11.0,54.0,71.0,12.0,6.0,0.0,27.0,5.0,2.0,28.0,1500000.0,0.0,0.0,170.0,107,3,True,False,False,True
21.0,1628.0,4.0,1.0,4.7,1.1,26.0,9.0,291.0,354.0,11.0,12.0,2.0,44.0,580.0,24.0,20.0,38.0,397.0,20.0,3.0,10.0,9.0,59.0,25.0,6.0,0.0,27.0,3.0,3.0,7.0,6000000.0,0.0,0.0,185.0,708,40,True,False,False,True
31.0,5452.0,0.0,0.0,0.6000000000000001,0.2,14.0,2.0,3124.0,3462.0,6.0,0.0,0.0,170.0,4160.0,14.0,12.0,14.0,2656.0,80.0,124.0,8.0,358.0,196.0,142.0,12.0,2.0,82.0,0.0,14.0,2.0,3500000.0,60.0,10.0,193.0,70,3,False,False,True,False
28.0,1626.0,2.0,1.0,3.9,2.5,41.0,13.0,519.0,653.0,27.0,19.0,0.0,61.0,825.0,27.0,11.0,16.0,589.0,24.0,6.0,13.0,22.0,61.0,10.0,4.0,0.0,26.0,2.0,5.0,49.0,9000000.0,184.0,20.0,186.0,27,9,False,True,False,True
25.0,1625.0,3.0,2.0,2.8,1.6,24.0,6.0,1083.0,1227.0,9.0,12.0,3.0,80.0,1413.0,31.0,7.0,13.0,997.0,29.0,9.0,19.0,50.0,70.0,57.0,1.0,0.0,9.0,2.0,2.0,19.0,26000000.0,61.0,14.0,184.0,5,5,False,False,True,False
23.0,1623.0,1.0,3.0,1.6,2.3,19.0,4.0,497.0,586.0,21.0,21.0,1.0,68.0,762.0,61.0,25.0,23.0,577.0,30.0,8.0,15.0,8.0,83.0,7.0,4.0,1.0,13.0,6.0,3.0,12.0,32000000.0,309.0,46.0,180.0,43,4,True,False,False,True
22.0,1622.0,12.0,2.0,8.0,4.6,46.0,23.0,345.0,489.0,37.0,23.0,0.0,52.0,788.0,31.0,31.0,50.0,623.0,10.0,1.0,14.0,15.0,53.0,47.0,5.0,1.0,24.0,3.0,3.0,6.0,30000000.0,9.0,2.0,198.0,43,10,False,True,False,True
24.0,1620.0,15.0,1.0,7.3,1.9,47.0,17.0,461.0,569.0,21.0,15.0,1.0,90.0,767.0,52.0,24.0,45.0,610.0,13.0,5.0,14.0,6.0,77.0,12.0,2.0,0.0,16.0,3.0,4.0,18.0,60000000.0,124.0,21.0,188.0,52,3,False,True,False,True
21.0,3560.0,0.0,0.0,0.8,0.8,28.0,4.0,1248.0,1398.0,12.0,16.0,6.0,92.0,1676.0,54.0,42.0,62.0,1178.0,80.0,10.0,20.0,20.0,206.0,12.0,12.0,2.0,64.0,8.0,2.0,16.0,10000000.0,43.0,9.0,177.0,70,2,False,True,False,True
23.0,1617.0,3.0,0.0,2.1,0.7,17.0,6.0,703.0,802.0,10.0,12.0,2.0,75.0,998.0,29.0,14.0,9.0,671.0,55.0,26.0,11.0,41.0,72.0,32.0,4.0,0.0,32.0,0.0,1.0,2.0,50000000.0,107.0,25.0,195.0,77,8,False,True,False,True
30.0,1616.0,1.0,0.0,1.8,1.6,21.0,8.0,728.0,858.0,12.0,12.0,2.0,97.0,1028.0,24.0,6.0,12.0,717.0,29.0,10.0,15.0,29.0,58.0,17.0,3.0,0.0,12.0,1.0,2.0,23.0,8000000.0,82.0,17.0,178.0,23,22,False,True,False,True
26.0,1615.0,4.0,1.0,1.8,2.6,26.0,7.0,460.0,613.0,22.0,26.0,7.0,57.0,863.0,91.0,35.0,35.0,623.0,34.0,11.0,24.0,15.0,83.0,9.0,2.0,0.0,18.0,2.0,5.0,69.0,10000000.0,35.0,4.0,182.0,46,4,True,False,False,True
25.0,1610.0,2.0,1.0,4.5,1.3,39.0,15.0,421.0,617.0,20.0,16.0,1.0,53.0,910.0,37.0,17.0,31.0,575.0,44.0,12.0,29.0,24.0,86.0,41.0,5.0,0.0,44.0,1.0,9.0,14.0,12000000.0,13.0,2.0,180.0,21,22,False,True,False,True
27.0,1609.0,3.0,1.0,6.7,0.6,50.0,19.0,181.0,289.0,7.0,5.0,1.0,20.0,520.0,23.0,10.0,33.0,417.0,9.0,7.0,12.0,23.0,35.0,85.0,2.0,0.0,27.0,3.0,0.0,6.0,16000000.0,161.0,21.0,189.0,128,4,True,False,False,True
22.0,1606.0,2.0,2.0,2.1,3.1,23.0,4.0,181.0,302.0,17.0,13.0,8.0,31.0,477.0,70.0,25.0,29.0,367.0,10.0,4.0,16.0,4.0,50.0,6.0,2.0,0.0,38.0,3.0,0.0,65.0,5000000.0,118.0,17.0,171.0,327,85,False,True,True,False
30.0,1603.0,6.0,0.0,4.3,1.7,34.0,13.0,211.0,350.0,15.0,7.0,0.0,29.0,491.0,9.0,3.0,11.0,343.0,3.0,4.0,5.0,24.0,20.0,46.0,1.0,0.0,12.0,3.0,3.0,3.0,4500000.0,55.0,7.0,186.0,95,69,True,False,False,True
25.0,1600.0,0.0,0.0,1.6,0.3,10.0,4.0,712.0,845.0,3.0,2.0,0.0,47.0,1098.0,1.0,2.0,0.0,592.0,36.0,30.0,1.0,128.0,73.0,73.0,4.0,0.0,27.0,0.0,1.0,0.0,5000000.0,125.0,14.0,190.0,65,10,False,False,False,True
27.0,1598.0,4.0,1.0,3.3,1.2,39.0,13.0,581.0,725.0,21.0,18.0,4.0,69.0,962.0,37.0,40.0,26.0,584.0,36.0,9.0,19.0,17.0,131.0,29.0,1.0,0.0,16.0,1.0,1.0,32.0,2000000.0,49.0,6.0,186.0,60,10,True,False,False,True
30.0,1598.0,2.0,2.0,1.3,0.3,21.0,5.0,865.0,978.0,9.0,8.0,0.0,65.0,1114.0,8.0,2.0,1.0,792.0,24.0,29.0,6.0,23.0,73.0,21.0,7.0,0.0,29.0,1.0,2.0,12.0,9000000.0,7.0,2.0,187.0,18,10,False,True,False,True
22.0,1597.0,4.0,5.0,4.9,5.2,30.0,9.0,363.0,544.0,27.0,24.0,6.0,58.0,775.0,53.0,26.0,17.0,477.0,41.0,12.0,21.0,24.0,76.0,19.0,3.0,0.0,27.0,6.0,1.0,32.0,15000000.0,23.0,5.0,180.0,50,10,False,False,False,True
23.0,1594.0,0.0,1.0,0.7,1.4,12.0,4.0,611.0,803.0,13.0,7.0,4.0,50.0,977.0,15.0,7.0,9.0,550.0,47.0,23.0,23.0,37.0,73.0,11.0,5.0,0.0,20.0,0.0,6.0,57.0,18000000.0,99.0,15.0,182.0,135,4,False,False,False,True
34.0,1593.0,1.0,0.0,0.8,1.4,7.0,2.0,1046.0,1175.0,16.0,24.0,4.0,106.0,1316.0,21.0,13.0,12.0,957.0,27.0,24.0,19.0,25.0,100.0,3.0,5.0,0.0,20.0,0.0,7.0,29.0,2500000.0,46.0,9.0,178.0,21,55,False,True,False,True
27.0,1593.0,0.0,1.0,0.1,0.7,2.0,0.0,1019.0,1103.0,8.0,6.0,3.0,63.0,1260.0,8.0,2.0,2.0,871.0,40.0,20.0,5.0,61.0,60.0,28.0,4.0,1.0,10.0,0.0,2.0,6.0,20000000.0,66.0,13.0,185.0,6,4,False,False,False,True
22.0,1591.0,8.0,5.0,7.7,3.3,42.0,13.0,291.0,413.0,24.0,14.0,3.0,33.0,618.0,24.0,22.0,26.0,423.0,25.0,7.0,22.0,14.0,49.0,23.0,2.0,0.0,17.0,3.0,4.0,16.0,25000000.0,60.0,8.0,185.0,23,10,True,False,False,True
26.0,1590.0,0.0,3.0,0.8,1.5,9.0,1.0,945.0,1182.0,13.0,19.0,5.0,61.0,1366.0,35.0,15.0,3.0,883.0,44.0,13.0,37.0,53.0,66.0,10.0,1.0,0.0,13.0,0.0,6.0,55.0,20000000.0,83.0,10.0,175.0,10,1,False,False,False,True
19.0,1589.0,5.0,4.0,3.8,3.7,31.0,15.0,494.0,638.0,25.0,32.0,13.0,45.0,828.0,112.0,24.0,18.0,645.0,22.0,8.0,32.0,6.0,63.0,2.0,2.0,0.0,13.0,5.0,1.0,70.0,30000000.0,52.0,10.0,169.0,45,8,True,False,False,True
22.0,1589.0,1.0,3.0,2.1,3.0,26.0,9.0,943.0,1145.0,25.0,27.0,9.0,86.0,1296.0,40.0,4.0,9.0,924.0,22.0,14.0,27.0,17.0,69.0,7.0,1.0,0.0,11.0,1.0,3.0,95.0,15000000.0,93.0,17.0,174.0,51,2,False,False,True,False
23.0,1588.0,8.0,1.0,1.6,2.0,16.0,7.0,816.0,966.0,22.0,7.0,2.0,75.0,1196.0,11.0,5.0,21.0,761.0,39.0,30.0,17.0,29.0,90.0,24.0,4.0,0.0,34.0,1.0,3.0,65.0,15000000.0,116.0,17.0,185.0,90,2,False,True,False,True
28.0,1586.0,7.0,2.0,5.9,2.0,38.0,13.0,451.0,577.0,17.0,24.0,4.0,69.0,783.0,11.0,9.0,27.0,504.0,46.0,15.0,12.0,26.0,86.0,59.0,4.0,1.0,41.0,2.0,5.0,13.0,35000000.0,65.0,14.0,189.0,22,3,True,False,True,False
28.0,1584.0,0.0,1.0,0.5,0.8,8.0,1.0,1050.0,1150.0,8.0,8.0,2.0,92.0,1291.0,13.0,0.0,1.0,996.0,29.0,16.0,7.0,52.0,46.0,40.0,4.0,0.0,18.0,1.0,2.0,11.0,25000000.0,139.0,27.0,186.0,35,2,False,False,False,True
30.0,1583.0,5.0,1.0,2.0,1.7,18.0,3.0,177.0,282.0,14.0,5.0,0.0,22.0,431.0,15.0,5.0,20.0,284.0,8.0,3.0,12.0,14.0,35.0,41.0,5.0,0.0,16.0,4.0,3.0,9.0,1200000.0,13.0,2.0,180.0,90,3,True,False,False,True
31.0,1581.0,0.0,1.0,0.2,0.8,5.0,0.0,862.0,994.0,11.0,7.0,5.0,62.0,1170.0,25.0,8.0,12.0,680.0,40.0,13.0,20.0,40.0,87.0,9.0,1.0,0.0,18.0,0.0,0.0,31.0,1800000.0,184.0,39.0,173.0,101,2,False,False,False,True
22.0,1577.0,0.0,0.0,0.4,0.2,4.0,1.0,1054.0,1238.0,4.0,7.0,1.0,80.0,1445.0,18.0,20.0,11.0,993.0,31.0,17.0,22.0,74.0,74.0,26.0,2.0,0.0,12.0,0.0,1.0,11.0,40000000.0,87.0,17.0,184.0,21,2,False,False,True,False
31.0,1572.0,4.0,4.0,2.9,2.9,21.0,11.0,1206.0,1359.0,27.0,25.0,2.0,85.0,1487.0,39.0,10.0,15.0,1117.0,19.0,10.0,26.0,19.0,94.0,8.0,2.0,0.0,9.0,0.0,6.0,27.0,8000000.0,201.0,24.0,170.0,4,2,False,False,True,False
19.0,1572.0,0.0,2.0,0.4,0.9,4.0,1.0,821.0,953.0,12.0,6.0,0.0,77.0,1109.0,14.0,6.0,12.0,753.0,32.0,23.0,18.0,25.0,94.0,8.0,7.0,0.0,22.0,0.0,1.0,3.0,22000000.0,0.0,0.0,180.0,21,8,False,True,False,True
22.0,1571.0,0.0,2.0,1.9,1.8,22.0,5.0,631.0,724.0,23.0,17.0,7.0,84.0,888.0,51.0,21.0,13.0,671.0,27.0,7.0,11.0,9.0,60.0,8.0,5.0,0.0,36.0,1.0,1.0,24.0,20000000.0,49.0,8.0,178.0,20,4,True,False,False,True
28.0,1571.0,2.0,7.0,3.3,3.5,36.0,15.0,308.0,490.0,22.0,14.0,6.0,41.0,714.0,32.0,10.0,18.0,387.0,37.0,20.0,20.0,20.0,77.0,35.0,4.0,0.0,30.0,5.0,2.0,99.0,2500000.0,34.0,3.0,180.0,322,2,False,True,False,True
23.0,1566.0,0.0,1.0,0.9,2.8,12.0,1.0,704.0,969.0,18.0,27.0,11.0,63.0,1199.0,28.0,20.0,10.0,689.0,42.0,9.0,30.0,53.0,92.0,15.0,1.0,0.0,17.0,1.0,5.0,54.0,5000000.0,62.0,13.0,180.0,130,22,False,False,True,False
29.0,1566.0,20.0,2.0,16.0,1.6,78.0,40.0,229.0,359.0,13.0,10.0,1.0,31.0,602.0,32.0,14.0,32.0,454.0,9.0,1.0,5.0,28.0,41.0,98.0,4.0,0.0,26.0,2.0,6.0,5.0,25000000.0,34.0,10.0,195.0,10,43,True,False,True,False
23.0,1566.0,2.0,3.0,2.3,0.8,14.0,8.0,1234.0,1340.0,7.0,14.0,3.0,109.0,1517.0,18.0,5.0,5.0,1125.0,38.0,14.0,12.0,41.0,54.0,27.0,4.0,0.0,20.0,0.0,2.0,7.0,18000000.0,80.0,15.0,182.0,11,3,False,True,False,True
28.0,1564.0,0.0,0.0,1.1,1.9,20.0,4.0,603.0,752.0,20.0,14.0,3.0,89.0,937.0,25.0,7.0,20.0,600.0,47.0,18.0,18.0,14.0,89.0,4.0,4.0,1.0,28.0,2.0,1.0,31.0,12000000.0,12.0,2.0,180.0,56,15,False,True,False,True
30.0,1562.0,3.0,1.0,1.0,1.1,14.0,7.0,1271.0,1408.0,11.0,7.0,0.0,110.0,1602.0,25.0,11.0,17.0,1226.0,50.0,33.0,25.0,28.0,86.0,13.0,5.0,0.0,37.0,1.0,4.0,7.0,9000000.0,310.0,39.0,173.0,51,2,False,True,False,True
24.0,1560.0,1.0,2.0,1.2,1.6,17.0,3.0,1141.0,1272.0,27.0,16.0,2.0,120.0,1463.0,81.0,31.0,19.0,1057.0,30.0,13.0,20.0,22.0,115.0,9.0,0.0,0.0,8.0,2.0,2.0,22.0,50000000.0,246.0,36.0,183.0,4,31,False,False,True,False
19.0,1558.0,3.0,3.0,1.6,2.8,24.0,7.0,420.0,566.0,20.0,20.0,6.0,52.0,802.0,57.0,39.0,31.0,557.0,30.0,8.0,16.0,11.0,78.0,6.0,0.0,0.0,14.0,4.0,4.0,35.0,28000000.0,134.0,29.0,183.0,21,43,False,True,False,True
24.0,1557.0,1.0,0.0,1.1,1.0,8.0,1.0,961.0,1109.0,10.0,17.0,4.0,93.0,1266.0,21.0,7.0,4.0,839.0,35.0,16.0,12.0,59.0,83.0,12.0,2.0,0.0,17.0,0.0,3.0,13.0,20000000.0,38.0,8.0,184.0,21,7,False,False,False,True
24.0,1557.0,1.0,1.0,0.5,2.2,14.0,5.0,713.0,891.0,17.0,21.0,9.0,72.0,1066.0,33.0,9.0,5.0,709.0,31.0,11.0,22.0,53.0,44.0,5.0,4.0,0.0,15.0,0.0,2.0,70.0,11000000.0,0.0,0.0,179.0,198,15,False,False,False,True
25.0,1556.0,1.0,0.0,0.2,0.2,7.0,2.0,701.0,830.0,4.0,3.0,1.0,28.0,1011.0,3.0,0.0,0.0,629.0,17.0,13.0,6.0,94.0,48.0,24.0,6.0,1.0,24.0,0.0,2.0,2.0,1500000.0,65.0,8.0,188.0,742,1,False,False,True,False
31.0,1553.0,2.0,0.0,1.9,0.6,21.0,9.0,792.0,944.0,13.0,12.0,0.0,99.0,1085.0,35.0,5.0,7.0,770.0,30.0,5.0,14.0,23.0,88.0,12.0,3.0,0.0,23.0,0.0,1.0,26.0,4000000.0,25.0,3.0,177.0,45,2,False,True,False,True
30.0,1553.0,1.0,6.0,2.8,2.5,42.0,9.0,516.0,659.0,22.0,8.0,2.0,66.0,904.0,13.0,12.0,13.0,536.0,47.0,22.0,15.0,34.0,86.0,40.0,8.0,1.0,44.0,1.0,2.0,19.0,3000000.0,57.0,7.0,184.0,24,3,False,True,True,False
25.0,1552.0,3.0,4.0,6.0,2.9,45.0,18.0,652.0,821.0,22.0,24.0,6.0,73.0,1038.0,72.0,27.0,18.0,772.0,33.0,8.0,31.0,13.0,85.0,13.0,3.0,0.0,15.0,3.0,1.0,41.0,22000000.0,15.0,3.0,177.0,10,5,False,False,False,True
31.0,1551.0,3.0,3.0,2.3,5.3,24.0,9.0,847.0,1117.0,54.0,39.0,8.0,121.0,1318.0,40.0,17.0,25.0,911.0,37.0,16.0,23.0,26.0,75.0,5.0,3.0,0.0,22.0,9.0,10.0,116.0,3500000.0,6.0,1.0,175.0,71,22,False,True,True,False
32.0,1547.0,9.0,8.0,3.9,4.4,38.0,9.0,957.0,1173.0,61.0,31.0,5.0,152.0,1381.0,38.0,27.0,27.0,1059.0,20.0,11.0,24.0,7.0,71.0,13.0,5.0,0.0,23.0,3.0,3.0,92.0,6000000.0,254.0,34.0,176.0,30,3,False,True,False,True
23.0,1545.0,2.0,2.0,5.5,2.4,36.0,11.0,198.0,312.0,17.0,8.0,0.0,14.0,534.0,8.0,10.0,24.0,350.0,9.0,12.0,12.0,20.0,52.0,53.0,5.0,1.0,38.0,3.0,2.0,5.0,5000000.0,62.0,3.0,183.0,53,22,True,False,False,True
22.0,1544.0,8.0,1.0,5.9,1.3,37.0,17.0,150.0,265.0,10.0,4.0,2.0,16.0,481.0,12.0,5.0,24.0,318.0,10.0,5.0,14.0,20.0,40.0,54.0,3.0,0.0,35.0,4.0,0.0,6.0,4000000.0,3.0,1.0,193.0,95,10,True,False,False,True
32.0,1542.0,3.0,2.0,2.9,3.1,8.0,5.0,656.0,846.0,34.0,19.0,1.0,88.0,986.0,29.0,9.0,27.0,706.0,41.0,7.0,26.0,8.0,104.0,3.0,1.0,0.0,15.0,1.0,3.0,39.0,4000000.0,80.0,9.0,176.0,50,10,True,False,False,True
24.0,1541.0,2.0,0.0,1.2,0.5,11.0,5.0,733.0,836.0,8.0,1.0,0.0,34.0,1049.0,3.0,5.0,5.0,633.0,23.0,17.0,8.0,93.0,76.0,35.0,5.0,0.0,21.0,0.0,0.0,1.0,2500000.0,7.0,1.0,190.0,95,55,False,False,False,True
29.0,1541.0,0.0,2.0,1.1,0.5,10.0,2.0,626.0,774.0,7.0,4.0,0.0,42.0,982.0,2.0,0.0,0.0,573.0,17.0,14.0,7.0,128.0,44.0,44.0,0.0,0.0,6.0,0.0,4.0,0.0,2000000.0,0.0,0.0,194.0,258,11,False,False,True,False
29.0,1540.0,1.0,0.0,1.1,0.9,17.0,4.0,478.0,565.0,10.0,10.0,1.0,47.0,732.0,18.0,7.0,9.0,450.0,39.0,12.0,9.0,31.0,63.0,8.0,6.0,0.0,39.0,0.0,1.0,4.0,1800000.0,66.0,5.0,175.0,98,35,False,True,False,True
23.0,1538.0,1.0,0.0,0.4,0.2,8.0,1.0,499.0,649.0,6.0,4.0,3.0,44.0,878.0,16.0,10.0,12.0,459.0,54.0,15.0,24.0,37.0,87.0,28.0,3.0,0.0,36.0,5.0,0.0,26.0,6000000.0,41.0,4.0,182.0,266,9,False,True,False,True
28.0,1538.0,0.0,2.0,0.2,1.2,10.0,4.0,910.0,1045.0,17.0,7.0,5.0,101.0,1158.0,19.0,3.0,8.0,827.0,24.0,9.0,11.0,20.0,106.0,8.0,4.0,0.0,9.0,1.0,3.0,34.0,9000000.0,0.0,0.0,178.0,46,4,False,True,False,True
25.0,1534.0,1.0,1.0,0.6,0.9,12.0,1.0,414.0,563.0,10.0,12.0,2.0,55.0,799.0,23.0,13.0,9.0,400.0,52.0,22.0,19.0,36.0,72.0,28.0,3.0,0.0,27.0,5.0,3.0,17.0,5000000.0,143.0,23.0,178.0,34,30,False,True,False,True
27.0,1531.0,3.0,2.0,3.5,2.0,28.0,9.0,631.0,810.0,23.0,13.0,3.0,91.0,1020.0,32.0,14.0,34.0,744.0,24.0,7.0,22.0,16.0,76.0,18.0,4.0,0.0,41.0,2.0,7.0,52.0,22000000.0,66.0,9.0,184.0,25,3,False,True,True,False
26.0,1530.0,1.0,1.0,1.1,0.6,5.0,2.0,761.0,939.0,4.0,3.0,1.0,47.0,1131.0,5.0,9.0,8.0,572.0,25.0,15.0,11.0,90.0,79.0,37.0,4.0,0.0,24.0,1.0,4.0,7.0,2500000.0,0.0,0.0,184.0,95,6,False,False,True,False
31.0,1526.0,2.0,2.0,1.3,2.8,22.0,8.0,902.0,1057.0,19.0,13.0,4.0,105.0,1228.0,23.0,12.0,8.0,855.0,48.0,12.0,19.0,23.0,125.0,4.0,7.0,0.0,32.0,3.0,3.0,22.0,6000000.0,195.0,17.0,185.0,322,2,False,True,False,True
20.0,1523.0,5.0,2.0,3.9,3.1,36.0,12.0,437.0,572.0,24.0,13.0,2.0,54.0,874.0,39.0,28.0,39.0,528.0,53.0,12.0,9.0,14.0,79.0,18.0,8.0,0.0,37.0,3.0,4.0,43.0,20000000.0,4.0,1.0,174.0,8,1,True,False,True,False
22.0,1523.0,1.0,1.0,0.8,0.6,9.0,5.0,394.0,487.0,5.0,3.0,1.0,37.0,702.0,17.0,2.0,14.0,403.0,53.0,21.0,17.0,41.0,74.0,5.0,4.0,0.0,28.0,0.0,0.0,16.0,1000000.0,23.0,0.0,175.0,393,2,False,True,False,True
30.0,1518.0,1.0,1.0,1.2,0.2,15.0,4.0,513.0,667.0,4.0,11.0,4.0,57.0,854.0,27.0,1.0,3.0,519.0,28.0,17.0,19.0,47.0,49.0,21.0,5.0,1.0,20.0,4.0,1.0,24.0,2500000.0,35.0,3.0,184.0,96,10,False,False,True,False
25.0,3040.0,2.0,2.0,3.8,4.2,32.0,12.0,800.0,1224.0,48.0,42.0,20.0,108.0,1734.0,106.0,42.0,38.0,802.0,106.0,30.0,52.0,50.0,138.0,20.0,8.0,0.0,72.0,6.0,6.0,148.0,4000000.0,0.0,0.0,182.0,95,9,False,False,False,True
24.0,1517.0,6.0,1.0,4.5,0.9,37.0,10.0,201.0,298.0,12.0,8.0,1.0,29.0,458.0,29.0,9.0,6.0,303.0,7.0,4.0,18.0,29.0,37.0,20.0,2.0,0.0,6.0,2.0,1.0,10.0,6000000.0,117.0,19.0,184.0,88,21,True,False,False,True
26.0,1517.0,1.0,0.0,2.4,0.3,17.0,5.0,838.0,963.0,7.0,8.0,2.0,65.0,1190.0,13.0,4.0,2.0,727.0,25.0,19.0,8.0,119.0,61.0,41.0,4.0,0.0,16.0,0.0,1.0,4.0,15000000.0,302.0,42.0,187.0,16,1,False,False,False,True
31.0,1517.0,1.0,1.0,0.8,3.5,12.0,4.0,710.0,895.0,26.0,34.0,8.0,88.0,1051.0,83.0,28.0,18.0,679.0,17.0,9.0,26.0,31.0,62.0,3.0,1.0,0.0,6.0,1.0,3.0,65.0,3500000.0,111.0,20.0,186.0,9,9,True,False,False,True
25.0,1516.0,5.0,1.0,6.0,1.5,44.0,18.0,178.0,251.0,9.0,7.0,1.0,25.0,420.0,17.0,4.0,31.0,316.0,8.0,4.0,9.0,11.0,21.0,40.0,5.0,1.0,26.0,7.0,3.0,4.0,3000000.0,0.0,0.0,178.0,1389,2,False,True,False,True
34.0,1510.0,0.0,0.0,0.1,0.3,1.0,0.0,518.0,585.0,6.0,4.0,3.0,16.0,743.0,1.0,2.0,4.0,468.0,22.0,19.0,4.0,79.0,47.0,11.0,2.0,0.0,10.0,0.0,0.0,5.0,300000.0,0.0,0.0,182.0,393,9,False,False,False,True
26.0,1510.0,0.0,1.0,0.9,0.9,17.0,3.0,398.0,560.0,12.0,11.0,2.0,72.0,744.0,10.0,4.0,10.0,419.0,45.0,16.0,12.0,25.0,96.0,9.0,5.0,1.0,32.0,2.0,5.0,16.0,3200000.0,174.0,17.0,179.0,85,9,False,True,True,False
24.0,1509.0,4.0,1.0,1.3,1.1,18.0,6.0,794.0,903.0,14.0,12.0,0.0,85.0,1083.0,21.0,17.0,14.0,782.0,34.0,23.0,12.0,30.0,85.0,23.0,3.0,0.0,22.0,2.0,2.0,6.0,28000000.0,196.0,37.0,190.0,23,4,False,True,False,True
31.0,1507.0,0.0,0.0,1.2,0.2,8.0,3.0,768.0,879.0,2.0,2.0,1.0,25.0,1048.0,6.0,2.0,3.0,699.0,19.0,22.0,5.0,85.0,60.0,22.0,3.0,0.0,7.0,0.0,3.0,4.0,1800000.0,186.0,25.0,188.0,266,9,False,False,False,True
19.0,1501.0,0.0,0.0,0.1,0.0,1.0,1.0,827.0,945.0,1.0,0.0,0.0,44.0,1138.0,13.0,10.0,11.0,768.0,42.0,26.0,12.0,48.0,70.0,31.0,3.0,0.0,19.0,1.0,0.0,3.0,15000000.0,33.0,6.0,184.0,35,2,False,False,True,False
29.0,1500.0,3.0,6.0,3.8,4.8,38.0,17.0,499.0,631.0,33.0,27.0,3.0,60.0,842.0,76.0,27.0,20.0,622.0,22.0,5.0,24.0,12.0,53.0,16.0,3.0,0.0,20.0,4.0,5.0,44.0,6000000.0,127.0,21.0,183.0,16,2,True,False,True,False
26.0,1498.0,0.0,0.0,0.4,0.6,7.0,1.0,790.0,932.0,4.0,8.0,1.0,62.0,1136.0,11.0,2.0,3.0,671.0,32.0,24.0,7.0,98.0,56.0,40.0,3.0,0.0,11.0,0.0,3.0,4.0,3500000.0,252.0,26.0,192.0,303,10,False,False,False,True
32.0,1494.0,1.0,0.0,1.9,2.3,32.0,10.0,780.0,990.0,22.0,23.0,6.0,84.0,1250.0,4.0,3.0,10.0,800.0,83.0,14.0,22.0,51.0,103.0,36.0,5.0,0.0,20.0,0.0,8.0,20.0,10000000.0,84.0,17.0,185.0,41,3,False,True,False,True
20.0,1489.0,1.0,1.0,0.8,1.0,5.0,2.0,766.0,888.0,2.0,12.0,2.0,63.0,1107.0,30.0,12.0,11.0,690.0,33.0,16.0,7.0,74.0,78.0,13.0,4.0,0.0,26.0,0.0,0.0,17.0,10000000.0,8.0,1.0,191.0,50,10,False,False,False,True
28.0,1485.0,0.0,2.0,0.3,1.8,2.0,1.0,736.0,884.0,15.0,16.0,10.0,51.0,1084.0,17.0,7.0,14.0,554.0,47.0,18.0,21.0,62.0,56.0,20.0,5.0,0.0,24.0,0.0,1.0,41.0,5000000.0,0.0,0.0,174.0,52,3,False,False,False,True
23.0,1485.0,3.0,0.0,3.5,1.3,30.0,13.0,292.0,372.0,18.0,5.0,2.0,20.0,583.0,48.0,29.0,31.0,370.0,32.0,11.0,12.0,3.0,70.0,19.0,4.0,2.0,45.0,7.0,0.0,21.0,1500000.0,32.0,2.0,179.0,844,2,False,True,True,False
31.0,1477.0,0.0,4.0,0.5,2.9,11.0,1.0,683.0,844.0,28.0,25.0,3.0,137.0,978.0,27.0,16.0,16.0,672.0,36.0,16.0,18.0,14.0,120.0,8.0,5.0,0.0,43.0,0.0,5.0,29.0,3000000.0,108.0,14.0,175.0,52,3,False,True,False,True
25.0,1471.0,0.0,2.0,0.9,1.0,13.0,5.0,799.0,894.0,19.0,8.0,0.0,93.0,1018.0,24.0,4.0,13.0,746.0,22.0,9.0,5.0,24.0,69.0,28.0,4.0,0.0,22.0,0.0,1.0,2.0,8000000.0,210.0,37.0,183.0,207,8,False,True,False,True
25.0,1468.0,3.0,0.0,2.1,1.4,16.0,10.0,470.0,621.0,18.0,21.0,11.0,35.0,757.0,40.0,5.0,13.0,494.0,22.0,10.0,17.0,34.0,47.0,5.0,2.0,0.0,16.0,1.0,2.0,64.0,2800000.0,107.0,16.0,176.0,70,9,False,True,False,True
30.0,1463.0,2.0,1.0,1.1,0.1,9.0,5.0,1324.0,1412.0,3.0,5.0,0.0,73.0,1591.0,12.0,2.0,2.0,1157.0,19.0,20.0,6.0,77.0,80.0,52.0,1.0,0.0,16.0,0.0,2.0,2.0,8000000.0,0.0,0.0,191.0,4,4,False,False,False,True
28.0,1462.0,0.0,1.0,0.3,3.2,8.0,1.0,619.0,803.0,34.0,12.0,8.0,35.0,968.0,14.0,11.0,5.0,573.0,28.0,17.0,21.0,47.0,65.0,15.0,2.0,0.0,19.0,1.0,7.0,84.0,3000000.0,109.0,21.0,173.0,198,60,False,False,True,False
20.0,1460.0,0.0,0.0,1.5,2.2,17.0,3.0,585.0,718.0,25.0,11.0,2.0,95.0,912.0,19.0,21.0,24.0,597.0,49.0,20.0,14.0,20.0,102.0,14.0,1.0,0.0,22.0,1.0,0.0,14.0,8000000.0,89.0,12.0,183.0,406,2,False,True,False,True
34.0,1459.0,2.0,3.0,1.7,3.4,19.0,3.0,315.0,505.0,18.0,15.0,7.0,40.0,659.0,22.0,7.0,10.0,385.0,21.0,11.0,23.0,39.0,59.0,9.0,0.0,0.0,9.0,1.0,2.0,70.0,800000.0,63.0,5.0,181.0,88,32,False,True,False,True
30.0,1457.0,0.0,0.0,0.4,0.2,4.0,0.0,775.0,907.0,4.0,2.0,0.0,51.0,1092.0,17.0,3.0,6.0,709.0,20.0,11.0,9.0,96.0,53.0,29.0,2.0,1.0,25.0,0.0,4.0,4.0,3000000.0,135.0,20.0,180.0,25,3,False,False,False,True
28.0,1457.0,8.0,3.0,2.4,4.9,31.0,16.0,766.0,970.0,43.0,41.0,1.0,132.0,1167.0,26.0,21.0,31.0,832.0,34.0,5.0,21.0,3.0,76.0,5.0,4.0,0.0,13.0,4.0,1.0,95.0,15000000.0,267.0,34.0,177.0,30,1,True,False,True,False
23.0,1456.0,0.0,0.0,1.3,0.1,10.0,4.0,749.0,860.0,2.0,2.0,0.0,59.0,1028.0,14.0,7.0,4.0,695.0,36.0,23.0,5.0,63.0,53.0,42.0,6.0,1.0,33.0,3.0,3.0,0.0,6000000.0,0.0,0.0,191.0,48,2,False,False,False,True
27.0,1455.0,3.0,4.0,1.0,4.9,15.0,5.0,1212.0,1390.0,32.0,12.0,4.0,120.0,1503.0,27.0,4.0,5.0,1169.0,13.0,11.0,16.0,24.0,69.0,3.0,3.0,0.0,8.0,0.0,2.0,92.0,20000000.0,0.0,0.0,173.0,18,3,False,True,False,True
35.0,1453.0,4.0,1.0,4.3,0.2,22.0,9.0,181.0,238.0,8.0,3.0,0.0,18.0,378.0,5.0,5.0,26.0,226.0,18.0,3.0,10.0,21.0,26.0,37.0,2.0,0.0,19.0,2.0,0.0,7.0,600000.0,0.0,0.0,175.0,80,2,True,False,True,False
20.0,1451.0,1.0,0.0,0.6,0.2,9.0,4.0,1437.0,1541.0,7.0,13.0,1.0,128.0,1648.0,15.0,5.0,2.0,1401.0,38.0,5.0,9.0,14.0,72.0,12.0,2.0,0.0,17.0,0.0,1.0,5.0,55000000.0,148.0,29.0,188.0,4,10,False,True,False,False
24.0,1449.0,11.0,6.0,7.0,4.3,52.0,22.0,326.0,426.0,21.0,14.0,0.0,54.0,653.0,37.0,17.0,20.0,510.0,7.0,4.0,14.0,6.0,44.0,15.0,2.0,0.0,7.0,3.0,3.0,9.0,22000000.0,4.0,1.0,176.0,45,2,True,False,False,True
25.0,5246.0,44.0,18.0,25.6,18.0,248.0,102.0,1104.0,1496.0,98.0,102.0,10.0,174.0,2350.0,204.0,132.0,112.0,1688.0,50.0,16.0,26.0,10.0,176.0,24.0,4.0,0.0,46.0,32.0,12.0,212.0,75000000.0,17.0,2.0,183.0,2,31,True,False,False,True
23.0,1441.0,2.0,0.0,4.9,0.5,28.0,10.0,205.0,251.0,5.0,7.0,0.0,14.0,398.0,22.0,15.0,26.0,274.0,13.0,2.0,8.0,11.0,35.0,9.0,0.0,0.0,16.0,1.0,1.0,3.0,12000000.0,65.0,7.0,175.0,198,4,True,False,False,True
28.0,1439.0,4.0,7.0,4.5,5.3,31.0,9.0,409.0,606.0,50.0,26.0,17.0,45.0,762.0,63.0,12.0,12.0,456.0,17.0,5.0,26.0,28.0,72.0,9.0,0.0,0.0,7.0,0.0,2.0,125.0,12000000.0,142.0,17.0,180.0,71,2,True,False,False,True
26.0,1438.0,0.0,0.0,1.0,1.2,9.0,3.0,504.0,644.0,8.0,7.0,4.0,56.0,795.0,27.0,7.0,12.0,491.0,26.0,12.0,18.0,50.0,42.0,27.0,5.0,0.0,13.0,0.0,1.0,14.0,18000000.0,162.0,33.0,198.0,99,43,False,False,False,True
33.0,1436.0,0.0,1.0,0.8,1.0,12.0,3.0,565.0,719.0,5.0,0.0,0.0,38.0,952.0,8.0,2.0,4.0,484.0,22.0,28.0,4.0,107.0,65.0,83.0,4.0,0.0,24.0,0.0,5.0,0.0,800000.0,217.0,28.0,192.0,65,10,False,False,False,True
22.0,1433.0,7.0,6.0,5.5,6.0,46.0,18.0,298.0,401.0,28.0,19.0,2.0,28.0,636.0,68.0,40.0,31.0,465.0,20.0,7.0,20.0,5.0,48.0,9.0,4.0,0.0,27.0,2.0,2.0,26.0,45000000.0,140.0,27.0,180.0,23,10,True,False,True,False
25.0,1432.0,2.0,1.0,2.7,1.3,35.0,12.0,376.0,466.0,17.0,15.0,1.0,57.0,609.0,37.0,12.0,22.0,449.0,15.0,8.0,7.0,10.0,46.0,10.0,1.0,0.0,21.0,1.0,3.0,33.0,9500000.0,85.0,16.0,184.0,94,9,False,True,True,False
29.0,1432.0,2.0,1.0,1.7,0.6,18.0,5.0,384.0,523.0,6.0,8.0,1.0,40.0,686.0,11.0,3.0,11.0,398.0,31.0,13.0,20.0,38.0,68.0,37.0,6.0,0.0,32.0,2.0,2.0,14.0,1600000.0,0.0,0.0,190.0,327,9,False,True,False,True
26.0,1431.0,3.0,0.0,2.4,1.5,34.0,9.0,226.0,336.0,17.0,14.0,8.0,20.0,551.0,31.0,21.0,20.0,327.0,33.0,6.0,11.0,22.0,50.0,13.0,2.0,0.0,44.0,3.0,2.0,42.0,2000000.0,54.0,9.0,173.0,109,3,False,True,True,False
20.0,1430.0,3.0,1.0,1.3,2.0,29.0,8.0,399.0,534.0,21.0,7.0,2.0,36.0,715.0,15.0,8.0,10.0,427.0,25.0,18.0,26.0,32.0,57.0,14.0,5.0,0.0,23.0,2.0,5.0,51.0,6000000.0,128.0,16.0,191.0,98,142,False,True,True,False
22.0,1424.0,3.0,0.0,2.7,0.7,22.0,7.0,211.0,313.0,11.0,7.0,5.0,24.0,531.0,40.0,28.0,24.0,348.0,26.0,13.0,10.0,30.0,55.0,29.0,2.0,1.0,26.0,5.0,0.0,21.0,4500000.0,80.0,9.0,185.0,85,9,True,False,True,False
27.0,1421.0,2.0,2.0,1.5,3.2,18.0,5.0,365.0,447.0,18.0,11.0,0.0,45.0,580.0,17.0,6.0,15.0,387.0,29.0,10.0,13.0,12.0,48.0,10.0,5.0,0.0,22.0,0.0,0.0,11.0,5000000.0,62.0,3.0,184.0,200,7,False,True,False,True
27.0,1420.0,0.0,0.0,0.9,0.1,9.0,1.0,1267.0,1357.0,4.0,0.0,0.0,68.0,1493.0,10.0,0.0,2.0,1163.0,24.0,14.0,9.0,51.0,67.0,32.0,9.0,2.0,25.0,0.0,3.0,4.0,5000000.0,33.0,5.0,187.0,51,31,False,False,True,False
31.0,1417.0,6.0,3.0,4.0,5.0,47.0,15.0,596.0,729.0,40.0,26.0,5.0,79.0,909.0,41.0,11.0,28.0,709.0,17.0,2.0,16.0,2.0,63.0,8.0,2.0,0.0,6.0,11.0,3.0,62.0,8000000.0,251.0,32.0,177.0,27,1,True,False,True,False
26.0,1416.0,1.0,0.0,1.6,0.6,16.0,8.0,1094.0,1223.0,7.0,8.0,1.0,71.0,1377.0,12.0,1.0,5.0,936.0,35.0,21.0,7.0,57.0,90.0,41.0,3.0,0.0,14.0,0.0,2.0,3.0,50000000.0,127.0,30.0,185.0,14,1,False,False,False,True
25.0,1415.0,1.0,2.0,1.0,1.0,14.0,3.0,475.0,621.0,11.0,15.0,9.0,42.0,815.0,25.0,20.0,17.0,434.0,31.0,16.0,20.0,41.0,60.0,6.0,2.0,0.0,22.0,1.0,1.0,39.0,4500000.0,55.0,8.0,173.0,82,4,False,False,True,False
30.0,1415.0,3.0,0.0,0.9,0.5,9.0,5.0,618.0,775.0,7.0,9.0,8.0,45.0,974.0,15.0,2.0,1.0,544.0,39.0,16.0,13.0,69.0,35.0,24.0,3.0,0.0,30.0,2.0,1.0,27.0,1000000.0,54.0,9.0,187.0,720,3,False,False,True,False
30.0,1414.0,5.0,2.0,1.6,2.3,13.0,4.0,685.0,915.0,31.0,15.0,5.0,104.0,1038.0,7.0,6.0,7.0,620.0,32.0,9.0,16.0,21.0,61.0,16.0,4.0,0.0,28.0,2.0,3.0,106.0,2500000.0,70.0,11.0,185.0,70,3,False,True,False,True
24.0,3188.0,2.0,2.0,2.6,3.8,24.0,10.0,1048.0,1490.0,36.0,34.0,22.0,108.0,1886.0,62.0,6.0,22.0,928.0,64.0,34.0,34.0,108.0,110.0,54.0,2.0,0.0,26.0,4.0,8.0,108.0,7000000.0,113.0,10.0,179.0,130,2,False,False,False,True
27.0,5340.0,2.0,0.0,2.6,1.0,44.0,10.0,3330.0,3846.0,24.0,10.0,2.0,216.0,4504.0,32.0,38.0,20.0,2994.0,110.0,62.0,18.0,308.0,336.0,88.0,12.0,0.0,40.0,0.0,12.0,6.0,20000000.0,15.0,3.0,192.0,119,40,False,False,False,True
27.0,1409.0,1.0,1.0,0.9,0.2,13.0,2.0,1079.0,1184.0,1.0,1.0,0.0,42.0,1330.0,5.0,4.0,0.0,1000.0,17.0,11.0,3.0,80.0,41.0,42.0,4.0,0.0,8.0,0.0,3.0,0.0,20000000.0,101.0,12.0,197.0,8,4,False,False,False,True
27.0,1409.0,1.0,1.0,1.8,1.4,25.0,8.0,570.0,669.0,18.0,13.0,0.0,56.0,794.0,17.0,8.0,14.0,539.0,16.0,8.0,10.0,21.0,64.0,10.0,6.0,0.0,26.0,3.0,2.0,34.0,18000000.0,0.0,0.0,180.0,35,3,False,True,False,True
28.0,1408.0,2.0,0.0,0.6,0.3,11.0,4.0,755.0,852.0,6.0,10.0,1.0,75.0,1039.0,15.0,7.0,15.0,704.0,49.0,18.0,10.0,40.0,85.0,7.0,7.0,0.0,28.0,0.0,3.0,2.0,25000000.0,68.0,8.0,182.0,14,40,False,True,False,True
28.0,1406.0,3.0,2.0,0.8,3.6,21.0,8.0,564.0,741.0,34.0,20.0,2.0,84.0,860.0,22.0,13.0,16.0,544.0,22.0,2.0,17.0,20.0,70.0,9.0,4.0,0.0,25.0,1.0,2.0,77.0,3500000.0,23.0,3.0,178.0,327,38,False,True,False,True
24.0,1405.0,2.0,2.0,1.7,2.9,35.0,12.0,506.0,746.0,35.0,34.0,13.0,65.0,893.0,49.0,17.0,14.0,660.0,23.0,6.0,31.0,15.0,59.0,2.0,3.0,1.0,13.0,3.0,3.0,125.0,8000000.0,0.0,0.0,176.0,90,8,True,False,False,True
32.0,1404.0,2.0,1.0,0.7,2.9,15.0,5.0,422.0,591.0,24.0,23.0,15.0,77.0,755.0,60.0,28.0,21.0,520.0,37.0,14.0,15.0,10.0,59.0,11.0,4.0,0.0,15.0,5.0,3.0,114.0,600000.0,0.0,0.0,169.0,90,3,False,True,True,False
23.0,1402.0,3.0,1.0,4.8,1.5,28.0,11.0,292.0,410.0,12.0,6.0,0.0,44.0,587.0,14.0,11.0,30.0,418.0,14.0,6.0,15.0,8.0,57.0,21.0,2.0,0.0,9.0,1.0,1.0,4.0,30000000.0,98.0,17.0,193.0,41,7,True,False,False,True
22.0,1402.0,1.0,1.0,1.5,1.0,29.0,8.0,285.0,357.0,10.0,13.0,7.0,27.0,587.0,63.0,39.0,25.0,410.0,22.0,6.0,9.0,9.0,63.0,13.0,2.0,0.0,22.0,1.0,1.0,26.0,13000000.0,190.0,34.0,175.0,198,77,False,True,False,True
26.0,1400.0,1.0,0.0,1.2,0.6,18.0,7.0,610.0,754.0,13.0,7.0,4.0,60.0,921.0,16.0,11.0,7.0,575.0,33.0,23.0,15.0,44.0,82.0,32.0,2.0,0.0,16.0,0.0,1.0,22.0,4000000.0,97.0,11.0,186.0,71,10,False,True,False,False
23.0,1398.0,3.0,0.0,4.2,0.9,40.0,13.0,154.0,260.0,13.0,5.0,1.0,17.0,390.0,3.0,8.0,18.0,291.0,4.0,0.0,1.0,11.0,24.0,90.0,6.0,1.0,40.0,2.0,2.0,5.0,2000000.0,0.0,0.0,192.0,274,3,True,False,True,False
30.0,1396.0,0.0,1.0,0.4,1.1,13.0,3.0,614.0,845.0,12.0,17.0,10.0,63.0,1030.0,22.0,3.0,1.0,553.0,26.0,13.0,16.0,65.0,62.0,13.0,1.0,0.0,8.0,0.0,5.0,52.0,1200000.0,169.0,11.0,182.0,60,10,False,False,False,True
27.0,1395.0,0.0,0.0,1.1,0.6,17.0,2.0,391.0,537.0,5.0,8.0,4.0,38.0,729.0,18.0,14.0,7.0,404.0,28.0,18.0,13.0,36.0,77.0,6.0,3.0,0.0,24.0,1.0,4.0,33.0,2500000.0,0.0,0.0,179.0,224,3,False,True,False,True
31.0,1393.0,5.0,2.0,4.3,1.9,29.0,11.0,502.0,678.0,20.0,21.0,7.0,42.0,886.0,35.0,12.0,14.0,481.0,43.0,20.0,22.0,37.0,72.0,22.0,2.0,0.0,27.0,0.0,5.0,51.0,3000000.0,78.0,10.0,183.0,100,52,False,True,True,False
32.0,1391.0,0.0,0.0,0.1,0.1,3.0,2.0,870.0,959.0,3.0,1.0,0.0,32.0,1092.0,3.0,4.0,0.0,757.0,22.0,16.0,4.0,74.0,46.0,26.0,5.0,0.0,12.0,0.0,1.0,0.0,2000000.0,62.0,9.0,199.0,46,10,False,False,False,False
24.0,1390.0,1.0,3.0,4.2,1.8,38.0,11.0,187.0,295.0,13.0,8.0,4.0,20.0,552.0,37.0,14.0,33.0,385.0,19.0,1.0,24.0,18.0,64.0,31.0,1.0,0.0,27.0,2.0,2.0,28.0,2000000.0,0.0,0.0,190.0,165,10,False,True,False,True
25.0,2958.0,14.0,6.0,5.0,5.4,50.0,24.0,1392.0,1702.0,52.0,46.0,14.0,114.0,2052.0,92.0,44.0,28.0,1540.0,68.0,20.0,40.0,16.0,158.0,16.0,8.0,0.0,26.0,8.0,12.0,126.0,17000000.0,138.0,25.0,180.0,6,8,True,False,False,True
30.0,1389.0,1.0,0.0,0.6,0.2,4.0,2.0,879.0,955.0,3.0,5.0,0.0,63.0,1097.0,14.0,0.0,3.0,783.0,34.0,13.0,4.0,53.0,44.0,6.0,2.0,2.0,13.0,0.0,1.0,1.0,1500000.0,154.0,24.0,185.0,198,4,False,False,False,True
24.0,1388.0,0.0,0.0,0.1,0.1,1.0,1.0,727.0,862.0,1.0,1.0,1.0,42.0,992.0,8.0,2.0,5.0,618.0,14.0,9.0,10.0,71.0,55.0,41.0,0.0,0.0,15.0,0.0,2.0,1.0,2000000.0,262.0,25.0,191.0,357,2,False,False,True,False
25.0,1385.0,4.0,2.0,5.3,3.3,28.0,15.0,573.0,660.0,23.0,19.0,0.0,74.0,833.0,39.0,24.0,27.0,669.0,25.0,4.0,13.0,2.0,54.0,3.0,0.0,0.0,14.0,1.0,6.0,8.0,40000000.0,59.0,15.0,170.0,3,3,False,True,False,False
25.0,1385.0,0.0,0.0,0.3,0.3,6.0,1.0,854.0,955.0,5.0,2.0,0.0,54.0,1105.0,4.0,2.0,4.0,754.0,21.0,22.0,11.0,63.0,69.0,18.0,0.0,0.0,13.0,0.0,1.0,1.0,5000000.0,0.0,0.0,183.0,90,2,False,False,True,False
21.0,1383.0,4.0,1.0,3.1,0.5,27.0,9.0,305.0,426.0,12.0,10.0,0.0,49.0,639.0,34.0,23.0,33.0,426.0,32.0,6.0,19.0,24.0,70.0,19.0,1.0,1.0,23.0,7.0,4.0,32.0,10000000.0,168.0,30.0,178.0,85,9,False,True,False,True
26.0,1381.0,1.0,1.0,1.2,1.3,31.0,5.0,353.0,454.0,15.0,8.0,6.0,51.0,649.0,33.0,30.0,13.0,390.0,24.0,13.0,12.0,13.0,75.0,21.0,5.0,0.0,35.0,10.0,3.0,39.0,5500000.0,89.0,11.0,182.0,82,1,False,True,False,True
27.0,1378.0,0.0,1.0,0.4,0.3,10.0,3.0,704.0,815.0,5.0,0.0,0.0,39.0,994.0,7.0,4.0,6.0,658.0,27.0,33.0,2.0,75.0,48.0,29.0,3.0,0.0,12.0,1.0,2.0,6.0,2000000.0,78.0,11.0,184.0,322,2,False,False,False,True
28.0,1376.0,3.0,1.0,2.7,1.1,21.0,7.0,318.0,406.0,13.0,11.0,0.0,57.0,607.0,24.0,33.0,25.0,353.0,30.0,14.0,9.0,5.0,73.0,5.0,6.0,0.0,32.0,0.0,6.0,31.0,1600000.0,0.0,0.0,185.0,90,8,False,True,False,True
27.0,1376.0,2.0,1.0,1.9,1.0,30.0,8.0,357.0,477.0,10.0,5.0,1.0,56.0,660.0,18.0,19.0,15.0,395.0,35.0,8.0,19.0,21.0,74.0,14.0,4.0,1.0,33.0,4.0,6.0,9.0,4500000.0,128.0,18.0,184.0,88,10,False,True,False,True
25.0,1375.0,5.0,1.0,6.6,1.3,57.0,15.0,230.0,335.0,12.0,4.0,0.0,25.0,509.0,17.0,16.0,17.0,352.0,11.0,2.0,9.0,10.0,54.0,79.0,4.0,0.0,44.0,1.0,1.0,2.0,1500000.0,7.0,1.0,180.0,88,12,True,False,False,True
30.0,1373.0,3.0,1.0,0.7,1.5,24.0,7.0,1105.0,1256.0,21.0,15.0,3.0,106.0,1381.0,17.0,3.0,1.0,996.0,26.0,19.0,10.0,33.0,83.0,9.0,4.0,0.0,15.0,0.0,5.0,57.0,5000000.0,9.0,3.0,180.0,27,1,False,True,False,True
25.0,1371.0,4.0,6.0,1.1,5.2,25.0,10.0,461.0,619.0,37.0,36.0,10.0,69.0,748.0,38.0,24.0,33.0,510.0,13.0,6.0,16.0,2.0,76.0,3.0,1.0,0.0,6.0,2.0,4.0,105.0,25000000.0,146.0,22.0,183.0,135,4,True,False,True,False
31.0,1369.0,1.0,1.0,1.2,0.7,15.0,3.0,460.0,592.0,7.0,12.0,6.0,52.0,738.0,26.0,5.0,6.0,420.0,30.0,7.0,15.0,48.0,54.0,14.0,3.0,0.0,14.0,1.0,6.0,26.0,900000.0,57.0,9.0,175.0,529,7,False,False,True,False
18.0,1369.0,1.0,0.0,0.2,0.4,3.0,1.0,708.0,776.0,8.0,10.0,2.0,71.0,905.0,37.0,12.0,9.0,616.0,22.0,7.0,2.0,27.0,53.0,11.0,3.0,2.0,11.0,6.0,5.0,10.0,45000000.0,17.0,4.0,178.0,22,4,False,False,True,False
33.0,1367.0,1.0,0.0,0.0,0.0,0.0,0.0,790.0,897.0,2.0,8.0,0.0,70.0,1030.0,11.0,4.0,2.0,619.0,12.0,9.0,2.0,75.0,90.0,14.0,6.0,0.0,10.0,0.0,2.0,0.0,1000000.0,114.0,12.0,194.0,60,10,False,False,False,True
23.0,1366.0,1.0,0.0,1.2,0.0,12.0,3.0,625.0,732.0,0.0,0.0,0.0,38.0,871.0,7.0,1.0,1.0,585.0,17.0,12.0,5.0,65.0,36.0,29.0,3.0,0.0,25.0,0.0,2.0,2.0,4000000.0,0.0,0.0,192.0,131,3,False,False,True,False
31.0,1364.0,1.0,3.0,1.4,1.1,18.0,5.0,493.0,613.0,10.0,13.0,4.0,48.0,809.0,8.0,10.0,11.0,482.0,51.0,27.0,7.0,50.0,73.0,25.0,4.0,0.0,17.0,0.0,5.0,10.0,7500000.0,22.0,6.0,184.0,242,2,False,True,False,True
24.0,3006.0,10.0,4.0,7.8,7.2,98.0,40.0,1356.0,1674.0,78.0,96.0,18.0,146.0,2166.0,198.0,56.0,42.0,1640.0,62.0,24.0,38.0,18.0,168.0,10.0,4.0,2.0,34.0,8.0,2.0,90.0,35000000.0,0.0,0.0,172.0,30,5,True,False,True,False
25.0,1359.0,2.0,4.0,3.1,1.5,28.0,10.0,256.0,343.0,18.0,10.0,2.0,22.0,529.0,38.0,19.0,16.0,389.0,16.0,4.0,20.0,10.0,37.0,11.0,1.0,0.0,22.0,2.0,3.0,25.0,15000000.0,31.0,6.0,173.0,18,4,True,False,False,True
33.0,1356.0,0.0,0.0,0.1,0.3,5.0,1.0,798.0,883.0,8.0,2.0,1.0,73.0,1032.0,22.0,4.0,13.0,782.0,38.0,12.0,11.0,20.0,71.0,13.0,5.0,0.0,28.0,0.0,0.0,8.0,1200000.0,39.0,7.0,183.0,200,3,False,True,False,True
24.0,1354.0,1.0,2.0,1.1,1.3,7.0,3.0,298.0,416.0,12.0,3.0,2.0,27.0,626.0,16.0,8.0,17.0,292.0,38.0,13.0,23.0,54.0,57.0,19.0,5.0,1.0,27.0,2.0,1.0,37.0,8000000.0,0.0,0.0,184.0,80,4,True,False,False,True
20.0,1348.0,4.0,5.0,5.2,2.6,32.0,15.0,266.0,363.0,16.0,12.0,1.0,28.0,562.0,34.0,10.0,16.0,412.0,23.0,3.0,18.0,10.0,46.0,8.0,1.0,0.0,21.0,1.0,1.0,18.0,5000000.0,80.0,11.0,187.0,66,27,True,False,False,True
24.0,1346.0,4.0,0.0,3.0,0.5,21.0,7.0,239.0,272.0,8.0,5.0,0.0,23.0,391.0,21.0,7.0,18.0,281.0,6.0,5.0,5.0,7.0,21.0,9.0,3.0,0.0,7.0,1.0,1.0,4.0,4000000.0,38.0,7.0,182.0,200,3,True,False,False,True
25.0,1343.0,2.0,2.0,0.7,1.6,13.0,4.0,581.0,733.0,16.0,16.0,6.0,39.0,908.0,36.0,15.0,12.0,587.0,20.0,10.0,28.0,26.0,57.0,8.0,2.0,0.0,14.0,3.0,1.0,58.0,5000000.0,13.0,2.0,180.0,303,10,True,False,True,False
22.0,1340.0,3.0,3.0,2.3,4.3,40.0,13.0,427.0,545.0,28.0,20.0,10.0,35.0,739.0,95.0,35.0,22.0,581.0,23.0,6.0,21.0,6.0,55.0,2.0,5.0,1.0,24.0,1.0,0.0,62.0,28000000.0,89.0,20.0,170.0,19,6,True,False,True,False
27.0,1339.0,0.0,0.0,0.5,0.1,5.0,2.0,663.0,758.0,3.0,1.0,0.0,25.0,903.0,6.0,1.0,2.0,617.0,26.0,9.0,2.0,72.0,45.0,20.0,2.0,0.0,10.0,0.0,0.0,1.0,14000000.0,143.0,21.0,194.0,416,2,False,False,False,True
25.0,1338.0,0.0,0.0,0.6,0.3,11.0,1.0,630.0,709.0,10.0,10.0,3.0,88.0,845.0,16.0,3.0,10.0,534.0,43.0,24.0,3.0,16.0,79.0,10.0,7.0,0.0,15.0,0.0,2.0,8.0,2500000.0,112.0,15.0,178.0,224,3,False,True,False,True
19.0,1336.0,1.0,0.0,0.7,0.0,4.0,2.0,440.0,499.0,1.0,1.0,0.0,16.0,654.0,3.0,7.0,4.0,420.0,19.0,8.0,2.0,84.0,37.0,16.0,2.0,0.0,7.0,0.0,3.0,0.0,4000000.0,209.0,30.0,185.0,393,2,False,False,False,True
27.0,3070.0,8.0,0.0,8.8,3.4,72.0,34.0,682.0,936.0,46.0,48.0,16.0,84.0,1272.0,190.0,48.0,22.0,954.0,20.0,4.0,48.0,8.0,84.0,6.0,6.0,0.0,34.0,2.0,6.0,152.0,4000000.0,15.0,3.0,178.0,200,7,True,False,False,True
26.0,2734.0,4.0,4.0,2.0,2.2,18.0,6.0,1190.0,1426.0,26.0,32.0,16.0,116.0,1654.0,28.0,14.0,26.0,1020.0,54.0,34.0,8.0,34.0,152.0,14.0,10.0,2.0,30.0,2.0,4.0,76.0,3500000.0,106.0,16.0,178.0,60,10,False,True,False,True
22.0,1333.0,2.0,2.0,2.3,2.7,26.0,12.0,261.0,400.0,13.0,7.0,4.0,21.0,612.0,13.0,9.0,19.0,375.0,43.0,5.0,23.0,20.0,55.0,15.0,3.0,0.0,32.0,2.0,0.0,24.0,2800000.0,0.0,0.0,184.0,10,3,True,False,False,True
31.0,1331.0,0.0,0.0,0.3,0.2,5.0,1.0,896.0,1023.0,2.0,2.0,0.0,52.0,1186.0,14.0,1.0,0.0,781.0,17.0,12.0,8.0,81.0,41.0,52.0,5.0,0.0,17.0,0.0,3.0,4.0,6000000.0,165.0,23.0,181.0,14,30,False,False,True,False
30.0,1327.0,3.0,3.0,0.5,1.5,17.0,3.0,463.0,615.0,25.0,14.0,2.0,78.0,782.0,29.0,8.0,12.0,477.0,47.0,19.0,20.0,12.0,68.0,18.0,7.0,0.0,33.0,2.0,4.0,33.0,1600000.0,105.0,12.0,188.0,742,5,False,True,False,False
29.0,1325.0,4.0,1.0,2.8,1.7,32.0,11.0,1101.0,1225.0,12.0,15.0,0.0,127.0,1373.0,35.0,7.0,4.0,1051.0,21.0,20.0,12.0,25.0,77.0,31.0,2.0,0.0,12.0,1.0,5.0,5.0,22000000.0,40.0,9.0,189.0,4,10,False,True,False,True
32.0,1323.0,6.0,3.0,2.7,2.9,32.0,12.0,312.0,446.0,22.0,16.0,7.0,64.0,619.0,17.0,13.0,22.0,398.0,19.0,11.0,13.0,11.0,58.0,6.0,0.0,0.0,16.0,4.0,1.0,31.0,1000000.0,91.0,11.0,174.0,95,10,False,True,False,True
21.0,1322.0,3.0,2.0,2.7,1.2,22.0,10.0,561.0,697.0,26.0,9.0,1.0,72.0,895.0,17.0,19.0,24.0,567.0,41.0,28.0,10.0,13.0,87.0,10.0,1.0,0.0,17.0,4.0,6.0,48.0,4000000.0,0.0,0.0,170.0,322,51,False,True,False,True
25.0,1321.0,1.0,3.0,1.5,3.7,9.0,1.0,360.0,550.0,36.0,24.0,17.0,34.0,674.0,41.0,9.0,25.0,427.0,14.0,9.0,16.0,27.0,66.0,7.0,3.0,0.0,13.0,1.0,1.0,130.0,3500000.0,12.0,2.0,185.0,238,4,False,True,False,True
26.0,1320.0,0.0,1.0,1.4,0.9,18.0,1.0,723.0,902.0,5.0,13.0,2.0,65.0,1100.0,7.0,7.0,7.0,691.0,30.0,18.0,11.0,56.0,88.0,30.0,7.0,0.0,23.0,1.0,2.0,12.0,16000000.0,110.0,11.0,178.0,21,51,False,True,False,True
24.0,1318.0,0.0,3.0,0.7,2.0,14.0,1.0,392.0,564.0,14.0,16.0,8.0,47.0,751.0,33.0,23.0,16.0,435.0,41.0,15.0,19.0,45.0,76.0,15.0,1.0,2.0,16.0,0.0,5.0,77.0,800000.0,0.0,0.0,178.0,393,2,False,False,False,True
28.0,1318.0,2.0,1.0,2.1,0.5,18.0,4.0,210.0,268.0,9.0,3.0,0.0,18.0,377.0,6.0,6.0,23.0,301.0,3.0,1.0,2.0,13.0,24.0,26.0,2.0,0.0,16.0,3.0,1.0,0.0,2800000.0,34.0,5.0,180.0,98,3,True,False,False,True
20.0,1318.0,0.0,2.0,0.4,3.0,13.0,5.0,548.0,725.0,26.0,18.0,5.0,107.0,872.0,14.0,2.0,13.0,533.0,34.0,20.0,12.0,27.0,102.0,7.0,2.0,0.0,12.0,0.0,7.0,39.0,45000000.0,100.0,18.0,182.0,56,4,False,True,True,False
26.0,1314.0,1.0,0.0,0.2,0.6,4.0,4.0,703.0,829.0,5.0,2.0,0.0,43.0,984.0,13.0,2.0,11.0,563.0,26.0,22.0,8.0,66.0,71.0,35.0,1.0,0.0,7.0,0.0,3.0,2.0,2500000.0,351.0,46.0,195.0,529,22,False,False,False,True
28.0,1313.0,1.0,3.0,0.9,2.4,16.0,4.0,495.0,612.0,20.0,12.0,6.0,50.0,790.0,21.0,14.0,16.0,459.0,32.0,14.0,14.0,40.0,71.0,7.0,5.0,0.0,10.0,1.0,5.0,32.0,3500000.0,83.0,15.0,176.0,30,3,True,False,False,True
34.0,1309.0,0.0,3.0,0.1,1.4,4.0,0.0,1036.0,1256.0,22.0,22.0,2.0,117.0,1388.0,26.0,4.0,8.0,847.0,38.0,12.0,16.0,49.0,68.0,22.0,1.0,0.0,16.0,0.0,3.0,82.0,4000000.0,124.0,21.0,173.0,43,4,False,False,False,True
28.0,1307.0,0.0,0.0,0.1,0.8,3.0,0.0,592.0,751.0,9.0,9.0,5.0,53.0,905.0,13.0,1.0,0.0,596.0,26.0,6.0,6.0,68.0,37.0,15.0,3.0,0.0,16.0,0.0,3.0,16.0,800000.0,85.0,7.0,184.0,95,10,False,False,True,False
23.0,3128.0,12.0,0.0,13.399999999999999,2.2,98.0,36.0,644.0,958.0,30.0,18.0,4.0,82.0,1448.0,106.0,72.0,72.0,1078.0,32.0,12.0,38.0,30.0,120.0,60.0,10.0,0.0,36.0,8.0,2.0,86.0,10000000.0,133.0,24.0,188.0,70,9,False,True,False,True
18.0,1304.0,1.0,1.0,1.0,1.0,11.0,1.0,357.0,445.0,11.0,9.0,2.0,39.0,595.0,5.0,3.0,11.0,337.0,24.0,12.0,13.0,28.0,52.0,10.0,0.0,0.0,9.0,3.0,1.0,10.0,12000000.0,114.0,20.0,189.0,96,10,False,True,False,True
27.0,1297.0,3.0,1.0,0.8,0.6,12.0,4.0,577.0,683.0,7.0,3.0,1.0,59.0,845.0,3.0,3.0,0.0,510.0,19.0,15.0,3.0,73.0,55.0,40.0,4.0,1.0,10.0,0.0,3.0,3.0,6000000.0,76.0,8.0,188.0,161,10,False,False,True,False
26.0,1294.0,1.0,1.0,1.6,1.6,20.0,5.0,384.0,513.0,6.0,4.0,2.0,51.0,673.0,21.0,13.0,16.0,423.0,20.0,18.0,14.0,21.0,56.0,19.0,4.0,0.0,28.0,3.0,5.0,13.0,2000000.0,0.0,0.0,179.0,299,3,False,True,False,True
19.0,1293.0,0.0,0.0,0.5,0.3,14.0,4.0,518.0,602.0,8.0,8.0,0.0,68.0,788.0,19.0,15.0,12.0,526.0,49.0,19.0,3.0,38.0,79.0,22.0,3.0,1.0,19.0,1.0,1.0,3.0,4000000.0,27.0,4.0,178.0,211,40,False,True,True,False
21.0,1284.0,1.0,3.0,1.9,0.8,19.0,4.0,223.0,305.0,10.0,1.0,0.0,23.0,439.0,19.0,12.0,21.0,271.0,12.0,2.0,6.0,15.0,42.0,29.0,1.0,0.0,12.0,1.0,1.0,23.0,6000000.0,11.0,1.0,183.0,52,3,False,True,True,False
27.0,1283.0,2.0,4.0,2.7,3.5,29.0,7.0,420.0,555.0,26.0,21.0,14.0,32.0,724.0,73.0,33.0,23.0,513.0,21.0,7.0,20.0,4.0,52.0,3.0,1.0,0.0,14.0,1.0,2.0,92.0,30000000.0,193.0,26.0,176.0,9,5,True,False,True,False
23.0,1282.0,1.0,2.0,0.9,0.8,9.0,2.0,496.0,668.0,10.0,7.0,2.0,58.0,827.0,6.0,2.0,2.0,478.0,26.0,30.0,18.0,53.0,53.0,14.0,2.0,0.0,13.0,0.0,0.0,10.0,1500000.0,126.0,12.0,185.0,95,10,False,False,True,False
28.0,1282.0,5.0,4.0,4.3,3.3,44.0,17.0,624.0,740.0,32.0,28.0,5.0,45.0,934.0,66.0,39.0,18.0,733.0,17.0,8.0,13.0,15.0,59.0,11.0,0.0,0.0,9.0,2.0,2.0,45.0,30000000.0,186.0,29.0,181.0,5,2,True,False,False,True
31.0,1276.0,0.0,0.0,0.5,0.7,11.0,3.0,861.0,963.0,10.0,15.0,1.0,101.0,1086.0,18.0,10.0,19.0,862.0,27.0,6.0,11.0,11.0,92.0,9.0,3.0,0.0,24.0,0.0,1.0,11.0,6000000.0,156.0,22.0,190.0,75,6,False,True,False,True
26.0,4890.0,8.0,8.0,5.8,5.6,70.0,22.0,1722.0,2304.0,54.0,62.0,20.0,170.0,2884.0,74.0,50.0,48.0,1788.0,94.0,48.0,88.0,120.0,226.0,30.0,6.0,0.0,52.0,2.0,8.0,142.0,9000000.0,0.0,0.0,176.0,21,10,False,False,False,True
23.0,1274.0,0.0,1.0,0.2,0.4,5.0,1.0,610.0,744.0,7.0,8.0,5.0,63.0,866.0,19.0,4.0,3.0,498.0,28.0,8.0,8.0,51.0,55.0,27.0,0.0,0.0,12.0,0.0,3.0,15.0,125000.0,0.0,0.0,186.0,566,19,False,False,False,True
35.0,1267.0,3.0,1.0,2.2,1.9,31.0,9.0,285.0,452.0,28.0,11.0,2.0,46.0,595.0,21.0,11.0,21.0,389.0,14.0,3.0,16.0,5.0,52.0,21.0,2.0,0.0,20.0,3.0,2.0,79.0,1000000.0,36.0,5.0,180.0,327,9,True,False,True,False
26.0,1263.0,7.0,2.0,4.1,1.3,27.0,14.0,193.0,319.0,17.0,10.0,4.0,33.0,520.0,25.0,22.0,18.0,304.0,29.0,5.0,13.0,25.0,45.0,19.0,3.0,0.0,21.0,1.0,2.0,34.0,3000000.0,124.0,19.0,185.0,95,27,True,False,True,False
23.0,1263.0,1.0,3.0,1.6,1.9,25.0,8.0,375.0,529.0,16.0,22.0,4.0,48.0,751.0,43.0,26.0,26.0,522.0,26.0,11.0,27.0,16.0,88.0,7.0,6.0,0.0,33.0,1.0,4.0,54.0,15000000.0,92.0,14.0,175.0,25,3,False,True,False,True
26.0,2656.0,2.0,0.0,2.4000000000000004,1.2,34.0,12.0,932.0,1044.0,18.0,16.0,2.0,82.0,1326.0,14.0,28.0,24.0,870.0,34.0,42.0,24.0,50.0,110.0,12.0,4.0,0.0,48.0,2.0,4.0,14.0,18000000.0,310.0,36.0,178.0,50,8,False,True,False,True
28.0,1259.0,6.0,4.0,1.5,3.4,17.0,8.0,480.0,688.0,37.0,26.0,11.0,61.0,840.0,29.0,19.0,17.0,565.0,31.0,6.0,27.0,5.0,73.0,8.0,0.0,0.0,11.0,4.0,4.0,103.0,7000000.0,52.0,11.0,172.0,322,2,True,False,True,False
22.0,1257.0,0.0,1.0,0.5,0.5,7.0,3.0,551.0,679.0,10.0,6.0,3.0,42.0,841.0,19.0,13.0,10.0,463.0,40.0,17.0,17.0,34.0,59.0,18.0,3.0,0.0,21.0,3.0,0.0,20.0,4000000.0,182.0,23.0,187.0,90,8,False,False,False,True
21.0,1254.0,0.0,0.0,0.2,1.7,4.0,0.0,873.0,1018.0,19.0,12.0,3.0,83.0,1097.0,21.0,8.0,12.0,860.0,28.0,5.0,10.0,9.0,71.0,2.0,5.0,0.0,19.0,0.0,0.0,50.0,4000000.0,0.0,0.0,180.0,66,3,False,True,False,True
22.0,1252.0,0.0,0.0,0.1,0.4,5.0,1.0,716.0,840.0,4.0,2.0,1.0,37.0,961.0,7.0,0.0,2.0,669.0,10.0,15.0,5.0,49.0,48.0,33.0,1.0,0.0,6.0,0.0,0.0,1.0,25000000.0,335.0,52.0,191.0,14,38,False,False,False,True
27.0,1252.0,5.0,0.0,5.5,0.4,43.0,16.0,160.0,247.0,6.0,6.0,0.0,20.0,452.0,11.0,12.0,22.0,285.0,18.0,10.0,9.0,27.0,50.0,57.0,3.0,0.0,32.0,1.0,3.0,4.0,5000000.0,20.0,3.0,185.0,138,33,True,False,False,True
19.0,3058.0,18.0,6.0,9.6,3.8,70.0,28.0,580.0,740.0,32.0,28.0,2.0,74.0,1290.0,118.0,42.0,80.0,954.0,60.0,6.0,52.0,44.0,106.0,48.0,4.0,0.0,48.0,6.0,4.0,32.0,30000000.0,68.0,5.0,185.0,90,3,True,False,False,True
32.0,1252.0,2.0,4.0,0.6,1.3,16.0,3.0,869.0,1013.0,19.0,24.0,0.0,139.0,1141.0,11.0,3.0,9.0,846.0,18.0,15.0,7.0,21.0,83.0,14.0,0.0,0.0,10.0,2.0,3.0,24.0,600000.0,0.0,0.0,181.0,498,2,False,True,False,True
21.0,1251.0,0.0,1.0,1.3,1.4,26.0,7.0,509.0,633.0,18.0,8.0,2.0,57.0,813.0,31.0,27.0,22.0,593.0,20.0,7.0,22.0,15.0,57.0,14.0,5.0,0.0,16.0,1.0,2.0,24.0,8000000.0,22.0,4.0,189.0,82,2,True,False,False,True
19.0,1250.0,3.0,4.0,3.3,4.5,39.0,16.0,763.0,886.0,40.0,31.0,5.0,93.0,1058.0,34.0,20.0,9.0,808.0,30.0,7.0,13.0,8.0,56.0,7.0,1.0,0.0,15.0,1.0,1.0,57.0,45000000.0,148.0,29.0,175.0,3,35,True,False,True,False
27.0,1250.0,2.0,2.0,1.7,3.0,35.0,12.0,390.0,546.0,24.0,16.0,3.0,60.0,693.0,16.0,10.0,16.0,433.0,14.0,1.0,12.0,13.0,52.0,10.0,3.0,0.0,25.0,3.0,4.0,67.0,1500000.0,0.0,0.0,185.0,563,32,False,True,True,False
21.0,1249.0,1.0,0.0,0.4,0.7,5.0,1.0,576.0,675.0,5.0,4.0,0.0,29.0,826.0,24.0,14.0,2.0,515.0,27.0,7.0,18.0,65.0,60.0,12.0,2.0,0.0,9.0,1.0,2.0,9.0,8000000.0,363.0,55.0,186.0,53,10,False,False,False,True
27.0,1248.0,2.0,2.0,2.3,1.2,25.0,7.0,231.0,288.0,9.0,8.0,2.0,21.0,377.0,25.0,6.0,18.0,286.0,12.0,3.0,12.0,8.0,23.0,5.0,4.0,0.0,12.0,0.0,2.0,14.0,12000000.0,0.0,0.0,173.0,198,4,True,False,False,True
22.0,1244.0,3.0,0.0,1.0,0.1,7.0,4.0,693.0,796.0,3.0,3.0,1.0,48.0,949.0,11.0,5.0,7.0,625.0,25.0,21.0,3.0,65.0,53.0,33.0,4.0,1.0,22.0,0.0,2.0,2.0,8000000.0,142.0,16.0,189.0,80,17,False,False,False,True
29.0,1242.0,7.0,5.0,6.8,5.1,48.0,17.0,498.0,597.0,24.0,21.0,2.0,48.0,758.0,44.0,18.0,7.0,581.0,20.0,6.0,14.0,9.0,47.0,4.0,0.0,0.0,19.0,0.0,2.0,22.0,22000000.0,259.0,41.0,176.0,4,10,False,True,False,True
24.0,1239.0,0.0,1.0,2.1,2.0,28.0,10.0,297.0,428.0,19.0,12.0,7.0,25.0,625.0,30.0,8.0,24.0,347.0,45.0,12.0,18.0,17.0,70.0,6.0,2.0,0.0,15.0,3.0,3.0,71.0,18000000.0,204.0,4.0,182.0,50,21,True,False,False,True
21.0,1239.0,1.0,2.0,1.4,1.0,21.0,7.0,374.0,467.0,14.0,9.0,2.0,45.0,641.0,20.0,20.0,17.0,419.0,25.0,5.0,11.0,14.0,62.0,18.0,3.0,0.0,19.0,2.0,2.0,12.0,8000000.0,0.0,0.0,178.0,25,3,False,True,False,True
23.0,1238.0,7.0,2.0,5.9,1.0,37.0,18.0,231.0,332.0,13.0,6.0,1.0,24.0,510.0,36.0,6.0,22.0,378.0,15.0,1.0,15.0,9.0,61.0,41.0,2.0,0.0,16.0,3.0,0.0,16.0,9000000.0,120.0,27.0,188.0,322,17,True,False,False,True
34.0,1238.0,0.0,1.0,0.5,1.5,7.0,0.0,540.0,706.0,21.0,5.0,1.0,47.0,847.0,14.0,7.0,8.0,485.0,34.0,21.0,17.0,26.0,72.0,8.0,1.0,1.0,13.0,3.0,4.0,46.0,500000.0,54.0,7.0,176.0,1470,4,False,True,True,False
28.0,1238.0,1.0,4.0,0.6,2.9,17.0,4.0,453.0,626.0,33.0,21.0,12.0,46.0,757.0,27.0,3.0,6.0,394.0,14.0,13.0,15.0,34.0,64.0,10.0,2.0,0.0,14.0,1.0,2.0,113.0,1800000.0,0.0,0.0,174.0,236,3,False,False,False,False
29.0,1237.0,0.0,0.0,0.4,0.2,11.0,2.0,436.0,551.0,5.0,6.0,1.0,51.0,739.0,4.0,5.0,10.0,394.0,35.0,19.0,9.0,37.0,68.0,7.0,6.0,1.0,28.0,0.0,1.0,20.0,12000000.0,195.0,14.0,179.0,2,4,False,True,False,True
25.0,4026.0,2.0,2.0,3.4,0.6,38.0,4.0,2694.0,3144.0,14.0,16.0,2.0,230.0,3580.0,64.0,6.0,10.0,2620.0,46.0,62.0,28.0,180.0,194.0,94.0,8.0,0.0,32.0,4.0,16.0,28.0,10000000.0,14.0,2.0,186.0,48,2,False,False,True,False
23.0,1234.0,1.0,0.0,1.0,0.6,18.0,10.0,685.0,766.0,7.0,3.0,0.0,56.0,915.0,11.0,10.0,11.0,679.0,25.0,19.0,7.0,29.0,63.0,4.0,3.0,0.0,14.0,2.0,0.0,14.0,6000000.0,0.0,0.0,188.0,45,11,False,True,False,True
29.0,1233.0,0.0,1.0,0.0,0.2,0.0,0.0,542.0,648.0,7.0,2.0,1.0,59.0,734.0,21.0,2.0,1.0,421.0,14.0,13.0,14.0,21.0,52.0,8.0,1.0,0.0,15.0,0.0,0.0,12.0,1500000.0,0.0,0.0,180.0,363,51,False,False,False,True
21.0,1228.0,13.0,2.0,9.7,4.5,40.0,22.0,149.0,241.0,22.0,16.0,1.0,24.0,382.0,14.0,1.0,16.0,286.0,5.0,4.0,15.0,7.0,23.0,18.0,0.0,0.0,19.0,2.0,4.0,8.0,30000000.0,71.0,15.0,187.0,35,4,True,False,False,True
20.0,1227.0,2.0,1.0,2.7,0.7,27.0,7.0,471.0,564.0,10.0,8.0,2.0,63.0,718.0,22.0,5.0,15.0,507.0,24.0,11.0,7.0,16.0,58.0,3.0,7.0,0.0,19.0,3.0,4.0,10.0,13000000.0,0.0,0.0,180.0,27,9,False,True,False,True
24.0,1226.0,1.0,1.0,3.0,1.9,30.0,10.0,258.0,354.0,20.0,12.0,0.0,42.0,517.0,50.0,24.0,30.0,409.0,6.0,4.0,14.0,2.0,45.0,6.0,6.0,0.0,14.0,5.0,2.0,26.0,2800000.0,47.0,11.0,170.0,529,10,False,True,True,False
35.0,1225.0,1.0,4.0,3.8,2.9,30.0,11.0,473.0,631.0,35.0,24.0,12.0,50.0,763.0,24.0,8.0,20.0,619.0,8.0,2.0,16.0,14.0,24.0,19.0,3.0,0.0,14.0,0.0,2.0,46.0,6000000.0,5.0,1.0,185.0,1178,10,True,False,False,True
24.0,1219.0,4.0,6.0,1.0,2.4,14.0,5.0,718.0,890.0,23.0,16.0,4.0,103.0,1021.0,24.0,12.0,8.0,690.0,32.0,6.0,12.0,19.0,77.0,5.0,3.0,1.0,9.0,1.0,5.0,63.0,11000000.0,40.0,7.0,186.0,94,2,False,True,False,True
24.0,2700.0,8.0,2.0,4.6000000000000005,5.6,42.0,16.0,584.0,862.0,34.0,22.0,8.0,86.0,1198.0,18.0,52.0,28.0,732.0,46.0,20.0,26.0,38.0,128.0,34.0,4.0,0.0,30.0,6.0,6.0,80.0,4000000.0,97.0,14.0,181.0,109,3,False,True,True,False
25.0,1219.0,3.0,1.0,3.6,1.7,21.0,7.0,259.0,377.0,13.0,4.0,1.0,36.0,520.0,11.0,10.0,10.0,279.0,20.0,15.0,12.0,26.0,48.0,12.0,4.0,0.0,16.0,4.0,5.0,35.0,12000000.0,191.0,15.0,185.0,96,27,False,True,False,True
21.0,2546.0,2.0,4.0,1.2,3.6,18.0,6.0,910.0,1186.0,56.0,28.0,10.0,78.0,1448.0,50.0,18.0,16.0,872.0,68.0,34.0,24.0,32.0,126.0,8.0,2.0,0.0,16.0,0.0,6.0,78.0,3500000.0,17.0,3.0,177.0,30,10,False,False,True,False
28.0,1215.0,0.0,0.0,0.4,1.6,7.0,2.0,1284.0,1361.0,22.0,10.0,0.0,150.0,1473.0,42.0,8.0,7.0,1206.0,41.0,14.0,13.0,10.0,87.0,2.0,4.0,0.0,13.0,1.0,3.0,14.0,10000000.0,135.0,18.0,179.0,3,3,False,True,False,True
26.0,1212.0,10.0,3.0,4.9,3.0,40.0,15.0,520.0,641.0,26.0,29.0,1.0,81.0,797.0,33.0,23.0,26.0,662.0,16.0,3.0,18.0,11.0,46.0,9.0,1.0,0.0,21.0,5.0,2.0,21.0,60000000.0,185.0,45.0,179.0,11,3,True,False,False,True
23.0,4368.0,2.0,0.0,2.0,0.6,24.0,8.0,2820.0,3108.0,14.0,6.0,0.0,176.0,3600.0,18.0,4.0,12.0,2508.0,54.0,54.0,20.0,256.0,222.0,122.0,8.0,0.0,50.0,2.0,4.0,2.0,10000000.0,93.0,11.0,186.0,25,2,False,False,False,True
18.0,1212.0,0.0,1.0,0.7,0.6,12.0,2.0,629.0,720.0,11.0,7.0,3.0,49.0,885.0,33.0,21.0,19.0,586.0,39.0,24.0,11.0,22.0,73.0,9.0,3.0,0.0,20.0,0.0,1.0,21.0,38000000.0,73.0,14.0,187.0,14,27,False,True,False,True
26.0,1211.0,3.0,0.0,1.6,2.1,31.0,7.0,446.0,566.0,26.0,17.0,2.0,62.0,707.0,27.0,20.0,8.0,459.0,23.0,7.0,10.0,7.0,80.0,5.0,2.0,0.0,7.0,0.0,6.0,42.0,3000000.0,0.0,0.0,180.0,235,3,False,True,False,True
26.0,1208.0,0.0,2.0,0.5,0.8,14.0,2.0,646.0,805.0,20.0,10.0,2.0,93.0,923.0,17.0,7.0,4.0,592.0,35.0,13.0,11.0,18.0,73.0,17.0,1.0,0.0,22.0,0.0,2.0,33.0,4500000.0,0.0,0.0,184.0,160,13,False,True,False,True
22.0,1206.0,2.0,0.0,0.8,1.0,6.0,3.0,372.0,496.0,9.0,15.0,8.0,34.0,676.0,22.0,13.0,9.0,349.0,26.0,15.0,7.0,59.0,58.0,33.0,4.0,0.0,13.0,1.0,1.0,26.0,1000000.0,14.0,3.0,187.0,529,2,False,False,False,True
33.0,1200.0,0.0,0.0,0.0,0.5,1.0,0.0,492.0,649.0,7.0,6.0,4.0,46.0,762.0,8.0,3.0,2.0,379.0,17.0,13.0,20.0,39.0,39.0,14.0,3.0,0.0,19.0,1.0,2.0,19.0,1400000.0,0.0,0.0,172.0,235,3,False,False,False,True
18.0,1199.0,1.0,0.0,0.1,0.0,2.0,1.0,562.0,641.0,1.0,0.0,0.0,21.0,774.0,0.0,3.0,2.0,492.0,14.0,15.0,4.0,63.0,34.0,17.0,3.0,1.0,11.0,0.0,1.0,3.0,18000000.0,45.0,2.0,196.0,1,9,False,False,False,True
27.0,1198.0,0.0,2.0,0.5,1.4,9.0,2.0,580.0,692.0,10.0,11.0,2.0,59.0,813.0,23.0,0.0,6.0,494.0,20.0,16.0,7.0,44.0,37.0,18.0,2.0,0.0,10.0,0.0,2.0,17.0,45000000.0,132.0,28.0,186.0,22,4,False,False,False,True
23.0,1196.0,0.0,3.0,1.1,2.2,14.0,3.0,297.0,394.0,23.0,11.0,3.0,35.0,552.0,33.0,16.0,12.0,347.0,21.0,7.0,17.0,7.0,55.0,6.0,1.0,0.0,9.0,2.0,2.0,15.0,8000000.0,58.0,8.0,188.0,53,10,False,True,False,True
28.0,1196.0,6.0,3.0,7.9,1.8,51.0,13.0,216.0,310.0,11.0,3.0,1.0,34.0,485.0,37.0,11.0,22.0,333.0,14.0,8.0,15.0,6.0,41.0,22.0,2.0,0.0,23.0,1.0,2.0,8.0,40000000.0,175.0,43.0,178.0,321,6,True,False,False,True
27.0,4610.0,6.0,0.0,6.0,4.4,66.0,22.0,1830.0,2398.0,66.0,36.0,6.0,254.0,3032.0,74.0,42.0,70.0,1830.0,156.0,34.0,44.0,66.0,262.0,52.0,20.0,0.0,126.0,4.0,16.0,164.0,2800000.0,0.0,0.0,184.0,529,3,False,True,True,False
31.0,1189.0,0.0,3.0,0.1,0.9,5.0,3.0,703.0,834.0,14.0,12.0,4.0,87.0,946.0,11.0,8.0,15.0,605.0,21.0,19.0,8.0,19.0,84.0,15.0,5.0,0.0,7.0,0.0,3.0,34.0,900000.0,0.0,0.0,179.0,720,3,False,True,False,True
26.0,1187.0,0.0,0.0,0.0,0.0,1.0,0.0,496.0,562.0,0.0,0.0,0.0,15.0,694.0,7.0,0.0,0.0,442.0,9.0,19.0,2.0,76.0,38.0,15.0,2.0,0.0,5.0,0.0,2.0,0.0,2000000.0,0.0,0.0,193.0,80,4,False,False,False,True
24.0,1186.0,4.0,2.0,3.9,1.6,20.0,9.0,196.0,292.0,13.0,13.0,5.0,21.0,428.0,36.0,11.0,18.0,300.0,21.0,3.0,12.0,4.0,54.0,7.0,2.0,0.0,16.0,3.0,2.0,39.0,2500000.0,46.0,8.0,179.0,1389,84,False,True,False,True
27.0,2368.0,6.0,8.0,10.8,4.4,52.0,22.0,306.0,448.0,28.0,20.0,0.0,54.0,742.0,16.0,8.0,26.0,490.0,34.0,4.0,12.0,32.0,24.0,74.0,2.0,0.0,46.0,2.0,2.0,6.0,15000000.0,45.0,6.0,194.0,20,4,True,False,False,True
24.0,1182.0,0.0,0.0,0.6,0.5,4.0,2.0,581.0,719.0,6.0,8.0,2.0,31.0,869.0,8.0,3.0,4.0,560.0,21.0,20.0,7.0,66.0,37.0,20.0,4.0,0.0,16.0,0.0,4.0,10.0,2000000.0,0.0,0.0,187.0,60,10,False,False,True,False
26.0,1181.0,0.0,0.0,0.3,0.7,4.0,1.0,546.0,686.0,11.0,22.0,12.0,51.0,781.0,13.0,3.0,1.0,454.0,26.0,14.0,10.0,33.0,53.0,16.0,0.0,0.0,12.0,0.0,5.0,51.0,4500000.0,106.0,18.0,187.0,56,10,False,False,True,False
28.0,1181.0,5.0,1.0,3.3,1.6,29.0,10.0,324.0,462.0,14.0,12.0,9.0,29.0,646.0,37.0,9.0,12.0,376.0,15.0,10.0,16.0,31.0,55.0,22.0,1.0,0.0,14.0,2.0,1.0,50.0,2000000.0,147.0,23.0,188.0,60,22,False,False,True,False
23.0,4188.0,18.0,12.0,13.399999999999999,17.200000000000003,166.0,62.0,1640.0,2016.0,106.0,86.0,16.0,200.0,2654.0,248.0,88.0,92.0,2052.0,68.0,12.0,58.0,22.0,144.0,14.0,2.0,0.0,48.0,12.0,12.0,168.0,90000000.0,52.0,6.0,183.0,12,68,True,False,False,False
25.0,1178.0,2.0,2.0,2.0,1.4,24.0,8.0,384.0,468.0,12.0,5.0,3.0,42.0,608.0,12.0,3.0,6.0,358.0,33.0,14.0,4.0,16.0,45.0,14.0,6.0,2.0,33.0,2.0,5.0,8.0,9000000.0,164.0,32.0,188.0,160,9,False,True,True,False
20.0,1178.0,0.0,1.0,0.9,1.9,17.0,3.0,483.0,574.0,24.0,12.0,2.0,67.0,704.0,21.0,9.0,11.0,474.0,30.0,14.0,8.0,17.0,54.0,10.0,4.0,0.0,26.0,1.0,1.0,34.0,8000000.0,0.0,0.0,182.0,46,4,False,True,False,True
23.0,2550.0,0.0,2.0,1.2,3.6,20.0,2.0,1724.0,1950.0,42.0,28.0,4.0,156.0,2158.0,26.0,12.0,10.0,1680.0,54.0,18.0,10.0,48.0,138.0,18.0,0.0,0.0,32.0,4.0,0.0,38.0,20000000.0,31.0,5.0,170.0,9,35,False,True,False,True
22.0,1173.0,0.0,0.0,0.2,0.3,6.0,0.0,685.0,813.0,4.0,6.0,3.0,63.0,969.0,18.0,7.0,1.0,632.0,36.0,17.0,21.0,52.0,37.0,6.0,2.0,0.0,20.0,0.0,2.0,25.0,2000000.0,23.0,4.0,182.0,200,3,False,False,False,True
24.0,1172.0,0.0,0.0,0.4,0.4,3.0,0.0,724.0,803.0,6.0,1.0,0.0,32.0,933.0,19.0,8.0,5.0,665.0,13.0,14.0,4.0,55.0,54.0,27.0,7.0,0.0,24.0,0.0,1.0,1.0,25000000.0,528.0,87.0,185.0,8,2,False,False,False,True
27.0,1169.0,0.0,2.0,0.3,2.2,7.0,1.0,533.0,747.0,24.0,20.0,13.0,52.0,878.0,28.0,14.0,11.0,501.0,13.0,14.0,22.0,30.0,51.0,11.0,2.0,1.0,9.0,2.0,2.0,128.0,3800000.0,98.0,14.0,183.0,80,2,False,False,True,False
26.0,2492.0,8.0,2.0,5.0,2.8,54.0,22.0,532.0,760.0,36.0,24.0,12.0,48.0,1134.0,108.0,48.0,34.0,802.0,52.0,10.0,34.0,18.0,104.0,26.0,4.0,0.0,28.0,4.0,6.0,88.0,5000000.0,111.0,9.0,170.0,363,2,True,False,False,False
19.0,1165.0,0.0,0.0,0.7,0.1,5.0,1.0,708.0,766.0,2.0,5.0,1.0,52.0,894.0,19.0,2.0,4.0,656.0,29.0,18.0,5.0,43.0,46.0,16.0,5.0,0.0,9.0,0.0,1.0,1.0,55000000.0,158.0,27.0,190.0,41,2,False,False,False,True
23.0,1164.0,1.0,1.0,0.6,1.5,8.0,2.0,622.0,701.0,12.0,2.0,0.0,54.0,836.0,18.0,9.0,7.0,553.0,30.0,11.0,11.0,27.0,62.0,11.0,4.0,0.0,21.0,1.0,1.0,1.0,6000000.0,0.0,0.0,184.0,71,10,False,True,False,True
28.0,1164.0,0.0,2.0,2.1,1.2,20.0,9.0,243.0,347.0,16.0,15.0,9.0,25.0,487.0,26.0,10.0,21.0,336.0,14.0,5.0,15.0,17.0,56.0,10.0,1.0,0.0,10.0,3.0,1.0,29.0,2000000.0,0.0,0.0,181.0,34,10,False,True,False,True
27.0,1162.0,6.0,1.0,4.2,1.1,43.0,17.0,326.0,445.0,20.0,15.0,1.0,51.0,598.0,22.0,9.0,6.0,390.0,20.0,7.0,6.0,10.0,55.0,5.0,2.0,0.0,12.0,2.0,1.0,41.0,15000000.0,96.0,17.0,173.0,416,4,True,False,True,False
33.0,1161.0,2.0,0.0,1.5,0.4,15.0,4.0,481.0,564.0,6.0,1.0,0.0,44.0,715.0,9.0,1.0,3.0,438.0,17.0,14.0,3.0,75.0,33.0,35.0,0.0,0.0,20.0,0.0,0.0,2.0,700000.0,14.0,3.0,187.0,82,8,False,False,False,True
26.0,3036.0,20.0,4.0,15.6,5.0,80.0,38.0,416.0,588.0,44.0,24.0,0.0,50.0,992.0,58.0,50.0,66.0,746.0,30.0,8.0,20.0,14.0,82.0,38.0,0.0,0.0,68.0,4.0,2.0,16.0,30000000.0,4.0,1.0,187.0,14,2,True,False,False,True
23.0,2480.0,2.0,0.0,4.2,3.6,38.0,8.0,526.0,826.0,36.0,34.0,24.0,78.0,1136.0,100.0,28.0,22.0,814.0,12.0,4.0,22.0,18.0,108.0,30.0,0.0,0.0,22.0,18.0,6.0,160.0,5000000.0,58.0,9.0,181.0,429,10,True,False,False,True
32.0,3182.0,2.0,0.0,1.4,6.0,30.0,6.0,1544.0,2052.0,62.0,44.0,28.0,102.0,2334.0,54.0,2.0,4.0,1382.0,40.0,24.0,44.0,110.0,98.0,20.0,2.0,0.0,26.0,2.0,12.0,274.0,1800000.0,30.0,6.0,185.0,98,9,False,False,True,False
18.0,1158.0,0.0,2.0,0.1,0.5,3.0,0.0,510.0,608.0,5.0,4.0,2.0,45.0,708.0,21.0,10.0,15.0,440.0,16.0,8.0,15.0,23.0,64.0,6.0,3.0,0.0,9.0,0.0,2.0,16.0,2500000.0,0.0,0.0,178.0,211,2,False,False,True,False
25.0,1158.0,5.0,1.0,4.0,0.8,26.0,7.0,297.0,360.0,7.0,5.0,1.0,31.0,499.0,23.0,7.0,4.0,345.0,17.0,5.0,10.0,14.0,48.0,10.0,1.0,0.0,11.0,2.0,2.0,8.0,35000000.0,89.0,10.0,178.0,5,9,False,True,False,True
20.0,2890.0,0.0,4.0,1.6,4.2,34.0,2.0,1566.0,1936.0,28.0,24.0,4.0,154.0,2328.0,48.0,24.0,28.0,1548.0,102.0,30.0,42.0,66.0,190.0,14.0,4.0,0.0,48.0,2.0,6.0,110.0,12000000.0,6.0,2.0,170.0,86,1,False,False,True,False
31.0,1156.0,1.0,0.0,1.8,0.6,11.0,2.0,435.0,563.0,7.0,16.0,10.0,53.0,683.0,33.0,9.0,8.0,394.0,25.0,10.0,16.0,34.0,51.0,22.0,2.0,0.0,13.0,0.0,1.0,36.0,1500000.0,213.0,28.0,180.0,363,78,False,False,True,False
26.0,1155.0,1.0,6.0,1.5,2.3,13.0,8.0,922.0,1023.0,28.0,19.0,2.0,97.0,1144.0,15.0,8.0,20.0,901.0,22.0,13.0,15.0,15.0,76.0,1.0,2.0,0.0,9.0,0.0,1.0,4.0,40000000.0,102.0,18.0,178.0,18,1,False,True,False,True
23.0,1154.0,0.0,1.0,0.6,1.0,5.0,1.0,576.0,688.0,6.0,5.0,2.0,36.0,839.0,8.0,5.0,4.0,499.0,20.0,19.0,9.0,63.0,40.0,29.0,3.0,0.0,12.0,0.0,0.0,12.0,5000000.0,4.0,1.0,189.0,175,7,False,False,True,False
24.0,1154.0,3.0,2.0,4.3,0.6,31.0,11.0,210.0,293.0,12.0,4.0,0.0,17.0,439.0,9.0,2.0,22.0,343.0,10.0,1.0,13.0,13.0,35.0,41.0,1.0,0.0,24.0,3.0,0.0,3.0,12000000.0,4.0,1.0,190.0,160,7,True,False,False,True
28.0,1153.0,3.0,0.0,2.3,2.4,24.0,9.0,523.0,678.0,24.0,31.0,3.0,112.0,840.0,39.0,22.0,18.0,563.0,38.0,12.0,13.0,7.0,101.0,9.0,1.0,0.0,25.0,1.0,5.0,23.0,20000000.0,258.0,22.0,178.0,35,35,False,True,False,True
26.0,1153.0,2.0,1.0,2.1,0.5,20.0,7.0,296.0,411.0,10.0,5.0,2.0,33.0,558.0,5.0,1.0,3.0,311.0,29.0,12.0,8.0,23.0,36.0,41.0,1.0,0.0,24.0,2.0,4.0,8.0,2500000.0,0.0,0.0,184.0,282,7,True,False,False,True
30.0,1149.0,0.0,1.0,0.2,0.2,8.0,1.0,480.0,569.0,4.0,1.0,0.0,33.0,709.0,4.0,3.0,7.0,408.0,36.0,13.0,13.0,35.0,53.0,11.0,6.0,0.0,18.0,0.0,0.0,5.0,10000000.0,94.0,17.0,185.0,55,1,False,True,False,True
27.0,1143.0,2.0,2.0,0.7,2.0,5.0,3.0,1084.0,1148.0,21.0,12.0,0.0,120.0,1226.0,36.0,5.0,7.0,993.0,19.0,12.0,11.0,7.0,57.0,10.0,3.0,0.0,14.0,0.0,2.0,6.0,45000000.0,272.0,49.0,181.0,11,7,False,True,False,True
24.0,2322.0,6.0,4.0,6.0,5.4,46.0,20.0,1012.0,1300.0,46.0,54.0,22.0,116.0,1536.0,86.0,22.0,22.0,1108.0,48.0,24.0,28.0,30.0,96.0,8.0,6.0,2.0,38.0,2.0,2.0,138.0,7000000.0,36.0,7.0,189.0,75,7,True,False,True,False
22.0,1139.0,1.0,2.0,0.9,2.7,19.0,5.0,609.0,747.0,19.0,19.0,3.0,50.0,917.0,31.0,13.0,25.0,564.0,29.0,15.0,25.0,39.0,67.0,10.0,2.0,0.0,11.0,0.0,0.0,51.0,28000000.0,7.0,2.0,178.0,77,7,False,False,True,False
27.0,1139.0,1.0,2.0,1.7,1.5,28.0,6.0,277.0,390.0,16.0,20.0,2.0,35.0,545.0,58.0,22.0,25.0,390.0,7.0,3.0,24.0,12.0,59.0,6.0,3.0,0.0,12.0,3.0,3.0,34.0,28000000.0,71.0,16.0,178.0,77,62,True,False,True,False
24.0,1137.0,1.0,1.0,0.6,0.7,10.0,3.0,560.0,735.0,10.0,14.0,8.0,49.0,909.0,29.0,10.0,14.0,490.0,34.0,10.0,12.0,51.0,47.0,31.0,3.0,0.0,16.0,1.0,0.0,40.0,8000000.0,113.0,20.0,191.0,160,27,False,False,False,True
29.0,1136.0,2.0,1.0,2.0,2.9,31.0,8.0,270.0,411.0,20.0,25.0,16.0,33.0,571.0,50.0,6.0,10.0,353.0,24.0,16.0,28.0,15.0,49.0,12.0,2.0,0.0,26.0,0.0,0.0,91.0,700000.0,120.0,14.0,185.0,165,10,False,False,True,False
23.0,1134.0,3.0,2.0,4.1,2.0,32.0,9.0,207.0,263.0,19.0,7.0,0.0,27.0,398.0,20.0,13.0,23.0,308.0,9.0,4.0,12.0,16.0,32.0,11.0,2.0,0.0,11.0,1.0,2.0,6.0,3000000.0,0.0,0.0,182.0,235,3,True,False,False,True
25.0,1133.0,5.0,2.0,5.8,1.3,34.0,13.0,163.0,230.0,11.0,3.0,1.0,27.0,366.0,23.0,8.0,21.0,248.0,21.0,4.0,13.0,12.0,41.0,20.0,8.0,0.0,27.0,2.0,1.0,3.0,45000000.0,31.0,7.0,187.0,321,11,True,False,False,True
19.0,1130.0,0.0,0.0,0.3,0.4,5.0,3.0,731.0,866.0,5.0,4.0,0.0,69.0,1058.0,4.0,2.0,1.0,674.0,27.0,13.0,7.0,97.0,55.0,22.0,2.0,1.0,8.0,0.0,4.0,4.0,18000000.0,128.0,30.0,196.0,21,2,False,False,True,False
27.0,1129.0,3.0,0.0,2.6,0.5,16.0,8.0,144.0,223.0,9.0,2.0,0.0,8.0,366.0,10.0,5.0,17.0,241.0,16.0,4.0,9.0,20.0,26.0,41.0,6.0,0.0,39.0,3.0,1.0,4.0,1500000.0,72.0,11.0,189.0,235,2,True,False,True,False
24.0,1129.0,0.0,0.0,0.4,0.3,5.0,1.0,419.0,502.0,9.0,4.0,0.0,35.0,612.0,16.0,7.0,7.0,419.0,21.0,11.0,12.0,11.0,46.0,12.0,8.0,0.0,21.0,1.0,1.0,5.0,10000000.0,20.0,4.0,175.0,46,4,False,True,False,True
23.0,1129.0,0.0,0.0,0.3,0.8,8.0,0.0,316.0,468.0,6.0,2.0,0.0,42.0,654.0,4.0,2.0,2.0,304.0,35.0,15.0,11.0,97.0,43.0,50.0,5.0,1.0,22.0,0.0,1.0,5.0,6000000.0,3.0,1.0,187.0,88,1,False,False,True,False
23.0,1125.0,1.0,0.0,0.6,0.0,4.0,2.0,559.0,648.0,0.0,1.0,0.0,32.0,806.0,3.0,0.0,2.0,484.0,25.0,15.0,8.0,79.0,44.0,23.0,4.0,0.0,16.0,0.0,0.0,1.0,10000000.0,0.0,0.0,191.0,46,9,False,False,False,True
24.0,1125.0,0.0,1.0,0.2,0.6,4.0,2.0,447.0,524.0,7.0,2.0,0.0,35.0,694.0,3.0,5.0,4.0,410.0,20.0,18.0,6.0,90.0,49.0,15.0,2.0,0.0,12.0,1.0,0.0,2.0,4000000.0,22.0,2.0,188.0,211,40,False,False,False,True
23.0,1125.0,0.0,0.0,0.5,0.0,6.0,4.0,599.0,679.0,1.0,2.0,0.0,46.0,790.0,13.0,5.0,3.0,532.0,16.0,13.0,6.0,25.0,62.0,23.0,1.0,0.0,15.0,0.0,1.0,3.0,25000000.0,115.0,21.0,191.0,36,40,False,False,False,True
31.0,1124.0,1.0,2.0,0.8,1.9,11.0,3.0,677.0,843.0,11.0,21.0,6.0,74.0,996.0,32.0,9.0,6.0,612.0,34.0,13.0,29.0,23.0,79.0,10.0,4.0,0.0,14.0,0.0,5.0,47.0,3500000.0,116.0,16.0,172.0,90,2,False,True,False,True
24.0,1122.0,1.0,0.0,0.2,0.3,3.0,1.0,673.0,736.0,5.0,3.0,0.0,48.0,846.0,5.0,3.0,2.0,615.0,22.0,6.0,1.0,58.0,31.0,11.0,1.0,0.0,10.0,0.0,1.0,2.0,28000000.0,0.0,0.0,189.0,13,35,False,False,True,False
22.0,1122.0,0.0,0.0,0.0,0.1,0.0,0.0,420.0,487.0,3.0,2.0,0.0,28.0,611.0,5.0,5.0,5.0,320.0,27.0,14.0,4.0,25.0,49.0,4.0,2.0,0.0,7.0,0.0,0.0,0.0,3500000.0,32.0,4.0,188.0,529,8,False,False,False,True
20.0,1121.0,1.0,0.0,0.4,0.2,15.0,7.0,547.0,625.0,6.0,11.0,0.0,84.0,755.0,16.0,13.0,13.0,537.0,33.0,13.0,16.0,11.0,78.0,4.0,4.0,0.0,25.0,1.0,3.0,3.0,8000000.0,0.0,0.0,188.0,48,2,False,True,False,True
31.0,1120.0,0.0,0.0,0.8,0.2,9.0,1.0,596.0,676.0,3.0,5.0,0.0,40.0,794.0,7.0,2.0,1.0,532.0,7.0,7.0,7.0,61.0,38.0,27.0,1.0,0.0,4.0,1.0,0.0,1.0,5000000.0,473.0,77.0,196.0,77,4,False,False,True,False
33.0,1118.0,1.0,1.0,2.3,2.2,36.0,6.0,229.0,337.0,18.0,8.0,5.0,33.0,486.0,24.0,7.0,25.0,306.0,25.0,5.0,13.0,7.0,44.0,8.0,4.0,0.0,23.0,4.0,1.0,48.0,1000000.0,83.0,10.0,176.0,363,2,True,False,False,True
20.0,1117.0,0.0,0.0,0.3,0.1,4.0,1.0,521.0,594.0,1.0,1.0,0.0,16.0,706.0,2.0,5.0,5.0,463.0,17.0,10.0,5.0,56.0,30.0,16.0,1.0,1.0,5.0,0.0,4.0,0.0,4000000.0,92.0,8.0,192.0,16,2,False,False,False,True
26.0,1117.0,1.0,0.0,0.3,0.3,3.0,1.0,495.0,602.0,2.0,5.0,0.0,38.0,711.0,8.0,6.0,4.0,388.0,20.0,16.0,10.0,45.0,44.0,20.0,3.0,0.0,9.0,1.0,3.0,2.0,1000000.0,77.0,11.0,187.0,529,10,False,False,True,False
27.0,1114.0,5.0,1.0,2.6,0.9,19.0,8.0,197.0,254.0,8.0,2.0,0.0,13.0,366.0,10.0,6.0,20.0,251.0,5.0,2.0,7.0,6.0,36.0,17.0,0.0,0.0,9.0,0.0,2.0,9.0,7500000.0,195.0,15.0,182.0,109,3,True,False,False,True
25.0,1112.0,1.0,1.0,2.1,1.3,26.0,9.0,215.0,297.0,10.0,4.0,1.0,12.0,462.0,42.0,20.0,13.0,320.0,17.0,19.0,11.0,8.0,40.0,9.0,5.0,0.0,15.0,3.0,1.0,11.0,2500000.0,92.0,12.0,183.0,742,27,True,False,True,False
29.0,1111.0,1.0,1.0,0.8,2.3,11.0,2.0,313.0,433.0,13.0,8.0,5.0,27.0,542.0,19.0,5.0,14.0,327.0,22.0,6.0,13.0,22.0,32.0,5.0,1.0,0.0,17.0,0.0,3.0,61.0,1500000.0,210.0,20.0,178.0,70,9,False,True,False,False
25.0,1110.0,0.0,0.0,0.4,0.5,5.0,0.0,493.0,629.0,9.0,5.0,2.0,37.0,775.0,5.0,3.0,4.0,431.0,31.0,21.0,14.0,49.0,42.0,13.0,3.0,0.0,16.0,0.0,3.0,29.0,400000.0,0.0,0.0,171.0,46,4,False,False,True,False
18.0,1106.0,0.0,0.0,0.2,0.7,5.0,1.0,462.0,536.0,4.0,6.0,2.0,41.0,666.0,9.0,7.0,8.0,431.0,23.0,11.0,11.0,54.0,50.0,16.0,2.0,0.0,18.0,1.0,0.0,6.0,4000000.0,0.0,0.0,188.0,56,2,False,True,False,True
27.0,1106.0,0.0,0.0,0.8,0.2,3.0,0.0,561.0,735.0,3.0,13.0,3.0,62.0,889.0,12.0,6.0,6.0,565.0,39.0,14.0,1.0,58.0,71.0,32.0,5.0,0.0,22.0,0.0,5.0,11.0,22000000.0,166.0,27.0,185.0,267,1,False,False,True,False
29.0,3644.0,2.0,4.0,1.2000000000000002,4.8,18.0,2.0,2074.0,2504.0,46.0,54.0,26.0,214.0,2792.0,68.0,18.0,24.0,1898.0,54.0,20.0,30.0,84.0,162.0,28.0,12.0,0.0,42.0,2.0,4.0,132.0,3000000.0,78.0,14.0,187.0,98,65,False,False,False,True
28.0,1105.0,0.0,1.0,0.4,0.6,10.0,2.0,486.0,572.0,8.0,3.0,0.0,40.0,684.0,7.0,3.0,9.0,458.0,9.0,20.0,5.0,38.0,69.0,15.0,1.0,0.0,7.0,2.0,0.0,7.0,3000000.0,39.0,7.0,187.0,322,20,False,False,False,True
24.0,1103.0,6.0,1.0,4.0,2.4,42.0,14.0,280.0,410.0,28.0,7.0,3.0,42.0,549.0,18.0,9.0,9.0,343.0,18.0,3.0,18.0,13.0,43.0,5.0,1.0,0.0,12.0,2.0,1.0,67.0,25000000.0,7.0,1.0,172.0,10,9,False,True,False,True
22.0,1102.0,1.0,2.0,0.4,0.8,8.0,2.0,700.0,793.0,11.0,5.0,0.0,61.0,957.0,26.0,15.0,11.0,643.0,42.0,18.0,11.0,23.0,90.0,20.0,2.0,0.0,21.0,3.0,5.0,2.0,60000000.0,215.0,45.0,182.0,3,2,False,True,True,False
18.0,1102.0,10.0,1.0,3.8,1.7,37.0,16.0,482.0,604.0,22.0,25.0,5.0,76.0,722.0,48.0,16.0,21.0,546.0,19.0,3.0,11.0,3.0,59.0,1.0,2.0,0.0,17.0,0.0,3.0,65.0,10000000.0,6.0,1.0,170.0,57,5,True,False,False,True
22.0,1101.0,0.0,0.0,0.3,0.5,5.0,0.0,401.0,502.0,5.0,8.0,4.0,46.0,627.0,25.0,8.0,15.0,332.0,20.0,12.0,10.0,27.0,45.0,16.0,3.0,0.0,13.0,1.0,0.0,31.0,2500000.0,0.0,0.0,183.0,52,3,True,False,True,False
25.0,2798.0,0.0,4.0,0.4,6.0,10.0,4.0,1136.0,1420.0,30.0,24.0,10.0,128.0,1720.0,48.0,18.0,24.0,1070.0,56.0,18.0,34.0,102.0,94.0,24.0,4.0,0.0,16.0,4.0,4.0,76.0,6000000.0,20.0,2.0,184.0,198,21,False,False,False,True
32.0,1099.0,5.0,0.0,3.9,0.8,27.0,10.0,202.0,268.0,7.0,3.0,0.0,26.0,383.0,18.0,6.0,16.0,292.0,16.0,5.0,4.0,5.0,31.0,14.0,5.0,0.0,25.0,2.0,0.0,13.0,11000000.0,87.0,19.0,189.0,90,3,True,False,False,True
20.0,1099.0,3.0,3.0,1.9,2.4,30.0,14.0,330.0,430.0,20.0,14.0,2.0,44.0,571.0,47.0,14.0,18.0,425.0,11.0,11.0,11.0,4.0,44.0,2.0,2.0,0.0,13.0,2.0,4.0,33.0,7000000.0,30.0,3.0,177.0,175,2,False,True,True,False
32.0,1098.0,3.0,4.0,2.7,1.2,28.0,12.0,399.0,504.0,15.0,21.0,3.0,49.0,635.0,42.0,17.0,10.0,429.0,16.0,10.0,12.0,13.0,48.0,5.0,2.0,0.0,7.0,3.0,4.0,27.0,3500000.0,23.0,4.0,178.0,27,9,False,True,False,True
27.0,1098.0,0.0,0.0,0.2,0.3,6.0,0.0,448.0,631.0,3.0,3.0,2.0,38.0,763.0,26.0,7.0,3.0,404.0,24.0,14.0,17.0,47.0,43.0,23.0,5.0,0.0,15.0,0.0,4.0,35.0,4000000.0,209.0,22.0,175.0,25,3,False,False,True,False
23.0,1097.0,2.0,2.0,2.5,2.5,33.0,8.0,290.0,382.0,16.0,17.0,6.0,18.0,548.0,50.0,21.0,12.0,388.0,23.0,8.0,12.0,6.0,47.0,7.0,0.0,0.0,13.0,0.0,1.0,41.0,28000000.0,44.0,7.0,175.0,30,40,False,True,False,True
29.0,1097.0,4.0,4.0,4.7,1.3,29.0,13.0,215.0,286.0,17.0,6.0,0.0,21.0,446.0,19.0,8.0,19.0,333.0,14.0,3.0,14.0,5.0,36.0,26.0,1.0,0.0,14.0,0.0,0.0,6.0,5000000.0,93.0,15.0,190.0,27,58,False,True,False,True
21.0,2548.0,0.0,2.0,2.2,0.2,30.0,12.0,1236.0,1414.0,4.0,6.0,0.0,94.0,1788.0,26.0,8.0,0.0,1066.0,52.0,40.0,4.0,166.0,94.0,60.0,8.0,0.0,30.0,0.0,0.0,0.0,25000000.0,77.0,12.0,190.0,19,6,False,False,True,False
20.0,1090.0,1.0,1.0,0.6,1.1,7.0,3.0,568.0,675.0,11.0,11.0,2.0,66.0,791.0,31.0,6.0,8.0,513.0,29.0,5.0,19.0,41.0,45.0,7.0,1.0,0.0,16.0,0.0,2.0,31.0,1000000.0,0.0,0.0,189.0,45,5,False,False,False,True
26.0,3084.0,0.0,4.0,3.2,2.8,40.0,10.0,904.0,1178.0,44.0,34.0,6.0,140.0,1506.0,42.0,30.0,40.0,1014.0,50.0,4.0,44.0,22.0,118.0,38.0,4.0,0.0,38.0,10.0,0.0,74.0,2500000.0,29.0,3.0,180.0,299,3,False,True,True,False
24.0,3320.0,4.0,6.0,3.0,3.8,30.0,8.0,1492.0,1822.0,58.0,54.0,2.0,252.0,2234.0,58.0,42.0,54.0,1632.0,114.0,28.0,58.0,12.0,186.0,8.0,10.0,0.0,42.0,2.0,8.0,44.0,16000000.0,63.0,0.0,174.0,90,2,False,True,False,True
25.0,1086.0,0.0,2.0,1.6,2.1,18.0,3.0,300.0,363.0,22.0,8.0,0.0,41.0,533.0,38.0,12.0,23.0,372.0,30.0,6.0,8.0,7.0,40.0,5.0,4.0,0.0,23.0,1.0,2.0,18.0,22000000.0,253.0,43.0,186.0,43,4,False,True,False,True
20.0,1085.0,1.0,1.0,0.9,1.6,11.0,1.0,733.0,814.0,14.0,11.0,1.0,77.0,943.0,13.0,9.0,9.0,712.0,30.0,10.0,7.0,7.0,61.0,21.0,4.0,0.0,38.0,0.0,1.0,9.0,60000000.0,341.0,48.0,173.0,11,3,True,False,False,True
25.0,2386.0,0.0,2.0,0.2,1.8,10.0,2.0,1124.0,1300.0,16.0,8.0,0.0,88.0,1564.0,80.0,16.0,22.0,950.0,38.0,26.0,14.0,52.0,148.0,18.0,4.0,2.0,28.0,2.0,0.0,10.0,2000000.0,4.0,1.0,182.0,85,2,False,False,False,False
22.0,1083.0,1.0,0.0,2.5,1.2,19.0,7.0,101.0,186.0,9.0,9.0,3.0,14.0,323.0,8.0,7.0,15.0,209.0,10.0,1.0,4.0,16.0,24.0,73.0,7.0,0.0,33.0,4.0,1.0,7.0,2000000.0,13.0,3.0,191.0,109,35,True,False,False,True
34.0,1081.0,1.0,0.0,0.5,0.0,2.0,1.0,508.0,586.0,1.0,2.0,0.0,35.0,707.0,4.0,0.0,1.0,422.0,27.0,22.0,5.0,46.0,50.0,16.0,3.0,0.0,11.0,0.0,2.0,0.0,700000.0,99.0,18.0,188.0,327,1,False,False,True,False
26.0,3844.0,0.0,0.0,1.8,2.2,34.0,10.0,2278.0,2650.0,16.0,12.0,2.0,142.0,3244.0,40.0,6.0,18.0,2052.0,52.0,52.0,28.0,266.0,172.0,124.0,6.0,0.0,72.0,0.0,6.0,2.0,25000000.0,143.0,21.0,190.0,14,22,False,False,False,True
38.0,1078.0,11.0,2.0,5.8,0.6,31.0,16.0,107.0,154.0,6.0,3.0,0.0,10.0,256.0,2.0,2.0,7.0,156.0,9.0,7.0,3.0,11.0,14.0,22.0,4.0,0.0,35.0,0.0,0.0,2.0,1000000.0,31.0,5.0,184.0,200,9,True,False,False,True
23.0,1077.0,0.0,0.0,0.4,0.7,11.0,2.0,492.0,615.0,12.0,9.0,0.0,84.0,768.0,16.0,12.0,7.0,461.0,35.0,11.0,13.0,19.0,78.0,9.0,2.0,0.0,14.0,5.0,7.0,10.0,4000000.0,100.0,5.0,182.0,165,10,False,True,False,True
27.0,1075.0,0.0,1.0,0.1,0.9,4.0,1.0,500.0,599.0,10.0,7.0,6.0,34.0,694.0,13.0,4.0,5.0,443.0,19.0,9.0,9.0,29.0,65.0,12.0,0.0,0.0,4.0,0.0,1.0,29.0,2500000.0,87.0,17.0,182.0,198,4,False,False,False,True
24.0,2418.0,6.0,2.0,9.399999999999999,2.0,56.0,26.0,264.0,412.0,24.0,2.0,0.0,22.0,570.0,22.0,16.0,28.0,388.0,8.0,2.0,14.0,12.0,56.0,68.0,4.0,0.0,36.0,4.0,4.0,10.0,5000000.0,159.0,17.0,190.0,363,44,True,False,False,True
33.0,1074.0,0.0,1.0,0.3,0.0,3.0,0.0,764.0,853.0,1.0,2.0,0.0,50.0,952.0,3.0,0.0,1.0,712.0,25.0,9.0,10.0,42.0,30.0,24.0,2.0,0.0,14.0,0.0,2.0,0.0,1500000.0,86.0,16.0,185.0,9,5,False,False,True,False
20.0,1069.0,0.0,0.0,0.6,0.2,8.0,2.0,354.0,461.0,3.0,2.0,1.0,28.0,609.0,12.0,5.0,3.0,311.0,28.0,19.0,4.0,63.0,43.0,28.0,0.0,1.0,11.0,0.0,4.0,7.0,7500000.0,8.0,1.0,186.0,9,9,False,False,False,True
32.0,1067.0,0.0,0.0,0.3,0.7,7.0,2.0,470.0,598.0,8.0,13.0,8.0,39.0,736.0,26.0,5.0,8.0,400.0,22.0,8.0,11.0,39.0,39.0,23.0,5.0,0.0,22.0,0.0,2.0,28.0,5000000.0,47.0,6.0,174.0,35,40,False,False,False,True
25.0,1067.0,0.0,4.0,0.7,1.8,13.0,4.0,541.0,717.0,20.0,21.0,12.0,72.0,851.0,21.0,11.0,9.0,516.0,23.0,19.0,19.0,32.0,41.0,8.0,5.0,0.0,18.0,1.0,1.0,89.0,3000000.0,67.0,12.0,178.0,28,9,False,False,True,False
26.0,1066.0,2.0,1.0,2.9,2.1,29.0,11.0,208.0,275.0,20.0,8.0,0.0,22.0,404.0,26.0,17.0,25.0,325.0,9.0,1.0,1.0,5.0,34.0,37.0,2.0,0.0,24.0,0.0,1.0,3.0,3400000.0,261.0,36.0,189.0,82,4,True,False,True,False
23.0,1066.0,10.0,3.0,11.3,2.2,52.0,29.0,193.0,241.0,15.0,9.0,0.0,24.0,353.0,11.0,1.0,11.0,282.0,11.0,0.0,8.0,5.0,18.0,20.0,1.0,0.0,8.0,2.0,1.0,1.0,40000000.0,92.0,20.0,185.0,12,6,True,False,False,True
29.0,1065.0,1.0,0.0,1.1,0.0,11.0,2.0,317.0,393.0,1.0,0.0,0.0,31.0,540.0,4.0,1.0,1.0,274.0,20.0,17.0,2.0,73.0,38.0,29.0,2.0,0.0,8.0,0.0,1.0,2.0,1800000.0,20.0,4.0,192.0,88,9,False,False,False,True
24.0,1064.0,6.0,4.0,6.0,2.9,22.0,11.0,436.0,565.0,24.0,19.0,1.0,64.0,714.0,26.0,10.0,18.0,508.0,23.0,17.0,12.0,7.0,73.0,3.0,3.0,0.0,17.0,4.0,2.0,33.0,10000000.0,300.0,35.0,175.0,100,2,False,True,False,True
31.0,1063.0,1.0,1.0,0.4,0.7,11.0,3.0,717.0,854.0,11.0,5.0,1.0,64.0,952.0,7.0,7.0,9.0,607.0,10.0,13.0,10.0,23.0,66.0,23.0,1.0,0.0,8.0,0.0,4.0,43.0,250000.0,0.0,0.0,182.0,15,4,False,False,True,False
27.0,3338.0,12.0,8.0,9.600000000000001,4.0,66.0,26.0,710.0,1084.0,48.0,54.0,14.0,94.0,1486.0,88.0,18.0,32.0,1124.0,28.0,16.0,38.0,32.0,90.0,36.0,6.0,0.0,40.0,2.0,10.0,90.0,2500000.0,15.0,2.0,185.0,498,2,True,False,False,True
25.0,1063.0,0.0,0.0,0.4,0.0,4.0,0.0,287.0,377.0,1.0,2.0,0.0,25.0,498.0,1.0,0.0,0.0,201.0,14.0,15.0,1.0,59.0,35.0,30.0,8.0,1.0,17.0,0.0,0.0,0.0,1500000.0,0.0,0.0,187.0,715,3,False,False,False,False
32.0,1061.0,1.0,2.0,0.6,3.2,14.0,1.0,590.0,749.0,31.0,13.0,6.0,55.0,850.0,13.0,0.0,5.0,566.0,19.0,7.0,6.0,8.0,62.0,2.0,4.0,0.0,8.0,0.0,2.0,85.0,4000000.0,45.0,11.0,182.0,41,21,False,True,False,True
23.0,1061.0,1.0,0.0,1.7,0.6,18.0,5.0,325.0,441.0,10.0,9.0,3.0,46.0,578.0,6.0,3.0,4.0,324.0,35.0,12.0,13.0,24.0,66.0,13.0,2.0,0.0,12.0,1.0,3.0,32.0,2000000.0,0.0,0.0,179.0,80,2,False,True,False,True
36.0,1060.0,1.0,0.0,0.8,0.3,9.0,4.0,446.0,564.0,5.0,6.0,5.0,46.0,657.0,4.0,1.0,2.0,380.0,11.0,10.0,9.0,32.0,26.0,12.0,1.0,0.0,17.0,0.0,2.0,23.0,800000.0,34.0,6.0,187.0,160,9,False,False,False,True
25.0,3940.0,6.0,2.0,4.0,3.2,36.0,12.0,1916.0,2238.0,14.0,10.0,2.0,142.0,2736.0,30.0,16.0,18.0,1782.0,62.0,58.0,20.0,210.0,170.0,90.0,6.0,0.0,38.0,0.0,0.0,20.0,25000000.0,267.0,45.0,192.0,8,4,False,False,False,True
30.0,1054.0,2.0,1.0,2.7,0.7,28.0,8.0,148.0,219.0,6.0,3.0,2.0,20.0,356.0,28.0,6.0,12.0,226.0,13.0,6.0,13.0,9.0,42.0,5.0,0.0,0.0,5.0,2.0,0.0,20.0,2500000.0,90.0,12.0,173.0,224,15,True,False,False,True
29.0,1053.0,0.0,0.0,0.6,0.1,9.0,2.0,870.0,938.0,3.0,0.0,0.0,47.0,1038.0,15.0,3.0,0.0,798.0,14.0,4.0,2.0,46.0,53.0,12.0,1.0,0.0,5.0,1.0,2.0,1.0,8000000.0,133.0,25.0,195.0,23,10,False,False,False,True
21.0,1052.0,3.0,1.0,2.2,1.5,28.0,13.0,358.0,448.0,18.0,17.0,4.0,33.0,597.0,44.0,22.0,22.0,431.0,21.0,8.0,18.0,8.0,60.0,13.0,2.0,0.0,18.0,1.0,2.0,30.0,15000000.0,197.0,16.0,178.0,45,77,True,False,True,False
30.0,1050.0,4.0,1.0,3.6,0.5,34.0,15.0,160.0,263.0,8.0,2.0,0.0,13.0,440.0,7.0,8.0,36.0,358.0,7.0,1.0,8.0,16.0,19.0,93.0,4.0,0.0,28.0,0.0,2.0,0.0,6000000.0,56.0,9.0,201.0,120,44,True,False,False,True
31.0,1049.0,3.0,0.0,0.6,0.1,10.0,4.0,312.0,377.0,2.0,0.0,0.0,14.0,513.0,1.0,0.0,2.0,286.0,12.0,16.0,7.0,65.0,26.0,26.0,5.0,0.0,9.0,0.0,4.0,1.0,5000000.0,0.0,0.0,188.0,135,4,False,False,False,True
24.0,1049.0,2.0,0.0,0.5,0.8,8.0,4.0,383.0,476.0,4.0,9.0,3.0,40.0,607.0,25.0,10.0,16.0,340.0,27.0,17.0,13.0,17.0,64.0,13.0,3.0,0.0,16.0,2.0,1.0,12.0,6000000.0,4.0,1.0,178.0,94,9,False,True,True,False
24.0,4170.0,26.0,10.0,23.8,8.0,164.0,80.0,1122.0,1410.0,68.0,34.0,0.0,132.0,1892.0,78.0,50.0,72.0,1364.0,28.0,6.0,42.0,12.0,128.0,20.0,4.0,0.0,58.0,2.0,2.0,138.0,30000000.0,46.0,9.0,181.0,51,2,True,False,False,True
26.0,1046.0,0.0,1.0,1.2,0.9,25.0,6.0,189.0,282.0,9.0,9.0,1.0,28.0,412.0,37.0,12.0,26.0,328.0,5.0,3.0,18.0,5.0,42.0,5.0,2.0,0.0,12.0,0.0,2.0,23.0,1800000.0,22.0,4.0,184.0,98,2,True,False,False,True
23.0,1046.0,0.0,0.0,0.4,0.4,6.0,3.0,375.0,443.0,3.0,3.0,2.0,28.0,548.0,13.0,10.0,11.0,378.0,17.0,17.0,5.0,10.0,57.0,7.0,5.0,0.0,17.0,2.0,0.0,9.0,5000000.0,0.0,0.0,178.0,406,2,False,True,False,True
22.0,1045.0,0.0,1.0,1.3,1.3,19.0,3.0,442.0,551.0,16.0,13.0,1.0,54.0,703.0,18.0,12.0,13.0,456.0,49.0,10.0,14.0,19.0,63.0,5.0,2.0,0.0,24.0,0.0,3.0,21.0,700000.0,26.0,4.0,180.0,498,2,False,True,False,True
28.0,1045.0,1.0,1.0,2.4,3.8,26.0,9.0,509.0,652.0,28.0,27.0,8.0,69.0,801.0,29.0,11.0,24.0,613.0,14.0,2.0,15.0,3.0,52.0,9.0,3.0,0.0,16.0,1.0,6.0,44.0,5000000.0,0.0,0.0,182.0,90,2,False,True,False,True
28.0,1045.0,0.0,2.0,1.0,3.2,18.0,6.0,318.0,485.0,28.0,14.0,4.0,64.0,630.0,23.0,15.0,18.0,382.0,23.0,15.0,8.0,21.0,63.0,11.0,3.0,0.0,14.0,3.0,5.0,66.0,3000000.0,308.0,38.0,178.0,80,3,False,True,False,True
28.0,1042.0,4.0,4.0,4.1,2.2,19.0,10.0,250.0,297.0,13.0,12.0,0.0,37.0,386.0,12.0,6.0,20.0,300.0,9.0,2.0,9.0,0.0,21.0,8.0,3.0,1.0,10.0,0.0,0.0,1.0,8000000.0,0.0,0.0,171.0,51,1,True,False,False,True
23.0,1042.0,9.0,1.0,6.9,1.1,27.0,13.0,139.0,195.0,11.0,5.0,1.0,18.0,287.0,12.0,11.0,15.0,209.0,2.0,1.0,11.0,4.0,20.0,19.0,2.0,0.0,11.0,3.0,0.0,3.0,7000000.0,168.0,21.0,181.0,31,7,True,False,False,True
30.0,2878.0,2.0,4.0,3.4000000000000004,6.0,30.0,12.0,1644.0,1900.0,48.0,14.0,4.0,140.0,2108.0,24.0,4.0,18.0,1416.0,48.0,26.0,10.0,46.0,142.0,26.0,8.0,2.0,34.0,0.0,12.0,136.0,8000000.0,0.0,0.0,177.0,55,4,False,True,False,True
22.0,1038.0,1.0,3.0,0.5,1.1,7.0,2.0,656.0,789.0,12.0,16.0,4.0,40.0,909.0,10.0,4.0,4.0,586.0,22.0,13.0,23.0,27.0,42.0,14.0,2.0,0.0,14.0,1.0,1.0,36.0,12000000.0,40.0,0.0,186.0,11,3,False,False,True,False
28.0,1037.0,0.0,0.0,0.7,1.9,9.0,2.0,435.0,485.0,16.0,7.0,2.0,51.0,593.0,27.0,11.0,7.0,464.0,19.0,3.0,4.0,20.0,48.0,18.0,3.0,0.0,23.0,3.0,0.0,7.0,10000000.0,185.0,41.0,191.0,6,4,False,True,False,True
25.0,1034.0,3.0,1.0,5.8,1.7,43.0,16.0,179.0,241.0,13.0,5.0,0.0,19.0,412.0,41.0,11.0,17.0,294.0,15.0,3.0,12.0,12.0,26.0,21.0,6.0,1.0,31.0,5.0,0.0,5.0,18000000.0,121.0,23.0,175.0,56,4,False,True,False,True
37.0,1033.0,0.0,0.0,0.2,0.1,2.0,1.0,438.0,505.0,2.0,0.0,0.0,22.0,641.0,4.0,3.0,3.0,393.0,17.0,14.0,1.0,57.0,42.0,19.0,2.0,0.0,16.0,0.0,2.0,0.0,400000.0,0.0,0.0,190.0,498,2,False,False,True,False
20.0,1030.0,0.0,0.0,0.3,0.7,9.0,1.0,562.0,661.0,11.0,9.0,4.0,44.0,799.0,19.0,9.0,8.0,460.0,26.0,8.0,20.0,42.0,51.0,6.0,2.0,0.0,14.0,0.0,2.0,16.0,6000000.0,49.0,9.0,178.0,90,3,False,False,True,False
20.0,1028.0,0.0,0.0,1.3,0.3,17.0,3.0,426.0,514.0,7.0,5.0,2.0,50.0,663.0,25.0,17.0,13.0,426.0,31.0,10.0,12.0,15.0,74.0,9.0,5.0,0.0,21.0,2.0,0.0,20.0,3000000.0,97.0,12.0,172.0,363,2,False,True,False,True
21.0,1025.0,0.0,1.0,0.5,0.9,8.0,3.0,540.0,638.0,7.0,10.0,2.0,63.0,781.0,6.0,15.0,13.0,500.0,47.0,21.0,9.0,19.0,90.0,13.0,5.0,1.0,28.0,0.0,4.0,7.0,12000000.0,57.0,11.0,190.0,55,2,False,True,False,True
35.0,1025.0,0.0,0.0,0.9,0.0,8.0,2.0,463.0,527.0,2.0,0.0,0.0,38.0,680.0,2.0,3.0,1.0,362.0,13.0,6.0,2.0,99.0,48.0,40.0,1.0,0.0,5.0,0.0,1.0,0.0,300000.0,0.0,0.0,188.0,235,3,False,False,False,True
22.0,1024.0,1.0,1.0,0.9,0.6,11.0,5.0,539.0,615.0,8.0,6.0,1.0,47.0,748.0,19.0,11.0,10.0,524.0,30.0,6.0,8.0,29.0,51.0,19.0,6.0,0.0,30.0,1.0,1.0,5.0,8500000.0,21.0,4.0,197.0,94,2,False,True,True,False
21.0,1023.0,3.0,1.0,2.3,1.3,21.0,5.0,151.0,210.0,9.0,5.0,1.0,17.0,328.0,14.0,2.0,18.0,236.0,10.0,2.0,9.0,4.0,31.0,19.0,2.0,0.0,21.0,1.0,2.0,9.0,12000000.0,18.0,3.0,190.0,160,9,False,True,False,True
25.0,1023.0,1.0,0.0,0.8,0.1,8.0,4.0,662.0,775.0,3.0,2.0,0.0,68.0,905.0,8.0,0.0,1.0,596.0,28.0,16.0,7.0,54.0,55.0,35.0,2.0,0.0,9.0,0.0,0.0,0.0,12000000.0,170.0,28.0,188.0,35,77,False,False,True,False
26.0,1018.0,1.0,0.0,1.0,0.8,8.0,4.0,257.0,347.0,8.0,8.0,5.0,22.0,490.0,19.0,12.0,8.0,237.0,24.0,12.0,8.0,33.0,38.0,15.0,3.0,0.0,8.0,0.0,2.0,23.0,800000.0,223.0,26.0,176.0,363,2,False,False,True,False
21.0,1017.0,1.0,1.0,1.2,0.4,14.0,7.0,323.0,406.0,7.0,6.0,1.0,36.0,508.0,14.0,7.0,9.0,352.0,12.0,5.0,5.0,26.0,41.0,64.0,1.0,0.0,16.0,1.0,0.0,2.0,15000000.0,0.0,0.0,192.0,98,9,False,True,False,True
30.0,1017.0,0.0,1.0,0.4,1.1,6.0,1.0,317.0,458.0,15.0,12.0,9.0,40.0,540.0,21.0,1.0,1.0,299.0,13.0,10.0,13.0,23.0,28.0,3.0,2.0,0.0,13.0,0.0,1.0,55.0,1800000.0,0.0,0.0,175.0,80,3,False,False,True,False
23.0,1015.0,0.0,2.0,0.6,1.2,6.0,2.0,729.0,802.0,2.0,1.0,0.0,51.0,895.0,8.0,4.0,5.0,651.0,10.0,10.0,5.0,39.0,63.0,19.0,4.0,0.0,10.0,1.0,1.0,0.0,50000000.0,210.0,48.0,193.0,14,7,False,False,True,False
25.0,1015.0,1.0,3.0,0.8,1.6,9.0,4.0,594.0,698.0,16.0,9.0,2.0,62.0,867.0,18.0,7.0,9.0,533.0,58.0,17.0,14.0,28.0,68.0,32.0,6.0,0.0,23.0,2.0,2.0,13.0,25000000.0,170.0,31.0,188.0,58,7,False,False,False,True
26.0,2632.0,0.0,2.0,1.6,1.2,20.0,2.0,1410.0,1708.0,10.0,6.0,2.0,90.0,2024.0,20.0,4.0,10.0,1298.0,40.0,6.0,36.0,146.0,148.0,84.0,6.0,0.0,38.0,0.0,0.0,30.0,16000000.0,110.0,19.0,189.0,19,4,False,False,True,False
27.0,1012.0,4.0,0.0,3.6,0.6,46.0,15.0,140.0,240.0,11.0,4.0,1.0,11.0,401.0,13.0,9.0,11.0,272.0,12.0,1.0,2.0,15.0,30.0,79.0,1.0,0.0,17.0,2.0,3.0,7.0,2500000.0,0.0,0.0,187.0,299,3,True,False,False,True
34.0,1011.0,1.0,2.0,4.0,2.3,30.0,7.0,628.0,762.0,26.0,25.0,8.0,77.0,900.0,45.0,19.0,10.0,667.0,39.0,8.0,9.0,5.0,63.0,3.0,1.0,0.0,16.0,4.0,5.0,60.0,2500000.0,15.0,4.0,172.0,75,2,False,True,False,True
24.0,1009.0,0.0,1.0,0.6,1.3,10.0,5.0,424.0,617.0,16.0,18.0,8.0,51.0,800.0,28.0,6.0,12.0,435.0,49.0,25.0,19.0,32.0,56.0,13.0,3.0,1.0,10.0,1.0,3.0,55.0,1800000.0,38.0,4.0,182.0,406,2,False,False,False,True
24.0,1009.0,2.0,4.0,4.9,2.2,30.0,6.0,258.0,357.0,22.0,13.0,0.0,41.0,490.0,11.0,14.0,16.0,356.0,11.0,6.0,11.0,8.0,34.0,10.0,0.0,0.0,16.0,3.0,0.0,24.0,4000000.0,121.0,5.0,183.0,327,9,False,True,False,True
24.0,3828.0,0.0,2.0,0.6,3.2,12.0,0.0,1282.0,1692.0,30.0,24.0,24.0,98.0,2066.0,56.0,24.0,30.0,1234.0,80.0,28.0,22.0,110.0,122.0,34.0,6.0,0.0,38.0,0.0,6.0,84.0,1800000.0,0.0,0.0,185.0,95,9,False,False,False,True
24.0,1008.0,8.0,1.0,7.1,1.1,50.0,17.0,172.0,245.0,10.0,8.0,2.0,23.0,400.0,26.0,15.0,29.0,319.0,5.0,0.0,7.0,5.0,28.0,32.0,2.0,0.0,14.0,0.0,2.0,6.0,40000000.0,165.0,37.0,190.0,303,44,True,False,False,True
22.0,1006.0,1.0,1.0,1.1,1.4,23.0,8.0,195.0,303.0,9.0,10.0,7.0,16.0,504.0,46.0,19.0,23.0,294.0,29.0,8.0,12.0,10.0,35.0,19.0,4.0,0.0,10.0,1.0,1.0,41.0,3000000.0,0.0,0.0,182.0,109,3,False,True,False,True
29.0,1005.0,0.0,1.0,0.0,0.5,0.0,0.0,630.0,671.0,3.0,1.0,0.0,36.0,739.0,12.0,3.0,9.0,535.0,17.0,9.0,8.0,8.0,36.0,4.0,1.0,1.0,5.0,0.0,2.0,1.0,14000000.0,195.0,29.0,180.0,3,2,False,False,True,False
23.0,1004.0,0.0,0.0,0.1,0.1,3.0,1.0,375.0,449.0,2.0,3.0,1.0,38.0,538.0,8.0,4.0,4.0,306.0,26.0,7.0,7.0,27.0,44.0,18.0,0.0,0.0,12.0,1.0,0.0,6.0,2700000.0,86.0,12.0,188.0,88,22,False,False,False,True
29.0,995.0,2.0,1.0,2.0,2.0,22.0,13.0,200.0,313.0,8.0,17.0,5.0,23.0,384.0,51.0,4.0,4.0,300.0,3.0,1.0,14.0,10.0,30.0,7.0,1.0,1.0,8.0,1.0,1.0,64.0,2500000.0,90.0,16.0,180.0,25,7,False,True,False,True
28.0,995.0,2.0,4.0,3.2,1.3,27.0,8.0,259.0,349.0,14.0,17.0,5.0,40.0,484.0,41.0,9.0,18.0,337.0,16.0,5.0,10.0,4.0,36.0,5.0,1.0,0.0,15.0,1.0,3.0,22.0,11000000.0,16.0,4.0,179.0,55,6,True,False,False,True
29.0,992.0,4.0,0.0,3.4,0.2,21.0,12.0,149.0,201.0,5.0,4.0,1.0,19.0,318.0,16.0,4.0,17.0,193.0,16.0,6.0,13.0,14.0,42.0,6.0,2.0,0.0,9.0,0.0,0.0,14.0,10000000.0,121.0,19.0,168.0,80,30,True,False,False,True
24.0,991.0,4.0,2.0,3.1,1.0,20.0,8.0,334.0,420.0,7.0,9.0,2.0,36.0,547.0,46.0,8.0,19.0,417.0,18.0,2.0,14.0,6.0,50.0,12.0,1.0,0.0,22.0,0.0,1.0,18.0,8000000.0,39.0,7.0,188.0,36,9,False,True,True,False
22.0,990.0,0.0,0.0,0.1,0.7,5.0,0.0,348.0,437.0,6.0,13.0,2.0,66.0,551.0,25.0,5.0,21.0,385.0,19.0,19.0,10.0,14.0,43.0,8.0,0.0,0.0,11.0,0.0,5.0,16.0,4000000.0,199.0,37.0,186.0,80,14,False,True,False,True
29.0,989.0,0.0,1.0,0.4,0.6,7.0,2.0,624.0,706.0,3.0,1.0,0.0,36.0,822.0,11.0,2.0,3.0,583.0,15.0,5.0,6.0,57.0,42.0,34.0,0.0,0.0,5.0,0.0,1.0,0.0,3500000.0,48.0,4.0,193.0,71,10,False,False,False,True
31.0,988.0,0.0,0.0,0.4,1.0,5.0,2.0,429.0,539.0,12.0,5.0,0.0,64.0,653.0,10.0,7.0,9.0,400.0,22.0,15.0,4.0,26.0,66.0,25.0,1.0,0.0,14.0,0.0,2.0,8.0,2500000.0,60.0,8.0,191.0,52,3,False,True,True,False
25.0,983.0,1.0,1.0,0.2,1.1,5.0,1.0,569.0,658.0,14.0,8.0,0.0,53.0,748.0,20.0,5.0,10.0,527.0,24.0,5.0,8.0,9.0,28.0,16.0,0.0,0.0,27.0,0.0,3.0,18.0,28000000.0,238.0,36.0,181.0,160,35,False,True,False,True
22.0,983.0,2.0,1.0,0.9,0.3,10.0,6.0,470.0,549.0,6.0,9.0,1.0,54.0,653.0,22.0,9.0,5.0,394.0,27.0,9.0,11.0,25.0,35.0,22.0,4.0,0.0,16.0,0.0,1.0,11.0,35000000.0,179.0,32.0,188.0,22,9,False,False,True,False
31.0,982.0,2.0,1.0,1.6,1.6,27.0,9.0,571.0,680.0,14.0,14.0,2.0,64.0,801.0,19.0,1.0,2.0,583.0,25.0,15.0,10.0,11.0,44.0,5.0,3.0,0.0,15.0,4.0,2.0,22.0,1500000.0,49.0,5.0,171.0,303,5,False,True,False,True
30.0,980.0,2.0,2.0,1.1,0.9,15.0,4.0,636.0,711.0,14.0,6.0,0.0,65.0,803.0,26.0,6.0,6.0,588.0,14.0,6.0,6.0,13.0,58.0,9.0,0.0,0.0,9.0,0.0,2.0,28.0,10000000.0,203.0,31.0,180.0,5,9,False,True,False,False
22.0,980.0,2.0,2.0,0.9,1.9,14.0,3.0,868.0,973.0,15.0,18.0,8.0,55.0,1061.0,7.0,1.0,2.0,859.0,14.0,9.0,3.0,13.0,49.0,4.0,4.0,0.0,8.0,1.0,3.0,43.0,13000000.0,15.0,4.0,179.0,55,9,False,True,False,True
27.0,2844.0,12.0,6.0,8.0,8.8,68.0,28.0,740.0,1014.0,56.0,50.0,20.0,68.0,1334.0,84.0,36.0,14.0,980.0,34.0,10.0,38.0,20.0,76.0,12.0,4.0,0.0,18.0,6.0,2.0,110.0,50000000.0,46.0,7.0,185.0,11,4,False,True,False,True
25.0,978.0,4.0,1.0,2.3,2.2,23.0,9.0,316.0,416.0,16.0,26.0,3.0,54.0,524.0,37.0,23.0,29.0,396.0,5.0,4.0,8.0,1.0,42.0,3.0,1.0,0.0,10.0,2.0,6.0,58.0,25000000.0,311.0,35.0,180.0,75,65,False,True,True,False
26.0,976.0,0.0,2.0,0.1,2.9,5.0,2.0,408.0,595.0,28.0,14.0,9.0,32.0,725.0,33.0,13.0,4.0,364.0,20.0,8.0,18.0,43.0,41.0,7.0,3.0,0.0,8.0,0.0,2.0,110.0,800000.0,34.0,3.0,183.0,80,2,True,False,True,False
20.0,2956.0,0.0,0.0,0.4,0.8,14.0,8.0,1686.0,1886.0,8.0,8.0,2.0,136.0,2256.0,6.0,2.0,4.0,1448.0,40.0,58.0,12.0,172.0,154.0,66.0,6.0,2.0,32.0,0.0,2.0,12.0,35000000.0,0.0,0.0,186.0,2,58,False,False,False,True
34.0,971.0,0.0,0.0,0.5,0.0,5.0,1.0,484.0,559.0,2.0,1.0,0.0,20.0,671.0,6.0,1.0,0.0,443.0,15.0,9.0,0.0,52.0,35.0,21.0,2.0,0.0,6.0,0.0,1.0,0.0,1500000.0,75.0,12.0,188.0,55,4,False,False,False,True
34.0,3258.0,0.0,0.0,0.2,2.6,14.0,4.0,2188.0,2496.0,26.0,18.0,8.0,192.0,2768.0,46.0,16.0,12.0,1906.0,68.0,24.0,22.0,56.0,166.0,30.0,8.0,0.0,26.0,0.0,0.0,50.0,4000000.0,60.0,11.0,183.0,2,4,False,False,False,True
20.0,969.0,1.0,0.0,0.3,0.2,5.0,2.0,300.0,418.0,7.0,8.0,0.0,39.0,570.0,8.0,11.0,6.0,293.0,29.0,15.0,8.0,26.0,61.0,17.0,4.0,0.0,21.0,2.0,3.0,4.0,9000000.0,199.0,48.0,185.0,1,3,False,False,False,True
21.0,969.0,0.0,2.0,0.2,1.9,3.0,0.0,428.0,528.0,16.0,13.0,7.0,28.0,666.0,16.0,6.0,10.0,387.0,24.0,10.0,12.0,36.0,42.0,11.0,2.0,0.0,8.0,0.0,1.0,16.0,6000000.0,92.0,15.0,184.0,71,10,False,False,True,False
26.0,966.0,2.0,1.0,1.1,1.9,20.0,8.0,363.0,445.0,21.0,20.0,5.0,38.0,612.0,75.0,47.0,22.0,443.0,19.0,5.0,17.0,8.0,63.0,4.0,0.0,0.0,6.0,3.0,1.0,22.0,4000000.0,81.0,11.0,176.0,24,44,True,False,False,True
22.0,965.0,0.0,1.0,0.8,1.7,12.0,3.0,190.0,250.0,9.0,4.0,3.0,22.0,403.0,20.0,12.0,22.0,256.0,16.0,6.0,12.0,2.0,49.0,14.0,2.0,0.0,21.0,2.0,1.0,12.0,12000000.0,201.0,24.0,192.0,135,10,True,False,False,True
23.0,964.0,8.0,1.0,5.8,0.7,39.0,19.0,92.0,142.0,7.0,3.0,0.0,27.0,311.0,6.0,6.0,24.0,237.0,10.0,5.0,4.0,14.0,14.0,67.0,1.0,0.0,11.0,2.0,1.0,1.0,20000000.0,130.0,19.0,186.0,416,5,True,False,False,True
23.0,3066.0,2.0,4.0,2.2,6.2,44.0,10.0,1778.0,2070.0,54.0,40.0,4.0,182.0,2366.0,68.0,24.0,28.0,1828.0,66.0,14.0,26.0,34.0,158.0,6.0,8.0,0.0,38.0,2.0,4.0,80.0,18000000.0,27.0,0.0,178.0,94,9,False,True,False,True
27.0,960.0,2.0,0.0,2.5,1.9,25.0,12.0,310.0,411.0,20.0,18.0,6.0,35.0,545.0,35.0,11.0,14.0,375.0,14.0,5.0,14.0,9.0,50.0,7.0,3.0,0.0,11.0,0.0,1.0,52.0,10000000.0,95.0,5.0,173.0,267,4,False,True,True,False
30.0,958.0,2.0,3.0,1.7,1.5,22.0,9.0,142.0,205.0,12.0,8.0,2.0,20.0,332.0,11.0,9.0,16.0,219.0,17.0,3.0,10.0,7.0,33.0,23.0,0.0,0.0,9.0,1.0,0.0,4.0,2000000.0,32.0,4.0,189.0,60,68,True,False,False,False
31.0,957.0,0.0,0.0,0.8,1.1,15.0,4.0,404.0,498.0,11.0,19.0,4.0,53.0,587.0,11.0,13.0,14.0,381.0,17.0,8.0,7.0,8.0,52.0,10.0,2.0,0.0,22.0,0.0,3.0,17.0,1400000.0,142.0,20.0,178.0,529,9,False,True,True,False
29.0,957.0,4.0,1.0,4.0,1.1,23.0,14.0,241.0,329.0,10.0,9.0,4.0,33.0,458.0,17.0,11.0,22.0,346.0,11.0,3.0,14.0,12.0,45.0,37.0,1.0,1.0,9.0,2.0,4.0,7.0,1500000.0,0.0,0.0,180.0,406,15,False,True,False,True
31.0,955.0,0.0,1.0,0.2,1.3,6.0,0.0,308.0,428.0,8.0,9.0,2.0,34.0,559.0,26.0,8.0,6.0,258.0,25.0,15.0,10.0,43.0,50.0,3.0,2.0,0.0,12.0,0.0,4.0,19.0,7000000.0,139.0,13.0,179.0,40,3,False,False,True,False
24.0,952.0,3.0,2.0,3.7,1.6,31.0,8.0,150.0,243.0,12.0,10.0,3.0,23.0,349.0,33.0,11.0,7.0,264.0,6.0,3.0,16.0,1.0,20.0,15.0,1.0,0.0,7.0,5.0,1.0,19.0,7000000.0,128.0,15.0,185.0,303,10,False,True,False,True
21.0,2496.0,2.0,4.0,2.6,2.0,32.0,6.0,998.0,1184.0,16.0,8.0,4.0,104.0,1464.0,34.0,18.0,42.0,922.0,86.0,20.0,8.0,40.0,154.0,22.0,2.0,2.0,50.0,0.0,2.0,42.0,6000000.0,0.0,0.0,184.0,80,2,False,True,False,False
28.0,951.0,0.0,1.0,0.1,1.2,2.0,0.0,384.0,483.0,10.0,10.0,6.0,34.0,608.0,12.0,3.0,6.0,345.0,27.0,11.0,6.0,46.0,42.0,17.0,3.0,2.0,30.0,0.0,3.0,28.0,1200000.0,0.0,0.0,184.0,102,2,False,False,False,True
23.0,951.0,1.0,4.0,2.0,2.6,23.0,5.0,635.0,748.0,22.0,20.0,2.0,97.0,831.0,38.0,8.0,9.0,652.0,14.0,7.0,6.0,6.0,56.0,1.0,3.0,0.0,10.0,1.0,9.0,47.0,25000000.0,8.0,2.0,171.0,45,1,False,True,False,True
22.0,950.0,1.0,0.0,0.4,0.1,5.0,1.0,583.0,658.0,1.0,1.0,0.0,21.0,791.0,0.0,3.0,4.0,497.0,27.0,11.0,7.0,63.0,39.0,20.0,2.0,1.0,17.0,0.0,0.0,1.0,10000000.0,56.0,11.0,188.0,86,40,False,False,True,False
23.0,947.0,3.0,1.0,1.1,0.8,16.0,5.0,315.0,359.0,10.0,4.0,1.0,26.0,436.0,23.0,14.0,17.0,335.0,10.0,4.0,7.0,5.0,48.0,3.0,0.0,0.0,8.0,0.0,1.0,7.0,7500000.0,42.0,6.0,186.0,28,4,False,True,False,True
19.0,947.0,0.0,0.0,1.1,0.1,3.0,0.0,387.0,482.0,3.0,3.0,1.0,38.0,620.0,9.0,0.0,0.0,337.0,19.0,26.0,7.0,60.0,40.0,24.0,1.0,0.0,5.0,1.0,0.0,3.0,7500000.0,0.0,0.0,191.0,31,3,False,False,True,False
21.0,943.0,0.0,2.0,0.6,3.0,11.0,2.0,169.0,261.0,15.0,15.0,10.0,18.0,417.0,44.0,30.0,17.0,253.0,16.0,9.0,14.0,19.0,59.0,5.0,1.0,0.0,7.0,2.0,0.0,37.0,2000000.0,55.0,5.0,189.0,379,2,True,False,False,True
25.0,943.0,3.0,1.0,4.9,1.0,29.0,10.0,130.0,190.0,9.0,2.0,0.0,9.0,312.0,19.0,6.0,17.0,230.0,7.0,2.0,4.0,6.0,32.0,26.0,0.0,0.0,15.0,5.0,2.0,2.0,1000000.0,0.0,0.0,187.0,393,2,True,False,False,True
22.0,942.0,0.0,0.0,0.6,0.2,7.0,1.0,405.0,452.0,3.0,2.0,1.0,42.0,561.0,18.0,13.0,11.0,392.0,15.0,5.0,2.0,14.0,45.0,10.0,4.0,0.0,13.0,0.0,0.0,19.0,10000000.0,12.0,2.0,181.0,25,3,False,True,False,True
28.0,941.0,0.0,0.0,0.2,0.2,6.0,1.0,668.0,723.0,5.0,4.0,1.0,70.0,806.0,24.0,8.0,9.0,625.0,25.0,8.0,7.0,12.0,49.0,0.0,2.0,0.0,16.0,0.0,2.0,7.0,5000000.0,21.0,6.0,172.0,200,5,False,True,False,True
30.0,941.0,0.0,0.0,0.1,0.1,1.0,1.0,515.0,612.0,2.0,2.0,0.0,34.0,717.0,14.0,4.0,4.0,459.0,18.0,16.0,7.0,35.0,52.0,10.0,4.0,0.0,19.0,0.0,0.0,8.0,5000000.0,0.0,0.0,180.0,10,96,False,False,True,False
23.0,940.0,1.0,1.0,1.8,0.9,13.0,4.0,97.0,180.0,8.0,3.0,1.0,13.0,307.0,23.0,6.0,12.0,202.0,15.0,3.0,14.0,9.0,21.0,32.0,2.0,1.0,21.0,1.0,1.0,18.0,800000.0,12.0,1.0,185.0,88,7,False,True,False,True
25.0,939.0,2.0,1.0,3.0,1.2,26.0,13.0,132.0,213.0,10.0,0.0,0.0,16.0,306.0,15.0,2.0,7.0,218.0,4.0,3.0,5.0,10.0,15.0,55.0,1.0,0.0,20.0,0.0,0.0,7.0,1800000.0,0.0,0.0,194.0,406,31,True,False,False,True
21.0,939.0,0.0,0.0,1.0,0.1,16.0,5.0,203.0,271.0,3.0,1.0,0.0,22.0,401.0,12.0,11.0,18.0,242.0,14.0,9.0,7.0,14.0,45.0,18.0,0.0,0.0,18.0,0.0,3.0,10.0,2400000.0,11.0,2.0,187.0,529,9,False,True,False,True
26.0,938.0,1.0,1.0,0.6,0.5,10.0,3.0,636.0,712.0,6.0,3.0,0.0,46.0,819.0,7.0,5.0,3.0,603.0,19.0,12.0,3.0,35.0,44.0,21.0,2.0,0.0,18.0,0.0,2.0,2.0,30000000.0,485.0,97.0,186.0,3,3,False,False,False,True
25.0,938.0,0.0,0.0,1.5,1.5,18.0,6.0,450.0,588.0,25.0,10.0,3.0,44.0,699.0,19.0,7.0,9.0,451.0,13.0,6.0,17.0,14.0,72.0,4.0,0.0,1.0,9.0,0.0,2.0,67.0,4000000.0,48.0,6.0,186.0,161,10,False,True,False,True
24.0,937.0,7.0,0.0,4.1,0.3,27.0,11.0,110.0,191.0,6.0,0.0,0.0,13.0,302.0,5.0,1.0,9.0,209.0,2.0,5.0,4.0,6.0,16.0,52.0,1.0,0.0,14.0,2.0,0.0,3.0,4000000.0,127.0,18.0,189.0,34,32,True,False,False,True
27.0,935.0,0.0,2.0,0.4,1.4,11.0,1.0,360.0,476.0,11.0,10.0,3.0,29.0,606.0,9.0,9.0,6.0,345.0,32.0,15.0,13.0,33.0,60.0,8.0,3.0,0.0,13.0,0.0,1.0,19.0,15000000.0,297.0,34.0,185.0,21,10,False,False,False,True
28.0,930.0,2.0,2.0,1.5,1.4,8.0,2.0,535.0,632.0,8.0,10.0,5.0,53.0,712.0,23.0,7.0,11.0,480.0,14.0,8.0,15.0,18.0,48.0,17.0,2.0,0.0,8.0,2.0,2.0,35.0,5000000.0,41.0,6.0,182.0,51,20,False,False,True,False
21.0,927.0,0.0,0.0,0.1,0.8,4.0,0.0,726.0,814.0,17.0,4.0,0.0,71.0,876.0,8.0,0.0,6.0,680.0,14.0,7.0,10.0,13.0,49.0,0.0,3.0,0.0,13.0,0.0,2.0,30.0,3000000.0,0.0,0.0,180.0,66,3,False,True,True,False
19.0,927.0,0.0,1.0,0.8,0.8,8.0,3.0,424.0,508.0,4.0,1.0,0.0,40.0,627.0,8.0,5.0,3.0,408.0,26.0,27.0,10.0,45.0,41.0,19.0,0.0,0.0,13.0,0.0,2.0,3.0,10000000.0,40.0,9.0,190.0,48,2,False,False,False,True
29.0,2818.0,0.0,2.0,2.0,2.6,40.0,8.0,1286.0,1558.0,26.0,16.0,0.0,146.0,1932.0,26.0,18.0,24.0,1300.0,62.0,60.0,36.0,52.0,166.0,74.0,4.0,0.0,42.0,4.0,4.0,14.0,7000000.0,0.0,0.0,183.0,100,2,False,True,False,True
30.0,926.0,0.0,1.0,0.5,1.6,7.0,1.0,153.0,253.0,10.0,8.0,7.0,8.0,350.0,38.0,9.0,13.0,220.0,13.0,10.0,24.0,13.0,50.0,8.0,1.0,0.0,4.0,2.0,0.0,46.0,2000000.0,342.0,44.0,173.0,80,30,True,False,False,True
25.0,925.0,3.0,2.0,2.7,3.0,32.0,8.0,320.0,422.0,27.0,21.0,5.0,36.0,556.0,48.0,26.0,11.0,406.0,17.0,2.0,9.0,9.0,38.0,6.0,0.0,0.0,3.0,1.0,4.0,50.0,10000000.0,77.0,15.0,172.0,45,44,False,True,True,False
23.0,925.0,0.0,3.0,0.6,1.0,10.0,6.0,188.0,277.0,10.0,3.0,0.0,19.0,422.0,39.0,19.0,10.0,280.0,17.0,7.0,14.0,7.0,51.0,7.0,1.0,0.0,18.0,1.0,2.0,25.0,2800000.0,41.0,1.0,182.0,327,9,False,True,False,True
26.0,922.0,1.0,0.0,0.4,0.2,8.0,1.0,304.0,425.0,5.0,5.0,2.0,21.0,567.0,8.0,0.0,4.0,263.0,49.0,11.0,18.0,41.0,35.0,7.0,1.0,0.0,10.0,1.0,1.0,19.0,1000000.0,27.0,6.0,185.0,563,10,False,True,True,False
20.0,922.0,1.0,0.0,0.9,0.6,11.0,3.0,351.0,465.0,10.0,6.0,1.0,42.0,549.0,5.0,6.0,1.0,329.0,10.0,6.0,8.0,15.0,58.0,19.0,3.0,0.0,15.0,0.0,4.0,5.0,7000000.0,150.0,23.0,187.0,34,10,False,True,False,True
27.0,921.0,3.0,2.0,4.8,2.1,25.0,11.0,299.0,334.0,14.0,7.0,0.0,25.0,448.0,17.0,10.0,17.0,356.0,12.0,7.0,3.0,10.0,29.0,16.0,2.0,0.0,16.0,1.0,0.0,4.0,35000000.0,273.0,54.0,177.0,6,2,True,False,False,True
23.0,920.0,1.0,0.0,0.9,1.1,11.0,4.0,451.0,541.0,9.0,16.0,3.0,45.0,619.0,24.0,6.0,9.0,477.0,5.0,5.0,11.0,10.0,28.0,4.0,4.0,0.0,11.0,3.0,2.0,27.0,16000000.0,169.0,23.0,186.0,98,32,False,True,True,False
19.0,916.0,0.0,0.0,0.0,0.0,1.0,0.0,517.0,577.0,1.0,1.0,0.0,40.0,668.0,3.0,3.0,4.0,403.0,23.0,4.0,2.0,41.0,46.0,9.0,1.0,0.0,10.0,0.0,2.0,2.0,3000000.0,0.0,0.0,185.0,16,3,False,False,False,True
19.0,2334.0,4.0,4.0,5.800000000000001,5.8,64.0,22.0,586.0,788.0,30.0,36.0,10.0,60.0,1142.0,68.0,42.0,42.0,828.0,36.0,6.0,28.0,18.0,96.0,10.0,4.0,0.0,38.0,8.0,2.0,80.0,35000000.0,16.0,3.0,183.0,14,2,True,False,False,True
27.0,908.0,5.0,0.0,4.1,1.7,35.0,12.0,179.0,299.0,14.0,7.0,3.0,15.0,440.0,22.0,7.0,13.0,329.0,11.0,2.0,16.0,6.0,26.0,40.0,4.0,0.0,12.0,1.0,2.0,20.0,3000000.0,92.0,12.0,188.0,303,35,True,False,False,True
32.0,907.0,0.0,0.0,0.2,0.0,2.0,1.0,238.0,309.0,0.0,0.0,0.0,19.0,457.0,1.0,2.0,3.0,206.0,22.0,10.0,11.0,78.0,36.0,6.0,5.0,0.0,11.0,0.0,2.0,0.0,300000.0,5.0,1.0,169.0,40,5,False,False,True,False
28.0,906.0,2.0,2.0,1.1,1.0,12.0,4.0,465.0,538.0,12.0,6.0,2.0,59.0,632.0,11.0,4.0,7.0,427.0,20.0,14.0,10.0,14.0,51.0,5.0,4.0,0.0,16.0,0.0,2.0,10.0,6000000.0,302.0,45.0,184.0,30,3,False,True,True,False
29.0,905.0,3.0,0.0,3.2,1.0,17.0,7.0,193.0,248.0,9.0,12.0,0.0,24.0,325.0,16.0,9.0,9.0,239.0,16.0,2.0,3.0,2.0,17.0,10.0,4.0,0.0,22.0,2.0,1.0,8.0,3000000.0,124.0,15.0,171.0,90,2,True,False,False,True
34.0,904.0,0.0,1.0,0.7,1.0,10.0,4.0,552.0,632.0,5.0,9.0,4.0,54.0,778.0,15.0,8.0,10.0,480.0,33.0,13.0,11.0,49.0,46.0,12.0,4.0,0.0,13.0,0.0,2.0,16.0,1200000.0,88.0,18.0,177.0,75,5,False,False,True,False
20.0,900.0,0.0,0.0,0.2,0.2,4.0,3.0,280.0,359.0,3.0,4.0,2.0,15.0,458.0,12.0,3.0,3.0,260.0,11.0,14.0,7.0,38.0,26.0,16.0,2.0,0.0,10.0,0.0,1.0,8.0,7000000.0,246.0,31.0,189.0,266,9,False,False,True,False
31.0,900.0,0.0,0.0,0.1,0.2,3.0,0.0,526.0,631.0,3.0,3.0,1.0,54.0,736.0,5.0,0.0,0.0,466.0,13.0,12.0,3.0,60.0,35.0,24.0,1.0,0.0,7.0,0.0,1.0,3.0,1300000.0,257.0,24.0,191.0,563,123,False,False,True,False
25.0,900.0,3.0,2.0,2.8,0.8,26.0,8.0,182.0,239.0,14.0,14.0,3.0,27.0,427.0,29.0,16.0,36.0,319.0,20.0,3.0,12.0,1.0,43.0,8.0,1.0,0.0,17.0,5.0,1.0,14.0,4000000.0,169.0,23.0,185.0,563,10,False,True,False,True
26.0,2070.0,0.0,2.0,1.0,1.0,10.0,4.0,1096.0,1244.0,6.0,4.0,0.0,70.0,1478.0,6.0,6.0,2.0,904.0,32.0,36.0,14.0,90.0,88.0,76.0,2.0,0.0,50.0,0.0,2.0,0.0,6000000.0,72.0,14.0,191.0,160,9,False,False,False,True
26.0,899.0,3.0,2.0,1.8,1.9,18.0,9.0,311.0,379.0,10.0,8.0,1.0,44.0,479.0,24.0,17.0,7.0,355.0,13.0,4.0,8.0,3.0,42.0,7.0,2.0,0.0,6.0,4.0,1.0,26.0,6000000.0,98.0,16.0,180.0,322,2,False,True,True,False
27.0,899.0,1.0,0.0,1.4,1.0,7.0,3.0,488.0,607.0,9.0,4.0,2.0,36.0,725.0,20.0,9.0,3.0,441.0,20.0,16.0,15.0,37.0,46.0,16.0,4.0,0.0,6.0,0.0,1.0,13.0,10000000.0,65.0,8.0,187.0,10,2,False,False,False,True
25.0,896.0,1.0,0.0,0.4,0.4,6.0,1.0,238.0,289.0,6.0,8.0,5.0,28.0,359.0,7.0,2.0,4.0,230.0,19.0,2.0,8.0,8.0,25.0,6.0,0.0,0.0,12.0,0.0,4.0,20.0,2000000.0,53.0,8.0,175.0,82,3,False,True,False,True
22.0,895.0,0.0,0.0,0.3,0.9,6.0,2.0,586.0,723.0,12.0,26.0,10.0,68.0,849.0,46.0,13.0,7.0,547.0,24.0,10.0,17.0,32.0,55.0,1.0,5.0,0.0,12.0,0.0,1.0,53.0,20000000.0,44.0,8.0,168.0,23,5,False,False,False,True
17.0,895.0,4.0,2.0,1.2,1.2,24.0,9.0,342.0,425.0,16.0,16.0,6.0,33.0,544.0,46.0,37.0,17.0,398.0,11.0,2.0,14.0,4.0,34.0,4.0,1.0,0.0,9.0,1.0,3.0,54.0,55000000.0,18.0,5.0,176.0,22,4,False,True,True,False
28.0,892.0,1.0,1.0,2.1,2.6,13.0,5.0,158.0,224.0,14.0,6.0,2.0,19.0,301.0,29.0,6.0,8.0,218.0,9.0,1.0,8.0,8.0,17.0,16.0,2.0,0.0,8.0,3.0,2.0,20.0,1500000.0,17.0,4.0,178.0,60,10,False,True,False,True
36.0,887.0,1.0,2.0,0.5,0.3,9.0,4.0,280.0,352.0,5.0,5.0,4.0,22.0,443.0,5.0,4.0,4.0,235.0,18.0,4.0,1.0,23.0,32.0,8.0,4.0,0.0,18.0,2.0,1.0,15.0,300000.0,0.0,0.0,189.0,109,2,False,True,False,True
22.0,887.0,0.0,0.0,0.1,0.2,5.0,0.0,407.0,504.0,3.0,9.0,5.0,39.0,628.0,22.0,6.0,10.0,384.0,9.0,5.0,15.0,51.0,21.0,11.0,1.0,0.0,4.0,1.0,2.0,21.0,1200000.0,0.0,0.0,187.0,211,15,False,False,False,True
29.0,887.0,0.0,0.0,0.2,0.5,5.0,1.0,636.0,725.0,3.0,2.0,0.0,63.0,824.0,8.0,1.0,1.0,552.0,10.0,20.0,5.0,41.0,35.0,24.0,1.0,0.0,7.0,0.0,2.0,2.0,11000000.0,153.0,27.0,190.0,58,4,False,False,False,True
24.0,885.0,4.0,0.0,4.8,0.8,42.0,14.0,132.0,189.0,10.0,6.0,0.0,20.0,318.0,15.0,12.0,16.0,233.0,3.0,1.0,12.0,8.0,15.0,16.0,0.0,0.0,7.0,1.0,0.0,2.0,2500000.0,0.0,0.0,184.0,90,2,True,False,False,True
33.0,877.0,2.0,3.0,2.3,2.4,16.0,4.0,322.0,397.0,11.0,3.0,0.0,29.0,475.0,4.0,1.0,10.0,334.0,13.0,5.0,9.0,15.0,29.0,30.0,7.0,0.0,20.0,0.0,1.0,2.0,2000000.0,123.0,27.0,187.0,28,9,False,True,False,True
28.0,877.0,0.0,0.0,0.0,0.1,3.0,0.0,832.0,907.0,1.0,1.0,0.0,50.0,1004.0,6.0,2.0,2.0,746.0,24.0,7.0,8.0,37.0,45.0,13.0,2.0,0.0,9.0,0.0,0.0,2.0,25000000.0,222.0,26.0,184.0,12,2,False,False,True,False
18.0,1786.0,0.0,0.0,0.6,0.6,8.0,2.0,516.0,720.0,12.0,8.0,4.0,52.0,1052.0,32.0,38.0,24.0,484.0,56.0,20.0,24.0,62.0,114.0,22.0,2.0,0.0,28.0,0.0,10.0,26.0,4000000.0,0.0,0.0,178.0,135,3,False,False,True,False
33.0,876.0,0.0,0.0,0.3,0.1,4.0,2.0,556.0,615.0,2.0,1.0,0.0,22.0,699.0,5.0,1.0,1.0,498.0,11.0,11.0,2.0,43.0,19.0,13.0,5.0,0.0,18.0,0.0,0.0,1.0,700000.0,107.0,15.0,186.0,70,9,False,False,True,False
35.0,875.0,1.0,0.0,0.2,0.1,5.0,2.0,581.0,671.0,3.0,4.0,1.0,66.0,759.0,13.0,1.0,1.0,516.0,25.0,5.0,4.0,32.0,28.0,14.0,1.0,0.0,8.0,0.0,0.0,5.0,1500000.0,98.0,24.0,178.0,10,3,False,False,False,True
26.0,1938.0,2.0,0.0,3.4,0.2,8.0,4.0,902.0,1120.0,6.0,14.0,8.0,66.0,1370.0,22.0,4.0,12.0,854.0,36.0,38.0,24.0,92.0,74.0,66.0,8.0,2.0,36.0,0.0,6.0,40.0,2500000.0,8.0,1.0,185.0,563,8,False,False,True,False
26.0,872.0,1.0,1.0,1.0,1.7,22.0,5.0,224.0,323.0,12.0,7.0,1.0,34.0,438.0,12.0,0.0,10.0,262.0,23.0,7.0,8.0,8.0,48.0,15.0,4.0,0.0,15.0,1.0,1.0,23.0,1500000.0,72.0,13.0,179.0,88,130,False,True,True,False
25.0,869.0,2.0,1.0,2.7,0.2,14.0,4.0,86.0,113.0,4.0,1.0,1.0,4.0,182.0,4.0,3.0,6.0,121.0,7.0,2.0,4.0,7.0,13.0,13.0,0.0,0.0,13.0,2.0,1.0,3.0,2500000.0,0.0,0.0,189.0,200,65,True,False,True,False
20.0,2326.0,4.0,6.0,5.4,3.1999999999999997,104.0,44.0,540.0,796.0,36.0,24.0,4.0,84.0,1216.0,68.0,80.0,78.0,806.0,24.0,2.0,32.0,14.0,116.0,28.0,6.0,0.0,24.0,4.0,2.0,82.0,22000000.0,203.0,41.0,173.0,80,53,False,True,False,True
22.0,867.0,1.0,3.0,1.4,2.0,20.0,7.0,281.0,398.0,12.0,11.0,2.0,38.0,492.0,20.0,9.0,13.0,315.0,17.0,10.0,20.0,7.0,45.0,4.0,1.0,0.0,14.0,3.0,2.0,39.0,6000000.0,71.0,14.0,179.0,25,20,True,False,True,False
18.0,3100.0,0.0,0.0,0.8,0.4,10.0,4.0,1366.0,1570.0,6.0,0.0,0.0,44.0,2006.0,6.0,12.0,16.0,1190.0,52.0,58.0,8.0,214.0,144.0,108.0,6.0,0.0,26.0,0.0,8.0,0.0,6000000.0,14.0,2.0,195.0,90,129,False,False,False,True
29.0,862.0,4.0,0.0,1.6,0.8,21.0,9.0,201.0,268.0,8.0,6.0,1.0,29.0,372.0,11.0,7.0,25.0,299.0,12.0,1.0,6.0,1.0,33.0,10.0,1.0,1.0,14.0,5.0,3.0,13.0,1500000.0,0.0,0.0,177.0,107,3,True,False,True,False
29.0,862.0,0.0,2.0,0.2,1.7,6.0,1.0,363.0,486.0,16.0,19.0,3.0,61.0,573.0,6.0,9.0,7.0,350.0,14.0,8.0,7.0,13.0,48.0,8.0,2.0,0.0,7.0,0.0,4.0,33.0,14000000.0,126.0,20.0,180.0,99,21,False,True,False,True
26.0,860.0,1.0,0.0,0.7,0.5,19.0,4.0,349.0,421.0,5.0,8.0,1.0,43.0,534.0,11.0,4.0,6.0,345.0,20.0,9.0,5.0,24.0,53.0,7.0,4.0,0.0,16.0,0.0,0.0,7.0,3000000.0,61.0,11.0,185.0,80,4,False,True,False,True
24.0,860.0,2.0,2.0,0.4,0.8,6.0,2.0,335.0,413.0,5.0,6.0,5.0,14.0,535.0,32.0,10.0,5.0,302.0,17.0,7.0,6.0,23.0,39.0,1.0,0.0,0.0,15.0,1.0,1.0,28.0,11000000.0,204.0,36.0,163.0,30,4,False,False,False,True
18.0,1734.0,0.0,0.0,1.0,0.8,14.0,2.0,478.0,616.0,14.0,8.0,0.0,74.0,832.0,16.0,10.0,18.0,558.0,42.0,24.0,8.0,8.0,78.0,6.0,4.0,0.0,12.0,0.0,8.0,2.0,10000000.0,28.0,2.0,177.0,498,2,False,True,False,True
25.0,858.0,0.0,0.0,0.1,0.0,2.0,1.0,284.0,311.0,2.0,1.0,0.0,13.0,401.0,2.0,5.0,9.0,236.0,17.0,11.0,1.0,16.0,34.0,15.0,2.0,0.0,18.0,0.0,0.0,1.0,1000000.0,261.0,40.0,193.0,90,30,False,False,False,True
19.0,858.0,2.0,1.0,1.0,1.1,18.0,8.0,198.0,257.0,13.0,6.0,3.0,17.0,379.0,61.0,25.0,13.0,299.0,12.0,4.0,10.0,5.0,38.0,1.0,2.0,0.0,5.0,6.0,1.0,33.0,3000000.0,25.0,3.0,180.0,211,2,False,True,False,True
27.0,857.0,1.0,1.0,1.5,0.7,16.0,3.0,235.0,319.0,8.0,7.0,2.0,29.0,390.0,13.0,4.0,5.0,264.0,15.0,4.0,5.0,3.0,27.0,3.0,2.0,0.0,11.0,0.0,0.0,9.0,6000000.0,75.0,13.0,168.0,531,4,True,False,True,False
25.0,854.0,3.0,1.0,2.1,2.9,23.0,7.0,118.0,196.0,14.0,9.0,3.0,18.0,357.0,21.0,10.0,12.0,202.0,27.0,12.0,12.0,17.0,43.0,21.0,5.0,0.0,24.0,3.0,2.0,21.0,15000000.0,0.0,0.0,179.0,40,6,False,True,False,True
23.0,854.0,0.0,0.0,0.1,0.1,1.0,0.0,411.0,494.0,1.0,2.0,0.0,27.0,585.0,12.0,1.0,0.0,358.0,15.0,9.0,5.0,49.0,35.0,19.0,3.0,0.0,18.0,0.0,1.0,0.0,6000000.0,61.0,15.0,184.0,299,3,False,False,True,False
27.0,854.0,0.0,0.0,0.2,0.1,3.0,0.0,424.0,490.0,4.0,4.0,1.0,28.0,559.0,8.0,5.0,13.0,397.0,15.0,12.0,3.0,7.0,58.0,10.0,2.0,0.0,5.0,0.0,2.0,6.0,6000000.0,178.0,25.0,187.0,70,9,False,True,True,False
30.0,852.0,2.0,0.0,1.2,0.3,25.0,10.0,110.0,239.0,5.0,2.0,1.0,13.0,415.0,6.0,16.0,20.0,300.0,10.0,3.0,2.0,12.0,31.0,104.0,6.0,0.0,30.0,1.0,5.0,5.0,400000.0,0.0,0.0,181.0,109,3,True,False,False,True
23.0,852.0,1.0,1.0,1.0,0.7,13.0,7.0,183.0,252.0,9.0,6.0,2.0,14.0,379.0,19.0,6.0,16.0,243.0,23.0,5.0,13.0,15.0,45.0,13.0,3.0,0.0,18.0,2.0,4.0,21.0,2000000.0,164.0,33.0,177.0,46,4,True,False,False,True
35.0,852.0,0.0,1.0,0.0,0.5,1.0,0.0,494.0,545.0,2.0,0.0,0.0,21.0,645.0,2.0,1.0,0.0,418.0,16.0,11.0,1.0,34.0,32.0,23.0,1.0,0.0,4.0,1.0,1.0,0.0,2000000.0,13.0,2.0,186.0,10,8,False,False,False,True
28.0,852.0,2.0,2.0,0.9,2.4,16.0,5.0,305.0,463.0,19.0,16.0,5.0,36.0,564.0,25.0,5.0,3.0,291.0,15.0,8.0,10.0,9.0,43.0,9.0,1.0,0.0,14.0,1.0,3.0,61.0,4000000.0,164.0,16.0,185.0,34,21,False,True,True,False
22.0,852.0,1.0,2.0,1.1,0.9,3.0,1.0,440.0,534.0,4.0,1.0,0.0,39.0,642.0,11.0,4.0,4.0,376.0,24.0,14.0,9.0,39.0,35.0,6.0,0.0,1.0,6.0,0.0,3.0,13.0,5000000.0,236.0,26.0,181.0,175,20,False,False,False,True
20.0,850.0,1.0,0.0,1.6,1.0,13.0,4.0,212.0,274.0,6.0,12.0,3.0,27.0,381.0,45.0,12.0,17.0,273.0,14.0,4.0,13.0,5.0,34.0,4.0,0.0,0.0,2.0,0.0,4.0,25.0,20000000.0,146.0,38.0,182.0,14,2,True,False,False,True
31.0,849.0,2.0,0.0,1.4,2.4,12.0,5.0,303.0,451.0,17.0,13.0,3.0,40.0,550.0,16.0,10.0,15.0,390.0,9.0,10.0,9.0,12.0,47.0,17.0,1.0,0.0,11.0,0.0,4.0,68.0,1000000.0,124.0,15.0,180.0,393,37,False,True,False,True
30.0,849.0,0.0,1.0,1.1,1.3,13.0,5.0,317.0,420.0,17.0,3.0,1.0,41.0,507.0,2.0,2.0,2.0,331.0,17.0,5.0,11.0,13.0,27.0,17.0,4.0,0.0,21.0,0.0,1.0,38.0,1500000.0,0.0,0.0,188.0,235,3,False,True,True,False
33.0,847.0,1.0,1.0,1.4,0.7,17.0,5.0,149.0,234.0,8.0,8.0,2.0,32.0,397.0,32.0,10.0,5.0,251.0,13.0,6.0,8.0,20.0,39.0,14.0,1.0,0.0,8.0,4.0,0.0,22.0,1500000.0,335.0,44.0,174.0,266,5,True,False,True,False
29.0,844.0,1.0,1.0,1.8,1.2,24.0,6.0,499.0,552.0,13.0,13.0,2.0,72.0,640.0,32.0,12.0,6.0,514.0,11.0,7.0,5.0,7.0,42.0,7.0,3.0,0.0,9.0,1.0,2.0,5.0,10000000.0,7.0,1.0,185.0,48,2,False,True,False,True
34.0,836.0,1.0,1.0,2.2,1.6,19.0,4.0,114.0,188.0,9.0,6.0,2.0,18.0,296.0,29.0,9.0,19.0,221.0,2.0,0.0,14.0,2.0,22.0,17.0,1.0,0.0,12.0,1.0,2.0,25.0,700000.0,264.0,43.0,180.0,55,4,True,False,False,True
22.0,836.0,1.0,2.0,0.6,1.5,7.0,2.0,282.0,344.0,11.0,4.0,0.0,37.0,437.0,12.0,7.0,11.0,286.0,24.0,6.0,13.0,8.0,45.0,11.0,3.0,0.0,15.0,3.0,4.0,2.0,5000000.0,298.0,36.0,181.0,94,9,False,True,False,True
25.0,1912.0,2.0,2.0,2.2,2.4,48.0,12.0,474.0,666.0,30.0,30.0,12.0,42.0,838.0,164.0,24.0,18.0,660.0,12.0,8.0,16.0,6.0,98.0,10.0,2.0,0.0,16.0,8.0,4.0,100.0,5000000.0,78.0,15.0,180.0,94,9,True,False,False,True
32.0,833.0,0.0,1.0,0.4,0.6,10.0,2.0,365.0,491.0,5.0,6.0,5.0,39.0,637.0,10.0,5.0,9.0,333.0,41.0,12.0,12.0,32.0,55.0,14.0,4.0,0.0,18.0,0.0,4.0,24.0,1200000.0,90.0,10.0,172.0,235,3,False,False,True,False
21.0,832.0,1.0,1.0,1.4,1.0,20.0,4.0,305.0,363.0,10.0,6.0,0.0,23.0,472.0,39.0,17.0,9.0,335.0,12.0,6.0,14.0,8.0,48.0,1.0,2.0,0.0,7.0,2.0,2.0,7.0,12000000.0,64.0,10.0,170.0,27,9,True,False,True,False
36.0,832.0,0.0,2.0,0.9,2.0,16.0,4.0,476.0,601.0,19.0,24.0,2.0,64.0,722.0,41.0,17.0,10.0,509.0,19.0,7.0,11.0,9.0,31.0,12.0,3.0,0.0,9.0,2.0,1.0,56.0,1000000.0,260.0,45.0,176.0,36,9,False,False,False,True
29.0,832.0,1.0,0.0,0.9,0.1,8.0,1.0,469.0,510.0,3.0,0.0,0.0,25.0,622.0,3.0,0.0,0.0,413.0,8.0,9.0,3.0,64.0,24.0,27.0,2.0,0.0,11.0,0.0,0.0,0.0,800000.0,378.0,40.0,196.0,95,10,False,False,False,True
31.0,830.0,0.0,0.0,0.6,0.0,4.0,1.0,534.0,603.0,0.0,1.0,0.0,34.0,674.0,3.0,2.0,2.0,481.0,8.0,5.0,0.0,36.0,36.0,11.0,1.0,0.0,11.0,0.0,3.0,0.0,9500000.0,134.0,27.0,185.0,77,3,False,False,False,True
20.0,825.0,0.0,0.0,0.6,0.1,9.0,1.0,394.0,486.0,2.0,7.0,3.0,35.0,595.0,12.0,5.0,4.0,365.0,30.0,8.0,6.0,29.0,48.0,17.0,2.0,0.0,13.0,1.0,0.0,7.0,2500000.0,153.0,17.0,187.0,100,2,False,False,False,True
27.0,2104.0,10.0,0.0,7.2,1.7999999999999998,50.0,14.0,300.0,442.0,14.0,0.0,0.0,24.0,772.0,28.0,32.0,60.0,590.0,24.0,4.0,14.0,18.0,38.0,64.0,10.0,0.0,74.0,2.0,4.0,4.0,5000000.0,14.0,2.0,191.0,50,44,True,False,False,True
35.0,824.0,0.0,0.0,0.2,1.3,5.0,0.0,504.0,610.0,9.0,5.0,2.0,36.0,687.0,6.0,1.0,0.0,437.0,11.0,8.0,10.0,37.0,36.0,7.0,3.0,0.0,4.0,0.0,1.0,36.0,500000.0,11.0,2.0,170.0,238,4,False,False,True,False
30.0,821.0,3.0,1.0,3.3,1.2,30.0,10.0,134.0,213.0,9.0,2.0,1.0,7.0,334.0,4.0,4.0,10.0,240.0,3.0,1.0,5.0,16.0,13.0,45.0,0.0,0.0,15.0,0.0,3.0,4.0,2500000.0,37.0,6.0,196.0,71,20,True,False,False,True
29.0,819.0,3.0,1.0,3.5,0.6,21.0,4.0,118.0,178.0,7.0,1.0,0.0,12.0,297.0,14.0,3.0,13.0,206.0,11.0,2.0,7.0,13.0,23.0,26.0,1.0,0.0,37.0,4.0,1.0,3.0,1800000.0,55.0,10.0,192.0,498,2,True,False,False,True
18.0,816.0,2.0,1.0,1.5,1.3,9.0,5.0,248.0,300.0,12.0,8.0,0.0,31.0,411.0,11.0,8.0,6.0,224.0,25.0,8.0,8.0,19.0,43.0,4.0,1.0,0.0,10.0,1.0,0.0,6.0,4000000.0,0.0,0.0,184.0,138,2,False,False,True,False
32.0,814.0,3.0,2.0,2.9,1.8,17.0,8.0,308.0,445.0,15.0,20.0,3.0,60.0,552.0,15.0,6.0,14.0,387.0,16.0,4.0,19.0,7.0,34.0,5.0,3.0,0.0,16.0,0.0,8.0,47.0,5000000.0,34.0,6.0,174.0,55,3,False,True,True,False
28.0,811.0,0.0,1.0,0.8,1.8,13.0,6.0,287.0,364.0,12.0,13.0,6.0,30.0,468.0,31.0,15.0,13.0,351.0,12.0,5.0,12.0,6.0,52.0,5.0,1.0,0.0,7.0,0.0,3.0,25.0,3500000.0,21.0,2.0,175.0,66,2,True,False,False,True
18.0,808.0,2.0,2.0,2.9,2.1,25.0,8.0,404.0,460.0,12.0,14.0,1.0,46.0,592.0,29.0,15.0,21.0,438.0,25.0,5.0,12.0,12.0,32.0,1.0,1.0,0.0,20.0,2.0,2.0,9.0,15000000.0,25.0,5.0,183.0,12,2,False,True,False,False
32.0,807.0,1.0,2.0,2.7,1.6,13.0,5.0,185.0,231.0,15.0,5.0,0.0,25.0,318.0,10.0,6.0,5.0,230.0,7.0,0.0,8.0,11.0,29.0,19.0,1.0,0.0,9.0,4.0,3.0,1.0,3500000.0,68.0,14.0,185.0,8,20,True,False,False,True
29.0,805.0,4.0,1.0,4.5,2.1,34.0,14.0,206.0,280.0,14.0,10.0,1.0,25.0,419.0,30.0,13.0,16.0,303.0,9.0,4.0,14.0,8.0,40.0,1.0,3.0,1.0,18.0,3.0,3.0,24.0,10000000.0,16.0,2.0,171.0,116,1,False,True,False,True
24.0,803.0,0.0,0.0,0.1,0.3,3.0,0.0,426.0,518.0,5.0,8.0,0.0,41.0,616.0,23.0,9.0,10.0,337.0,22.0,14.0,7.0,17.0,67.0,9.0,4.0,0.0,10.0,1.0,2.0,4.0,9000000.0,250.0,24.0,173.0,48,77,False,False,False,True
22.0,801.0,2.0,0.0,0.5,0.7,7.0,2.0,336.0,459.0,7.0,6.0,4.0,29.0,576.0,11.0,6.0,6.0,315.0,17.0,11.0,13.0,38.0,33.0,21.0,2.0,0.0,10.0,0.0,2.0,19.0,10000000.0,40.0,6.0,186.0,31,2,False,False,False,True
27.0,798.0,0.0,0.0,0.6,0.2,6.0,1.0,295.0,349.0,4.0,1.0,0.0,40.0,434.0,4.0,2.0,7.0,308.0,27.0,7.0,12.0,8.0,31.0,7.0,2.0,0.0,9.0,0.0,1.0,5.0,20000000.0,28.0,5.0,187.0,128,4,False,True,False,True
32.0,797.0,0.0,0.0,0.8,0.2,5.0,2.0,283.0,346.0,2.0,1.0,0.0,24.0,462.0,7.0,4.0,0.0,236.0,14.0,10.0,4.0,59.0,22.0,20.0,3.0,0.0,8.0,0.0,0.0,1.0,800000.0,22.0,3.0,188.0,533,2,False,False,False,True
20.0,797.0,0.0,1.0,0.3,0.7,2.0,0.0,389.0,424.0,7.0,3.0,0.0,31.0,493.0,3.0,10.0,7.0,359.0,22.0,16.0,1.0,10.0,40.0,12.0,4.0,0.0,16.0,0.0,2.0,0.0,40000000.0,500.0,73.0,181.0,8,8,False,True,False,True
30.0,796.0,0.0,0.0,0.5,0.8,6.0,1.0,398.0,494.0,11.0,13.0,9.0,49.0,571.0,13.0,14.0,8.0,402.0,13.0,6.0,16.0,7.0,66.0,7.0,1.0,0.0,14.0,0.0,1.0,28.0,2000000.0,34.0,5.0,176.0,131,3,True,False,False,True
34.0,794.0,0.0,0.0,0.2,0.1,4.0,0.0,325.0,376.0,3.0,4.0,0.0,30.0,482.0,1.0,4.0,10.0,267.0,33.0,14.0,7.0,28.0,27.0,28.0,3.0,0.0,12.0,1.0,2.0,1.0,500000.0,0.0,0.0,181.0,53,10,False,True,False,True
30.0,790.0,0.0,0.0,0.3,0.2,8.0,3.0,386.0,526.0,6.0,6.0,1.0,36.0,615.0,22.0,7.0,5.0,361.0,24.0,7.0,13.0,18.0,35.0,15.0,2.0,0.0,15.0,0.0,2.0,15.0,1500000.0,159.0,24.0,176.0,322,2,False,False,True,False
31.0,790.0,3.0,2.0,2.2,1.9,16.0,7.0,133.0,198.0,14.0,5.0,0.0,14.0,277.0,7.0,1.0,7.0,205.0,4.0,1.0,7.0,16.0,18.0,39.0,2.0,0.0,21.0,0.0,1.0,1.0,10000000.0,182.0,31.0,189.0,55,10,True,False,False,True
31.0,788.0,1.0,0.0,2.1,2.1,13.0,5.0,182.0,298.0,18.0,11.0,3.0,36.0,429.0,17.0,8.0,14.0,312.0,12.0,2.0,24.0,4.0,33.0,27.0,3.0,2.0,19.0,5.0,1.0,32.0,1000000.0,149.0,15.0,185.0,357,13,False,True,False,True
25.0,788.0,2.0,1.0,1.2,0.5,8.0,3.0,270.0,330.0,1.0,2.0,0.0,21.0,428.0,3.0,0.0,1.0,230.0,9.0,12.0,3.0,36.0,28.0,36.0,2.0,0.0,12.0,0.0,0.0,1.0,6000000.0,133.0,20.0,191.0,128,8,False,False,False,True
23.0,786.0,1.0,1.0,1.6,1.7,14.0,4.0,194.0,254.0,17.0,12.0,5.0,18.0,372.0,29.0,13.0,16.0,259.0,13.0,0.0,13.0,7.0,38.0,4.0,2.0,0.0,9.0,5.0,0.0,21.0,22000000.0,270.0,29.0,174.0,55,7,False,True,False,True
27.0,785.0,1.0,2.0,2.3,1.1,20.0,9.0,134.0,212.0,12.0,7.0,2.0,19.0,310.0,18.0,8.0,12.0,230.0,5.0,2.0,9.0,11.0,15.0,41.0,1.0,0.0,14.0,2.0,0.0,11.0,1500000.0,148.0,18.0,189.0,527,22,True,False,False,True
22.0,783.0,2.0,0.0,0.6,0.7,7.0,5.0,182.0,247.0,6.0,5.0,1.0,16.0,364.0,1.0,1.0,4.0,199.0,26.0,5.0,3.0,25.0,27.0,11.0,4.0,0.0,22.0,1.0,3.0,3.0,1500000.0,0.0,0.0,184.0,60,10,False,True,False,True
22.0,781.0,1.0,3.0,0.8,1.2,6.0,2.0,394.0,497.0,10.0,11.0,4.0,41.0,580.0,11.0,1.0,7.0,358.0,15.0,5.0,12.0,30.0,31.0,6.0,0.0,0.0,4.0,0.0,0.0,36.0,12000000.0,22.0,3.0,183.0,23,27,True,False,True,False
18.0,780.0,0.0,0.0,0.1,0.1,2.0,0.0,582.0,639.0,2.0,1.0,0.0,31.0,727.0,8.0,2.0,1.0,525.0,18.0,13.0,4.0,27.0,34.0,12.0,2.0,0.0,7.0,0.0,0.0,3.0,20000000.0,60.0,13.0,188.0,175,10,False,False,False,True
32.0,779.0,1.0,2.0,1.6,1.7,8.0,3.0,169.0,237.0,14.0,7.0,3.0,16.0,301.0,20.0,4.0,3.0,214.0,13.0,0.0,8.0,2.0,24.0,10.0,4.0,0.0,14.0,0.0,3.0,26.0,1800000.0,53.0,9.0,167.0,200,3,False,True,False,True
33.0,775.0,0.0,0.0,0.7,0.6,10.0,3.0,183.0,309.0,13.0,10.0,6.0,27.0,418.0,18.0,10.0,12.0,256.0,12.0,6.0,19.0,12.0,33.0,7.0,1.0,0.0,12.0,2.0,1.0,52.0,1200000.0,65.0,8.0,170.0,131,3,True,False,False,True
21.0,775.0,1.0,0.0,0.8,1.2,12.0,4.0,371.0,454.0,14.0,9.0,2.0,36.0,579.0,19.0,4.0,7.0,317.0,27.0,18.0,10.0,20.0,36.0,11.0,1.0,0.0,8.0,0.0,3.0,35.0,2500000.0,0.0,0.0,178.0,100,2,False,True,False,False
31.0,773.0,0.0,0.0,0.2,0.5,2.0,0.0,345.0,439.0,8.0,2.0,2.0,35.0,521.0,13.0,6.0,5.0,268.0,15.0,9.0,6.0,29.0,39.0,6.0,1.0,0.0,5.0,0.0,2.0,16.0,2000000.0,13.0,2.0,180.0,52,3,False,False,False,True
26.0,2974.0,4.0,0.0,2.8000000000000003,0.2,12.0,6.0,1406.0,1636.0,8.0,10.0,6.0,94.0,1916.0,22.0,2.0,2.0,1306.0,40.0,24.0,16.0,114.0,88.0,56.0,10.0,0.0,44.0,0.0,2.0,26.0,2800000.0,74.0,10.0,186.0,85,9,False,False,False,True
32.0,769.0,1.0,0.0,0.6,0.2,5.0,3.0,233.0,299.0,3.0,4.0,2.0,18.0,394.0,4.0,1.0,4.0,191.0,18.0,8.0,7.0,35.0,27.0,6.0,0.0,0.0,8.0,1.0,0.0,7.0,800000.0,63.0,12.0,183.0,85,9,False,False,False,True
18.0,769.0,1.0,1.0,1.3,1.0,10.0,3.0,110.0,165.0,11.0,4.0,0.0,14.0,254.0,4.0,4.0,9.0,170.0,7.0,2.0,6.0,5.0,32.0,15.0,1.0,0.0,15.0,4.0,2.0,10.0,5000000.0,32.0,5.0,188.0,266,9,False,True,False,True
25.0,768.0,0.0,0.0,0.3,0.3,7.0,3.0,330.0,441.0,5.0,12.0,3.0,44.0,555.0,16.0,8.0,0.0,293.0,27.0,4.0,16.0,18.0,38.0,4.0,1.0,0.0,15.0,1.0,1.0,18.0,3000000.0,349.0,41.0,176.0,110,6,False,False,False,True
24.0,766.0,2.0,0.0,2.7,0.7,20.0,7.0,267.0,360.0,11.0,15.0,4.0,24.0,468.0,37.0,15.0,6.0,350.0,15.0,0.0,14.0,4.0,30.0,21.0,3.0,0.0,15.0,4.0,2.0,33.0,18000000.0,107.0,23.0,180.0,267,2,False,True,True,False
22.0,1548.0,4.0,6.0,3.5999999999999996,3.4000000000000004,54.0,24.0,474.0,582.0,28.0,38.0,8.0,96.0,790.0,46.0,18.0,26.0,518.0,22.0,12.0,20.0,20.0,78.0,30.0,8.0,0.0,28.0,2.0,2.0,24.0,14000000.0,27.0,3.0,176.0,135,1,False,True,False,True
27.0,763.0,0.0,0.0,0.7,0.7,11.0,0.0,157.0,226.0,11.0,7.0,3.0,20.0,318.0,16.0,7.0,10.0,224.0,7.0,4.0,17.0,17.0,15.0,6.0,0.0,0.0,5.0,2.0,1.0,20.0,3500000.0,204.0,24.0,183.0,161,69,False,True,False,True
26.0,763.0,0.0,0.0,0.1,0.0,2.0,0.0,413.0,469.0,1.0,2.0,0.0,41.0,541.0,7.0,2.0,2.0,380.0,9.0,5.0,3.0,44.0,37.0,11.0,4.0,1.0,10.0,0.0,3.0,0.0,2000000.0,0.0,0.0,185.0,498,2,False,False,False,True
21.0,762.0,2.0,2.0,2.8,1.1,29.0,7.0,136.0,195.0,8.0,8.0,2.0,18.0,333.0,28.0,11.0,25.0,238.0,10.0,1.0,6.0,7.0,29.0,15.0,2.0,0.0,13.0,1.0,2.0,6.0,3000000.0,5.0,2.0,175.0,65,10,True,False,False,False
26.0,760.0,0.0,0.0,0.8,0.4,4.0,3.0,141.0,199.0,9.0,5.0,1.0,20.0,263.0,18.0,7.0,8.0,194.0,7.0,2.0,6.0,8.0,19.0,9.0,2.0,0.0,8.0,0.0,1.0,7.0,2300000.0,204.0,33.0,189.0,870,43,False,True,True,False
32.0,757.0,1.0,0.0,0.3,1.0,4.0,1.0,356.0,460.0,9.0,7.0,6.0,25.0,565.0,25.0,5.0,7.0,323.0,22.0,12.0,8.0,30.0,24.0,5.0,2.0,0.0,11.0,0.0,1.0,29.0,1200000.0,187.0,27.0,175.0,30,22,False,False,False,True
24.0,757.0,0.0,0.0,0.1,0.0,2.0,0.0,331.0,392.0,1.0,0.0,0.0,15.0,507.0,2.0,0.0,1.0,306.0,9.0,18.0,3.0,69.0,30.0,11.0,1.0,0.0,5.0,0.0,1.0,0.0,1200000.0,72.0,11.0,190.0,65,35,False,False,True,False
21.0,755.0,0.0,0.0,0.7,0.9,15.0,6.0,286.0,342.0,12.0,5.0,1.0,52.0,485.0,15.0,6.0,8.0,294.0,27.0,10.0,6.0,15.0,52.0,7.0,3.0,0.0,17.0,3.0,2.0,7.0,20000000.0,184.0,34.0,178.0,267,4,False,True,False,True
34.0,754.0,2.0,1.0,1.6,0.5,16.0,5.0,87.0,157.0,7.0,3.0,0.0,5.0,235.0,3.0,1.0,9.0,186.0,6.0,0.0,11.0,8.0,15.0,23.0,0.0,0.0,11.0,1.0,1.0,1.0,700000.0,0.0,0.0,185.0,95,21,True,False,False,True
23.0,754.0,1.0,1.0,3.5,0.6,19.0,7.0,115.0,159.0,7.0,8.0,0.0,15.0,282.0,21.0,14.0,18.0,237.0,5.0,1.0,9.0,2.0,24.0,14.0,0.0,0.0,20.0,2.0,0.0,6.0,10000000.0,0.0,0.0,192.0,52,3,True,False,False,True
21.0,754.0,0.0,2.0,0.7,1.4,10.0,3.0,456.0,544.0,7.0,3.0,1.0,33.0,663.0,35.0,10.0,5.0,411.0,14.0,4.0,12.0,31.0,51.0,11.0,4.0,0.0,12.0,1.0,2.0,7.0,30000000.0,232.0,48.0,181.0,1,75,False,False,False,True
26.0,753.0,0.0,0.0,0.2,0.1,3.0,1.0,283.0,389.0,1.0,2.0,1.0,20.0,505.0,4.0,5.0,5.0,252.0,13.0,17.0,2.0,49.0,27.0,19.0,2.0,0.0,10.0,0.0,2.0,7.0,1000000.0,290.0,28.0,190.0,180,9,False,False,False,True
27.0,753.0,1.0,2.0,3.0,0.7,27.0,7.0,144.0,200.0,4.0,4.0,2.0,20.0,294.0,10.0,2.0,8.0,203.0,12.0,5.0,9.0,9.0,18.0,12.0,4.0,0.0,13.0,0.0,1.0,7.0,800000.0,119.0,16.0,191.0,110,3,True,False,False,True
23.0,752.0,0.0,1.0,0.1,0.4,1.0,0.0,306.0,388.0,2.0,7.0,1.0,25.0,508.0,15.0,5.0,6.0,309.0,14.0,9.0,13.0,29.0,31.0,10.0,1.0,0.0,20.0,0.0,1.0,16.0,800000.0,0.0,0.0,190.0,10,5,False,False,False,True
31.0,750.0,1.0,0.0,0.6,1.1,13.0,2.0,494.0,624.0,13.0,9.0,4.0,47.0,722.0,9.0,3.0,11.0,502.0,18.0,12.0,17.0,8.0,42.0,4.0,1.0,0.0,11.0,1.0,4.0,44.0,3000000.0,77.0,12.0,176.0,211,2,False,True,True,False
25.0,748.0,0.0,0.0,0.1,0.8,2.0,0.0,283.0,359.0,10.0,12.0,6.0,23.0,469.0,19.0,8.0,2.0,240.0,18.0,15.0,10.0,37.0,39.0,8.0,1.0,0.0,7.0,0.0,1.0,24.0,2000000.0,59.0,9.0,180.0,161,10,False,False,False,False
23.0,745.0,0.0,0.0,0.0,0.2,0.0,0.0,242.0,306.0,2.0,5.0,5.0,15.0,393.0,9.0,4.0,5.0,228.0,16.0,7.0,3.0,29.0,26.0,5.0,1.0,0.0,5.0,0.0,2.0,25.0,6000000.0,41.0,5.0,191.0,53,2,False,False,True,False
31.0,744.0,1.0,2.0,0.8,1.2,7.0,3.0,145.0,206.0,6.0,5.0,0.0,15.0,272.0,14.0,0.0,10.0,188.0,9.0,0.0,15.0,10.0,29.0,6.0,2.0,0.0,9.0,2.0,0.0,15.0,2500000.0,63.0,7.0,170.0,46,4,True,False,False,True
28.0,2722.0,10.0,10.0,17.0,7.4,96.0,46.0,1066.0,1296.0,64.0,30.0,6.0,162.0,1526.0,82.0,32.0,26.0,1178.0,22.0,4.0,30.0,8.0,92.0,2.0,4.0,0.0,24.0,6.0,10.0,102.0,20000000.0,104.0,17.0,182.0,113,3,False,True,True,False
24.0,741.0,0.0,0.0,0.4,0.3,3.0,1.0,301.0,390.0,4.0,3.0,1.0,17.0,502.0,17.0,9.0,10.0,272.0,22.0,15.0,9.0,32.0,41.0,8.0,1.0,0.0,17.0,1.0,2.0,16.0,800000.0,128.0,21.0,173.0,224,3,False,False,False,True
22.0,737.0,0.0,2.0,0.1,0.7,3.0,0.0,250.0,368.0,11.0,5.0,1.0,17.0,479.0,6.0,5.0,6.0,219.0,18.0,8.0,8.0,54.0,21.0,8.0,0.0,0.0,2.0,1.0,1.0,38.0,2500000.0,25.0,4.0,170.0,95,11,False,False,True,False
23.0,737.0,3.0,1.0,3.3,0.7,22.0,9.0,89.0,164.0,5.0,6.0,1.0,15.0,263.0,6.0,3.0,16.0,210.0,3.0,1.0,6.0,6.0,20.0,49.0,2.0,0.0,27.0,1.0,0.0,4.0,6000000.0,34.0,3.0,192.0,742,1,True,False,True,False
26.0,736.0,1.0,0.0,1.3,0.1,15.0,4.0,106.0,147.0,1.0,1.0,0.0,8.0,252.0,11.0,2.0,12.0,167.0,19.0,1.0,11.0,12.0,18.0,10.0,0.0,0.0,15.0,0.0,0.0,3.0,9000000.0,88.0,13.0,183.0,46,87,True,False,False,True
24.0,736.0,1.0,1.0,0.9,2.1,8.0,2.0,295.0,364.0,14.0,14.0,3.0,49.0,410.0,15.0,5.0,3.0,330.0,10.0,0.0,8.0,2.0,20.0,5.0,1.0,0.0,4.0,2.0,3.0,10.0,20000000.0,71.0,13.0,168.0,75,4,False,True,False,True
29.0,735.0,1.0,3.0,2.0,2.1,17.0,4.0,258.0,358.0,14.0,19.0,3.0,32.0,447.0,41.0,8.0,11.0,346.0,9.0,3.0,11.0,2.0,32.0,0.0,0.0,0.0,6.0,0.0,4.0,43.0,10000000.0,0.0,0.0,172.0,45,2,False,True,False,True
20.0,734.0,0.0,0.0,0.1,0.0,5.0,0.0,497.0,541.0,0.0,2.0,1.0,28.0,622.0,6.0,2.0,1.0,453.0,10.0,9.0,1.0,35.0,21.0,17.0,1.0,0.0,12.0,0.0,0.0,3.0,3000000.0,195.0,12.0,188.0,30,11,False,False,False,True
26.0,734.0,0.0,0.0,0.2,0.5,5.0,1.0,316.0,362.0,11.0,9.0,1.0,37.0,441.0,12.0,4.0,8.0,303.0,24.0,7.0,4.0,6.0,35.0,2.0,4.0,0.0,26.0,1.0,3.0,5.0,2000000.0,381.0,43.0,173.0,130,10,False,True,False,True
24.0,733.0,3.0,0.0,1.8,0.9,24.0,9.0,192.0,256.0,13.0,11.0,0.0,35.0,349.0,25.0,13.0,25.0,251.0,7.0,6.0,7.0,4.0,27.0,5.0,5.0,0.0,19.0,2.0,1.0,5.0,2500000.0,187.0,20.0,178.0,498,77,False,True,True,False
27.0,732.0,1.0,0.0,1.5,1.3,23.0,10.0,172.0,239.0,13.0,9.0,4.0,16.0,324.0,19.0,7.0,10.0,225.0,10.0,7.0,5.0,3.0,30.0,3.0,3.0,1.0,11.0,1.0,0.0,27.0,2500000.0,57.0,5.0,175.0,498,2,False,True,False,True
30.0,731.0,2.0,2.0,2.1,2.0,14.0,6.0,310.0,361.0,10.0,12.0,1.0,42.0,438.0,22.0,6.0,5.0,353.0,11.0,0.0,14.0,6.0,31.0,6.0,3.0,0.0,8.0,1.0,3.0,8.0,3000000.0,81.0,16.0,188.0,8,1,False,True,False,True
33.0,727.0,0.0,0.0,0.1,0.2,2.0,0.0,507.0,581.0,3.0,1.0,0.0,26.0,676.0,2.0,0.0,1.0,467.0,8.0,8.0,5.0,56.0,22.0,25.0,2.0,0.0,4.0,0.0,1.0,1.0,600000.0,0.0,0.0,190.0,200,3,False,False,False,True
27.0,724.0,1.0,0.0,0.8,0.2,16.0,5.0,271.0,313.0,3.0,6.0,0.0,31.0,401.0,5.0,7.0,11.0,240.0,6.0,5.0,9.0,22.0,44.0,8.0,3.0,0.0,9.0,1.0,0.0,8.0,2000000.0,0.0,0.0,182.0,406,2,False,True,False,True
27.0,724.0,0.0,0.0,0.4,0.4,10.0,5.0,366.0,419.0,8.0,5.0,2.0,33.0,485.0,8.0,3.0,7.0,346.0,18.0,7.0,4.0,6.0,35.0,5.0,2.0,0.0,16.0,0.0,2.0,14.0,7500000.0,121.0,23.0,183.0,160,20,False,True,False,True
19.0,722.0,1.0,0.0,1.0,1.1,6.0,2.0,359.0,408.0,6.0,4.0,0.0,49.0,497.0,17.0,8.0,11.0,338.0,21.0,5.0,3.0,11.0,40.0,7.0,0.0,0.0,12.0,0.0,0.0,1.0,7500000.0,101.0,23.0,187.0,50,21,False,True,False,True
29.0,721.0,1.0,1.0,1.1,1.8,15.0,5.0,382.0,436.0,24.0,16.0,0.0,52.0,521.0,69.0,13.0,16.0,423.0,9.0,2.0,11.0,6.0,26.0,1.0,3.0,0.0,5.0,1.0,0.0,20.0,28000000.0,74.0,17.0,180.0,135,4,False,True,False,True
20.0,719.0,0.0,0.0,0.3,0.2,5.0,2.0,197.0,262.0,2.0,2.0,1.0,18.0,344.0,12.0,7.0,9.0,209.0,12.0,3.0,9.0,12.0,26.0,12.0,0.0,0.0,7.0,0.0,1.0,12.0,3500000.0,109.0,14.0,181.0,266,4,False,False,False,True
23.0,718.0,1.0,0.0,1.3,1.6,27.0,5.0,133.0,201.0,15.0,14.0,2.0,16.0,342.0,18.0,19.0,17.0,227.0,6.0,3.0,7.0,6.0,32.0,6.0,2.0,0.0,14.0,3.0,0.0,23.0,6000000.0,0.0,0.0,174.0,30,8,True,False,False,True
18.0,717.0,3.0,2.0,5.1,1.4,21.0,9.0,87.0,121.0,9.0,3.0,0.0,10.0,189.0,8.0,3.0,16.0,163.0,4.0,2.0,2.0,0.0,10.0,14.0,0.0,0.0,14.0,2.0,1.0,0.0,15000000.0,33.0,8.0,185.0,35,2,True,False,True,False
21.0,716.0,0.0,1.0,0.7,0.6,24.0,6.0,312.0,400.0,11.0,6.0,1.0,42.0,486.0,13.0,3.0,1.0,315.0,12.0,11.0,4.0,5.0,36.0,7.0,5.0,0.0,16.0,2.0,2.0,29.0,1500000.0,114.0,20.0,186.0,357,65,False,True,False,True
20.0,715.0,1.0,0.0,0.6,0.3,7.0,2.0,309.0,379.0,3.0,2.0,2.0,25.0,462.0,15.0,1.0,2.0,297.0,17.0,9.0,6.0,27.0,25.0,5.0,0.0,0.0,5.0,0.0,1.0,21.0,900000.0,205.0,16.0,179.0,363,2,False,False,True,False
29.0,715.0,1.0,0.0,0.3,0.0,2.0,1.0,325.0,381.0,3.0,1.0,1.0,17.0,498.0,0.0,0.0,0.0,286.0,18.0,16.0,2.0,50.0,26.0,12.0,1.0,0.0,6.0,0.0,1.0,2.0,1500000.0,0.0,0.0,184.0,80,3,False,True,False,True
27.0,2202.0,0.0,0.0,1.0,1.4,10.0,4.0,1202.0,1500.0,20.0,26.0,14.0,118.0,1802.0,32.0,8.0,34.0,1094.0,88.0,18.0,36.0,70.0,130.0,34.0,2.0,0.0,54.0,2.0,4.0,46.0,8000000.0,115.0,19.0,190.0,160,22,False,False,False,True
33.0,710.0,2.0,2.0,3.2,0.6,24.0,11.0,84.0,126.0,8.0,5.0,0.0,14.0,226.0,9.0,1.0,11.0,157.0,6.0,0.0,7.0,5.0,25.0,12.0,4.0,0.0,23.0,1.0,1.0,2.0,1500000.0,141.0,14.0,182.0,30,2,True,False,False,True
20.0,709.0,3.0,3.0,0.6,1.4,9.0,5.0,230.0,269.0,15.0,10.0,4.0,17.0,349.0,25.0,9.0,10.0,270.0,15.0,3.0,3.0,4.0,33.0,2.0,1.0,0.0,6.0,1.0,1.0,17.0,14000000.0,118.0,20.0,179.0,19,8,True,False,False,True
33.0,704.0,0.0,0.0,0.1,0.4,2.0,0.0,411.0,474.0,3.0,10.0,0.0,48.0,522.0,12.0,1.0,9.0,389.0,12.0,7.0,5.0,2.0,55.0,1.0,5.0,0.0,15.0,2.0,0.0,1.0,6000000.0,24.0,5.0,180.0,22,5,False,True,False,True
30.0,704.0,0.0,0.0,0.0,0.1,0.0,0.0,362.0,386.0,3.0,2.0,1.0,26.0,452.0,5.0,0.0,1.0,313.0,7.0,8.0,1.0,36.0,29.0,17.0,1.0,0.0,8.0,0.0,0.0,1.0,8000000.0,214.0,43.0,187.0,77,27,False,False,False,True
26.0,702.0,2.0,0.0,1.7,0.7,13.0,8.0,178.0,228.0,7.0,6.0,0.0,14.0,317.0,20.0,17.0,15.0,222.0,9.0,4.0,11.0,5.0,32.0,1.0,1.0,0.0,4.0,0.0,0.0,9.0,4500000.0,40.0,6.0,178.0,80,30,False,True,False,True
18.0,702.0,0.0,0.0,0.3,0.4,3.0,1.0,244.0,304.0,5.0,8.0,3.0,23.0,385.0,20.0,10.0,11.0,228.0,15.0,5.0,6.0,25.0,31.0,5.0,3.0,0.0,9.0,1.0,1.0,13.0,10000.0,0.0,0.0,180.0,25,9,True,False,False,True
25.0,2560.0,10.0,6.0,13.8,2.6,62.0,28.0,314.0,426.0,24.0,4.0,0.0,24.0,748.0,28.0,18.0,62.0,566.0,24.0,8.0,20.0,18.0,52.0,44.0,6.0,0.0,46.0,8.0,2.0,6.0,10000000.0,6.0,1.0,186.0,66,39,True,False,False,True
32.0,700.0,0.0,1.0,0.0,0.2,1.0,0.0,381.0,460.0,3.0,5.0,2.0,26.0,529.0,12.0,6.0,1.0,299.0,19.0,9.0,8.0,21.0,29.0,9.0,2.0,0.0,12.0,0.0,0.0,9.0,2000000.0,208.0,40.0,175.0,25,51,False,False,False,True
31.0,1822.0,0.0,4.0,0.8,2.2,12.0,2.0,486.0,656.0,22.0,16.0,8.0,44.0,902.0,12.0,30.0,34.0,516.0,56.0,6.0,36.0,32.0,78.0,32.0,0.0,0.0,22.0,0.0,8.0,44.0,2000000.0,145.0,30.0,170.0,109,3,False,False,True,False
31.0,699.0,0.0,1.0,1.1,1.2,18.0,3.0,132.0,214.0,7.0,10.0,1.0,26.0,304.0,9.0,6.0,7.0,194.0,14.0,1.0,13.0,7.0,44.0,5.0,1.0,0.0,9.0,4.0,1.0,13.0,1500000.0,0.0,0.0,178.0,330,3,True,False,False,True
31.0,1880.0,0.0,0.0,7.199999999999999,1.4,38.0,14.0,326.0,414.0,16.0,10.0,0.0,24.0,658.0,20.0,16.0,24.0,430.0,42.0,6.0,30.0,14.0,74.0,24.0,8.0,0.0,50.0,2.0,0.0,2.0,2000000.0,0.0,0.0,172.0,109,3,False,True,False,True
32.0,696.0,0.0,1.0,0.7,0.7,6.0,1.0,457.0,506.0,15.0,6.0,0.0,36.0,582.0,10.0,3.0,5.0,429.0,14.0,9.0,10.0,14.0,48.0,7.0,4.0,0.0,7.0,0.0,1.0,6.0,1500000.0,255.0,35.0,178.0,90,3,False,True,False,True
25.0,695.0,1.0,1.0,0.3,0.5,8.0,2.0,247.0,309.0,9.0,3.0,0.0,24.0,370.0,7.0,2.0,6.0,238.0,13.0,6.0,3.0,12.0,31.0,8.0,1.0,0.0,7.0,1.0,1.0,16.0,1000000.0,0.0,0.0,170.0,93,21,False,True,False,True
22.0,1746.0,12.0,0.0,9.2,0.4,30.0,14.0,248.0,354.0,6.0,6.0,2.0,18.0,514.0,18.0,12.0,10.0,316.0,6.0,0.0,28.0,6.0,46.0,22.0,6.0,0.0,40.0,2.0,0.0,14.0,10000000.0,17.0,4.0,178.0,88,44,True,False,False,True
20.0,687.0,1.0,4.0,1.2,2.1,11.0,5.0,187.0,251.0,23.0,12.0,1.0,26.0,344.0,22.0,13.0,21.0,222.0,16.0,2.0,3.0,5.0,26.0,3.0,0.0,0.0,7.0,1.0,0.0,29.0,25000000.0,102.0,18.0,178.0,58,10,True,False,True,False
24.0,684.0,0.0,0.0,0.3,0.2,7.0,4.0,377.0,443.0,5.0,1.0,0.0,31.0,532.0,3.0,4.0,12.0,380.0,17.0,10.0,11.0,7.0,29.0,7.0,3.0,0.0,10.0,1.0,0.0,10.0,1200000.0,0.0,0.0,177.0,720,2,False,True,True,False
31.0,683.0,2.0,0.0,1.3,0.0,4.0,3.0,287.0,312.0,0.0,0.0,0.0,12.0,391.0,7.0,1.0,1.0,258.0,4.0,13.0,2.0,36.0,15.0,18.0,2.0,0.0,8.0,0.0,0.0,0.0,3000000.0,55.0,10.0,187.0,28,2,False,False,False,True
19.0,682.0,2.0,1.0,0.9,0.4,13.0,3.0,159.0,196.0,7.0,6.0,0.0,18.0,294.0,7.0,11.0,14.0,190.0,10.0,1.0,4.0,4.0,30.0,12.0,3.0,0.0,12.0,0.0,2.0,8.0,3000000.0,7.0,1.0,182.0,82,3,False,True,False,True
27.0,680.0,1.0,2.0,0.6,0.7,6.0,1.0,330.0,397.0,8.0,4.0,1.0,21.0,460.0,12.0,1.0,4.0,305.0,13.0,4.0,13.0,12.0,29.0,4.0,1.0,1.0,9.0,0.0,1.0,14.0,4000000.0,87.0,12.0,183.0,51,3,False,False,False,True
29.0,678.0,0.0,0.0,0.2,0.0,3.0,0.0,509.0,542.0,1.0,1.0,0.0,50.0,596.0,12.0,1.0,3.0,449.0,9.0,3.0,3.0,22.0,24.0,13.0,0.0,0.0,2.0,0.0,2.0,1.0,25000000.0,179.0,41.0,180.0,2,7,False,False,True,False
19.0,675.0,4.0,1.0,3.0,1.1,27.0,11.0,239.0,299.0,14.0,18.0,4.0,42.0,395.0,11.0,11.0,14.0,315.0,10.0,1.0,11.0,3.0,31.0,5.0,1.0,0.0,8.0,1.0,0.0,18.0,18000000.0,69.0,9.0,186.0,50,10,True,False,False,True
26.0,674.0,1.0,0.0,1.2,0.2,6.0,1.0,289.0,370.0,2.0,0.0,0.0,25.0,473.0,4.0,0.0,3.0,240.0,12.0,10.0,2.0,42.0,36.0,19.0,2.0,0.0,10.0,0.0,0.0,3.0,1500000.0,224.0,27.0,189.0,65,10,False,False,True,False
29.0,673.0,0.0,0.0,0.7,0.2,10.0,3.0,510.0,552.0,4.0,2.0,0.0,32.0,631.0,3.0,2.0,7.0,499.0,20.0,4.0,3.0,9.0,17.0,20.0,2.0,1.0,13.0,0.0,1.0,2.0,30000000.0,109.0,18.0,190.0,14,6,False,True,False,True
20.0,671.0,2.0,0.0,2.7,1.9,20.0,5.0,220.0,260.0,14.0,12.0,0.0,43.0,365.0,27.0,18.0,20.0,298.0,9.0,2.0,5.0,7.0,25.0,2.0,2.0,0.0,13.0,1.0,4.0,2.0,5000000.0,0.0,0.0,188.0,119,3,False,True,True,False
19.0,665.0,0.0,0.0,0.1,0.1,3.0,0.0,293.0,372.0,2.0,5.0,1.0,22.0,466.0,12.0,2.0,3.0,272.0,21.0,11.0,5.0,26.0,34.0,6.0,1.0,0.0,5.0,0.0,3.0,15.0,8000000.0,0.0,0.0,180.0,55,4,True,False,True,False
32.0,664.0,0.0,0.0,0.3,0.0,2.0,1.0,311.0,350.0,0.0,0.0,0.0,8.0,419.0,0.0,0.0,0.0,292.0,8.0,7.0,1.0,38.0,15.0,11.0,1.0,0.0,6.0,0.0,0.0,1.0,600000.0,0.0,0.0,185.0,80,3,False,False,False,True
27.0,663.0,0.0,0.0,0.1,0.2,3.0,2.0,320.0,357.0,2.0,0.0,0.0,33.0,431.0,1.0,2.0,4.0,281.0,15.0,12.0,4.0,15.0,41.0,1.0,1.0,0.0,18.0,0.0,0.0,1.0,700000.0,0.0,0.0,175.0,406,17,False,True,True,False
29.0,662.0,0.0,1.0,0.2,0.2,1.0,0.0,372.0,412.0,5.0,8.0,0.0,34.0,476.0,5.0,4.0,6.0,350.0,23.0,7.0,3.0,7.0,42.0,2.0,0.0,0.0,7.0,0.0,2.0,0.0,5000000.0,0.0,0.0,178.0,48,69,False,True,False,True
25.0,661.0,3.0,1.0,2.1,0.3,14.0,7.0,69.0,122.0,4.0,4.0,0.0,13.0,188.0,9.0,2.0,16.0,161.0,3.0,2.0,5.0,10.0,12.0,32.0,3.0,0.0,13.0,1.0,1.0,3.0,4000000.0,212.0,39.0,191.0,80,4,True,False,False,True
21.0,660.0,1.0,0.0,2.5,0.6,23.0,8.0,172.0,247.0,10.0,8.0,1.0,20.0,341.0,22.0,5.0,6.0,246.0,8.0,4.0,5.0,14.0,18.0,5.0,4.0,1.0,10.0,0.0,0.0,32.0,10000000.0,12.0,1.0,180.0,28,2,False,True,True,False
25.0,659.0,1.0,0.0,0.8,0.9,15.0,3.0,85.0,128.0,4.0,6.0,4.0,13.0,230.0,22.0,14.0,13.0,177.0,8.0,1.0,3.0,4.0,28.0,10.0,2.0,0.0,19.0,5.0,1.0,14.0,5000000.0,58.0,8.0,175.0,25,3,True,False,False,True
29.0,657.0,0.0,0.0,0.1,0.8,5.0,1.0,237.0,313.0,6.0,1.0,0.0,30.0,379.0,3.0,3.0,4.0,199.0,16.0,3.0,8.0,26.0,28.0,14.0,3.0,0.0,9.0,0.0,1.0,16.0,2000000.0,125.0,16.0,181.0,742,1,False,True,False,True
36.0,656.0,0.0,0.0,2.6,0.1,17.0,6.0,127.0,187.0,3.0,3.0,1.0,10.0,270.0,6.0,5.0,3.0,192.0,8.0,3.0,6.0,11.0,18.0,26.0,9.0,0.0,20.0,1.0,1.0,9.0,400000.0,0.0,0.0,186.0,720,3,False,True,False,True
27.0,653.0,0.0,0.0,1.9,0.6,15.0,4.0,91.0,128.0,4.0,5.0,1.0,15.0,230.0,11.0,11.0,10.0,149.0,14.0,3.0,4.0,4.0,26.0,9.0,1.0,0.0,11.0,3.0,0.0,15.0,1500000.0,53.0,10.0,178.0,1178,11,True,False,False,True
28.0,653.0,2.0,0.0,1.5,0.0,11.0,4.0,282.0,336.0,1.0,2.0,0.0,14.0,440.0,5.0,2.0,2.0,270.0,8.0,11.0,4.0,56.0,23.0,18.0,0.0,0.0,2.0,0.0,2.0,1.0,2000000.0,431.0,64.0,192.0,110,2,False,False,False,True
26.0,1370.0,0.0,0.0,2.4000000000000004,1.2,20.0,6.0,376.0,532.0,6.0,12.0,4.0,42.0,736.0,26.0,18.0,18.0,452.0,44.0,10.0,22.0,22.0,62.0,36.0,10.0,0.0,34.0,2.0,2.0,42.0,6000000.0,124.0,15.0,190.0,94,9,False,True,False,True
27.0,1892.0,0.0,4.0,0.4,3.8,12.0,4.0,1868.0,2062.0,34.0,34.0,6.0,190.0,2238.0,44.0,32.0,34.0,1842.0,52.0,26.0,16.0,6.0,134.0,10.0,8.0,0.0,48.0,0.0,8.0,68.0,15000000.0,151.0,27.0,175.0,51,2,False,True,True,False
27.0,645.0,0.0,0.0,0.2,0.1,1.0,0.0,283.0,325.0,1.0,1.0,0.0,26.0,415.0,2.0,2.0,0.0,245.0,10.0,17.0,0.0,46.0,28.0,13.0,4.0,0.0,10.0,0.0,0.0,0.0,3000000.0,0.0,0.0,186.0,88,3,False,False,False,True
26.0,1304.0,2.0,2.0,2.0,2.4,26.0,8.0,150.0,212.0,14.0,2.0,0.0,26.0,412.0,16.0,8.0,18.0,286.0,10.0,2.0,6.0,12.0,38.0,30.0,6.0,0.0,60.0,8.0,0.0,4.0,2500000.0,0.0,0.0,187.0,80,9,True,False,False,True
29.0,639.0,3.0,1.0,3.4,0.5,18.0,9.0,67.0,99.0,5.0,4.0,0.0,7.0,165.0,6.0,4.0,5.0,113.0,8.0,0.0,8.0,3.0,11.0,17.0,0.0,0.0,11.0,2.0,1.0,1.0,7000000.0,20.0,3.0,183.0,75,4,True,False,False,True
31.0,639.0,0.0,1.0,0.9,0.5,14.0,2.0,160.0,268.0,8.0,5.0,4.0,19.0,334.0,17.0,5.0,4.0,219.0,5.0,5.0,7.0,13.0,34.0,6.0,0.0,0.0,4.0,1.0,1.0,68.0,600000.0,0.0,0.0,171.0,90,3,False,True,False,True
30.0,639.0,2.0,1.0,1.8,0.4,16.0,6.0,100.0,158.0,5.0,4.0,0.0,19.0,220.0,6.0,4.0,9.0,149.0,4.0,1.0,8.0,10.0,18.0,31.0,2.0,0.0,7.0,0.0,1.0,1.0,3000000.0,77.0,15.0,193.0,53,22,True,False,True,False
19.0,638.0,0.0,0.0,0.3,0.1,8.0,1.0,253.0,328.0,4.0,2.0,2.0,19.0,436.0,4.0,4.0,5.0,202.0,32.0,14.0,7.0,22.0,51.0,12.0,2.0,0.0,9.0,2.0,0.0,14.0,2500000.0,0.0,0.0,178.0,322,40,False,False,False,True
29.0,638.0,2.0,0.0,1.1,0.2,14.0,5.0,199.0,223.0,4.0,8.0,3.0,35.0,289.0,19.0,5.0,15.0,255.0,1.0,2.0,4.0,0.0,12.0,5.0,2.0,0.0,7.0,2.0,0.0,6.0,900000.0,33.0,4.0,178.0,70,3,True,False,False,False
21.0,637.0,2.0,1.0,2.5,1.1,14.0,5.0,127.0,174.0,7.0,9.0,6.0,7.0,275.0,17.0,12.0,7.0,198.0,16.0,1.0,3.0,7.0,21.0,6.0,5.0,0.0,23.0,1.0,2.0,19.0,2000000.0,183.0,20.0,184.0,90,2,False,True,False,True
28.0,1896.0,0.0,2.0,0.8,3.0,10.0,0.0,1094.0,1304.0,28.0,26.0,16.0,128.0,1496.0,30.0,6.0,8.0,918.0,44.0,22.0,26.0,60.0,92.0,22.0,6.0,0.0,20.0,2.0,2.0,66.0,4500000.0,110.0,19.0,176.0,160,9,False,False,False,True
33.0,628.0,2.0,0.0,0.8,1.1,11.0,4.0,569.0,627.0,11.0,7.0,3.0,53.0,683.0,18.0,5.0,4.0,553.0,13.0,4.0,8.0,3.0,52.0,5.0,3.0,1.0,8.0,1.0,0.0,20.0,1500000.0,29.0,0.0,185.0,416,4,False,True,True,False
29.0,2448.0,0.0,0.0,0.6000000000000001,1.7999999999999998,18.0,6.0,1300.0,1532.0,26.0,18.0,4.0,164.0,1772.0,26.0,32.0,30.0,1216.0,52.0,24.0,26.0,46.0,146.0,24.0,4.0,0.0,20.0,4.0,0.0,20.0,2000000.0,68.0,16.0,187.0,90,22,False,True,False,True
27.0,623.0,0.0,1.0,0.4,0.2,5.0,0.0,339.0,385.0,2.0,2.0,0.0,27.0,445.0,3.0,1.0,2.0,289.0,6.0,10.0,3.0,25.0,29.0,21.0,0.0,0.0,4.0,0.0,0.0,0.0,4500000.0,295.0,30.0,191.0,1389,21,False,False,True,False
27.0,2258.0,2.0,2.0,7.6000000000000005,4.4,54.0,12.0,460.0,700.0,34.0,24.0,4.0,58.0,1006.0,24.0,24.0,40.0,752.0,36.0,4.0,12.0,28.0,76.0,154.0,2.0,0.0,40.0,6.0,6.0,16.0,4000000.0,238.0,26.0,185.0,94,9,False,True,False,True
25.0,622.0,1.0,0.0,3.2,0.6,20.0,9.0,207.0,253.0,8.0,8.0,2.0,33.0,339.0,15.0,1.0,9.0,249.0,15.0,4.0,8.0,4.0,18.0,4.0,3.0,0.0,16.0,1.0,0.0,13.0,28000000.0,261.0,50.0,181.0,41,4,False,True,False,True
27.0,621.0,0.0,0.0,0.0,0.4,0.0,0.0,236.0,314.0,6.0,11.0,10.0,26.0,396.0,15.0,0.0,2.0,188.0,17.0,6.0,5.0,33.0,30.0,6.0,1.0,1.0,12.0,1.0,2.0,23.0,1800000.0,38.0,6.0,171.0,224,3,False,False,True,False
24.0,620.0,1.0,3.0,0.8,1.9,14.0,4.0,177.0,245.0,12.0,11.0,6.0,25.0,334.0,45.0,11.0,11.0,257.0,16.0,2.0,6.0,2.0,29.0,3.0,0.0,0.0,9.0,4.0,2.0,47.0,8500000.0,159.0,28.0,173.0,160,9,True,False,False,True
24.0,619.0,0.0,1.0,0.1,0.9,5.0,2.0,307.0,439.0,7.0,11.0,9.0,22.0,499.0,17.0,3.0,5.0,310.0,6.0,6.0,17.0,17.0,40.0,3.0,0.0,0.0,1.0,1.0,3.0,55.0,5000000.0,107.0,14.0,183.0,130,40,False,False,True,False
30.0,617.0,0.0,0.0,0.3,0.0,4.0,0.0,280.0,320.0,0.0,0.0,0.0,18.0,394.0,1.0,3.0,1.0,251.0,12.0,6.0,1.0,29.0,19.0,11.0,2.0,1.0,7.0,0.0,1.0,0.0,2000000.0,113.0,18.0,187.0,16,40,False,False,False,True
27.0,616.0,1.0,0.0,0.3,0.1,3.0,1.0,158.0,225.0,2.0,2.0,2.0,12.0,306.0,11.0,9.0,2.0,151.0,17.0,5.0,9.0,12.0,29.0,5.0,1.0,0.0,8.0,0.0,3.0,16.0,1500000.0,265.0,29.0,175.0,107,3,False,False,True,False
23.0,615.0,4.0,0.0,4.8,0.9,31.0,10.0,85.0,125.0,6.0,1.0,0.0,9.0,220.0,21.0,4.0,13.0,178.0,1.0,1.0,6.0,0.0,15.0,4.0,0.0,0.0,7.0,1.0,1.0,5.0,18000000.0,230.0,46.0,178.0,35,4,True,False,False,True
25.0,1838.0,12.0,0.0,10.2,0.8,68.0,30.0,378.0,534.0,8.0,16.0,2.0,46.0,814.0,70.0,30.0,32.0,602.0,14.0,6.0,26.0,14.0,48.0,10.0,2.0,0.0,6.0,0.0,4.0,42.0,25000000.0,44.0,8.0,176.0,77,7,True,False,False,True
22.0,610.0,0.0,1.0,0.5,1.0,11.0,0.0,239.0,303.0,6.0,6.0,2.0,24.0,365.0,6.0,2.0,4.0,242.0,5.0,4.0,9.0,12.0,28.0,10.0,2.0,0.0,12.0,2.0,0.0,7.0,3000000.0,62.0,9.0,180.0,131,3,False,True,False,True
23.0,610.0,0.0,1.0,1.2,1.1,17.0,4.0,125.0,162.0,11.0,8.0,6.0,7.0,252.0,27.0,10.0,9.0,171.0,8.0,2.0,3.0,8.0,30.0,2.0,1.0,0.0,10.0,3.0,0.0,26.0,4500000.0,244.0,35.0,169.0,357,87,False,True,False,True
18.0,609.0,0.0,3.0,1.4,1.9,19.0,5.0,125.0,187.0,13.0,11.0,5.0,14.0,291.0,24.0,12.0,8.0,198.0,12.0,3.0,8.0,2.0,27.0,12.0,1.0,0.0,13.0,1.0,2.0,24.0,9000000.0,0.0,0.0,175.0,130,40,True,False,True,False
30.0,608.0,1.0,1.0,0.9,1.5,10.0,3.0,228.0,291.0,14.0,8.0,3.0,35.0,358.0,27.0,10.0,8.0,257.0,12.0,3.0,8.0,3.0,25.0,1.0,0.0,0.0,1.0,0.0,4.0,25.0,1200000.0,318.0,53.0,176.0,299,3,False,True,False,True
27.0,608.0,3.0,0.0,3.0,0.7,20.0,7.0,156.0,203.0,8.0,9.0,1.0,19.0,299.0,15.0,9.0,13.0,217.0,10.0,4.0,12.0,8.0,28.0,9.0,4.0,0.0,14.0,1.0,3.0,7.0,32000000.0,419.0,62.0,175.0,22,5,True,False,False,True
25.0,608.0,0.0,1.0,0.5,0.8,3.0,2.0,231.0,310.0,14.0,6.0,5.0,22.0,388.0,16.0,3.0,3.0,212.0,16.0,8.0,8.0,13.0,26.0,10.0,1.0,0.0,10.0,0.0,0.0,26.0,2000000.0,7.0,1.0,181.0,82,6,False,True,False,True
31.0,607.0,1.0,0.0,1.1,0.0,2.0,1.0,356.0,403.0,1.0,2.0,1.0,30.0,449.0,4.0,0.0,0.0,320.0,9.0,3.0,0.0,22.0,29.0,7.0,2.0,0.0,5.0,0.0,3.0,2.0,2500000.0,270.0,43.0,184.0,28,3,False,False,False,True
31.0,606.0,0.0,2.0,0.7,1.6,16.0,4.0,285.0,385.0,22.0,13.0,4.0,43.0,463.0,20.0,14.0,15.0,334.0,10.0,4.0,11.0,2.0,31.0,2.0,3.0,0.0,6.0,1.0,3.0,59.0,1500000.0,91.0,15.0,177.0,112,3,True,False,True,False
29.0,598.0,2.0,1.0,0.8,1.1,16.0,5.0,242.0,350.0,17.0,14.0,4.0,41.0,459.0,24.0,14.0,9.0,319.0,10.0,2.0,19.0,3.0,30.0,4.0,5.0,0.0,5.0,5.0,1.0,65.0,1200000.0,117.0,13.0,186.0,720,8,False,True,True,False
22.0,596.0,1.0,0.0,0.3,0.7,5.0,3.0,230.0,308.0,9.0,8.0,5.0,9.0,373.0,14.0,3.0,8.0,208.0,9.0,6.0,3.0,13.0,25.0,7.0,1.0,0.0,10.0,0.0,1.0,30.0,3500000.0,290.0,26.0,182.0,90,24,False,True,True,False
27.0,1488.0,0.0,0.0,0.8,2.2,16.0,0.0,508.0,632.0,18.0,10.0,0.0,68.0,808.0,30.0,12.0,26.0,520.0,34.0,10.0,22.0,20.0,70.0,2.0,0.0,0.0,24.0,0.0,0.0,28.0,1500000.0,246.0,44.0,187.0,70,9,False,True,False,True
25.0,594.0,1.0,0.0,0.8,0.5,4.0,2.0,178.0,242.0,10.0,6.0,1.0,29.0,297.0,7.0,2.0,6.0,179.0,15.0,5.0,10.0,3.0,38.0,6.0,2.0,0.0,16.0,0.0,0.0,13.0,2500000.0,45.0,5.0,178.0,88,2,False,True,False,True
33.0,594.0,0.0,0.0,0.0,0.0,1.0,0.0,195.0,236.0,0.0,0.0,0.0,12.0,296.0,2.0,0.0,0.0,156.0,18.0,10.0,1.0,24.0,18.0,9.0,1.0,1.0,9.0,0.0,0.0,0.0,300000.0,238.0,29.0,180.0,70,32,False,False,False,True
24.0,593.0,0.0,2.0,0.1,1.2,3.0,1.0,462.0,500.0,3.0,6.0,2.0,39.0,580.0,18.0,6.0,7.0,416.0,20.0,2.0,4.0,14.0,38.0,6.0,1.0,0.0,7.0,1.0,0.0,11.0,18000000.0,185.0,34.0,178.0,4,2,False,False,False,True
31.0,593.0,2.0,0.0,2.5,0.4,19.0,3.0,90.0,120.0,7.0,1.0,0.0,9.0,185.0,9.0,2.0,10.0,131.0,7.0,1.0,6.0,8.0,17.0,18.0,1.0,0.0,9.0,2.0,0.0,5.0,2000000.0,12.0,3.0,181.0,90,9,True,False,False,True
30.0,590.0,0.0,1.0,0.0,0.4,1.0,1.0,276.0,323.0,4.0,4.0,1.0,27.0,407.0,1.0,0.0,4.0,236.0,28.0,6.0,9.0,13.0,42.0,10.0,3.0,0.0,15.0,0.0,0.0,2.0,200000.0,0.0,0.0,186.0,40,2,False,True,False,True
27.0,589.0,2.0,1.0,0.9,1.0,19.0,7.0,223.0,330.0,19.0,11.0,6.0,28.0,400.0,6.0,1.0,5.0,247.0,2.0,3.0,7.0,9.0,32.0,7.0,4.0,0.0,9.0,0.0,1.0,48.0,3000000.0,35.0,6.0,181.0,817,41,False,True,True,False
27.0,589.0,0.0,0.0,0.0,0.1,0.0,0.0,259.0,311.0,1.0,2.0,2.0,13.0,377.0,15.0,5.0,10.0,201.0,8.0,4.0,11.0,27.0,31.0,4.0,0.0,0.0,3.0,0.0,0.0,21.0,1200000.0,29.0,2.0,182.0,80,2,False,True,True,False
32.0,588.0,0.0,1.0,0.2,0.1,3.0,0.0,260.0,290.0,1.0,2.0,1.0,28.0,357.0,2.0,1.0,9.0,245.0,15.0,9.0,4.0,8.0,30.0,1.0,2.0,0.0,11.0,1.0,0.0,2.0,1800000.0,31.0,5.0,168.0,90,2,False,True,False,True
33.0,587.0,3.0,0.0,3.4,0.5,21.0,8.0,87.0,126.0,9.0,4.0,1.0,7.0,192.0,6.0,1.0,8.0,141.0,7.0,2.0,3.0,7.0,15.0,20.0,1.0,0.0,10.0,1.0,2.0,3.0,3500000.0,319.0,34.0,188.0,98,12,True,False,False,True
18.0,585.0,0.0,0.0,0.2,0.9,6.0,0.0,448.0,497.0,10.0,3.0,0.0,26.0,573.0,14.0,2.0,4.0,397.0,13.0,6.0,12.0,16.0,32.0,3.0,2.0,0.0,8.0,0.0,1.0,12.0,10000000.0,29.0,3.0,185.0,11,3,False,False,False,True
27.0,584.0,2.0,1.0,2.4,0.9,16.0,6.0,163.0,199.0,8.0,5.0,1.0,14.0,250.0,11.0,2.0,6.0,205.0,4.0,1.0,6.0,1.0,8.0,11.0,1.0,0.0,2.0,2.0,4.0,5.0,17000000.0,261.0,33.0,184.0,18,2,False,True,False,True
20.0,584.0,1.0,0.0,0.6,1.0,17.0,6.0,136.0,185.0,9.0,8.0,2.0,12.0,293.0,30.0,19.0,10.0,209.0,12.0,3.0,7.0,13.0,30.0,6.0,1.0,0.0,9.0,6.0,1.0,18.0,15000000.0,273.0,35.0,175.0,16,3,True,False,True,False
29.0,1170.0,0.0,0.0,0.0,0.0,2.0,0.0,686.0,770.0,0.0,4.0,0.0,30.0,878.0,2.0,2.0,4.0,652.0,12.0,10.0,8.0,52.0,52.0,18.0,0.0,0.0,8.0,0.0,0.0,0.0,1200000.0,258.0,45.0,181.0,66,77,False,False,False,True
20.0,583.0,0.0,1.0,0.0,0.1,0.0,0.0,394.0,426.0,1.0,0.0,0.0,31.0,487.0,1.0,3.0,1.0,360.0,12.0,4.0,1.0,30.0,22.0,3.0,2.0,0.0,16.0,0.0,0.0,0.0,1000000.0,0.0,0.0,185.0,66,3,False,False,False,True
19.0,1196.0,0.0,2.0,0.8,0.8,14.0,2.0,398.0,480.0,14.0,2.0,0.0,34.0,660.0,20.0,12.0,16.0,372.0,42.0,26.0,22.0,22.0,86.0,4.0,0.0,0.0,32.0,0.0,4.0,10.0,2000000.0,15.0,3.0,187.0,284,2,False,True,True,False
31.0,581.0,3.0,1.0,1.8,0.6,16.0,5.0,337.0,395.0,9.0,6.0,0.0,36.0,464.0,15.0,12.0,8.0,328.0,14.0,10.0,9.0,5.0,43.0,6.0,3.0,0.0,8.0,0.0,1.0,1.0,6000000.0,121.0,27.0,189.0,77,4,False,True,False,True
33.0,581.0,0.0,0.0,0.0,0.0,1.0,0.0,288.0,310.0,2.0,2.0,0.0,11.0,378.0,1.0,2.0,1.0,252.0,9.0,6.0,2.0,30.0,14.0,8.0,2.0,0.0,3.0,0.0,1.0,0.0,300000.0,209.0,24.0,193.0,363,32,False,False,False,True
29.0,580.0,0.0,2.0,0.2,2.0,1.0,1.0,270.0,328.0,8.0,4.0,2.0,24.0,384.0,3.0,6.0,1.0,242.0,13.0,6.0,6.0,21.0,13.0,6.0,1.0,0.0,6.0,0.0,0.0,10.0,2000000.0,118.0,23.0,178.0,30,3,False,False,False,True
24.0,580.0,4.0,2.0,1.6,1.1,14.0,8.0,189.0,241.0,12.0,7.0,2.0,22.0,363.0,18.0,8.0,8.0,210.0,27.0,3.0,9.0,18.0,30.0,8.0,1.0,0.0,20.0,1.0,0.0,16.0,15000000.0,314.0,40.0,178.0,416,4,False,False,True,False
28.0,576.0,0.0,0.0,0.0,0.3,0.0,0.0,271.0,331.0,3.0,5.0,2.0,19.0,397.0,11.0,2.0,2.0,212.0,12.0,9.0,7.0,28.0,33.0,3.0,2.0,0.0,10.0,0.0,1.0,14.0,800000.0,85.0,11.0,177.0,498,2,False,False,True,False
27.0,575.0,2.0,0.0,1.9,0.1,12.0,3.0,95.0,129.0,3.0,2.0,0.0,7.0,187.0,5.0,2.0,6.0,127.0,2.0,7.0,5.0,6.0,14.0,13.0,0.0,0.0,10.0,0.0,1.0,2.0,1200000.0,62.0,3.0,184.0,406,2,True,False,False,True
21.0,1540.0,6.0,2.0,13.0,1.0,50.0,22.0,230.0,306.0,14.0,6.0,2.0,24.0,454.0,26.0,16.0,32.0,356.0,0.0,2.0,16.0,2.0,32.0,12.0,4.0,0.0,38.0,0.0,2.0,14.0,22000000.0,58.0,10.0,184.0,50,2,True,False,False,True
21.0,574.0,0.0,1.0,0.2,0.2,5.0,0.0,115.0,158.0,3.0,1.0,0.0,15.0,269.0,8.0,8.0,18.0,113.0,29.0,16.0,5.0,12.0,51.0,11.0,4.0,0.0,15.0,1.0,2.0,1.0,9000000.0,106.0,16.0,183.0,135,4,False,True,False,True
25.0,569.0,1.0,0.0,1.2,1.5,5.0,2.0,287.0,363.0,13.0,9.0,3.0,31.0,434.0,9.0,5.0,3.0,237.0,18.0,6.0,9.0,15.0,29.0,7.0,2.0,1.0,10.0,0.0,1.0,12.0,9000000.0,93.0,16.0,183.0,35,7,False,False,False,True
24.0,569.0,0.0,0.0,0.0,0.0,2.0,0.0,190.0,217.0,1.0,0.0,0.0,14.0,284.0,1.0,1.0,1.0,164.0,25.0,5.0,2.0,13.0,18.0,11.0,0.0,0.0,18.0,1.0,1.0,0.0,2000000.0,200.0,26.0,186.0,330,3,False,True,False,True
30.0,568.0,0.0,0.0,0.0,0.4,1.0,1.0,268.0,305.0,6.0,2.0,0.0,12.0,396.0,0.0,0.0,0.0,218.0,4.0,10.0,0.0,54.0,18.0,29.0,0.0,1.0,5.0,0.0,1.0,0.0,500000.0,255.0,33.0,194.0,95,27,False,False,False,True
31.0,567.0,1.0,0.0,0.2,0.6,4.0,3.0,211.0,260.0,2.0,3.0,0.0,32.0,317.0,4.0,2.0,2.0,199.0,13.0,9.0,2.0,8.0,27.0,7.0,1.0,0.0,8.0,0.0,0.0,6.0,3500000.0,72.0,11.0,182.0,80,35,False,True,False,True
27.0,561.0,0.0,1.0,0.4,0.5,9.0,5.0,108.0,162.0,3.0,4.0,0.0,18.0,264.0,4.0,5.0,5.0,101.0,17.0,7.0,3.0,27.0,32.0,20.0,2.0,0.0,11.0,1.0,0.0,2.0,2500000.0,80.0,9.0,184.0,60,2,False,True,False,True
27.0,557.0,2.0,0.0,2.4,1.4,11.0,4.0,115.0,141.0,12.0,8.0,1.0,26.0,171.0,8.0,4.0,6.0,144.0,0.0,1.0,1.0,3.0,9.0,9.0,1.0,0.0,4.0,0.0,1.0,2.0,4500000.0,176.0,36.0,182.0,20,32,True,False,False,True
22.0,556.0,0.0,0.0,0.0,0.0,0.0,0.0,166.0,202.0,1.0,2.0,0.0,20.0,276.0,5.0,5.0,5.0,144.0,11.0,10.0,10.0,13.0,22.0,7.0,1.0,0.0,12.0,1.0,1.0,3.0,7000000.0,143.0,19.0,183.0,96,8,False,True,False,True
30.0,555.0,1.0,3.0,2.8,0.8,18.0,6.0,72.0,107.0,8.0,1.0,0.0,8.0,174.0,7.0,3.0,12.0,125.0,3.0,1.0,4.0,6.0,20.0,12.0,1.0,0.0,15.0,1.0,1.0,3.0,1300000.0,258.0,35.0,182.0,266,9,True,False,False,True
26.0,549.0,0.0,0.0,0.1,0.2,2.0,0.0,182.0,256.0,5.0,4.0,0.0,19.0,320.0,7.0,0.0,0.0,174.0,18.0,8.0,3.0,16.0,14.0,10.0,0.0,0.0,9.0,1.0,1.0,10.0,2000000.0,173.0,24.0,179.0,88,21,False,False,True,False
30.0,548.0,2.0,0.0,0.4,0.1,2.0,2.0,367.0,403.0,2.0,0.0,0.0,21.0,442.0,10.0,2.0,0.0,333.0,6.0,4.0,2.0,19.0,22.0,8.0,1.0,0.0,2.0,0.0,1.0,0.0,25000000.0,217.0,42.0,188.0,2,4,False,True,False,True
21.0,540.0,0.0,0.0,0.3,0.0,2.0,0.0,197.0,229.0,1.0,0.0,0.0,10.0,301.0,1.0,0.0,2.0,158.0,7.0,3.0,1.0,42.0,11.0,17.0,1.0,0.0,4.0,0.0,0.0,0.0,8000000.0,196.0,26.0,190.0,742,9,False,False,False,True
21.0,539.0,0.0,0.0,0.2,0.1,3.0,1.0,226.0,257.0,2.0,1.0,1.0,14.0,303.0,5.0,0.0,5.0,194.0,9.0,6.0,2.0,11.0,21.0,10.0,3.0,0.0,11.0,0.0,0.0,3.0,3200000.0,0.0,0.0,186.0,20,9,False,False,False,True
22.0,539.0,0.0,0.0,0.0,0.0,0.0,0.0,367.0,390.0,0.0,0.0,0.0,9.0,468.0,0.0,1.0,1.0,324.0,7.0,8.0,2.0,41.0,25.0,9.0,5.0,1.0,13.0,0.0,0.0,0.0,8000000.0,116.0,20.0,188.0,86,44,False,False,False,True
25.0,535.0,1.0,1.0,0.8,1.9,7.0,1.0,217.0,270.0,18.0,10.0,2.0,22.0,329.0,22.0,4.0,5.0,226.0,8.0,2.0,6.0,12.0,18.0,3.0,0.0,0.0,2.0,1.0,0.0,29.0,14000000.0,61.0,17.0,187.0,96,21,False,True,True,False
22.0,1936.0,2.0,2.0,1.0,5.0,20.0,6.0,798.0,1020.0,42.0,50.0,26.0,70.0,1236.0,120.0,22.0,22.0,892.0,30.0,12.0,38.0,26.0,88.0,14.0,8.0,0.0,18.0,6.0,2.0,104.0,12000000.0,32.0,8.0,175.0,27,35,False,False,False,True
24.0,532.0,3.0,0.0,2.3,0.0,13.0,6.0,80.0,103.0,1.0,3.0,1.0,7.0,157.0,6.0,2.0,10.0,135.0,4.0,0.0,2.0,3.0,5.0,9.0,1.0,0.0,9.0,1.0,0.0,5.0,3000000.0,157.0,25.0,178.0,393,17,True,False,False,True
26.0,532.0,2.0,0.0,2.7,0.0,14.0,6.0,62.0,83.0,1.0,2.0,0.0,6.0,137.0,3.0,3.0,8.0,90.0,3.0,2.0,6.0,4.0,14.0,7.0,0.0,0.0,7.0,0.0,0.0,0.0,1000000.0,43.0,2.0,178.0,371,3,True,False,False,True
26.0,529.0,0.0,0.0,0.6,1.0,8.0,2.0,379.0,438.0,15.0,9.0,1.0,35.0,487.0,16.0,11.0,7.0,347.0,13.0,4.0,1.0,5.0,31.0,5.0,2.0,0.0,14.0,0.0,1.0,26.0,30000000.0,111.0,20.0,177.0,19,5,False,True,False,True
20.0,1310.0,0.0,2.0,0.6000000000000001,2.8,6.0,0.0,454.0,618.0,18.0,8.0,4.0,40.0,802.0,30.0,24.0,12.0,372.0,36.0,18.0,14.0,52.0,80.0,22.0,4.0,0.0,18.0,2.0,0.0,32.0,18000000.0,62.0,13.0,179.0,99,9,False,False,False,True
22.0,528.0,0.0,0.0,1.0,0.8,11.0,2.0,108.0,146.0,9.0,4.0,1.0,14.0,218.0,16.0,9.0,6.0,163.0,7.0,2.0,7.0,2.0,24.0,1.0,0.0,0.0,4.0,1.0,1.0,19.0,700000.0,173.0,21.0,173.0,498,95,False,True,True,False
28.0,527.0,0.0,1.0,0.6,0.2,10.0,0.0,382.0,451.0,3.0,11.0,3.0,48.0,499.0,10.0,3.0,4.0,348.0,6.0,5.0,3.0,10.0,19.0,12.0,1.0,0.0,8.0,1.0,3.0,13.0,20000000.0,110.0,21.0,175.0,22,25,False,False,True,False
27.0,519.0,2.0,4.0,0.8,2.4,8.0,5.0,213.0,255.0,19.0,8.0,0.0,35.0,313.0,13.0,8.0,12.0,259.0,8.0,3.0,6.0,1.0,24.0,1.0,1.0,1.0,6.0,2.0,5.0,7.0,8000000.0,119.0,17.0,180.0,51,2,False,True,False,True
27.0,519.0,0.0,0.0,0.3,0.1,3.0,2.0,377.0,425.0,2.0,0.0,0.0,35.0,481.0,5.0,0.0,2.0,335.0,13.0,7.0,2.0,20.0,34.0,9.0,1.0,0.0,2.0,0.0,1.0,2.0,20000000.0,143.0,29.0,188.0,1,4,False,False,False,True
22.0,518.0,0.0,0.0,0.2,0.0,2.0,0.0,285.0,314.0,0.0,0.0,0.0,10.0,376.0,4.0,3.0,0.0,263.0,7.0,8.0,0.0,27.0,9.0,17.0,3.0,1.0,10.0,0.0,0.0,0.0,1500000.0,362.0,50.0,191.0,24,2,False,False,False,True
25.0,516.0,1.0,0.0,0.9,0.7,9.0,3.0,243.0,302.0,8.0,7.0,1.0,27.0,403.0,8.0,6.0,9.0,247.0,21.0,8.0,9.0,10.0,32.0,10.0,0.0,0.0,8.0,1.0,0.0,12.0,150000.0,0.0,0.0,0.0,30,3,False,True,False,True
28.0,516.0,0.0,3.0,1.0,2.5,8.0,3.0,158.0,236.0,10.0,15.0,2.0,30.0,298.0,42.0,10.0,6.0,227.0,6.0,1.0,15.0,7.0,18.0,0.0,0.0,0.0,3.0,1.0,2.0,28.0,7000000.0,135.0,22.0,180.0,21,10,False,True,False,True
24.0,516.0,0.0,1.0,0.9,0.8,14.0,4.0,210.0,269.0,15.0,12.0,3.0,24.0,354.0,43.0,6.0,6.0,259.0,11.0,2.0,10.0,3.0,21.0,3.0,0.0,0.0,8.0,0.0,0.0,34.0,12000000.0,0.0,0.0,174.0,10,3,False,False,False,True
30.0,515.0,0.0,0.0,0.0,0.0,0.0,0.0,335.0,373.0,0.0,2.0,0.0,24.0,413.0,3.0,0.0,0.0,312.0,7.0,7.0,5.0,14.0,18.0,5.0,1.0,0.0,9.0,0.0,0.0,3.0,1000000.0,11.0,2.0,178.0,66,3,False,False,False,True
28.0,512.0,1.0,2.0,1.7,1.0,8.0,6.0,130.0,173.0,8.0,3.0,0.0,19.0,242.0,5.0,4.0,7.0,156.0,14.0,6.0,7.0,8.0,34.0,15.0,1.0,0.0,6.0,0.0,1.0,2.0,2500000.0,199.0,25.0,183.0,138,121,True,False,False,True
25.0,508.0,0.0,0.0,0.2,0.8,2.0,1.0,240.0,314.0,4.0,6.0,2.0,21.0,373.0,17.0,8.0,2.0,230.0,18.0,9.0,5.0,12.0,36.0,15.0,3.0,0.0,14.0,0.0,1.0,15.0,7000000.0,90.0,16.0,175.0,35,17,False,False,False,True
21.0,507.0,1.0,1.0,0.8,0.6,10.0,6.0,148.0,205.0,7.0,4.0,1.0,21.0,279.0,5.0,2.0,3.0,167.0,17.0,0.0,2.0,11.0,27.0,2.0,1.0,0.0,8.0,0.0,2.0,17.0,6000000.0,0.0,0.0,184.0,56,35,False,True,True,False
27.0,504.0,4.0,1.0,3.7,0.9,17.0,7.0,62.0,103.0,4.0,4.0,2.0,11.0,173.0,8.0,1.0,8.0,120.0,5.0,0.0,6.0,8.0,11.0,10.0,2.0,0.0,7.0,1.0,0.0,7.0,20000000.0,316.0,47.0,184.0,14,5,True,False,False,True
20.0,1494.0,2.0,0.0,0.8,1.2,18.0,4.0,642.0,750.0,26.0,14.0,2.0,112.0,934.0,30.0,12.0,26.0,664.0,20.0,8.0,20.0,28.0,78.0,16.0,6.0,0.0,26.0,0.0,0.0,24.0,6000000.0,28.0,1.0,183.0,429,35,False,True,False,True
30.0,499.0,0.0,2.0,1.4,0.5,11.0,0.0,158.0,201.0,8.0,9.0,2.0,18.0,274.0,27.0,10.0,14.0,211.0,9.0,1.0,7.0,4.0,16.0,1.0,1.0,0.0,12.0,0.0,2.0,16.0,10000000.0,36.0,9.0,170.0,8,4,True,False,False,True
34.0,496.0,1.0,0.0,0.4,0.3,3.0,1.0,277.0,312.0,3.0,3.0,2.0,21.0,369.0,8.0,2.0,5.0,254.0,13.0,8.0,6.0,12.0,30.0,6.0,2.0,0.0,7.0,0.0,2.0,3.0,600000.0,138.0,22.0,184.0,322,2,False,True,False,True
21.0,495.0,0.0,0.0,0.1,0.1,1.0,0.0,356.0,392.0,2.0,1.0,0.0,19.0,464.0,3.0,1.0,2.0,321.0,12.0,7.0,2.0,28.0,19.0,7.0,2.0,0.0,9.0,0.0,0.0,2.0,20000000.0,0.0,0.0,190.0,321,4,False,False,False,True
22.0,492.0,2.0,0.0,1.4,0.3,8.0,5.0,70.0,90.0,6.0,3.0,0.0,8.0,147.0,5.0,2.0,14.0,102.0,2.0,0.0,2.0,5.0,9.0,7.0,3.0,1.0,13.0,3.0,0.0,0.0,3000000.0,72.0,16.0,190.0,529,40,True,False,True,False
26.0,1708.0,2.0,0.0,0.8,1.0,8.0,2.0,1018.0,1146.0,10.0,10.0,0.0,64.0,1314.0,32.0,20.0,10.0,930.0,30.0,14.0,14.0,58.0,60.0,26.0,6.0,0.0,10.0,0.0,4.0,2.0,22000000.0,85.0,5.0,191.0,8,2,False,False,False,True
23.0,488.0,0.0,1.0,0.6,0.5,9.0,2.0,321.0,392.0,7.0,3.0,0.0,40.0,463.0,6.0,5.0,4.0,303.0,11.0,5.0,8.0,11.0,43.0,1.0,1.0,0.0,5.0,0.0,4.0,15.0,10000000.0,14.0,2.0,172.0,294,4,False,True,False,True
25.0,980.0,2.0,2.0,2.2,2.0,24.0,12.0,464.0,536.0,26.0,30.0,6.0,70.0,698.0,90.0,26.0,16.0,550.0,18.0,10.0,4.0,6.0,58.0,0.0,2.0,0.0,14.0,0.0,2.0,46.0,16000000.0,178.0,28.0,175.0,99,4,True,False,False,True
32.0,484.0,0.0,0.0,0.2,0.2,4.0,1.0,343.0,395.0,6.0,4.0,0.0,45.0,432.0,5.0,3.0,6.0,342.0,9.0,3.0,8.0,6.0,29.0,6.0,1.0,0.0,7.0,0.0,2.0,2.0,1500000.0,261.0,52.0,187.0,140,6,False,True,False,True
37.0,483.0,0.0,0.0,0.2,1.2,6.0,0.0,185.0,231.0,5.0,2.0,1.0,22.0,299.0,10.0,8.0,6.0,173.0,24.0,11.0,4.0,5.0,28.0,3.0,4.0,0.0,12.0,0.0,0.0,10.0,200000.0,59.0,7.0,181.0,393,2,False,True,True,False
33.0,483.0,0.0,0.0,0.0,0.3,2.0,0.0,171.0,225.0,3.0,2.0,1.0,7.0,273.0,6.0,0.0,2.0,178.0,12.0,3.0,8.0,14.0,10.0,1.0,1.0,0.0,2.0,0.0,2.0,7.0,1000000.0,0.0,0.0,175.0,56,4,False,True,False,True
23.0,482.0,0.0,0.0,0.0,0.1,3.0,0.0,145.0,186.0,3.0,5.0,4.0,11.0,276.0,5.0,5.0,4.0,120.0,21.0,7.0,8.0,36.0,21.0,5.0,1.0,0.0,6.0,0.0,0.0,17.0,3000000.0,72.0,11.0,170.0,198,5,False,False,True,False
29.0,478.0,0.0,0.0,0.3,0.9,10.0,1.0,259.0,326.0,13.0,8.0,6.0,16.0,406.0,14.0,3.0,6.0,251.0,10.0,1.0,13.0,14.0,32.0,4.0,2.0,1.0,5.0,2.0,1.0,39.0,700000.0,31.0,4.0,179.0,720,3,True,False,True,False
20.0,476.0,0.0,0.0,0.0,0.1,1.0,1.0,240.0,272.0,2.0,1.0,0.0,14.0,325.0,12.0,2.0,8.0,212.0,14.0,1.0,1.0,13.0,13.0,6.0,2.0,0.0,8.0,0.0,2.0,0.0,6000000.0,0.0,0.0,185.0,77,7,False,True,False,True
20.0,470.0,0.0,0.0,0.3,0.0,4.0,1.0,126.0,167.0,1.0,2.0,0.0,17.0,214.0,5.0,4.0,10.0,163.0,6.0,0.0,5.0,6.0,12.0,5.0,0.0,0.0,3.0,0.0,0.0,14.0,2200000.0,178.0,24.0,172.0,70,5,False,True,False,True
22.0,1658.0,4.0,2.0,1.0,3.4000000000000004,20.0,6.0,664.0,776.0,18.0,8.0,0.0,80.0,960.0,36.0,16.0,22.0,730.0,34.0,16.0,12.0,14.0,66.0,8.0,2.0,0.0,24.0,2.0,0.0,10.0,9000000.0,45.0,6.0,188.0,48,31,False,True,False,True
21.0,469.0,0.0,1.0,0.3,0.8,3.0,2.0,213.0,260.0,2.0,4.0,2.0,14.0,319.0,2.0,0.0,2.0,203.0,17.0,7.0,4.0,12.0,13.0,10.0,0.0,0.0,1.0,3.0,0.0,11.0,10000000.0,72.0,15.0,181.0,27,7,False,False,False,True
34.0,468.0,0.0,0.0,0.1,0.2,3.0,0.0,257.0,293.0,3.0,5.0,0.0,26.0,340.0,5.0,2.0,3.0,234.0,10.0,8.0,0.0,11.0,33.0,9.0,1.0,0.0,6.0,1.0,1.0,2.0,1400000.0,196.0,35.0,185.0,36,5,False,False,False,True
26.0,467.0,3.0,0.0,4.5,0.3,20.0,9.0,76.0,119.0,3.0,5.0,1.0,6.0,183.0,8.0,4.0,3.0,139.0,2.0,2.0,9.0,4.0,15.0,16.0,1.0,0.0,7.0,1.0,0.0,6.0,3000000.0,443.0,47.0,185.0,128,4,True,False,False,True
27.0,464.0,1.0,0.0,1.1,0.8,12.0,5.0,77.0,130.0,5.0,4.0,0.0,15.0,201.0,11.0,5.0,5.0,124.0,8.0,2.0,15.0,2.0,22.0,2.0,0.0,1.0,10.0,0.0,0.0,9.0,1500000.0,54.0,7.0,167.0,165,15,False,True,True,False
26.0,463.0,1.0,2.0,2.2,0.4,15.0,4.0,160.0,202.0,4.0,3.0,2.0,21.0,283.0,23.0,6.0,10.0,203.0,9.0,2.0,6.0,5.0,22.0,8.0,1.0,0.0,10.0,0.0,1.0,9.0,1800000.0,356.0,48.0,182.0,88,7,False,True,False,False
28.0,460.0,0.0,2.0,0.5,1.4,5.0,2.0,157.0,213.0,9.0,8.0,6.0,9.0,274.0,21.0,9.0,2.0,165.0,3.0,6.0,13.0,16.0,18.0,5.0,0.0,0.0,4.0,0.0,0.0,26.0,2500000.0,301.0,41.0,184.0,16,3,False,True,True,False
32.0,456.0,2.0,0.0,1.5,0.1,13.0,4.0,58.0,87.0,3.0,1.0,0.0,7.0,146.0,0.0,1.0,12.0,104.0,2.0,1.0,1.0,5.0,13.0,19.0,4.0,0.0,6.0,1.0,0.0,0.0,1200000.0,0.0,0.0,181.0,224,3,False,True,True,False
21.0,456.0,0.0,1.0,0.3,1.0,4.0,0.0,166.0,227.0,11.0,8.0,3.0,21.0,298.0,13.0,4.0,12.0,176.0,15.0,10.0,10.0,12.0,28.0,6.0,0.0,0.0,9.0,0.0,0.0,16.0,800000.0,0.0,0.0,177.0,1389,2,False,False,False,True
32.0,456.0,3.0,0.0,1.5,0.3,11.0,5.0,97.0,165.0,5.0,5.0,0.0,13.0,239.0,9.0,2.0,6.0,140.0,6.0,3.0,12.0,5.0,25.0,11.0,3.0,0.0,5.0,0.0,1.0,14.0,1200000.0,0.0,0.0,180.0,80,3,False,True,True,False
23.0,454.0,1.0,1.0,0.2,0.5,3.0,1.0,261.0,302.0,2.0,4.0,1.0,24.0,363.0,8.0,2.0,1.0,245.0,11.0,7.0,4.0,17.0,19.0,10.0,1.0,0.0,9.0,0.0,0.0,3.0,2500000.0,25.0,4.0,191.0,303,1,False,False,False,True
24.0,453.0,0.0,0.0,0.1,0.0,1.0,0.0,155.0,204.0,1.0,3.0,0.0,16.0,259.0,0.0,1.0,3.0,152.0,15.0,5.0,5.0,8.0,21.0,17.0,1.0,0.0,11.0,0.0,1.0,2.0,3000000.0,419.0,41.0,186.0,563,11,False,False,False,True
24.0,452.0,0.0,0.0,0.4,0.0,7.0,0.0,174.0,204.0,1.0,3.0,0.0,19.0,263.0,2.0,2.0,7.0,160.0,16.0,11.0,4.0,10.0,31.0,5.0,1.0,0.0,7.0,1.0,0.0,1.0,25000000.0,533.0,82.0,180.0,56,51,False,True,False,True
18.0,451.0,0.0,0.0,0.8,0.6,12.0,4.0,69.0,103.0,7.0,2.0,0.0,10.0,159.0,6.0,1.0,11.0,125.0,5.0,0.0,2.0,5.0,11.0,16.0,2.0,0.0,6.0,3.0,1.0,1.0,7000000.0,20.0,2.0,194.0,130,10,True,False,False,True
22.0,448.0,0.0,1.0,0.3,0.3,6.0,0.0,159.0,245.0,3.0,6.0,0.0,16.0,319.0,3.0,1.0,0.0,179.0,15.0,9.0,5.0,31.0,13.0,14.0,1.0,0.0,7.0,0.0,0.0,10.0,3000000.0,82.0,14.0,184.0,267,4,False,False,False,True
21.0,447.0,0.0,0.0,1.3,0.1,11.0,1.0,139.0,179.0,3.0,5.0,3.0,14.0,247.0,21.0,10.0,13.0,188.0,13.0,4.0,5.0,2.0,20.0,5.0,0.0,0.0,2.0,1.0,0.0,17.0,700000.0,72.0,4.0,177.0,363,2,True,False,True,False
22.0,447.0,0.0,0.0,1.2,0.8,15.0,5.0,133.0,182.0,5.0,5.0,0.0,27.0,251.0,18.0,17.0,3.0,173.0,9.0,3.0,5.0,1.0,29.0,3.0,3.0,0.0,17.0,2.0,3.0,5.0,1500000.0,4.0,1.0,179.0,85,9,True,False,False,True
21.0,914.0,0.0,0.0,0.0,0.0,2.0,0.0,672.0,754.0,0.0,2.0,0.0,48.0,864.0,6.0,16.0,8.0,638.0,22.0,18.0,12.0,34.0,62.0,12.0,4.0,0.0,4.0,2.0,2.0,2.0,4000000.0,0.0,0.0,196.0,5,1,False,False,True,False
36.0,445.0,2.0,0.0,2.7,1.0,18.0,7.0,92.0,158.0,9.0,6.0,0.0,17.0,225.0,1.0,0.0,2.0,168.0,1.0,0.0,5.0,3.0,9.0,56.0,5.0,0.0,25.0,1.0,0.0,0.0,700000.0,249.0,23.0,188.0,327,9,False,True,False,True
28.0,443.0,0.0,1.0,0.6,0.6,10.0,1.0,193.0,248.0,4.0,8.0,3.0,37.0,303.0,15.0,5.0,4.0,189.0,5.0,4.0,5.0,5.0,37.0,3.0,3.0,0.0,5.0,0.0,1.0,12.0,1800000.0,0.0,0.0,175.0,80,3,False,True,False,True
19.0,441.0,0.0,0.0,0.5,0.4,5.0,2.0,57.0,80.0,5.0,4.0,0.0,7.0,124.0,5.0,2.0,4.0,90.0,3.0,0.0,3.0,2.0,4.0,6.0,0.0,0.0,9.0,0.0,0.0,1.0,150000.0,0.0,0.0,180.0,363,2,True,False,True,False
23.0,441.0,0.0,0.0,0.3,0.1,2.0,0.0,205.0,240.0,2.0,1.0,1.0,7.0,294.0,0.0,0.0,1.0,182.0,11.0,10.0,3.0,14.0,24.0,11.0,2.0,0.0,6.0,0.0,1.0,2.0,8000000.0,343.0,42.0,188.0,119,12,False,False,False,True
21.0,438.0,0.0,0.0,0.2,0.1,4.0,0.0,281.0,317.0,1.0,1.0,0.0,16.0,370.0,1.0,0.0,0.0,247.0,4.0,5.0,1.0,26.0,19.0,8.0,1.0,0.0,12.0,1.0,0.0,0.0,8000000.0,209.0,31.0,191.0,322,2,False,False,True,False
36.0,437.0,0.0,0.0,0.8,0.2,7.0,0.0,125.0,163.0,3.0,5.0,0.0,19.0,211.0,2.0,4.0,8.0,161.0,3.0,4.0,4.0,1.0,17.0,2.0,0.0,0.0,4.0,2.0,1.0,8.0,1500000.0,177.0,32.0,169.0,82,50,True,False,False,True
22.0,432.0,0.0,0.0,0.1,0.2,1.0,0.0,311.0,339.0,2.0,1.0,0.0,12.0,407.0,1.0,0.0,0.0,264.0,6.0,9.0,1.0,30.0,17.0,8.0,0.0,1.0,4.0,0.0,2.0,0.0,7500000.0,316.0,42.0,187.0,175,8,False,False,False,True
19.0,430.0,2.0,0.0,1.5,0.3,6.0,3.0,174.0,226.0,3.0,4.0,2.0,15.0,289.0,22.0,5.0,7.0,179.0,8.0,9.0,8.0,6.0,37.0,5.0,1.0,0.0,5.0,1.0,0.0,29.0,800000.0,136.0,12.0,176.0,48,49,False,False,True,False
30.0,426.0,0.0,0.0,0.5,0.9,8.0,3.0,126.0,180.0,5.0,6.0,4.0,13.0,242.0,15.0,8.0,4.0,135.0,11.0,5.0,4.0,11.0,24.0,6.0,2.0,0.0,5.0,0.0,0.0,22.0,800000.0,0.0,0.0,188.0,327,5,False,False,False,True
23.0,900.0,0.0,0.0,0.0,0.0,2.0,0.0,358.0,402.0,0.0,0.0,0.0,14.0,482.0,2.0,2.0,6.0,332.0,10.0,8.0,8.0,30.0,16.0,10.0,4.0,2.0,18.0,0.0,0.0,0.0,4000000.0,71.0,11.0,184.0,363,2,False,False,False,True
30.0,424.0,0.0,3.0,0.2,1.6,2.0,0.0,214.0,264.0,6.0,9.0,6.0,14.0,318.0,4.0,3.0,0.0,183.0,11.0,5.0,5.0,21.0,20.0,8.0,2.0,1.0,5.0,0.0,0.0,18.0,1500000.0,55.0,12.0,182.0,28,65,False,False,False,True
22.0,422.0,5.0,0.0,1.3,0.6,14.0,10.0,95.0,127.0,7.0,3.0,0.0,11.0,192.0,13.0,6.0,3.0,108.0,12.0,7.0,3.0,2.0,18.0,0.0,0.0,0.0,1.0,1.0,0.0,16.0,8000000.0,109.0,27.0,179.0,742,27,False,True,False,True
29.0,419.0,1.0,1.0,2.6,0.8,13.0,3.0,79.0,113.0,8.0,2.0,0.0,7.0,194.0,11.0,6.0,14.0,144.0,2.0,1.0,6.0,6.0,25.0,8.0,1.0,0.0,7.0,1.0,0.0,3.0,5000000.0,3.0,0.0,180.0,55,1,True,False,False,True
25.0,418.0,0.0,0.0,0.7,0.0,6.0,0.0,148.0,189.0,1.0,1.0,1.0,22.0,234.0,2.0,1.0,3.0,151.0,10.0,2.0,6.0,4.0,25.0,10.0,1.0,0.0,8.0,1.0,0.0,3.0,1500000.0,0.0,0.0,184.0,274,3,False,True,False,True
27.0,416.0,1.0,0.0,2.1,0.1,10.0,4.0,61.0,96.0,2.0,2.0,0.0,7.0,167.0,6.0,4.0,19.0,113.0,6.0,0.0,4.0,7.0,18.0,13.0,0.0,0.0,8.0,1.0,0.0,2.0,16000000.0,318.0,37.0,183.0,40,44,True,False,False,True
21.0,416.0,1.0,0.0,0.6,0.4,10.0,3.0,203.0,254.0,2.0,2.0,0.0,22.0,343.0,4.0,6.0,0.0,172.0,28.0,10.0,2.0,7.0,26.0,9.0,5.0,0.0,17.0,0.0,2.0,2.0,1800000.0,21.0,2.0,180.0,90,44,False,True,False,True
25.0,1022.0,2.0,4.0,1.8,1.2,14.0,4.0,292.0,384.0,12.0,8.0,2.0,14.0,574.0,50.0,26.0,18.0,364.0,26.0,2.0,10.0,8.0,64.0,8.0,4.0,0.0,28.0,2.0,2.0,38.0,6000000.0,161.0,27.0,183.0,16,31,False,True,False,True
24.0,908.0,2.0,0.0,3.0,1.7999999999999998,28.0,14.0,176.0,244.0,14.0,16.0,6.0,26.0,384.0,56.0,28.0,22.0,282.0,10.0,4.0,4.0,4.0,22.0,8.0,0.0,0.0,16.0,0.0,0.0,32.0,13000000.0,153.0,27.0,185.0,128,20,True,False,False,True
26.0,1628.0,6.0,4.0,5.8,3.5999999999999996,40.0,18.0,472.0,652.0,38.0,46.0,16.0,70.0,882.0,70.0,34.0,24.0,630.0,10.0,4.0,18.0,12.0,54.0,16.0,2.0,0.0,8.0,0.0,2.0,74.0,5000000.0,14.0,2.0,183.0,25,21,True,False,False,True
23.0,414.0,3.0,0.0,0.3,0.6,8.0,4.0,50.0,72.0,7.0,2.0,0.0,8.0,128.0,12.0,5.0,15.0,91.0,7.0,0.0,10.0,3.0,15.0,3.0,2.0,0.0,10.0,0.0,0.0,3.0,2000000.0,322.0,35.0,189.0,85,9,True,False,False,True
26.0,412.0,1.0,1.0,1.9,0.7,8.0,4.0,93.0,144.0,6.0,1.0,0.0,11.0,213.0,8.0,5.0,2.0,131.0,4.0,0.0,1.0,5.0,17.0,4.0,0.0,0.0,4.0,0.0,0.0,19.0,900000.0,0.0,0.0,185.0,489,10,False,True,False,False
24.0,412.0,0.0,0.0,0.5,0.5,5.0,2.0,220.0,246.0,2.0,0.0,0.0,7.0,304.0,0.0,1.0,1.0,197.0,12.0,5.0,0.0,25.0,14.0,17.0,1.0,0.0,5.0,0.0,0.0,0.0,42000000.0,446.0,59.0,193.0,43,7,False,False,True,False
21.0,407.0,0.0,0.0,0.1,0.0,2.0,0.0,98.0,130.0,0.0,0.0,0.0,10.0,183.0,1.0,1.0,6.0,92.0,8.0,2.0,4.0,12.0,22.0,5.0,1.0,0.0,6.0,0.0,1.0,2.0,3000000.0,139.0,19.0,181.0,563,10,False,True,False,True
20.0,406.0,0.0,0.0,0.1,0.0,4.0,0.0,184.0,227.0,1.0,3.0,3.0,17.0,265.0,12.0,2.0,6.0,186.0,4.0,2.0,5.0,7.0,20.0,14.0,1.0,0.0,6.0,1.0,2.0,7.0,5000000.0,3.0,1.0,190.0,94,9,False,False,False,False
30.0,404.0,0.0,0.0,0.4,0.2,4.0,1.0,54.0,90.0,1.0,0.0,0.0,4.0,129.0,3.0,1.0,5.0,94.0,2.0,0.0,1.0,7.0,10.0,26.0,0.0,0.0,4.0,0.0,0.0,0.0,3000000.0,116.0,22.0,190.0,282,2,True,False,False,True
28.0,400.0,0.0,0.0,1.5,0.3,9.0,2.0,60.0,80.0,5.0,1.0,0.0,5.0,108.0,6.0,2.0,4.0,81.0,1.0,0.0,1.0,1.0,7.0,2.0,0.0,0.0,5.0,0.0,0.0,0.0,4500000.0,0.0,0.0,185.0,24,44,True,False,True,False
25.0,396.0,0.0,1.0,0.1,0.6,4.0,1.0,137.0,195.0,8.0,6.0,6.0,8.0,247.0,13.0,9.0,5.0,125.0,9.0,3.0,6.0,11.0,32.0,4.0,0.0,0.0,2.0,0.0,0.0,37.0,1500000.0,26.0,5.0,183.0,1526,35,False,False,True,False
24.0,396.0,0.0,1.0,0.5,0.9,6.0,1.0,152.0,208.0,10.0,2.0,1.0,20.0,242.0,3.0,2.0,5.0,141.0,8.0,1.0,6.0,7.0,28.0,1.0,0.0,0.0,1.0,0.0,4.0,24.0,1000000.0,9.0,1.0,179.0,107,3,False,True,True,False
19.0,814.0,0.0,2.0,1.6,1.0,12.0,2.0,160.0,210.0,4.0,0.0,0.0,14.0,310.0,6.0,0.0,8.0,196.0,14.0,4.0,8.0,22.0,32.0,10.0,0.0,0.0,10.0,0.0,0.0,4.0,4000000.0,51.0,9.0,187.0,70,9,False,True,False,True
26.0,1488.0,0.0,0.0,0.8,2.4000000000000004,12.0,0.0,716.0,932.0,20.0,22.0,2.0,106.0,1118.0,20.0,12.0,4.0,606.0,26.0,36.0,12.0,30.0,120.0,40.0,0.0,0.0,32.0,0.0,4.0,22.0,4000000.0,50.0,9.0,183.0,23,10,False,True,False,True
20.0,391.0,0.0,1.0,0.2,1.2,2.0,1.0,172.0,217.0,6.0,8.0,7.0,16.0,274.0,15.0,5.0,7.0,151.0,9.0,5.0,6.0,2.0,27.0,4.0,2.0,0.0,10.0,1.0,0.0,17.0,7000000.0,29.0,3.0,176.0,35,2,True,False,True,False
20.0,388.0,1.0,0.0,0.4,0.1,5.0,2.0,127.0,168.0,3.0,1.0,1.0,12.0,222.0,8.0,2.0,5.0,115.0,9.0,1.0,4.0,11.0,15.0,5.0,4.0,1.0,9.0,0.0,0.0,7.0,900000.0,0.0,0.0,189.0,98,2,False,False,False,True
31.0,388.0,0.0,0.0,0.1,0.0,2.0,1.0,207.0,248.0,0.0,1.0,0.0,18.0,296.0,3.0,6.0,1.0,172.0,13.0,4.0,3.0,11.0,19.0,4.0,1.0,0.0,6.0,0.0,1.0,3.0,4500000.0,145.0,22.0,175.0,46,6,False,False,False,True
28.0,387.0,0.0,0.0,0.4,0.3,10.0,1.0,124.0,182.0,6.0,9.0,7.0,21.0,244.0,5.0,7.0,6.0,113.0,14.0,2.0,4.0,5.0,18.0,7.0,0.0,0.0,6.0,0.0,0.0,28.0,1000000.0,63.0,5.0,185.0,85,2,False,False,False,True
24.0,386.0,1.0,2.0,0.6,0.5,7.0,4.0,87.0,114.0,5.0,1.0,1.0,7.0,151.0,5.0,3.0,9.0,107.0,6.0,1.0,3.0,6.0,16.0,2.0,0.0,0.0,0.0,0.0,1.0,11.0,4000000.0,175.0,21.0,175.0,65,5,False,True,False,True
31.0,383.0,0.0,2.0,0.2,1.5,9.0,3.0,164.0,201.0,8.0,9.0,0.0,32.0,242.0,3.0,3.0,5.0,163.0,12.0,1.0,4.0,4.0,16.0,7.0,2.0,0.0,9.0,1.0,0.0,3.0,2500000.0,285.0,35.0,181.0,266,25,False,True,True,False
21.0,383.0,1.0,0.0,0.6,0.4,8.0,3.0,220.0,252.0,7.0,5.0,0.0,18.0,305.0,18.0,4.0,8.0,232.0,10.0,4.0,9.0,7.0,19.0,4.0,2.0,0.0,4.0,2.0,1.0,6.0,5000000.0,249.0,39.0,179.0,51,2,False,True,True,False
29.0,382.0,0.0,0.0,0.2,0.1,3.0,0.0,361.0,374.0,1.0,0.0,0.0,20.0,417.0,3.0,0.0,0.0,309.0,7.0,3.0,0.0,16.0,25.0,7.0,1.0,0.0,4.0,0.0,0.0,0.0,15000000.0,84.0,17.0,188.0,113,41,False,False,False,True
24.0,382.0,0.0,0.0,0.2,1.3,4.0,0.0,162.0,235.0,9.0,4.0,2.0,15.0,295.0,17.0,7.0,4.0,175.0,13.0,7.0,10.0,15.0,24.0,3.0,1.0,0.0,5.0,0.0,2.0,23.0,3500000.0,5.0,1.0,180.0,35,2,False,False,True,False
27.0,382.0,0.0,1.0,0.6,0.3,9.0,3.0,194.0,233.0,6.0,7.0,3.0,27.0,292.0,10.0,5.0,1.0,193.0,10.0,6.0,3.0,5.0,24.0,0.0,1.0,0.0,4.0,0.0,2.0,9.0,3500000.0,61.0,7.0,185.0,71,10,False,True,False,True
19.0,379.0,1.0,0.0,0.3,0.4,4.0,1.0,173.0,206.0,1.0,1.0,0.0,10.0,298.0,1.0,0.0,0.0,151.0,10.0,9.0,2.0,53.0,9.0,7.0,0.0,0.0,7.0,0.0,0.0,0.0,2000000.0,3.0,0.0,186.0,71,9,False,False,True,False
23.0,379.0,0.0,0.0,0.1,0.0,1.0,1.0,190.0,236.0,1.0,1.0,0.0,14.0,268.0,5.0,1.0,2.0,163.0,5.0,4.0,4.0,14.0,17.0,10.0,3.0,1.0,5.0,0.0,0.0,5.0,4500000.0,46.0,7.0,180.0,80,4,False,False,False,True
30.0,378.0,2.0,0.0,3.3,0.6,15.0,8.0,84.0,141.0,7.0,5.0,0.0,12.0,221.0,2.0,1.0,10.0,148.0,10.0,0.0,8.0,14.0,16.0,27.0,1.0,0.0,8.0,2.0,1.0,2.0,5000000.0,116.0,17.0,192.0,207,21,True,False,False,True
20.0,375.0,0.0,1.0,0.1,0.4,3.0,1.0,110.0,133.0,3.0,0.0,0.0,13.0,169.0,3.0,4.0,7.0,102.0,9.0,3.0,1.0,6.0,13.0,0.0,3.0,0.0,6.0,1.0,1.0,8.0,6000000.0,190.0,26.0,175.0,130,10,True,False,False,True
29.0,1014.0,4.0,4.0,3.0,2.0,38.0,14.0,224.0,316.0,16.0,14.0,2.0,28.0,482.0,24.0,2.0,20.0,326.0,6.0,2.0,24.0,10.0,34.0,26.0,2.0,0.0,8.0,4.0,8.0,8.0,4000000.0,68.0,14.0,186.0,303,6,True,False,False,True
22.0,374.0,0.0,0.0,0.6,0.3,5.0,0.0,104.0,161.0,6.0,5.0,3.0,10.0,225.0,10.0,6.0,5.0,111.0,8.0,4.0,5.0,14.0,19.0,5.0,0.0,0.0,6.0,2.0,1.0,17.0,1000000.0,0.0,0.0,183.0,357,5,False,False,False,True
24.0,373.0,0.0,0.0,0.7,0.3,9.0,3.0,62.0,82.0,5.0,2.0,0.0,9.0,132.0,12.0,7.0,9.0,96.0,3.0,1.0,4.0,0.0,11.0,2.0,0.0,0.0,2.0,0.0,0.0,4.0,1500000.0,189.0,11.0,192.0,211,2,True,False,False,True
23.0,372.0,0.0,0.0,0.5,0.1,3.0,3.0,45.0,91.0,3.0,6.0,0.0,10.0,139.0,4.0,2.0,2.0,99.0,6.0,2.0,4.0,7.0,13.0,17.0,2.0,0.0,5.0,3.0,1.0,1.0,1200000.0,15.0,3.0,189.0,60,21,True,False,False,True
21.0,371.0,1.0,2.0,1.8,1.1,17.0,4.0,240.0,292.0,10.0,6.0,0.0,44.0,339.0,10.0,4.0,4.0,253.0,5.0,1.0,4.0,3.0,15.0,1.0,1.0,0.0,0.0,0.0,3.0,12.0,30000000.0,72.0,18.0,170.0,77,4,False,True,True,False
27.0,370.0,0.0,1.0,0.5,0.2,11.0,3.0,92.0,158.0,4.0,3.0,3.0,9.0,231.0,7.0,1.0,5.0,164.0,11.0,5.0,10.0,5.0,20.0,4.0,3.0,0.0,12.0,1.0,1.0,18.0,1000000.0,98.0,8.0,177.0,110,3,True,False,False,True
32.0,370.0,0.0,0.0,0.4,0.1,6.0,1.0,40.0,53.0,3.0,0.0,0.0,4.0,95.0,5.0,1.0,12.0,60.0,2.0,1.0,4.0,1.0,11.0,2.0,1.0,0.0,4.0,1.0,1.0,2.0,8000000.0,352.0,57.0,180.0,55,4,True,False,False,True
17.0,366.0,0.0,1.0,0.2,0.3,3.0,0.0,67.0,96.0,3.0,5.0,1.0,9.0,142.0,12.0,2.0,7.0,107.0,2.0,1.0,5.0,4.0,11.0,1.0,0.0,0.0,3.0,2.0,0.0,16.0,18000000.0,63.0,14.0,180.0,808,4,True,False,False,True
24.0,364.0,0.0,0.0,0.1,0.0,2.0,1.0,154.0,188.0,2.0,4.0,1.0,15.0,228.0,0.0,1.0,3.0,146.0,11.0,5.0,1.0,9.0,21.0,5.0,2.0,0.0,6.0,0.0,1.0,1.0,2500000.0,0.0,0.0,178.0,110,3,False,True,False,True
29.0,364.0,1.0,1.0,0.5,0.7,7.0,2.0,191.0,225.0,8.0,5.0,0.0,17.0,263.0,1.0,1.0,2.0,192.0,9.0,2.0,6.0,5.0,20.0,1.0,2.0,0.0,10.0,0.0,1.0,4.0,3500000.0,7.0,2.0,178.0,50,10,False,True,False,True
18.0,363.0,1.0,0.0,2.5,0.5,24.0,6.0,59.0,75.0,4.0,2.0,0.0,8.0,127.0,12.0,4.0,3.0,103.0,1.0,4.0,0.0,1.0,7.0,6.0,1.0,0.0,10.0,1.0,0.0,2.0,35000000.0,62.0,7.0,173.0,3,5,True,False,True,False
33.0,362.0,0.0,0.0,2.4,0.1,11.0,3.0,56.0,84.0,5.0,3.0,1.0,3.0,130.0,2.0,0.0,5.0,96.0,5.0,1.0,5.0,2.0,7.0,6.0,1.0,0.0,9.0,0.0,0.0,4.0,500000.0,0.0,0.0,185.0,880,3,True,False,True,False
25.0,362.0,0.0,0.0,0.0,0.0,0.0,0.0,224.0,247.0,0.0,0.0,0.0,9.0,303.0,1.0,1.0,1.0,202.0,4.0,2.0,0.0,35.0,14.0,7.0,0.0,0.0,1.0,0.0,1.0,0.0,600000.0,0.0,0.0,193.0,70,27,False,False,False,True
19.0,361.0,1.0,1.0,0.7,0.2,10.0,3.0,51.0,78.0,3.0,2.0,1.0,2.0,149.0,8.0,7.0,10.0,110.0,3.0,1.0,2.0,2.0,12.0,1.0,1.0,0.0,4.0,1.0,0.0,12.0,600000.0,100.0,17.0,182.0,363,2,False,True,False,False
23.0,358.0,1.0,1.0,0.6,0.6,13.0,4.0,88.0,129.0,6.0,2.0,2.0,7.0,186.0,15.0,9.0,6.0,138.0,4.0,2.0,7.0,0.0,20.0,1.0,0.0,0.0,6.0,0.0,1.0,15.0,3000000.0,80.0,12.0,186.0,322,8,True,False,False,True
23.0,1388.0,2.0,0.0,3.2,1.2,16.0,6.0,406.0,540.0,22.0,22.0,6.0,62.0,684.0,36.0,8.0,16.0,506.0,26.0,8.0,20.0,20.0,54.0,10.0,4.0,0.0,8.0,0.0,2.0,18.0,1500000.0,0.0,0.0,175.0,66,3,True,False,False,True
25.0,358.0,0.0,0.0,0.7,0.2,6.0,3.0,76.0,118.0,3.0,2.0,1.0,8.0,156.0,6.0,3.0,0.0,80.0,2.0,3.0,3.0,8.0,9.0,13.0,2.0,1.0,5.0,2.0,2.0,7.0,2500000.0,160.0,25.0,183.0,563,26,True,False,True,False
19.0,357.0,0.0,0.0,0.1,0.0,2.0,2.0,153.0,180.0,1.0,2.0,0.0,16.0,223.0,2.0,0.0,5.0,143.0,17.0,1.0,3.0,9.0,10.0,2.0,2.0,0.0,8.0,0.0,0.0,1.0,3000000.0,16.0,4.0,186.0,130,10,False,False,False,True
21.0,357.0,0.0,1.0,0.6,0.2,7.0,0.0,176.0,212.0,2.0,1.0,0.0,8.0,276.0,8.0,4.0,0.0,170.0,14.0,4.0,4.0,14.0,23.0,5.0,3.0,0.0,8.0,0.0,1.0,2.0,10000000.0,0.0,0.0,186.0,13,6,False,False,False,True
27.0,356.0,2.0,1.0,1.0,0.4,9.0,5.0,167.0,191.0,7.0,5.0,0.0,14.0,218.0,10.0,2.0,2.0,178.0,2.0,0.0,0.0,3.0,11.0,0.0,1.0,0.0,1.0,1.0,1.0,5.0,150000.0,106.0,18.0,173.0,10,10,False,True,False,True
29.0,924.0,0.0,0.0,1.6,0.0,14.0,0.0,222.0,310.0,6.0,8.0,2.0,24.0,430.0,10.0,6.0,12.0,300.0,14.0,4.0,4.0,22.0,30.0,38.0,0.0,0.0,10.0,0.0,2.0,10.0,700000.0,18.0,2.0,188.0,95,13,True,False,True,False
31.0,356.0,0.0,0.0,0.0,0.1,0.0,0.0,196.0,223.0,1.0,3.0,1.0,9.0,279.0,3.0,2.0,1.0,172.0,7.0,5.0,3.0,31.0,10.0,6.0,1.0,0.0,2.0,0.0,1.0,9.0,2200000.0,171.0,28.0,183.0,198,4,False,False,True,False
23.0,356.0,2.0,1.0,1.6,1.1,14.0,4.0,75.0,96.0,7.0,4.0,0.0,7.0,137.0,6.0,3.0,2.0,110.0,4.0,0.0,3.0,1.0,8.0,19.0,0.0,0.0,9.0,0.0,2.0,0.0,15000000.0,312.0,60.0,185.0,25,40,False,True,False,False
25.0,1398.0,4.0,4.0,3.0,1.4,40.0,16.0,274.0,352.0,24.0,12.0,0.0,36.0,568.0,30.0,24.0,48.0,526.0,6.0,2.0,10.0,4.0,44.0,14.0,12.0,2.0,40.0,10.0,2.0,16.0,12000000.0,161.0,15.0,190.0,36,9,True,False,True,False
22.0,800.0,0.0,0.0,0.6,0.0,4.0,2.0,244.0,340.0,0.0,0.0,0.0,22.0,448.0,4.0,0.0,0.0,224.0,18.0,4.0,4.0,56.0,38.0,28.0,4.0,0.0,18.0,0.0,2.0,0.0,2000000.0,29.0,2.0,190.0,95,9,False,False,False,True
20.0,352.0,0.0,0.0,1.2,0.4,9.0,2.0,128.0,155.0,6.0,8.0,4.0,24.0,200.0,14.0,2.0,5.0,158.0,2.0,1.0,2.0,0.0,10.0,0.0,0.0,1.0,3.0,1.0,3.0,15.0,800000.0,0.0,0.0,170.0,90,6,True,False,False,True
25.0,351.0,0.0,0.0,0.0,0.0,1.0,0.0,145.0,173.0,0.0,0.0,0.0,10.0,214.0,0.0,2.0,0.0,133.0,6.0,2.0,0.0,26.0,10.0,6.0,0.0,0.0,2.0,0.0,0.0,1.0,5000000.0,31.0,3.0,190.0,416,3,False,False,True,False
28.0,351.0,1.0,0.0,0.7,0.0,3.0,1.0,226.0,255.0,1.0,0.0,0.0,14.0,316.0,3.0,2.0,1.0,208.0,12.0,3.0,1.0,25.0,13.0,12.0,1.0,0.0,8.0,0.0,1.0,0.0,7000000.0,42.0,10.0,183.0,94,1,False,False,False,True
24.0,350.0,2.0,0.0,2.7,0.2,10.0,2.0,47.0,81.0,4.0,0.0,0.0,7.0,140.0,5.0,3.0,6.0,96.0,4.0,1.0,6.0,3.0,13.0,9.0,0.0,0.0,8.0,0.0,0.0,1.0,1500000.0,60.0,7.0,195.0,60,10,True,False,True,False
22.0,349.0,3.0,0.0,2.8,0.5,12.0,4.0,100.0,125.0,3.0,2.0,0.0,7.0,168.0,7.0,2.0,1.0,122.0,5.0,2.0,4.0,1.0,8.0,2.0,1.0,0.0,6.0,0.0,0.0,8.0,20000000.0,0.0,0.0,180.0,2,4,False,True,True,False
29.0,349.0,0.0,0.0,0.0,0.7,1.0,0.0,249.0,290.0,5.0,3.0,1.0,24.0,317.0,7.0,0.0,0.0,248.0,4.0,2.0,6.0,7.0,9.0,3.0,1.0,0.0,3.0,0.0,0.0,11.0,12000000.0,533.0,110.0,178.0,41,4,False,False,True,False
30.0,347.0,1.0,0.0,3.2,0.0,22.0,7.0,69.0,110.0,1.0,1.0,0.0,11.0,164.0,8.0,1.0,5.0,129.0,4.0,1.0,6.0,5.0,8.0,26.0,2.0,0.0,9.0,0.0,0.0,3.0,2000000.0,7.0,2.0,189.0,336,2,False,True,False,True
29.0,347.0,0.0,0.0,0.8,0.0,12.0,1.0,53.0,63.0,1.0,1.0,0.0,4.0,112.0,11.0,7.0,10.0,77.0,7.0,1.0,1.0,0.0,7.0,4.0,1.0,0.0,11.0,0.0,0.0,2.0,700000.0,413.0,52.0,175.0,498,17,False,True,False,True
23.0,347.0,0.0,1.0,0.1,0.4,1.0,0.0,130.0,176.0,4.0,5.0,3.0,13.0,215.0,6.0,9.0,2.0,117.0,11.0,2.0,0.0,7.0,12.0,1.0,1.0,0.0,6.0,0.0,0.0,14.0,15000000.0,186.0,26.0,189.0,135,35,False,False,False,True
17.0,346.0,0.0,0.0,0.1,0.0,3.0,0.0,149.0,181.0,1.0,0.0,0.0,7.0,250.0,9.0,3.0,5.0,124.0,6.0,2.0,3.0,11.0,26.0,7.0,0.0,0.0,2.0,0.0,0.0,9.0,5000000.0,0.0,0.0,181.0,41,4,False,False,True,False
27.0,345.0,2.0,1.0,2.7,0.4,20.0,7.0,63.0,99.0,4.0,4.0,0.0,12.0,172.0,4.0,1.0,13.0,133.0,1.0,0.0,6.0,6.0,16.0,24.0,2.0,0.0,6.0,1.0,1.0,4.0,10000000.0,597.0,75.0,187.0,267,35,True,False,False,True
24.0,343.0,0.0,0.0,0.0,0.0,1.0,1.0,112.0,123.0,0.0,0.0,0.0,11.0,167.0,2.0,0.0,3.0,106.0,9.0,2.0,2.0,12.0,17.0,1.0,1.0,0.0,8.0,0.0,1.0,0.0,400000.0,0.0,0.0,195.0,1526,2,False,True,False,True
30.0,342.0,0.0,0.0,0.0,0.1,1.0,0.0,124.0,158.0,1.0,1.0,0.0,8.0,199.0,5.0,0.0,2.0,98.0,4.0,2.0,4.0,16.0,19.0,8.0,2.0,0.0,5.0,0.0,0.0,2.0,2000000.0,67.0,13.0,184.0,43,27,False,False,False,True
16.0,340.0,1.0,1.0,1.8,1.1,12.0,7.0,128.0,148.0,3.0,3.0,0.0,9.0,198.0,15.0,5.0,11.0,170.0,4.0,2.0,2.0,2.0,10.0,2.0,0.0,0.0,6.0,0.0,1.0,5.0,3000000.0,29.0,0.0,175.0,12,2,True,False,False,True
29.0,335.0,0.0,0.0,0.2,0.0,4.0,0.0,45.0,70.0,1.0,0.0,0.0,1.0,100.0,2.0,2.0,4.0,74.0,2.0,1.0,2.0,2.0,7.0,7.0,1.0,0.0,6.0,0.0,0.0,1.0,1000000.0,148.0,20.0,190.0,70,9,True,False,True,False
31.0,335.0,0.0,1.0,0.0,0.7,1.0,0.0,80.0,127.0,4.0,2.0,2.0,8.0,172.0,2.0,0.0,2.0,75.0,11.0,4.0,3.0,16.0,8.0,6.0,1.0,0.0,2.0,0.0,1.0,12.0,800000.0,29.0,4.0,183.0,80,4,False,False,True,False
19.0,335.0,2.0,1.0,1.3,0.4,11.0,3.0,108.0,143.0,3.0,3.0,0.0,10.0,209.0,7.0,6.0,9.0,129.0,8.0,4.0,3.0,7.0,14.0,9.0,2.0,0.0,7.0,2.0,0.0,5.0,8000000.0,0.0,0.0,182.0,53,20,False,True,False,True
23.0,334.0,0.0,0.0,0.0,0.0,0.0,0.0,273.0,304.0,0.0,1.0,0.0,17.0,336.0,3.0,0.0,0.0,247.0,9.0,6.0,0.0,12.0,18.0,8.0,0.0,0.0,6.0,0.0,1.0,0.0,22000000.0,271.0,33.0,194.0,8,2,False,False,True,False
23.0,334.0,0.0,0.0,0.1,0.2,4.0,0.0,53.0,73.0,4.0,0.0,0.0,2.0,127.0,12.0,8.0,13.0,94.0,3.0,1.0,1.0,4.0,9.0,18.0,1.0,0.0,6.0,0.0,1.0,1.0,12000000.0,192.0,36.0,191.0,50,4,True,False,False,True
26.0,746.0,2.0,2.0,2.4,2.0,28.0,8.0,90.0,130.0,6.0,4.0,0.0,14.0,222.0,8.0,6.0,12.0,166.0,8.0,0.0,0.0,6.0,22.0,6.0,4.0,0.0,14.0,0.0,2.0,8.0,3500000.0,356.0,37.0,188.0,130,10,True,False,False,True
27.0,333.0,1.0,1.0,0.8,1.0,8.0,1.0,44.0,69.0,1.0,4.0,0.0,7.0,116.0,4.0,2.0,5.0,75.0,2.0,1.0,1.0,7.0,7.0,22.0,2.0,0.0,11.0,2.0,0.0,2.0,1200000.0,0.0,0.0,182.0,741,3,True,False,True,False
30.0,329.0,1.0,0.0,0.7,0.0,5.0,1.0,210.0,244.0,1.0,2.0,0.0,23.0,277.0,2.0,0.0,4.0,203.0,4.0,5.0,1.0,7.0,20.0,3.0,0.0,0.0,3.0,0.0,1.0,6.0,6000000.0,276.0,44.0,187.0,75,2,False,True,True,False
18.0,696.0,4.0,0.0,1.4,1.4,20.0,14.0,228.0,264.0,12.0,12.0,2.0,24.0,362.0,24.0,10.0,8.0,248.0,12.0,6.0,6.0,4.0,30.0,0.0,2.0,0.0,8.0,2.0,0.0,16.0,4000000.0,0.0,0.0,174.0,86,4,False,False,True,False
24.0,318.0,0.0,0.0,0.2,0.1,4.0,2.0,226.0,263.0,3.0,2.0,0.0,28.0,297.0,15.0,4.0,4.0,221.0,7.0,5.0,1.0,2.0,22.0,2.0,1.0,0.0,6.0,0.0,1.0,7.0,18000000.0,122.0,19.0,173.0,27,2,False,True,False,True
21.0,318.0,0.0,0.0,0.0,0.2,2.0,0.0,174.0,201.0,3.0,8.0,5.0,15.0,256.0,26.0,5.0,6.0,168.0,9.0,2.0,5.0,10.0,15.0,0.0,0.0,0.0,1.0,0.0,0.0,18.0,7000000.0,116.0,21.0,185.0,77,3,False,True,False,True
32.0,317.0,0.0,0.0,0.0,0.1,0.0,0.0,206.0,228.0,1.0,1.0,0.0,7.0,247.0,2.0,0.0,0.0,199.0,1.0,6.0,2.0,7.0,8.0,4.0,1.0,0.0,2.0,0.0,1.0,3.0,6000000.0,516.0,94.0,180.0,3,22,False,False,True,False
27.0,315.0,0.0,1.0,0.2,1.2,4.0,1.0,74.0,114.0,10.0,8.0,7.0,4.0,167.0,22.0,7.0,5.0,111.0,5.0,3.0,8.0,4.0,10.0,5.0,3.0,0.0,9.0,2.0,2.0,37.0,1500000.0,257.0,26.0,179.0,131,3,True,False,False,True
22.0,314.0,0.0,1.0,0.9,0.9,6.0,2.0,189.0,224.0,4.0,2.0,0.0,16.0,282.0,21.0,9.0,8.0,194.0,5.0,3.0,6.0,12.0,18.0,7.0,1.0,0.0,7.0,0.0,0.0,5.0,12000000.0,126.0,19.0,180.0,51,70,False,False,False,True
18.0,313.0,1.0,0.0,0.5,0.0,3.0,2.0,168.0,191.0,1.0,4.0,0.0,17.0,235.0,2.0,1.0,1.0,163.0,14.0,2.0,4.0,5.0,16.0,6.0,0.0,0.0,3.0,0.0,1.0,0.0,22000000.0,182.0,23.0,189.0,43,4,False,True,False,True
21.0,312.0,1.0,0.0,1.1,0.0,12.0,4.0,57.0,75.0,1.0,1.0,0.0,6.0,133.0,2.0,3.0,9.0,103.0,2.0,1.0,3.0,9.0,8.0,10.0,0.0,0.0,6.0,0.0,0.0,0.0,5000000.0,67.0,11.0,194.0,35,10,True,False,False,True
21.0,310.0,3.0,1.0,0.4,0.8,6.0,4.0,180.0,220.0,8.0,4.0,1.0,17.0,254.0,5.0,2.0,6.0,190.0,5.0,3.0,4.0,5.0,15.0,1.0,0.0,0.0,4.0,1.0,1.0,13.0,6000000.0,21.0,4.0,173.0,11,3,True,False,False,True
34.0,310.0,0.0,0.0,1.4,0.1,15.0,3.0,38.0,63.0,3.0,1.0,0.0,7.0,96.0,7.0,2.0,1.0,71.0,2.0,0.0,4.0,1.0,5.0,11.0,1.0,0.0,9.0,0.0,0.0,3.0,750000.0,188.0,21.0,178.0,327,9,True,False,True,False
18.0,309.0,0.0,0.0,0.1,0.0,3.0,1.0,133.0,155.0,1.0,1.0,0.0,7.0,191.0,5.0,1.0,0.0,116.0,5.0,5.0,1.0,9.0,12.0,4.0,0.0,0.0,4.0,0.0,0.0,4.0,300000.0,116.0,10.0,182.0,393,2,False,False,False,True
25.0,309.0,2.0,0.0,0.8,0.0,3.0,3.0,88.0,99.0,1.0,2.0,1.0,5.0,133.0,2.0,1.0,3.0,90.0,8.0,0.0,1.0,1.0,19.0,1.0,1.0,0.0,3.0,0.0,0.0,3.0,2000000.0,0.0,0.0,182.0,371,3,False,True,False,True
23.0,308.0,0.0,0.0,0.7,0.8,7.0,0.0,142.0,180.0,7.0,5.0,3.0,8.0,253.0,15.0,7.0,2.0,137.0,8.0,2.0,5.0,7.0,20.0,6.0,0.0,0.0,4.0,1.0,0.0,19.0,4000000.0,5.0,1.0,180.0,303,66,True,False,False,True
30.0,306.0,0.0,0.0,0.0,0.1,1.0,1.0,77.0,103.0,2.0,1.0,0.0,8.0,131.0,10.0,2.0,2.0,94.0,6.0,1.0,2.0,9.0,10.0,2.0,0.0,1.0,1.0,0.0,1.0,12.0,2000000.0,121.0,17.0,163.0,198,35,True,False,False,True
29.0,306.0,0.0,0.0,0.0,0.7,3.0,1.0,128.0,164.0,4.0,3.0,2.0,11.0,220.0,5.0,1.0,2.0,114.0,6.0,0.0,0.0,17.0,18.0,2.0,3.0,0.0,6.0,0.0,1.0,12.0,700000.0,55.0,7.0,186.0,95,10,False,False,False,True
24.0,304.0,0.0,0.0,0.0,0.1,1.0,0.0,108.0,134.0,2.0,0.0,0.0,11.0,183.0,1.0,2.0,7.0,96.0,12.0,4.0,0.0,8.0,13.0,6.0,1.0,0.0,12.0,0.0,0.0,1.0,1800000.0,61.0,10.0,189.0,266,49,False,True,False,True
26.0,304.0,2.0,1.0,0.6,1.1,6.0,4.0,98.0,141.0,8.0,3.0,0.0,17.0,175.0,8.0,5.0,7.0,122.0,2.0,1.0,3.0,2.0,12.0,3.0,1.0,0.0,6.0,0.0,1.0,17.0,17000000.0,218.0,36.0,178.0,96,13,False,True,True,False
26.0,302.0,0.0,1.0,0.5,0.2,3.0,1.0,113.0,143.0,2.0,2.0,0.0,16.0,196.0,8.0,2.0,5.0,111.0,11.0,4.0,1.0,10.0,12.0,1.0,0.0,0.0,1.0,0.0,0.0,3.0,500000.0,0.0,0.0,187.0,107,1,False,True,False,True
19.0,300.0,1.0,0.0,0.7,0.2,6.0,4.0,58.0,80.0,3.0,4.0,2.0,6.0,131.0,13.0,9.0,6.0,92.0,7.0,1.0,4.0,0.0,9.0,1.0,1.0,0.0,14.0,0.0,0.0,7.0,5000000.0,7.0,1.0,178.0,90,27,True,False,True,False
32.0,300.0,0.0,0.0,0.0,0.1,3.0,1.0,101.0,123.0,3.0,0.0,0.0,9.0,157.0,0.0,0.0,0.0,99.0,8.0,6.0,0.0,7.0,14.0,4.0,2.0,0.0,2.0,0.0,0.0,0.0,800000.0,0.0,0.0,183.0,363,51,False,False,False,True
31.0,300.0,3.0,0.0,1.2,0.0,5.0,3.0,53.0,66.0,1.0,2.0,0.0,8.0,101.0,3.0,2.0,1.0,67.0,1.0,1.0,0.0,0.0,10.0,3.0,2.0,0.0,6.0,1.0,1.0,1.0,4000000.0,3.0,1.0,185.0,50,8,True,False,False,True
21.0,299.0,0.0,2.0,0.3,1.9,6.0,2.0,124.0,141.0,15.0,8.0,2.0,18.0,176.0,17.0,13.0,5.0,140.0,6.0,0.0,3.0,0.0,13.0,0.0,0.0,0.0,6.0,0.0,0.0,10.0,5000000.0,0.0,0.0,178.0,120,8,False,True,False,True
25.0,295.0,1.0,0.0,1.0,0.5,11.0,5.0,66.0,97.0,8.0,5.0,3.0,6.0,154.0,12.0,8.0,5.0,81.0,5.0,4.0,2.0,5.0,25.0,4.0,1.0,0.0,6.0,0.0,1.0,8.0,12000000.0,42.0,8.0,179.0,40,1,True,False,False,True
24.0,293.0,0.0,1.0,0.9,0.9,8.0,0.0,71.0,112.0,3.0,2.0,0.0,3.0,161.0,5.0,5.0,4.0,105.0,3.0,7.0,1.0,6.0,11.0,8.0,0.0,0.0,10.0,2.0,0.0,8.0,6000000.0,80.0,14.0,184.0,35,2,False,True,False,True
29.0,1088.0,0.0,0.0,1.0,0.4,10.0,0.0,790.0,902.0,4.0,6.0,2.0,68.0,1030.0,10.0,10.0,4.0,692.0,4.0,26.0,8.0,56.0,52.0,24.0,4.0,2.0,18.0,0.0,2.0,16.0,7000000.0,178.0,21.0,184.0,10,3,False,False,True,False
28.0,290.0,0.0,0.0,0.3,0.6,8.0,2.0,181.0,218.0,5.0,4.0,2.0,12.0,246.0,2.0,0.0,0.0,146.0,3.0,2.0,3.0,6.0,11.0,3.0,0.0,0.0,4.0,0.0,0.0,25.0,2000000.0,4.0,1.0,183.0,175,10,False,False,False,True
19.0,289.0,0.0,0.0,1.3,0.4,10.0,2.0,37.0,57.0,2.0,2.0,0.0,8.0,106.0,3.0,7.0,9.0,74.0,4.0,0.0,4.0,2.0,7.0,5.0,0.0,0.0,5.0,1.0,0.0,2.0,800000.0,74.0,11.0,193.0,708,2,True,False,False,True
22.0,288.0,1.0,1.0,0.9,0.8,6.0,3.0,95.0,123.0,4.0,3.0,2.0,19.0,159.0,3.0,3.0,4.0,106.0,7.0,3.0,5.0,3.0,19.0,0.0,2.0,1.0,4.0,0.0,0.0,6.0,800000.0,252.0,23.0,181.0,95,10,False,True,False,True
28.0,287.0,0.0,0.0,0.0,0.1,1.0,0.0,99.0,121.0,2.0,0.0,0.0,9.0,155.0,2.0,0.0,3.0,83.0,11.0,4.0,1.0,6.0,19.0,3.0,1.0,0.0,11.0,0.0,1.0,0.0,700000.0,295.0,33.0,178.0,85,20,False,True,False,True
32.0,284.0,1.0,2.0,2.3,1.3,14.0,5.0,63.0,92.0,6.0,1.0,0.0,5.0,139.0,6.0,4.0,6.0,96.0,4.0,1.0,4.0,4.0,9.0,8.0,0.0,0.0,0.0,1.0,1.0,3.0,6000000.0,0.0,0.0,177.0,380,4,False,True,False,True
19.0,284.0,1.0,1.0,0.6,0.7,4.0,2.0,63.0,76.0,6.0,1.0,0.0,8.0,130.0,10.0,9.0,11.0,91.0,9.0,4.0,3.0,2.0,19.0,1.0,0.0,0.0,1.0,0.0,1.0,0.0,2500000.0,78.0,15.0,171.0,24,8,False,True,False,True
21.0,283.0,2.0,0.0,0.6,0.0,5.0,2.0,159.0,180.0,1.0,1.0,0.0,12.0,209.0,2.0,1.0,3.0,155.0,9.0,0.0,0.0,1.0,13.0,9.0,1.0,0.0,2.0,0.0,0.0,0.0,7000000.0,84.0,12.0,180.0,36,77,False,True,False,True
18.0,283.0,0.0,0.0,0.2,0.3,5.0,2.0,59.0,84.0,1.0,1.0,1.0,7.0,135.0,16.0,12.0,15.0,109.0,3.0,0.0,2.0,3.0,5.0,0.0,3.0,0.0,10.0,4.0,0.0,13.0,8500000.0,323.0,67.0,173.0,23,8,True,False,False,True
22.0,281.0,1.0,1.0,0.4,0.6,2.0,1.0,34.0,60.0,2.0,1.0,0.0,6.0,90.0,1.0,1.0,1.0,59.0,2.0,0.0,3.0,7.0,12.0,3.0,1.0,0.0,9.0,3.0,0.0,1.0,4000000.0,11.0,3.0,183.0,34,13,False,True,False,True
29.0,274.0,1.0,0.0,0.2,0.2,6.0,1.0,257.0,299.0,3.0,4.0,1.0,38.0,329.0,4.0,5.0,3.0,262.0,8.0,3.0,1.0,3.0,16.0,2.0,0.0,0.0,3.0,1.0,2.0,12.0,1000000.0,206.0,32.0,168.0,70,9,False,True,False,True
21.0,273.0,0.0,0.0,0.4,0.4,5.0,2.0,171.0,218.0,3.0,9.0,4.0,11.0,257.0,12.0,2.0,0.0,171.0,9.0,4.0,4.0,11.0,16.0,0.0,1.0,0.0,3.0,0.0,1.0,11.0,800000.0,0.0,0.0,180.0,90,2,False,True,False,True
31.0,273.0,0.0,0.0,0.0,0.1,0.0,0.0,182.0,194.0,2.0,1.0,0.0,19.0,237.0,1.0,2.0,3.0,163.0,12.0,6.0,2.0,9.0,14.0,3.0,0.0,0.0,15.0,0.0,0.0,1.0,8000000.0,11.0,3.0,178.0,1,15,False,True,False,True
35.0,273.0,0.0,0.0,0.9,0.1,7.0,3.0,181.0,200.0,2.0,1.0,0.0,16.0,237.0,2.0,2.0,2.0,169.0,8.0,2.0,0.0,10.0,14.0,3.0,2.0,0.0,6.0,0.0,0.0,1.0,800000.0,197.0,32.0,182.0,83,3,False,True,False,True
30.0,273.0,0.0,0.0,0.0,0.3,0.0,0.0,91.0,132.0,5.0,2.0,0.0,14.0,160.0,3.0,1.0,2.0,95.0,8.0,8.0,7.0,7.0,12.0,4.0,1.0,0.0,4.0,0.0,0.0,6.0,800000.0,63.0,11.0,166.0,66,1,True,False,True,False
21.0,272.0,0.0,0.0,0.1,0.0,4.0,0.0,165.0,195.0,0.0,2.0,0.0,20.0,228.0,5.0,5.0,0.0,171.0,8.0,4.0,3.0,7.0,13.0,8.0,2.0,0.0,7.0,0.0,0.0,0.0,35000000.0,375.0,58.0,194.0,36,9,False,False,False,True
26.0,271.0,0.0,0.0,0.3,0.5,4.0,2.0,105.0,138.0,3.0,3.0,2.0,10.0,170.0,5.0,2.0,1.0,95.0,3.0,1.0,6.0,6.0,11.0,3.0,2.0,0.0,4.0,1.0,0.0,5.0,1500000.0,331.0,34.0,182.0,286,35,False,False,False,True
25.0,271.0,1.0,2.0,1.3,0.9,9.0,4.0,33.0,55.0,7.0,2.0,0.0,7.0,111.0,6.0,2.0,4.0,64.0,4.0,0.0,4.0,9.0,12.0,9.0,1.0,0.0,13.0,2.0,0.0,2.0,1300000.0,294.0,41.0,188.0,85,2,True,False,False,True
16.0,270.0,0.0,0.0,0.5,0.1,3.0,1.0,51.0,76.0,2.0,0.0,0.0,3.0,106.0,3.0,0.0,2.0,50.0,7.0,1.0,3.0,9.0,14.0,5.0,0.0,0.0,2.0,1.0,0.0,4.0,5000000.0,145.0,20.0,184.0,266,9,False,True,True,False
30.0,270.0,0.0,0.0,0.0,0.0,0.0,0.0,85.0,100.0,0.0,0.0,0.0,1.0,127.0,0.0,0.0,0.0,64.0,6.0,4.0,0.0,14.0,9.0,5.0,0.0,0.0,2.0,0.0,0.0,0.0,1200000.0,146.0,20.0,194.0,393,2,False,False,False,True
24.0,270.0,0.0,0.0,0.5,0.0,5.0,2.0,156.0,190.0,1.0,3.0,0.0,11.0,225.0,2.0,1.0,1.0,164.0,9.0,4.0,5.0,6.0,7.0,4.0,1.0,0.0,2.0,0.0,0.0,2.0,3500000.0,91.0,15.0,186.0,175,10,False,True,False,False
22.0,268.0,0.0,0.0,0.1,0.0,2.0,0.0,128.0,146.0,0.0,0.0,0.0,18.0,175.0,2.0,1.0,2.0,112.0,10.0,2.0,1.0,4.0,8.0,1.0,3.0,1.0,10.0,1.0,0.0,0.0,1400000.0,0.0,0.0,174.0,90,22,False,True,False,True
20.0,267.0,0.0,0.0,0.8,0.1,9.0,3.0,91.0,121.0,1.0,0.0,0.0,10.0,182.0,3.0,1.0,8.0,103.0,10.0,2.0,3.0,8.0,24.0,5.0,1.0,0.0,5.0,0.0,1.0,3.0,1000000.0,91.0,7.0,195.0,165,10,False,True,False,True
20.0,266.0,0.0,1.0,0.0,0.7,1.0,0.0,97.0,123.0,2.0,3.0,2.0,7.0,149.0,3.0,0.0,4.0,90.0,1.0,4.0,4.0,5.0,17.0,0.0,1.0,0.0,2.0,1.0,1.0,7.0,8000000.0,112.0,15.0,180.0,991,11,False,True,True,False
28.0,265.0,0.0,0.0,0.0,0.2,0.0,0.0,111.0,142.0,3.0,7.0,4.0,15.0,184.0,10.0,2.0,2.0,105.0,8.0,2.0,3.0,17.0,8.0,6.0,0.0,0.0,2.0,1.0,0.0,11.0,1800000.0,202.0,24.0,182.0,138,2,False,False,False,True
26.0,264.0,0.0,1.0,0.2,1.1,1.0,0.0,127.0,152.0,3.0,3.0,0.0,14.0,184.0,5.0,2.0,3.0,138.0,8.0,2.0,2.0,9.0,9.0,0.0,0.0,0.0,4.0,0.0,1.0,2.0,20000000.0,23.0,5.0,176.0,135,4,True,False,True,False
22.0,263.0,0.0,0.0,0.0,0.0,2.0,0.0,36.0,61.0,1.0,2.0,0.0,6.0,87.0,2.0,2.0,1.0,36.0,6.0,0.0,3.0,5.0,8.0,10.0,1.0,0.0,7.0,0.0,1.0,0.0,700000.0,0.0,0.0,192.0,109,2,False,True,False,True
30.0,262.0,0.0,0.0,0.2,0.1,6.0,2.0,153.0,185.0,3.0,6.0,0.0,24.0,215.0,7.0,3.0,2.0,147.0,4.0,3.0,2.0,7.0,14.0,3.0,2.0,0.0,5.0,1.0,0.0,7.0,1500000.0,85.0,18.0,178.0,1389,55,False,True,False,True
25.0,666.0,0.0,0.0,0.0,1.0,0.0,0.0,302.0,404.0,4.0,10.0,4.0,44.0,450.0,30.0,2.0,2.0,306.0,20.0,2.0,10.0,18.0,24.0,2.0,6.0,0.0,12.0,0.0,0.0,34.0,900000.0,58.0,8.0,182.0,90,9,False,False,True,False
28.0,261.0,1.0,0.0,0.3,0.1,4.0,3.0,119.0,130.0,1.0,0.0,0.0,5.0,167.0,1.0,1.0,1.0,108.0,6.0,2.0,0.0,23.0,5.0,7.0,0.0,0.0,1.0,0.0,0.0,0.0,300000.0,0.0,0.0,186.0,24,53,False,False,False,True
33.0,260.0,0.0,0.0,0.2,0.1,1.0,0.0,65.0,95.0,2.0,3.0,3.0,3.0,136.0,2.0,0.0,0.0,66.0,10.0,2.0,2.0,12.0,9.0,1.0,1.0,0.0,7.0,0.0,0.0,12.0,800000.0,58.0,9.0,180.0,88,9,False,False,False,True
28.0,259.0,1.0,0.0,0.2,0.8,5.0,3.0,92.0,125.0,5.0,3.0,0.0,8.0,175.0,5.0,2.0,2.0,68.0,7.0,6.0,4.0,16.0,20.0,3.0,1.0,0.0,2.0,0.0,0.0,7.0,15000000.0,165.0,35.0,180.0,56,4,False,False,True,False
27.0,259.0,1.0,0.0,0.4,1.4,2.0,1.0,145.0,173.0,8.0,5.0,2.0,15.0,199.0,8.0,2.0,0.0,143.0,7.0,3.0,2.0,9.0,6.0,5.0,0.0,0.0,1.0,0.0,0.0,14.0,9000000.0,263.0,45.0,180.0,22,35,False,False,True,False
28.0,254.0,0.0,0.0,0.0,0.0,1.0,0.0,202.0,220.0,1.0,0.0,0.0,15.0,246.0,1.0,0.0,0.0,181.0,6.0,4.0,2.0,9.0,14.0,11.0,3.0,0.0,5.0,0.0,0.0,0.0,12000000.0,246.0,46.0,187.0,11,21,False,False,False,True
21.0,253.0,0.0,0.0,0.2,0.0,1.0,0.0,194.0,212.0,0.0,1.0,0.0,18.0,227.0,5.0,0.0,0.0,182.0,3.0,3.0,1.0,4.0,11.0,4.0,0.0,0.0,4.0,0.0,0.0,1.0,6000000.0,27.0,5.0,187.0,175,20,False,False,False,True
21.0,253.0,1.0,0.0,0.6,0.9,8.0,2.0,96.0,122.0,7.0,6.0,0.0,18.0,169.0,15.0,7.0,7.0,119.0,7.0,1.0,5.0,1.0,12.0,6.0,1.0,0.0,4.0,0.0,0.0,1.0,18000000.0,243.0,49.0,188.0,23,4,False,True,False,True
21.0,252.0,0.0,0.0,0.1,0.0,1.0,0.0,91.0,101.0,1.0,0.0,0.0,3.0,126.0,0.0,0.0,1.0,82.0,4.0,0.0,1.0,18.0,6.0,4.0,1.0,0.0,1.0,0.0,1.0,0.0,400000.0,0.0,0.0,197.0,393,2,False,False,False,True
25.0,250.0,1.0,0.0,0.4,0.4,1.0,1.0,183.0,211.0,3.0,3.0,1.0,18.0,245.0,3.0,1.0,1.0,175.0,2.0,6.0,3.0,15.0,13.0,5.0,1.0,0.0,2.0,0.0,0.0,2.0,25000000.0,451.0,71.0,188.0,4,15,False,False,True,False
30.0,247.0,0.0,0.0,1.1,0.3,10.0,2.0,32.0,53.0,4.0,2.0,1.0,3.0,84.0,0.0,0.0,0.0,48.0,2.0,0.0,4.0,4.0,9.0,3.0,1.0,0.0,2.0,1.0,0.0,3.0,500000.0,0.0,0.0,185.0,60,10,True,False,False,True
20.0,804.0,2.0,0.0,2.2,1.4,24.0,6.0,142.0,190.0,10.0,0.0,0.0,4.0,308.0,6.0,8.0,22.0,188.0,14.0,2.0,2.0,10.0,36.0,18.0,0.0,0.0,8.0,0.0,4.0,0.0,25000000.0,204.0,24.0,188.0,30,4,True,False,False,True
28.0,636.0,4.0,2.0,2.4,1.2,12.0,6.0,132.0,186.0,10.0,6.0,4.0,8.0,262.0,18.0,6.0,6.0,190.0,14.0,4.0,10.0,8.0,32.0,8.0,2.0,0.0,0.0,0.0,0.0,22.0,8000000.0,90.0,12.0,179.0,266,2,False,True,True,False
17.0,242.0,0.0,0.0,0.1,0.0,2.0,1.0,148.0,160.0,1.0,0.0,0.0,8.0,184.0,0.0,2.0,2.0,137.0,8.0,1.0,2.0,4.0,9.0,1.0,2.0,0.0,4.0,0.0,0.0,0.0,5000000.0,308.0,58.0,193.0,11,3,False,True,True,False
33.0,242.0,0.0,0.0,0.3,0.3,6.0,2.0,83.0,106.0,6.0,3.0,1.0,9.0,125.0,3.0,2.0,1.0,84.0,2.0,1.0,4.0,4.0,13.0,1.0,1.0,0.0,2.0,0.0,1.0,13.0,1200000.0,53.0,3.0,175.0,138,2,False,True,False,True
19.0,241.0,2.0,0.0,1.0,0.1,10.0,5.0,47.0,68.0,2.0,4.0,1.0,4.0,105.0,3.0,3.0,6.0,68.0,1.0,1.0,5.0,4.0,10.0,4.0,1.0,0.0,13.0,0.0,0.0,5.0,700000.0,0.0,0.0,0.0,25,3,True,False,False,True
25.0,241.0,0.0,0.0,0.4,0.3,7.0,0.0,59.0,77.0,5.0,1.0,1.0,9.0,112.0,5.0,5.0,3.0,84.0,1.0,4.0,1.0,2.0,7.0,4.0,1.0,0.0,2.0,0.0,0.0,3.0,2000000.0,287.0,31.0,176.0,467,44,False,True,False,True
20.0,239.0,0.0,0.0,0.1,0.0,2.0,0.0,60.0,91.0,1.0,3.0,1.0,8.0,121.0,10.0,7.0,4.0,85.0,8.0,1.0,9.0,2.0,11.0,1.0,2.0,0.0,2.0,0.0,0.0,9.0,8000000.0,16.0,3.0,169.0,74,6,True,False,True,False
27.0,238.0,0.0,0.0,0.0,0.1,0.0,0.0,32.0,43.0,2.0,0.0,0.0,0.0,70.0,7.0,1.0,2.0,43.0,7.0,1.0,5.0,3.0,6.0,1.0,0.0,0.0,2.0,1.0,0.0,4.0,7000000.0,267.0,44.0,181.0,380,44,True,False,False,True
21.0,237.0,0.0,0.0,0.5,0.2,1.0,0.0,53.0,69.0,2.0,2.0,2.0,2.0,100.0,7.0,3.0,2.0,47.0,8.0,0.0,3.0,6.0,9.0,1.0,0.0,0.0,1.0,0.0,0.0,7.0,1500000.0,137.0,8.0,182.0,70,3,False,False,False,True
25.0,236.0,1.0,1.0,1.2,1.4,13.0,6.0,73.0,93.0,9.0,2.0,2.0,6.0,155.0,19.0,8.0,3.0,102.0,7.0,1.0,4.0,8.0,17.0,3.0,0.0,0.0,4.0,0.0,1.0,7.0,15000000.0,307.0,37.0,172.0,45,12,False,True,False,True
22.0,236.0,0.0,0.0,0.0,0.0,1.0,0.0,68.0,91.0,0.0,3.0,0.0,8.0,136.0,1.0,2.0,4.0,74.0,11.0,2.0,3.0,10.0,13.0,5.0,1.0,0.0,7.0,0.0,1.0,0.0,2500000.0,66.0,11.0,202.0,303,2,False,True,False,True
30.0,235.0,3.0,0.0,1.5,0.1,9.0,4.0,83.0,106.0,1.0,3.0,1.0,13.0,145.0,5.0,2.0,2.0,106.0,6.0,4.0,2.0,2.0,10.0,1.0,0.0,0.0,3.0,0.0,0.0,4.0,5000000.0,253.0,40.0,180.0,100,2,False,True,False,True
22.0,233.0,0.0,0.0,1.0,0.2,12.0,5.0,104.0,125.0,4.0,5.0,0.0,6.0,170.0,7.0,5.0,4.0,134.0,4.0,1.0,3.0,0.0,7.0,2.0,1.0,0.0,2.0,0.0,2.0,0.0,5000000.0,154.0,25.0,178.0,11,3,True,False,False,True
19.0,230.0,0.0,0.0,0.2,0.2,5.0,0.0,38.0,64.0,2.0,0.0,0.0,4.0,106.0,8.0,3.0,9.0,70.0,7.0,1.0,6.0,2.0,7.0,0.0,0.0,0.0,5.0,2.0,0.0,5.0,1500000.0,9.0,1.0,172.0,80,2,False,True,False,True
21.0,229.0,0.0,0.0,0.1,0.1,3.0,0.0,104.0,114.0,2.0,0.0,0.0,9.0,147.0,4.0,2.0,5.0,104.0,9.0,0.0,2.0,2.0,8.0,0.0,2.0,0.0,9.0,0.0,0.0,2.0,8000000.0,36.0,10.0,185.0,30,2,False,True,False,True
23.0,227.0,0.0,0.0,0.0,0.1,1.0,0.0,110.0,138.0,2.0,1.0,1.0,5.0,173.0,1.0,0.0,1.0,86.0,8.0,7.0,4.0,12.0,13.0,3.0,3.0,0.0,4.0,0.0,2.0,1.0,1800000.0,79.0,0.0,181.0,86,2,False,False,False,True
21.0,226.0,0.0,0.0,0.0,0.1,1.0,0.0,61.0,92.0,2.0,3.0,2.0,6.0,128.0,2.0,2.0,3.0,68.0,5.0,0.0,1.0,11.0,13.0,2.0,2.0,0.0,3.0,1.0,0.0,8.0,1000000.0,6.0,1.0,190.0,95,1,False,False,True,False
33.0,224.0,1.0,1.0,1.0,1.1,7.0,1.0,88.0,101.0,5.0,2.0,0.0,8.0,128.0,3.0,1.0,2.0,79.0,9.0,6.0,1.0,3.0,8.0,3.0,1.0,0.0,7.0,0.0,0.0,0.0,900000.0,50.0,7.0,177.0,138,2,False,True,False,True
20.0,223.0,0.0,0.0,0.2,0.5,5.0,1.0,92.0,113.0,8.0,6.0,2.0,10.0,140.0,14.0,6.0,6.0,111.0,3.0,1.0,6.0,1.0,11.0,0.0,0.0,0.0,2.0,1.0,1.0,9.0,2000000.0,171.0,11.0,179.0,70,4,False,True,True,False
19.0,222.0,0.0,0.0,0.0,0.2,0.0,0.0,85.0,109.0,3.0,3.0,3.0,6.0,137.0,13.0,4.0,1.0,94.0,6.0,2.0,4.0,4.0,7.0,2.0,0.0,0.0,1.0,0.0,0.0,12.0,3500000.0,49.0,7.0,186.0,36,9,False,False,False,True
18.0,222.0,0.0,0.0,1.1,1.5,11.0,4.0,105.0,139.0,6.0,5.0,3.0,8.0,177.0,6.0,3.0,5.0,136.0,6.0,1.0,3.0,0.0,8.0,1.0,3.0,0.0,5.0,0.0,0.0,14.0,5000000.0,312.0,33.0,180.0,75,2,True,False,True,False
25.0,222.0,0.0,0.0,0.3,0.5,6.0,0.0,105.0,127.0,5.0,7.0,0.0,13.0,160.0,9.0,1.0,4.0,98.0,7.0,3.0,3.0,4.0,11.0,0.0,0.0,0.0,7.0,0.0,1.0,9.0,800000.0,45.0,5.0,175.0,1203,2,False,True,False,True
26.0,217.0,0.0,0.0,0.0,0.3,1.0,0.0,121.0,145.0,1.0,2.0,0.0,18.0,183.0,5.0,2.0,2.0,134.0,8.0,4.0,4.0,5.0,13.0,3.0,2.0,0.0,13.0,0.0,0.0,1.0,600000.0,0.0,0.0,188.0,498,2,False,True,False,True
24.0,216.0,0.0,0.0,0.7,0.4,13.0,6.0,68.0,87.0,3.0,1.0,1.0,8.0,145.0,7.0,7.0,7.0,110.0,8.0,2.0,1.0,4.0,8.0,4.0,2.0,0.0,8.0,1.0,0.0,11.0,8000000.0,24.0,5.0,180.0,55,8,True,False,True,False
29.0,216.0,0.0,0.0,0.5,0.0,2.0,0.0,90.0,115.0,0.0,1.0,0.0,12.0,143.0,2.0,1.0,1.0,90.0,2.0,3.0,2.0,2.0,13.0,7.0,1.0,0.0,3.0,1.0,0.0,0.0,2000000.0,0.0,0.0,186.0,138,2,False,True,False,True
36.0,215.0,0.0,0.0,0.6,0.0,1.0,1.0,74.0,98.0,0.0,2.0,0.0,11.0,121.0,1.0,4.0,1.0,68.0,3.0,1.0,2.0,8.0,7.0,2.0,1.0,0.0,0.0,0.0,1.0,4.0,500000.0,161.0,25.0,177.0,135,60,False,False,False,True
24.0,214.0,0.0,0.0,0.3,0.1,3.0,0.0,35.0,52.0,2.0,0.0,0.0,3.0,79.0,3.0,0.0,3.0,60.0,0.0,0.0,1.0,8.0,3.0,9.0,0.0,0.0,4.0,0.0,0.0,1.0,4500000.0,313.0,31.0,191.0,742,35,False,True,False,False
20.0,210.0,0.0,0.0,0.0,0.0,0.0,0.0,126.0,159.0,0.0,0.0,0.0,9.0,192.0,1.0,2.0,5.0,118.0,4.0,3.0,6.0,2.0,15.0,0.0,0.0,0.0,4.0,0.0,0.0,3.0,2000000.0,70.0,15.0,183.0,19,14,False,False,True,False
21.0,209.0,0.0,0.0,0.0,0.0,0.0,0.0,40.0,61.0,1.0,0.0,0.0,6.0,95.0,4.0,1.0,1.0,49.0,9.0,4.0,1.0,3.0,8.0,3.0,0.0,0.0,5.0,0.0,1.0,1.0,300000.0,0.0,0.0,189.0,281,2,False,True,False,True
16.0,206.0,0.0,0.0,0.6,0.5,8.0,1.0,37.0,44.0,5.0,0.0,0.0,1.0,80.0,2.0,2.0,3.0,51.0,5.0,0.0,0.0,3.0,6.0,6.0,0.0,0.0,8.0,0.0,0.0,1.0,10000000.0,23.0,7.0,189.0,85,9,False,True,False,True
24.0,668.0,0.0,0.0,0.0,0.0,2.0,0.0,250.0,298.0,2.0,8.0,0.0,28.0,400.0,4.0,4.0,0.0,218.0,22.0,4.0,8.0,50.0,16.0,2.0,4.0,0.0,8.0,2.0,0.0,4.0,2000000.0,59.0,18.0,181.0,964,2,False,False,False,True
25.0,205.0,0.0,1.0,0.0,0.2,1.0,0.0,118.0,136.0,2.0,4.0,2.0,9.0,157.0,6.0,3.0,1.0,108.0,3.0,2.0,3.0,0.0,3.0,0.0,0.0,0.0,2.0,1.0,0.0,7.0,3000000.0,41.0,6.0,175.0,27,59,False,False,False,True
26.0,205.0,0.0,1.0,0.1,0.7,3.0,1.0,142.0,180.0,5.0,4.0,0.0,23.0,194.0,2.0,0.0,2.0,123.0,6.0,1.0,4.0,4.0,24.0,1.0,0.0,0.0,5.0,0.0,0.0,16.0,1800000.0,280.0,29.0,184.0,1389,10,False,True,False,False
20.0,204.0,2.0,1.0,2.2,0.8,6.0,2.0,36.0,44.0,5.0,1.0,1.0,6.0,75.0,2.0,2.0,4.0,46.0,3.0,0.0,0.0,0.0,14.0,2.0,0.0,0.0,1.0,0.0,0.0,1.0,10000000.0,34.0,5.0,179.0,100,10,False,True,True,False
19.0,204.0,1.0,0.0,0.2,0.2,2.0,1.0,84.0,90.0,1.0,0.0,0.0,1.0,117.0,0.0,0.0,1.0,71.0,7.0,3.0,2.0,8.0,5.0,8.0,1.0,0.0,2.0,0.0,0.0,0.0,1000000.0,17.0,3.0,196.0,3,3,False,False,False,True
32.0,201.0,0.0,0.0,0.0,0.0,0.0,0.0,50.0,66.0,0.0,0.0,0.0,6.0,87.0,0.0,0.0,3.0,50.0,9.0,2.0,1.0,2.0,10.0,2.0,0.0,0.0,1.0,0.0,1.0,1.0,400000.0,67.0,9.0,176.0,80,9,False,True,False,True
20.0,199.0,0.0,0.0,0.0,0.2,1.0,0.0,34.0,49.0,4.0,1.0,1.0,0.0,69.0,3.0,1.0,7.0,45.0,4.0,1.0,1.0,0.0,9.0,2.0,0.0,0.0,3.0,1.0,0.0,10.0,4000000.0,0.0,0.0,169.0,237,1,False,True,True,False
28.0,762.0,2.0,0.0,4.2,2.4000000000000004,22.0,8.0,298.0,406.0,24.0,16.0,4.0,40.0,568.0,8.0,4.0,12.0,330.0,46.0,18.0,8.0,16.0,44.0,34.0,4.0,0.0,26.0,2.0,4.0,24.0,10000000.0,25.0,5.0,193.0,148,21,False,True,True,False
28.0,196.0,0.0,0.0,0.1,0.0,2.0,0.0,93.0,136.0,1.0,2.0,1.0,13.0,167.0,5.0,2.0,1.0,97.0,4.0,4.0,4.0,8.0,14.0,5.0,2.0,0.0,2.0,0.0,1.0,12.0,6000000.0,0.0,0.0,178.0,20,3,False,False,True,False
18.0,195.0,0.0,0.0,0.2,0.0,2.0,0.0,87.0,99.0,0.0,1.0,0.0,8.0,143.0,1.0,0.0,0.0,79.0,6.0,2.0,0.0,25.0,4.0,9.0,0.0,0.0,2.0,0.0,0.0,0.0,1500000.0,10.0,1.0,191.0,6,10,False,False,False,True
26.0,192.0,0.0,0.0,0.1,0.0,1.0,0.0,105.0,116.0,0.0,0.0,0.0,9.0,146.0,1.0,0.0,0.0,94.0,6.0,4.0,1.0,12.0,6.0,1.0,0.0,0.0,1.0,0.0,1.0,0.0,2500000.0,0.0,0.0,183.0,211,8,False,False,True,False
21.0,190.0,0.0,0.0,0.7,0.0,6.0,2.0,27.0,41.0,1.0,2.0,0.0,3.0,70.0,6.0,6.0,4.0,46.0,3.0,0.0,3.0,4.0,10.0,3.0,0.0,0.0,6.0,0.0,0.0,2.0,700000.0,64.0,6.0,187.0,392,2,True,False,False,True
19.0,702.0,2.0,0.0,1.0,0.8,12.0,6.0,238.0,336.0,10.0,8.0,0.0,32.0,494.0,50.0,18.0,12.0,342.0,24.0,6.0,16.0,6.0,34.0,4.0,2.0,0.0,18.0,8.0,2.0,36.0,800000.0,0.0,0.0,179.0,16,3,True,False,False,True
26.0,187.0,0.0,0.0,0.0,0.0,1.0,0.0,106.0,120.0,0.0,0.0,0.0,4.0,141.0,0.0,1.0,0.0,99.0,5.0,2.0,0.0,9.0,4.0,7.0,0.0,0.0,2.0,0.0,0.0,0.0,10000000.0,45.0,6.0,185.0,88,21,False,False,False,True
22.0,186.0,0.0,0.0,0.1,0.1,4.0,1.0,30.0,44.0,2.0,2.0,0.0,5.0,84.0,8.0,7.0,9.0,65.0,4.0,1.0,2.0,1.0,10.0,2.0,1.0,0.0,3.0,0.0,0.0,0.0,550000.0,0.0,0.0,181.0,188,27,True,False,False,True
27.0,184.0,0.0,0.0,0.2,0.2,1.0,0.0,82.0,95.0,1.0,1.0,0.0,5.0,116.0,1.0,0.0,0.0,70.0,1.0,7.0,1.0,6.0,11.0,2.0,1.0,0.0,4.0,0.0,0.0,0.0,2000000.0,23.0,5.0,187.0,327,35,False,False,False,True
18.0,183.0,1.0,1.0,0.2,0.7,3.0,1.0,43.0,54.0,6.0,1.0,0.0,3.0,70.0,9.0,3.0,0.0,53.0,2.0,2.0,2.0,1.0,4.0,0.0,1.0,0.0,3.0,0.0,0.0,3.0,10000000.0,0.0,0.0,181.0,8,4,True,False,False,True
35.0,183.0,0.0,0.0,0.0,0.0,0.0,0.0,93.0,120.0,0.0,0.0,0.0,11.0,138.0,3.0,0.0,0.0,86.0,2.0,4.0,1.0,7.0,11.0,5.0,2.0,0.0,5.0,0.0,0.0,0.0,700000.0,170.0,21.0,180.0,380,4,False,False,True,False
19.0,183.0,0.0,1.0,0.0,0.4,0.0,0.0,38.0,56.0,2.0,1.0,1.0,6.0,80.0,3.0,4.0,1.0,49.0,5.0,1.0,3.0,4.0,12.0,2.0,1.0,0.0,3.0,0.0,0.0,6.0,1400000.0,0.0,0.0,180.0,70,9,False,False,False,True
18.0,183.0,0.0,0.0,0.1,0.1,1.0,1.0,172.0,183.0,2.0,2.0,1.0,10.0,203.0,5.0,2.0,0.0,158.0,8.0,2.0,2.0,2.0,5.0,1.0,0.0,0.0,2.0,0.0,0.0,4.0,2500000.0,8.0,2.0,168.0,8,2,True,False,False,True
27.0,181.0,0.0,0.0,0.1,0.7,1.0,0.0,85.0,98.0,1.0,1.0,0.0,6.0,123.0,5.0,1.0,2.0,89.0,4.0,0.0,0.0,3.0,8.0,0.0,1.0,0.0,4.0,0.0,1.0,1.0,10000000.0,331.0,54.0,174.0,21,22,False,True,True,False
19.0,181.0,0.0,0.0,0.2,0.0,2.0,0.0,57.0,66.0,1.0,0.0,0.0,0.0,91.0,1.0,0.0,1.0,43.0,6.0,2.0,0.0,6.0,11.0,1.0,2.0,0.0,3.0,0.0,0.0,2.0,150000.0,0.0,0.0,182.0,363,2,False,False,False,True
30.0,180.0,0.0,0.0,0.0,0.2,0.0,0.0,107.0,124.0,1.0,0.0,0.0,11.0,141.0,5.0,1.0,4.0,106.0,3.0,2.0,2.0,4.0,6.0,4.0,1.0,0.0,6.0,1.0,0.0,1.0,1400000.0,343.0,31.0,188.0,88,9,False,True,False,True
28.0,180.0,0.0,0.0,0.0,0.1,0.0,0.0,112.0,133.0,2.0,0.0,0.0,14.0,140.0,2.0,0.0,2.0,103.0,3.0,0.0,0.0,2.0,7.0,1.0,0.0,0.0,4.0,0.0,0.0,3.0,17000000.0,61.0,12.0,185.0,94,7,False,True,False,True
31.0,180.0,0.0,1.0,0.7,0.6,7.0,1.0,67.0,82.0,6.0,6.0,2.0,10.0,108.0,9.0,0.0,6.0,85.0,3.0,0.0,4.0,0.0,3.0,0.0,0.0,0.0,3.0,0.0,0.0,10.0,7000000.0,91.0,15.0,173.0,30,2,False,True,True,False
24.0,180.0,0.0,0.0,0.0,0.0,0.0,0.0,49.0,60.0,0.0,0.0,0.0,4.0,74.0,2.0,1.0,0.0,34.0,1.0,1.0,1.0,7.0,6.0,3.0,0.0,0.0,3.0,0.0,0.0,0.0,13000000.0,0.0,0.0,186.0,13,1,False,False,False,True
25.0,180.0,0.0,0.0,0.0,0.2,0.0,0.0,85.0,105.0,4.0,5.0,3.0,6.0,121.0,9.0,0.0,0.0,77.0,5.0,2.0,2.0,6.0,5.0,1.0,0.0,0.0,1.0,0.0,0.0,14.0,7000000.0,190.0,36.0,184.0,242,10,False,False,True,False
20.0,179.0,0.0,0.0,0.0,0.0,0.0,0.0,56.0,64.0,0.0,0.0,0.0,0.0,88.0,0.0,0.0,1.0,48.0,1.0,3.0,0.0,14.0,5.0,6.0,1.0,1.0,5.0,0.0,0.0,0.0,2000000.0,86.0,14.0,198.0,266,21,False,False,False,True
24.0,179.0,0.0,0.0,0.0,0.7,2.0,1.0,33.0,53.0,5.0,2.0,1.0,3.0,95.0,10.0,10.0,5.0,64.0,8.0,1.0,5.0,2.0,11.0,2.0,1.0,0.0,5.0,0.0,0.0,8.0,1000000.0,0.0,0.0,182.0,107,6,False,True,False,True
20.0,179.0,0.0,0.0,0.2,0.3,1.0,0.0,76.0,92.0,2.0,1.0,0.0,5.0,129.0,0.0,1.0,1.0,71.0,12.0,2.0,2.0,3.0,17.0,3.0,0.0,0.0,2.0,0.0,0.0,0.0,5000000.0,65.0,15.0,180.0,41,4,False,True,False,True
26.0,177.0,0.0,0.0,0.0,0.0,1.0,0.0,49.0,67.0,0.0,0.0,0.0,2.0,86.0,0.0,0.0,0.0,48.0,1.0,3.0,1.0,8.0,4.0,6.0,0.0,0.0,0.0,0.0,0.0,0.0,600000.0,0.0,0.0,186.0,107,3,False,False,False,True
30.0,175.0,0.0,1.0,0.2,0.3,4.0,2.0,65.0,91.0,3.0,2.0,1.0,7.0,115.0,5.0,2.0,3.0,84.0,3.0,0.0,4.0,2.0,6.0,3.0,0.0,0.0,3.0,0.0,1.0,4.0,6000000.0,52.0,7.0,187.0,24,1,True,False,False,True
19.0,175.0,0.0,0.0,0.1,0.1,2.0,0.0,40.0,56.0,2.0,2.0,0.0,4.0,83.0,3.0,3.0,2.0,51.0,5.0,2.0,0.0,3.0,12.0,7.0,0.0,0.0,3.0,0.0,0.0,2.0,75000.0,0.0,0.0,186.0,99,5,True,False,False,True
29.0,174.0,0.0,0.0,0.0,0.0,0.0,0.0,80.0,95.0,0.0,0.0,0.0,5.0,106.0,2.0,0.0,2.0,82.0,0.0,2.0,1.0,4.0,7.0,1.0,0.0,0.0,0.0,0.0,0.0,2.0,3000000.0,338.0,46.0,184.0,130,10,False,True,False,True
26.0,172.0,0.0,0.0,0.2,0.2,6.0,1.0,62.0,78.0,4.0,6.0,0.0,12.0,104.0,4.0,6.0,2.0,77.0,4.0,0.0,7.0,1.0,8.0,0.0,1.0,0.0,3.0,0.0,0.0,1.0,1000000.0,326.0,28.0,175.0,165,10,True,False,False,False
30.0,172.0,0.0,0.0,0.0,0.1,1.0,0.0,104.0,119.0,1.0,0.0,0.0,3.0,141.0,1.0,0.0,0.0,89.0,5.0,4.0,1.0,6.0,6.0,2.0,0.0,0.0,5.0,0.0,1.0,0.0,1500000.0,272.0,37.0,189.0,1248,47,False,False,False,True
18.0,171.0,0.0,0.0,1.3,0.0,4.0,2.0,44.0,62.0,2.0,1.0,0.0,8.0,92.0,2.0,3.0,5.0,46.0,4.0,2.0,0.0,4.0,12.0,5.0,0.0,0.0,3.0,0.0,1.0,3.0,300000.0,0.0,0.0,178.0,211,51,False,True,False,True
19.0,171.0,2.0,0.0,1.3,0.1,5.0,3.0,36.0,52.0,1.0,2.0,1.0,7.0,90.0,8.0,4.0,6.0,58.0,2.0,2.0,3.0,2.0,8.0,2.0,0.0,1.0,4.0,1.0,0.0,6.0,800000.0,0.0,0.0,182.0,1389,2,True,False,False,True
18.0,171.0,0.0,0.0,0.0,0.1,0.0,0.0,77.0,98.0,1.0,1.0,0.0,8.0,127.0,2.0,0.0,0.0,71.0,9.0,4.0,8.0,5.0,4.0,4.0,2.0,0.0,5.0,0.0,0.0,0.0,1400000.0,0.0,0.0,190.0,90,5,False,False,True,False
33.0,170.0,1.0,0.0,2.3,0.1,9.0,3.0,48.0,79.0,2.0,0.0,0.0,4.0,106.0,2.0,0.0,1.0,81.0,1.0,1.0,2.0,2.0,9.0,14.0,2.0,0.0,4.0,1.0,0.0,0.0,1000000.0,0.0,0.0,185.0,96,10,True,False,False,False
18.0,170.0,0.0,0.0,0.1,0.0,2.0,0.0,90.0,106.0,1.0,0.0,0.0,7.0,136.0,1.0,2.0,1.0,93.0,4.0,4.0,3.0,9.0,11.0,2.0,1.0,0.0,4.0,1.0,1.0,0.0,5000000.0,62.0,13.0,189.0,41,4,False,False,True,False
38.0,170.0,0.0,0.0,0.2,0.2,2.0,0.0,55.0,74.0,4.0,1.0,1.0,10.0,93.0,1.0,1.0,0.0,59.0,5.0,2.0,1.0,2.0,2.0,0.0,1.0,0.0,3.0,1.0,0.0,8.0,1000000.0,412.0,64.0,175.0,58,4,False,True,False,True
26.0,168.0,0.0,0.0,0.3,0.3,3.0,2.0,71.0,98.0,3.0,2.0,0.0,7.0,121.0,5.0,4.0,1.0,86.0,5.0,1.0,1.0,1.0,12.0,0.0,0.0,0.0,0.0,0.0,0.0,14.0,1800000.0,39.0,6.0,172.0,203,10,False,True,False,True
30.0,168.0,0.0,0.0,0.1,0.3,2.0,0.0,60.0,95.0,3.0,4.0,4.0,2.0,118.0,5.0,1.0,1.0,67.0,6.0,2.0,7.0,2.0,7.0,1.0,2.0,0.0,2.0,0.0,0.0,20.0,6000000.0,611.0,75.0,180.0,58,4,True,False,True,False
18.0,167.0,2.0,0.0,0.7,0.2,4.0,3.0,28.0,55.0,3.0,3.0,1.0,7.0,86.0,5.0,4.0,1.0,44.0,5.0,0.0,8.0,5.0,8.0,1.0,0.0,0.0,3.0,0.0,0.0,10.0,1500000.0,0.0,0.0,184.0,266,9,False,True,False,True
25.0,166.0,0.0,0.0,0.1,0.1,2.0,0.0,69.0,86.0,3.0,0.0,0.0,5.0,109.0,6.0,0.0,2.0,72.0,4.0,1.0,3.0,6.0,9.0,2.0,0.0,0.0,3.0,1.0,0.0,0.0,1500000.0,44.0,6.0,189.0,529,43,False,True,True,False
19.0,165.0,0.0,0.0,0.0,0.0,0.0,0.0,110.0,122.0,0.0,0.0,0.0,8.0,141.0,2.0,1.0,0.0,95.0,5.0,1.0,2.0,11.0,12.0,7.0,0.0,0.0,0.0,0.0,0.0,0.0,3000000.0,0.0,0.0,188.0,41,4,False,False,False,True
24.0,165.0,0.0,0.0,0.0,0.1,0.0,0.0,78.0,89.0,1.0,4.0,4.0,10.0,111.0,6.0,1.0,0.0,79.0,3.0,2.0,3.0,4.0,9.0,0.0,2.0,0.0,2.0,0.0,0.0,7.0,800000.0,145.0,21.0,180.0,529,70,False,True,False,True
28.0,161.0,0.0,0.0,0.5,0.1,8.0,2.0,18.0,48.0,1.0,1.0,1.0,1.0,78.0,1.0,1.0,3.0,55.0,3.0,0.0,2.0,3.0,4.0,10.0,0.0,0.0,1.0,0.0,0.0,3.0,1200000.0,91.0,10.0,189.0,60,13,True,False,False,True
18.0,160.0,0.0,0.0,0.0,0.0,1.0,0.0,71.0,85.0,0.0,0.0,0.0,5.0,113.0,2.0,1.0,2.0,65.0,12.0,1.0,0.0,1.0,13.0,3.0,0.0,0.0,2.0,0.0,1.0,0.0,500000.0,0.0,0.0,0.0,274,44,False,True,False,True
26.0,364.0,0.0,0.0,0.0,0.0,0.0,0.0,110.0,134.0,0.0,2.0,0.0,10.0,160.0,4.0,0.0,2.0,100.0,2.0,4.0,8.0,6.0,8.0,6.0,2.0,0.0,4.0,0.0,0.0,0.0,6000000.0,29.0,5.0,184.0,380,4,False,False,False,True
30.0,157.0,0.0,0.0,0.5,0.3,6.0,2.0,54.0,66.0,3.0,1.0,0.0,6.0,81.0,3.0,1.0,2.0,59.0,3.0,0.0,2.0,0.0,4.0,0.0,0.0,0.0,1.0,0.0,1.0,0.0,10000000.0,41.0,8.0,174.0,715,53,True,False,True,False
23.0,154.0,0.0,0.0,0.2,0.1,2.0,1.0,66.0,84.0,3.0,1.0,0.0,6.0,106.0,0.0,1.0,1.0,67.0,3.0,0.0,1.0,8.0,4.0,3.0,1.0,0.0,1.0,0.0,0.0,0.0,1500000.0,339.0,42.0,195.0,60,10,False,True,False,True
20.0,153.0,0.0,0.0,0.0,0.0,0.0,0.0,56.0,69.0,0.0,1.0,1.0,9.0,84.0,0.0,0.0,3.0,50.0,3.0,2.0,2.0,3.0,12.0,0.0,1.0,0.0,4.0,0.0,0.0,1.0,1000000.0,0.0,0.0,178.0,30,3,False,True,True,False
18.0,152.0,0.0,0.0,0.0,0.1,2.0,1.0,34.0,52.0,2.0,3.0,2.0,4.0,72.0,2.0,2.0,1.0,52.0,2.0,1.0,1.0,2.0,10.0,0.0,0.0,0.0,3.0,1.0,0.0,5.0,1500000.0,94.0,12.0,176.0,98,38,False,True,False,True
33.0,150.0,0.0,0.0,0.1,0.0,1.0,1.0,55.0,70.0,0.0,0.0,0.0,2.0,97.0,0.0,0.0,0.0,46.0,6.0,3.0,0.0,12.0,5.0,6.0,1.0,0.0,1.0,0.0,0.0,0.0,1500000.0,63.0,12.0,195.0,40,2,False,False,False,True
22.0,148.0,0.0,0.0,0.1,0.0,3.0,2.0,34.0,47.0,1.0,0.0,0.0,2.0,73.0,1.0,3.0,1.0,46.0,1.0,4.0,1.0,2.0,4.0,1.0,0.0,0.0,2.0,0.0,0.0,6.0,1500000.0,0.0,0.0,170.0,110,3,False,True,True,False
25.0,148.0,0.0,0.0,0.0,0.0,1.0,0.0,71.0,89.0,0.0,0.0,0.0,6.0,115.0,0.0,0.0,0.0,71.0,6.0,4.0,0.0,11.0,3.0,4.0,2.0,0.0,6.0,0.0,0.0,0.0,500000.0,403.0,46.0,186.0,60,10,False,False,False,True
30.0,142.0,1.0,1.0,0.3,0.8,5.0,2.0,28.0,49.0,4.0,1.0,0.0,6.0,64.0,5.0,0.0,3.0,44.0,0.0,0.0,4.0,1.0,12.0,3.0,1.0,0.0,6.0,1.0,0.0,1.0,850000.0,58.0,7.0,178.0,90,9,True,False,False,True
22.0,142.0,0.0,0.0,0.2,0.0,2.0,1.0,115.0,118.0,0.0,0.0,0.0,5.0,131.0,2.0,0.0,0.0,108.0,1.0,1.0,0.0,4.0,4.0,2.0,1.0,0.0,2.0,0.0,0.0,0.0,7000000.0,15.0,2.0,191.0,16,3,False,False,False,True
33.0,140.0,0.0,0.0,0.3,0.2,4.0,2.0,78.0,98.0,2.0,1.0,0.0,13.0,116.0,3.0,5.0,0.0,85.0,3.0,1.0,0.0,0.0,8.0,2.0,1.0,0.0,2.0,0.0,0.0,13.0,2500000.0,52.0,12.0,180.0,235,3,False,True,True,False
20.0,140.0,1.0,0.0,0.1,0.0,4.0,1.0,67.0,74.0,0.0,1.0,0.0,5.0,91.0,2.0,1.0,2.0,74.0,4.0,0.0,0.0,2.0,6.0,0.0,0.0,0.0,2.0,0.0,0.0,1.0,1500000.0,0.0,0.0,178.0,24,3,False,True,True,False
20.0,140.0,0.0,0.0,0.1,0.0,1.0,0.0,24.0,31.0,0.0,0.0,0.0,2.0,46.0,0.0,0.0,0.0,24.0,2.0,3.0,1.0,4.0,6.0,2.0,1.0,0.0,2.0,0.0,0.0,0.0,2000000.0,194.0,30.0,182.0,529,8,False,False,False,True
16.0,139.0,0.0,0.0,0.1,0.0,1.0,0.0,81.0,97.0,0.0,0.0,0.0,0.0,114.0,1.0,1.0,2.0,85.0,3.0,3.0,4.0,3.0,5.0,2.0,0.0,0.0,2.0,0.0,0.0,2.0,300000.0,0.0,0.0,183.0,90,2,False,True,False,True
27.0,138.0,0.0,1.0,0.0,0.1,0.0,0.0,60.0,67.0,2.0,1.0,0.0,5.0,78.0,0.0,0.0,0.0,52.0,0.0,2.0,0.0,8.0,8.0,3.0,0.0,0.0,0.0,0.0,0.0,0.0,1000000.0,348.0,46.0,184.0,3,3,False,False,False,True
19.0,138.0,1.0,1.0,0.3,0.4,1.0,1.0,32.0,42.0,3.0,1.0,0.0,7.0,73.0,1.0,2.0,2.0,43.0,9.0,1.0,1.0,2.0,9.0,3.0,0.0,0.0,2.0,1.0,0.0,0.0,12000000.0,5.0,1.0,178.0,56,4,False,True,True,False
29.0,137.0,0.0,0.0,0.0,0.0,1.0,0.0,47.0,67.0,0.0,0.0,0.0,2.0,88.0,0.0,0.0,0.0,30.0,5.0,2.0,3.0,12.0,2.0,1.0,1.0,0.0,1.0,0.0,0.0,4.0,3000000.0,0.0,0.0,183.0,1015,4,False,False,True,False
17.0,137.0,0.0,0.0,0.0,0.7,1.0,1.0,23.0,34.0,3.0,1.0,0.0,1.0,54.0,3.0,6.0,6.0,29.0,4.0,0.0,2.0,1.0,12.0,0.0,0.0,0.0,3.0,0.0,0.0,1.0,1000000.0,0.0,0.0,176.0,198,4,True,False,False,True
18.0,137.0,0.0,0.0,0.0,0.5,0.0,0.0,89.0,98.0,3.0,2.0,1.0,6.0,114.0,5.0,1.0,3.0,78.0,5.0,1.0,0.0,4.0,4.0,2.0,2.0,1.0,2.0,0.0,0.0,1.0,1000000.0,135.0,22.0,186.0,23,10,False,False,True,False
31.0,136.0,0.0,0.0,0.1,0.0,2.0,0.0,45.0,71.0,0.0,2.0,0.0,11.0,96.0,2.0,1.0,1.0,43.0,0.0,2.0,3.0,7.0,2.0,2.0,0.0,0.0,1.0,0.0,0.0,10.0,800000.0,147.0,9.0,175.0,60,2,False,True,True,False
21.0,134.0,1.0,0.0,0.2,0.1,4.0,1.0,18.0,29.0,2.0,1.0,0.0,4.0,56.0,5.0,3.0,6.0,42.0,2.0,4.0,0.0,2.0,2.0,6.0,0.0,0.0,4.0,0.0,0.0,4.0,7000000.0,0.0,0.0,191.0,43,4,True,False,False,True
19.0,133.0,0.0,0.0,0.0,0.0,0.0,0.0,44.0,65.0,0.0,0.0,0.0,3.0,86.0,0.0,1.0,1.0,42.0,5.0,1.0,6.0,5.0,7.0,2.0,0.0,0.0,3.0,0.0,0.0,0.0,400000.0,92.0,14.0,192.0,211,2,False,False,False,True
29.0,132.0,0.0,0.0,0.4,0.0,4.0,0.0,38.0,48.0,0.0,0.0,0.0,3.0,73.0,2.0,1.0,4.0,53.0,4.0,0.0,2.0,0.0,8.0,0.0,2.0,0.0,2.0,0.0,0.0,1.0,800000.0,0.0,0.0,182.0,720,3,True,False,False,True
27.0,131.0,0.0,0.0,0.0,0.4,0.0,0.0,72.0,84.0,2.0,1.0,1.0,3.0,100.0,4.0,3.0,0.0,71.0,1.0,5.0,1.0,2.0,2.0,0.0,0.0,0.0,1.0,0.0,0.0,5.0,4500000.0,0.0,0.0,178.0,46,4,False,True,False,True
21.0,130.0,0.0,0.0,0.0,0.0,0.0,0.0,35.0,58.0,1.0,1.0,0.0,3.0,74.0,1.0,0.0,1.0,28.0,4.0,2.0,2.0,2.0,2.0,0.0,0.0,0.0,3.0,0.0,0.0,3.0,150000.0,0.0,0.0,179.0,90,3,False,False,True,False
19.0,127.0,0.0,0.0,0.1,0.0,3.0,1.0,17.0,29.0,1.0,1.0,0.0,5.0,48.0,4.0,0.0,7.0,37.0,3.0,1.0,1.0,0.0,7.0,1.0,0.0,0.0,4.0,0.0,0.0,1.0,400000.0,0.0,0.0,0.0,392,2,False,True,False,True
21.0,127.0,0.0,0.0,0.4,0.0,4.0,0.0,19.0,28.0,0.0,0.0,0.0,0.0,44.0,1.0,1.0,0.0,31.0,0.0,0.0,0.0,0.0,6.0,3.0,0.0,0.0,7.0,1.0,1.0,1.0,600000.0,30.0,5.0,180.0,1339,87,False,True,False,True
21.0,127.0,0.0,0.0,0.0,0.0,0.0,0.0,152.0,166.0,1.0,0.0,0.0,1.0,176.0,2.0,0.0,1.0,140.0,1.0,2.0,1.0,4.0,5.0,4.0,0.0,0.0,2.0,0.0,1.0,0.0,600000.0,0.0,0.0,190.0,15,10,False,False,False,True
20.0,125.0,0.0,0.0,0.0,0.1,2.0,1.0,46.0,55.0,1.0,1.0,1.0,2.0,72.0,2.0,0.0,2.0,40.0,2.0,2.0,1.0,6.0,3.0,2.0,2.0,0.0,2.0,0.0,0.0,1.0,200000.0,0.0,0.0,0.0,724,2,False,False,False,True
29.0,124.0,0.0,0.0,0.0,0.0,0.0,0.0,37.0,49.0,0.0,0.0,0.0,1.0,65.0,3.0,2.0,2.0,33.0,2.0,0.0,2.0,6.0,5.0,3.0,0.0,0.0,2.0,0.0,0.0,2.0,1800000.0,0.0,0.0,180.0,131,3,False,False,False,True
21.0,123.0,0.0,1.0,0.4,0.1,4.0,0.0,37.0,47.0,2.0,2.0,0.0,7.0,64.0,1.0,0.0,1.0,48.0,3.0,1.0,0.0,0.0,7.0,1.0,1.0,0.0,1.0,2.0,0.0,1.0,7500000.0,284.0,36.0,175.0,96,11,False,False,True,False
29.0,123.0,0.0,0.0,0.1,0.0,1.0,0.0,3.0,11.0,0.0,0.0,0.0,0.0,20.0,0.0,0.0,1.0,12.0,2.0,0.0,1.0,0.0,1.0,1.0,0.0,0.0,4.0,0.0,0.0,0.0,9000000.0,0.0,0.0,170.0,294,15,True,False,False,True
19.0,122.0,1.0,0.0,0.1,0.1,2.0,1.0,54.0,74.0,1.0,1.0,1.0,4.0,83.0,2.0,0.0,1.0,49.0,2.0,0.0,2.0,1.0,11.0,1.0,0.0,0.0,1.0,0.0,1.0,4.0,800000.0,147.0,22.0,185.0,322,2,False,False,True,False
20.0,121.0,0.0,0.0,0.1,0.0,2.0,0.0,20.0,37.0,0.0,1.0,0.0,3.0,63.0,1.0,2.0,2.0,32.0,1.0,0.0,1.0,2.0,4.0,0.0,1.0,0.0,1.0,0.0,0.0,4.0,400000.0,0.0,0.0,172.0,34,10,False,False,False,True
24.0,412.0,0.0,0.0,0.0,0.0,0.0,0.0,194.0,258.0,2.0,0.0,0.0,28.0,316.0,2.0,2.0,2.0,178.0,12.0,2.0,4.0,6.0,28.0,4.0,4.0,0.0,0.0,0.0,0.0,14.0,6000000.0,103.0,15.0,177.0,110,4,False,False,False,True
22.0,120.0,0.0,1.0,0.1,0.4,1.0,0.0,58.0,67.0,1.0,1.0,1.0,10.0,75.0,1.0,2.0,2.0,47.0,1.0,2.0,2.0,0.0,9.0,4.0,0.0,0.0,2.0,0.0,0.0,1.0,2500000.0,35.0,4.0,192.0,203,10,False,True,False,True
21.0,119.0,1.0,0.0,1.0,0.2,5.0,2.0,33.0,42.0,3.0,1.0,0.0,3.0,78.0,4.0,4.0,5.0,47.0,5.0,1.0,1.0,1.0,10.0,2.0,1.0,0.0,2.0,1.0,0.0,3.0,4000000.0,0.0,0.0,190.0,45,4,True,False,False,True
21.0,118.0,1.0,0.0,0.1,0.1,4.0,1.0,62.0,87.0,1.0,3.0,1.0,7.0,110.0,5.0,3.0,1.0,79.0,3.0,2.0,3.0,2.0,8.0,0.0,0.0,0.0,2.0,0.0,0.0,9.0,10000000.0,5.0,1.0,182.0,160,4,False,True,True,False
19.0,118.0,0.0,0.0,0.0,0.1,1.0,1.0,65.0,76.0,2.0,3.0,3.0,2.0,89.0,2.0,0.0,1.0,61.0,4.0,3.0,3.0,1.0,2.0,1.0,0.0,1.0,1.0,0.0,0.0,10.0,1800000.0,4.0,1.0,193.0,6,9,False,False,True,False
19.0,117.0,0.0,0.0,0.2,0.9,3.0,1.0,36.0,44.0,1.0,2.0,0.0,4.0,64.0,4.0,1.0,3.0,44.0,5.0,1.0,0.0,2.0,4.0,3.0,0.0,0.0,5.0,0.0,0.0,2.0,500000.0,0.0,0.0,0.0,35,2,False,True,False,True
23.0,116.0,0.0,0.0,0.3,0.0,3.0,0.0,21.0,33.0,0.0,1.0,1.0,1.0,48.0,3.0,2.0,2.0,28.0,1.0,2.0,0.0,2.0,4.0,1.0,1.0,0.0,2.0,1.0,0.0,5.0,500000.0,335.0,44.0,183.0,563,29,False,True,True,False
18.0,116.0,0.0,0.0,0.1,0.7,2.0,1.0,57.0,77.0,3.0,0.0,0.0,0.0,95.0,3.0,1.0,1.0,57.0,3.0,0.0,1.0,1.0,3.0,0.0,0.0,0.0,1.0,0.0,0.0,14.0,5000000.0,79.0,21.0,166.0,82,9,False,True,True,False
26.0,288.0,0.0,0.0,0.8,0.0,10.0,2.0,46.0,72.0,4.0,0.0,0.0,10.0,130.0,6.0,2.0,6.0,78.0,4.0,0.0,6.0,4.0,12.0,4.0,0.0,0.0,12.0,0.0,0.0,2.0,8000000.0,0.0,0.0,187.0,56,2,True,False,False,True
32.0,115.0,0.0,0.0,0.1,0.5,2.0,2.0,31.0,60.0,6.0,3.0,3.0,5.0,75.0,3.0,2.0,4.0,51.0,2.0,0.0,4.0,2.0,5.0,0.0,1.0,0.0,1.0,0.0,1.0,14.0,1500000.0,0.0,0.0,174.0,90,9,True,False,False,False
28.0,113.0,0.0,0.0,0.0,0.0,1.0,0.0,68.0,78.0,0.0,1.0,1.0,2.0,99.0,3.0,0.0,0.0,57.0,4.0,2.0,1.0,11.0,4.0,1.0,1.0,0.0,3.0,0.0,0.0,3.0,5000000.0,75.0,12.0,175.0,24,1,False,True,False,True
15.0,112.0,0.0,0.0,0.2,0.0,3.0,1.0,18.0,29.0,1.0,1.0,0.0,3.0,51.0,6.0,2.0,2.0,32.0,2.0,0.0,5.0,1.0,10.0,0.0,0.0,0.0,0.0,0.0,0.0,4.0,5000000.0,0.0,0.0,179.0,46,4,False,True,False,True
21.0,110.0,0.0,0.0,0.0,0.0,0.0,0.0,36.0,46.0,0.0,0.0,0.0,2.0,60.0,1.0,1.0,2.0,34.0,5.0,3.0,4.0,2.0,6.0,2.0,0.0,0.0,4.0,0.0,0.0,0.0,300000.0,0.0,0.0,175.0,30,3,False,True,False,True
32.0,110.0,0.0,0.0,0.1,0.3,3.0,0.0,15.0,24.0,1.0,1.0,1.0,0.0,45.0,1.0,1.0,2.0,28.0,1.0,0.0,1.0,0.0,4.0,3.0,0.0,0.0,3.0,1.0,0.0,2.0,800000.0,185.0,17.0,188.0,30,22,True,False,False,True
20.0,108.0,0.0,0.0,0.0,0.0,0.0,0.0,46.0,53.0,0.0,0.0,0.0,3.0,71.0,0.0,0.0,0.0,38.0,0.0,4.0,0.0,10.0,7.0,1.0,1.0,0.0,1.0,0.0,0.0,0.0,4000000.0,0.0,0.0,187.0,235,17,False,False,True,False
27.0,108.0,0.0,0.0,0.3,0.2,5.0,2.0,27.0,31.0,2.0,1.0,0.0,3.0,46.0,3.0,0.0,4.0,33.0,1.0,0.0,1.0,1.0,6.0,0.0,0.0,0.0,3.0,0.0,0.0,2.0,14000000.0,123.0,25.0,175.0,1,9,True,False,False,True
29.0,108.0,0.0,0.0,0.2,0.1,3.0,2.0,39.0,55.0,1.0,1.0,0.0,4.0,78.0,1.0,0.0,2.0,38.0,6.0,1.0,3.0,3.0,10.0,1.0,2.0,0.0,6.0,0.0,1.0,6.0,6000000.0,78.0,12.0,181.0,416,4,False,True,False,True
19.0,107.0,0.0,0.0,0.0,0.0,0.0,0.0,35.0,41.0,0.0,0.0,0.0,3.0,57.0,0.0,0.0,0.0,33.0,0.0,3.0,0.0,10.0,3.0,4.0,0.0,0.0,1.0,0.0,0.0,0.0,2000000.0,0.0,0.0,190.0,211,27,False,False,True,False
27.0,106.0,0.0,0.0,0.1,0.0,2.0,0.0,27.0,33.0,0.0,1.0,0.0,1.0,59.0,1.0,2.0,4.0,29.0,6.0,1.0,2.0,2.0,10.0,0.0,0.0,0.0,2.0,0.0,0.0,0.0,1800000.0,258.0,39.0,185.0,85,35,False,True,False,True
20.0,104.0,1.0,0.0,1.0,0.1,7.0,1.0,42.0,59.0,1.0,1.0,0.0,5.0,84.0,5.0,3.0,3.0,60.0,1.0,0.0,0.0,0.0,8.0,0.0,0.0,0.0,2.0,0.0,0.0,10.0,3000000.0,223.0,41.0,174.0,175,10,False,False,False,True
21.0,103.0,0.0,0.0,0.0,0.0,1.0,0.0,32.0,46.0,0.0,1.0,0.0,2.0,65.0,2.0,2.0,2.0,31.0,2.0,1.0,1.0,7.0,5.0,0.0,1.0,0.0,2.0,0.0,1.0,4.0,500000.0,38.0,1.0,188.0,88,4,False,False,False,True
32.0,103.0,0.0,0.0,0.2,0.2,4.0,2.0,39.0,50.0,3.0,2.0,0.0,5.0,79.0,4.0,1.0,0.0,41.0,2.0,0.0,0.0,2.0,6.0,3.0,0.0,0.0,1.0,0.0,0.0,4.0,3000000.0,0.0,0.0,178.0,755,10,False,False,True,False
26.0,102.0,0.0,0.0,0.2,0.0,2.0,1.0,11.0,14.0,0.0,0.0,0.0,1.0,23.0,1.0,0.0,1.0,19.0,1.0,0.0,0.0,0.0,2.0,3.0,0.0,0.0,2.0,0.0,0.0,0.0,3000000.0,28.0,2.0,189.0,322,2,True,False,True,False
25.0,100.0,0.0,0.0,0.0,0.0,0.0,0.0,49.0,55.0,1.0,1.0,0.0,3.0,62.0,3.0,1.0,2.0,43.0,2.0,1.0,2.0,1.0,3.0,0.0,1.0,0.0,3.0,1.0,0.0,1.0,8000000.0,500.0,70.0,169.0,41,7,False,False,True,False
27.0,99.0,0.0,0.0,0.0,0.0,0.0,0.0,33.0,49.0,0.0,0.0,0.0,4.0,66.0,0.0,0.0,2.0,27.0,2.0,1.0,3.0,2.0,7.0,2.0,0.0,0.0,2.0,0.0,0.0,2.0,15000000.0,638.0,81.0,170.0,99,4,False,False,True,False
22.0,97.0,0.0,0.0,0.0,0.0,1.0,0.0,37.0,42.0,0.0,0.0,0.0,2.0,56.0,1.0,1.0,1.0,30.0,2.0,1.0,3.0,3.0,2.0,1.0,1.0,0.0,1.0,0.0,0.0,1.0,9000000.0,256.0,45.0,180.0,322,2,False,False,True,False
18.0,97.0,0.0,0.0,0.0,0.0,0.0,0.0,20.0,29.0,0.0,1.0,0.0,2.0,36.0,3.0,0.0,2.0,29.0,1.0,0.0,1.0,0.0,2.0,0.0,0.0,0.0,1.0,0.0,0.0,0.0,300000.0,0.0,0.0,174.0,35,2,True,False,False,True
19.0,96.0,0.0,0.0,0.0,0.0,0.0,0.0,107.0,115.0,0.0,0.0,0.0,3.0,123.0,1.0,0.0,0.0,101.0,1.0,0.0,0.0,2.0,3.0,1.0,1.0,0.0,0.0,0.0,0.0,0.0,5000000.0,0.0,0.0,187.0,2,4,False,False,False,True
22.0,95.0,0.0,0.0,0.0,0.0,2.0,0.0,15.0,27.0,0.0,1.0,1.0,2.0,41.0,1.0,1.0,3.0,25.0,2.0,0.0,1.0,3.0,6.0,3.0,0.0,0.0,6.0,0.0,0.0,1.0,200000.0,0.0,0.0,186.0,109,3,True,False,False,True
29.0,95.0,0.0,0.0,0.0,0.0,0.0,0.0,22.0,34.0,0.0,0.0,0.0,3.0,53.0,0.0,0.0,0.0,18.0,0.0,2.0,1.0,14.0,4.0,3.0,2.0,0.0,4.0,0.0,0.0,1.0,900000.0,58.0,4.0,186.0,86,25,False,False,True,False
20.0,94.0,0.0,0.0,0.3,0.1,1.0,1.0,17.0,26.0,1.0,0.0,0.0,2.0,34.0,2.0,0.0,3.0,28.0,2.0,0.0,0.0,0.0,4.0,1.0,0.0,0.0,2.0,0.0,0.0,1.0,3800000.0,27.0,4.0,185.0,95,9,False,False,True,False
21.0,92.0,0.0,0.0,0.1,0.1,1.0,0.0,40.0,54.0,1.0,1.0,0.0,1.0,70.0,0.0,2.0,1.0,45.0,1.0,2.0,2.0,3.0,2.0,2.0,0.0,0.0,2.0,0.0,1.0,3.0,5000000.0,10.0,2.0,183.0,742,43,False,False,True,False
29.0,91.0,0.0,0.0,0.0,0.0,0.0,0.0,50.0,66.0,1.0,1.0,0.0,3.0,77.0,2.0,1.0,1.0,50.0,5.0,1.0,1.0,2.0,6.0,1.0,0.0,0.0,2.0,0.0,0.0,4.0,600000.0,221.0,18.0,179.0,750,7,False,False,True,False
21.0,90.0,0.0,0.0,0.0,0.0,0.0,0.0,70.0,82.0,0.0,1.0,0.0,7.0,90.0,2.0,0.0,0.0,69.0,5.0,2.0,2.0,0.0,4.0,2.0,0.0,0.0,1.0,0.0,0.0,0.0,15000000.0,426.0,59.0,187.0,56,3,False,False,True,False
27.0,90.0,0.0,0.0,0.0,0.0,0.0,0.0,11.0,14.0,0.0,0.0,0.0,1.0,23.0,0.0,0.0,0.0,10.0,1.0,1.0,0.0,4.0,1.0,2.0,0.0,0.0,3.0,0.0,0.0,0.0,1000000.0,86.0,8.0,189.0,110,8,False,False,False,True
23.0,90.0,0.0,0.0,0.0,0.0,0.0,0.0,37.0,54.0,0.0,0.0,0.0,1.0,71.0,0.0,0.0,0.0,35.0,7.0,3.0,2.0,4.0,3.0,1.0,0.0,0.0,0.0,0.0,1.0,0.0,8000000.0,0.0,0.0,174.0,1113,3,False,False,True,False
21.0,90.0,0.0,0.0,0.0,0.0,0.0,0.0,20.0,32.0,1.0,1.0,0.0,3.0,44.0,0.0,0.0,1.0,20.0,2.0,0.0,1.0,5.0,2.0,2.0,0.0,0.0,1.0,0.0,0.0,1.0,350000.0,0.0,0.0,185.0,498,2,False,False,False,True
25.0,90.0,0.0,0.0,0.0,0.0,0.0,0.0,48.0,55.0,1.0,0.0,0.0,5.0,61.0,0.0,1.0,0.0,37.0,0.0,1.0,0.0,1.0,5.0,1.0,1.0,0.0,1.0,0.0,0.0,0.0,2000000.0,374.0,43.0,185.0,88,2,False,False,True,False
20.0,90.0,0.0,0.0,0.0,0.0,0.0,0.0,11.0,19.0,0.0,0.0,0.0,0.0,36.0,0.0,0.0,0.0,13.0,5.0,1.0,0.0,3.0,6.0,0.0,0.0,0.0,0.0,0.0,0.0,0.0,200000.0,0.0,0.0,175.0,50,4,False,False,False,True
25.0,89.0,0.0,1.0,0.0,0.5,1.0,0.0,9.0,16.0,1.0,1.0,0.0,1.0,27.0,0.0,1.0,1.0,15.0,1.0,0.0,3.0,2.0,2.0,1.0,0.0,0.0,0.0,0.0,0.0,2.0,700000.0,66.0,9.0,186.0,266,9,False,True,False,True
18.0,89.0,1.0,0.0,0.2,0.1,2.0,1.0,13.0,23.0,1.0,0.0,0.0,0.0,38.0,1.0,1.0,6.0,26.0,3.0,0.0,1.0,1.0,3.0,2.0,1.0,0.0,4.0,0.0,1.0,1.0,800000.0,6.0,1.0,179.0,88,2,False,True,True,False
20.0,88.0,0.0,0.0,0.1,0.0,1.0,0.0,36.0,46.0,0.0,0.0,0.0,4.0,65.0,3.0,0.0,3.0,34.0,4.0,1.0,0.0,3.0,7.0,2.0,1.0,0.0,4.0,0.0,0.0,0.0,1000000.0,0.0,0.0,188.0,82,60,False,True,False,True
28.0,87.0,0.0,0.0,1.0,0.0,4.0,1.0,15.0,23.0,0.0,0.0,0.0,0.0,36.0,0.0,0.0,3.0,29.0,0.0,0.0,0.0,1.0,3.0,4.0,0.0,0.0,3.0,0.0,0.0,0.0,1000000.0,98.0,14.0,194.0,90,9,True,False,False,True
29.0,85.0,0.0,0.0,0.3,0.2,2.0,1.0,57.0,68.0,2.0,4.0,0.0,8.0,78.0,1.0,0.0,1.0,62.0,2.0,0.0,1.0,1.0,3.0,0.0,0.0,0.0,1.0,0.0,0.0,3.0,5000000.0,329.0,65.0,171.0,10,2,False,True,True,False
19.0,84.0,0.0,0.0,0.2,0.0,2.0,0.0,30.0,38.0,0.0,2.0,0.0,3.0,54.0,1.0,1.0,3.0,36.0,3.0,0.0,0.0,1.0,4.0,3.0,1.0,0.0,1.0,0.0,0.0,0.0,8000000.0,167.0,24.0,185.0,211,5,False,True,False,True
28.0,84.0,0.0,0.0,0.0,0.6,0.0,0.0,20.0,32.0,3.0,2.0,1.0,6.0,42.0,5.0,0.0,1.0,23.0,5.0,0.0,1.0,0.0,9.0,0.0,0.0,0.0,2.0,0.0,0.0,5.0,800000.0,31.0,4.0,170.0,80,2,False,True,False,True
26.0,83.0,0.0,0.0,0.0,0.1,1.0,0.0,15.0,20.0,2.0,0.0,0.0,2.0,28.0,1.0,0.0,3.0,18.0,0.0,0.0,0.0,0.0,2.0,1.0,0.0,0.0,1.0,0.0,0.0,3.0,3000000.0,0.0,0.0,176.0,95,9,False,True,False,True
30.0,80.0,1.0,0.0,0.2,0.0,2.0,1.0,36.0,48.0,0.0,0.0,0.0,4.0,57.0,0.0,1.0,1.0,35.0,1.0,2.0,1.0,1.0,4.0,2.0,0.0,0.0,0.0,0.0,0.0,6.0,7000000.0,16.0,2.0,178.0,101,2,False,True,False,True
21.0,79.0,0.0,0.0,0.4,0.0,3.0,1.0,19.0,27.0,0.0,0.0,0.0,1.0,32.0,1.0,0.0,0.0,24.0,0.0,0.0,1.0,0.0,0.0,1.0,1.0,0.0,3.0,0.0,0.0,4.0,12000000.0,0.0,0.0,185.0,161,8,True,False,False,True
23.0,78.0,0.0,0.0,0.0,0.0,0.0,0.0,22.0,30.0,1.0,1.0,0.0,4.0,38.0,4.0,4.0,0.0,25.0,1.0,0.0,0.0,1.0,7.0,0.0,0.0,0.0,0.0,0.0,0.0,3.0,2000000.0,337.0,39.0,175.0,211,10,True,False,False,True
18.0,77.0,0.0,0.0,0.1,0.0,2.0,0.0,10.0,20.0,0.0,1.0,0.0,2.0,28.0,3.0,1.0,0.0,14.0,6.0,0.0,3.0,1.0,3.0,0.0,0.0,0.0,1.0,0.0,1.0,3.0,200000.0,125.0,16.0,182.0,363,2,False,True,True,False
17.0,76.0,0.0,0.0,0.0,0.0,0.0,0.0,74.0,79.0,0.0,0.0,0.0,5.0,84.0,2.0,0.0,0.0,60.0,1.0,1.0,0.0,1.0,4.0,2.0,0.0,0.0,0.0,0.0,0.0,0.0,500000.0,0.0,0.0,185.0,12,2,False,False,False,True
24.0,76.0,0.0,0.0,0.0,0.0,1.0,1.0,35.0,40.0,1.0,1.0,1.0,4.0,49.0,3.0,0.0,3.0,35.0,0.0,0.0,1.0,2.0,1.0,0.0,0.0,0.0,3.0,0.0,0.0,5.0,1200000.0,79.0,11.0,177.0,100,2,False,True,True,False
17.0,75.0,0.0,0.0,0.5,0.0,2.0,0.0,2.0,8.0,0.0,0.0,0.0,0.0,20.0,3.0,0.0,1.0,14.0,1.0,0.0,0.0,2.0,1.0,2.0,1.0,0.0,1.0,2.0,0.0,1.0,150000.0,0.0,0.0,185.0,51,2,True,False,False,True
29.0,74.0,0.0,0.0,0.0,0.0,0.0,0.0,33.0,46.0,0.0,1.0,1.0,4.0,59.0,3.0,1.0,2.0,19.0,3.0,2.0,0.0,0.0,6.0,3.0,0.0,0.0,0.0,0.0,0.0,2.0,1000000.0,424.0,62.0,187.0,85,7,False,False,False,True
18.0,73.0,0.0,0.0,0.0,0.0,0.0,0.0,11.0,16.0,1.0,0.0,0.0,0.0,22.0,0.0,0.0,0.0,12.0,1.0,0.0,0.0,0.0,2.0,0.0,0.0,0.0,0.0,0.0,0.0,0.0,8000000.0,108.0,23.0,187.0,8,3,True,False,False,True
32.0,73.0,0.0,0.0,0.1,0.0,1.0,1.0,28.0,32.0,0.0,0.0,0.0,1.0,49.0,1.0,3.0,6.0,39.0,1.0,1.0,2.0,0.0,2.0,0.0,0.0,0.0,2.0,0.0,0.0,0.0,5000000.0,68.0,13.0,180.0,1015,4,True,False,False,True
26.0,73.0,0.0,0.0,0.0,0.1,0.0,0.0,26.0,37.0,1.0,3.0,1.0,5.0,47.0,2.0,0.0,0.0,29.0,2.0,2.0,2.0,0.0,4.0,2.0,0.0,0.0,2.0,0.0,0.0,5.0,500000.0,41.0,5.0,189.0,65,10,False,True,False,True
21.0,73.0,1.0,0.0,0.2,0.1,4.0,2.0,28.0,33.0,1.0,1.0,0.0,3.0,44.0,0.0,1.0,0.0,36.0,1.0,1.0,0.0,0.0,2.0,0.0,0.0,0.0,1.0,0.0,0.0,1.0,9000000.0,257.0,44.0,183.0,25,35,False,True,False,True
35.0,71.0,0.0,0.0,0.0,0.0,0.0,0.0,14.0,24.0,1.0,0.0,0.0,1.0,32.0,0.0,0.0,0.0,16.0,2.0,0.0,1.0,3.0,7.0,1.0,1.0,0.0,4.0,0.0,0.0,0.0,500000.0,108.0,18.0,186.0,56,4,False,False,False,True
23.0,71.0,0.0,0.0,0.0,0.0,1.0,0.0,16.0,20.0,1.0,1.0,1.0,1.0,31.0,1.0,2.0,1.0,19.0,0.0,1.0,0.0,3.0,0.0,1.0,0.0,0.0,1.0,0.0,0.0,3.0,1000000.0,28.0,3.0,186.0,88,10,True,False,False,True
18.0,70.0,0.0,0.0,0.1,0.1,1.0,1.0,28.0,38.0,2.0,3.0,2.0,4.0,48.0,4.0,1.0,0.0,30.0,1.0,2.0,2.0,5.0,3.0,0.0,0.0,0.0,1.0,0.0,0.0,5.0,5000000.0,7.0,1.0,174.0,13,5,False,False,False,True
20.0,69.0,0.0,0.0,0.0,0.0,0.0,0.0,17.0,24.0,0.0,0.0,0.0,1.0,35.0,1.0,2.0,0.0,16.0,1.0,2.0,0.0,2.0,6.0,1.0,2.0,0.0,3.0,0.0,1.0,1.0,300000.0,0.0,0.0,176.0,109,3,False,False,False,True
22.0,68.0,0.0,0.0,0.0,0.1,0.0,0.0,35.0,41.0,1.0,0.0,0.0,7.0,54.0,0.0,0.0,0.0,31.0,3.0,1.0,0.0,2.0,7.0,1.0,0.0,0.0,0.0,0.0,0.0,0.0,2000000.0,82.0,12.0,170.0,373,8,False,True,False,True
19.0,68.0,0.0,0.0,0.0,0.0,0.0,0.0,34.0,40.0,0.0,0.0,0.0,3.0,44.0,0.0,1.0,0.0,32.0,1.0,0.0,1.0,2.0,2.0,1.0,1.0,0.0,1.0,1.0,0.0,0.0,15000000.0,287.0,36.0,186.0,18,2,False,False,True,False
24.0,67.0,0.0,0.0,0.0,0.1,0.0,0.0,38.0,58.0,1.0,1.0,0.0,4.0,75.0,2.0,0.0,0.0,31.0,6.0,3.0,2.0,4.0,5.0,4.0,1.0,0.0,1.0,0.0,0.0,6.0,3000000.0,5.0,1.0,181.0,303,8,False,False,True,False
16.0,66.0,0.0,0.0,0.0,0.0,0.0,0.0,22.0,24.0,0.0,0.0,0.0,2.0,29.0,1.0,0.0,0.0,21.0,1.0,0.0,1.0,2.0,2.0,0.0,1.0,0.0,4.0,0.0,0.0,0.0,300000.0,0.0,0.0,180.0,406,2,False,True,False,True
22.0,66.0,0.0,0.0,0.0,0.0,0.0,0.0,40.0,48.0,0.0,0.0,0.0,3.0,58.0,0.0,0.0,2.0,35.0,0.0,2.0,2.0,4.0,2.0,1.0,0.0,0.0,0.0,0.0,0.0,0.0,10000000.0,0.0,0.0,192.0,808,32,False,False,False,True
33.0,65.0,0.0,0.0,0.2,0.0,3.0,1.0,18.0,22.0,1.0,0.0,0.0,1.0,29.0,0.0,0.0,1.0,20.0,0.0,0.0,0.0,0.0,1.0,0.0,1.0,0.0,0.0,1.0,0.0,4.0,400000.0,87.0,15.0,174.0,357,9,True,False,False,True
32.0,65.0,0.0,0.0,0.0,0.0,0.0,0.0,36.0,38.0,0.0,0.0,0.0,3.0,43.0,0.0,0.0,0.0,31.0,0.0,0.0,0.0,1.0,2.0,1.0,0.0,0.0,3.0,0.0,0.0,0.0,800000.0,94.0,12.0,186.0,131,3,False,False,False,True
28.0,65.0,0.0,0.0,0.0,0.0,0.0,0.0,37.0,42.0,0.0,0.0,0.0,1.0,54.0,0.0,1.0,0.0,31.0,1.0,2.0,0.0,3.0,7.0,1.0,0.0,0.0,0.0,0.0,0.0,0.0,750000.0,184.0,26.0,187.0,357,9,False,False,False,True
21.0,65.0,0.0,0.0,0.0,0.1,0.0,0.0,25.0,33.0,1.0,3.0,0.0,4.0,43.0,6.0,2.0,0.0,39.0,3.0,0.0,2.0,0.0,1.0,0.0,1.0,0.0,2.0,1.0,0.0,4.0,6000000.0,75.0,19.0,181.0,198,4,True,False,False,True
21.0,64.0,0.0,1.0,0.0,0.1,1.0,0.0,31.0,41.0,1.0,0.0,0.0,2.0,49.0,0.0,1.0,0.0,31.0,0.0,2.0,1.0,2.0,2.0,1.0,0.0,0.0,2.0,0.0,0.0,2.0,200000.0,0.0,0.0,176.0,274,3,False,True,True,False
21.0,63.0,1.0,0.0,0.1,0.3,2.0,1.0,11.0,14.0,2.0,0.0,0.0,1.0,31.0,2.0,0.0,2.0,14.0,2.0,1.0,0.0,0.0,7.0,2.0,0.0,0.0,3.0,0.0,0.0,0.0,2800000.0,0.0,0.0,192.0,48,21,True,False,False,True
34.0,62.0,0.0,0.0,0.0,0.0,2.0,0.0,4.0,15.0,0.0,0.0,0.0,1.0,23.0,0.0,0.0,0.0,16.0,0.0,0.0,1.0,1.0,1.0,2.0,2.0,0.0,2.0,0.0,1.0,3.0,500000.0,296.0,28.0,189.0,266,9,True,False,False,True
32.0,61.0,0.0,0.0,0.0,0.1,0.0,0.0,10.0,14.0,1.0,0.0,0.0,2.0,20.0,0.0,0.0,2.0,14.0,0.0,0.0,0.0,1.0,2.0,3.0,1.0,0.0,3.0,0.0,0.0,0.0,700000.0,126.0,12.0,179.0,60,10,False,True,True,False
17.0,61.0,0.0,0.0,0.1,0.0,2.0,0.0,24.0,31.0,1.0,1.0,0.0,5.0,38.0,1.0,0.0,2.0,30.0,2.0,0.0,2.0,0.0,4.0,1.0,0.0,0.0,1.0,0.0,0.0,2.0,4000000.0,0.0,0.0,169.0,20,9,False,True,True,False
20.0,60.0,0.0,0.0,0.0,0.0,0.0,0.0,8.0,14.0,1.0,0.0,0.0,0.0,26.0,0.0,0.0,3.0,18.0,3.0,0.0,0.0,1.0,4.0,0.0,1.0,0.0,2.0,0.0,0.0,0.0,500000.0,0.0,0.0,185.0,563,120,True,False,False,True
20.0,60.0,0.0,0.0,0.2,0.1,1.0,1.0,4.0,6.0,2.0,0.0,0.0,0.0,18.0,0.0,0.0,1.0,12.0,1.0,0.0,0.0,0.0,0.0,0.0,0.0,0.0,0.0,1.0,0.0,0.0,6000000.0,0.0,0.0,184.0,36,32,True,False,False,True
22.0,58.0,0.0,0.0,0.0,0.0,1.0,0.0,17.0,22.0,0.0,0.0,0.0,1.0,31.0,2.0,0.0,1.0,17.0,0.0,2.0,0.0,2.0,7.0,0.0,0.0,0.0,1.0,0.0,0.0,1.0,3500000.0,0.0,0.0,183.0,56,2,True,False,False,True
25.0,58.0,1.0,0.0,2.3,0.0,6.0,4.0,6.0,10.0,0.0,0.0,0.0,1.0,17.0,1.0,1.0,1.0,15.0,0.0,0.0,0.0,0.0,1.0,3.0,0.0,0.0,1.0,0.0,0.0,0.0,15000000.0,231.0,37.0,188.0,100,44,True,False,True,False
19.0,56.0,0.0,0.0,0.4,0.0,1.0,0.0,8.0,12.0,0.0,0.0,0.0,0.0,18.0,0.0,0.0,2.0,14.0,0.0,0.0,1.0,1.0,0.0,0.0,0.0,0.0,1.0,0.0,0.0,0.0,300000.0,270.0,35.0,197.0,85,35,False,True,False,True
20.0,55.0,1.0,0.0,0.3,0.0,6.0,3.0,10.0,17.0,0.0,0.0,0.0,3.0,33.0,4.0,0.0,0.0,22.0,2.0,1.0,1.0,1.0,3.0,1.0,0.0,0.0,0.0,0.0,2.0,1.0,10000000.0,432.0,54.0,184.0,56,5,True,False,False,True
30.0,54.0,0.0,0.0,0.1,0.3,2.0,2.0,17.0,20.0,3.0,1.0,0.0,2.0,25.0,2.0,0.0,0.0,20.0,2.0,0.0,0.0,0.0,2.0,0.0,0.0,0.0,0.0,0.0,0.0,1.0,2500000.0,85.0,8.0,190.0,94,40,False,True,True,False
19.0,54.0,0.0,0.0,0.0,0.0,0.0,0.0,9.0,18.0,0.0,0.0,0.0,1.0,25.0,2.0,1.0,1.0,18.0,0.0,1.0,2.0,1.0,4.0,1.0,0.0,0.0,1.0,0.0,0.0,4.0,500000.0,37.0,5.0,182.0,25,3,True,False,True,False
24.0,54.0,0.0,0.0,0.0,0.3,0.0,0.0,42.0,50.0,3.0,2.0,1.0,7.0,52.0,3.0,0.0,0.0,39.0,0.0,2.0,1.0,0.0,3.0,3.0,0.0,0.0,0.0,0.0,0.0,1.0,23000000.0,11.0,2.0,187.0,21,2,False,False,False,True
27.0,53.0,0.0,0.0,0.1,0.0,2.0,0.0,43.0,53.0,0.0,0.0,0.0,6.0,57.0,0.0,0.0,0.0,42.0,0.0,0.0,3.0,0.0,3.0,1.0,0.0,0.0,1.0,0.0,0.0,1.0,500000.0,154.0,20.0,176.0,720,3,False,True,False,True
25.0,53.0,0.0,0.0,0.0,0.0,0.0,0.0,6.0,7.0,0.0,0.0,0.0,0.0,14.0,0.0,0.0,0.0,8.0,0.0,0.0,0.0,0.0,2.0,2.0,1.0,0.0,1.0,0.0,0.0,0.0,500000.0,92.0,13.0,181.0,25,3,True,False,False,True
24.0,51.0,0.0,0.0,0.0,0.0,1.0,0.0,23.0,24.0,0.0,1.0,0.0,3.0,35.0,0.0,1.0,5.0,23.0,2.0,1.0,0.0,1.0,7.0,0.0,1.0,0.0,1.0,0.0,0.0,0.0,500000.0,281.0,28.0,172.0,90,40,False,True,True,False
18.0,49.0,0.0,0.0,0.0,0.0,1.0,0.0,33.0,38.0,2.0,1.0,1.0,0.0,42.0,0.0,0.0,0.0,31.0,0.0,1.0,0.0,0.0,7.0,0.0,0.0,0.0,0.0,0.0,0.0,1.0,400000.0,0.0,0.0,182.0,35,4,False,True,False,True
20.0,49.0,0.0,0.0,0.1,0.0,1.0,0.0,20.0,26.0,1.0,0.0,0.0,4.0,34.0,0.0,2.0,3.0,23.0,2.0,0.0,0.0,0.0,4.0,0.0,0.0,0.0,1.0,0.0,0.0,1.0,500000.0,0.0,0.0,165.0,110,3,False,False,False,True
29.0,48.0,0.0,0.0,0.0,0.0,1.0,0.0,11.0,16.0,0.0,1.0,0.0,2.0,20.0,1.0,2.0,0.0,17.0,0.0,0.0,2.0,0.0,1.0,0.0,0.0,0.0,0.0,0.0,0.0,1.0,5500000.0,17.0,3.0,170.0,55,6,True,False,False,True
17.0,48.0,0.0,0.0,0.4,0.1,1.0,0.0,7.0,15.0,1.0,0.0,0.0,1.0,20.0,1.0,1.0,3.0,14.0,0.0,0.0,0.0,1.0,2.0,0.0,1.0,0.0,2.0,0.0,1.0,1.0,800000.0,0.0,0.0,185.0,50,4,False,True,False,True
20.0,48.0,0.0,1.0,0.0,0.7,1.0,0.0,23.0,32.0,2.0,0.0,0.0,2.0,39.0,6.0,2.0,0.0,31.0,0.0,0.0,2.0,2.0,2.0,0.0,0.0,0.0,0.0,0.0,0.0,4.0,1300000.0,0.0,0.0,177.0,200,3,False,False,True,False
27.0,46.0,0.0,0.0,0.1,0.1,3.0,1.0,11.0,17.0,1.0,0.0,0.0,3.0,25.0,4.0,0.0,1.0,18.0,2.0,1.0,0.0,0.0,0.0,0.0,0.0,0.0,0.0,0.0,0.0,4.0,10000000.0,74.0,17.0,183.0,242,30,True,False,False,True
17.0,46.0,0.0,0.0,0.0,0.0,0.0,0.0,19.0,25.0,0.0,0.0,0.0,1.0,31.0,1.0,1.0,1.0,19.0,1.0,1.0,2.0,1.0,6.0,0.0,0.0,0.0,0.0,0.0,0.0,2.0,200000.0,0.0,0.0,182.0,100,2,False,False,True,False
22.0,45.0,1.0,0.0,0.3,0.1,3.0,2.0,12.0,13.0,1.0,0.0,0.0,0.0,21.0,0.0,1.0,0.0,16.0,1.0,0.0,0.0,0.0,1.0,0.0,0.0,0.0,0.0,0.0,0.0,2.0,1200000.0,240.0,31.0,176.0,406,40,True,False,False,True
20.0,45.0,0.0,0.0,0.1,0.0,3.0,1.0,6.0,11.0,0.0,0.0,0.0,1.0,15.0,0.0,1.0,1.0,13.0,0.0,0.0,0.0,0.0,0.0,2.0,1.0,0.0,1.0,0.0,0.0,1.0,8000000.0,171.0,24.0,192.0,808,6,False,True,False,True
28.0,45.0,0.0,0.0,0.0,0.0,0.0,0.0,10.0,16.0,0.0,2.0,0.0,2.0,22.0,0.0,0.0,0.0,9.0,1.0,0.0,1.0,1.0,2.0,0.0,0.0,0.0,0.0,0.0,0.0,0.0,800000.0,0.0,0.0,182.0,916,4,False,True,False,True
30.0,45.0,0.0,0.0,0.0,0.0,0.0,0.0,15.0,20.0,0.0,1.0,1.0,1.0,28.0,1.0,0.0,0.0,11.0,3.0,0.0,0.0,3.0,0.0,0.0,0.0,0.0,4.0,0.0,1.0,2.0,700000.0,0.0,0.0,184.0,406,2,False,False,True,False
23.0,43.0,0.0,0.0,0.0,0.0,0.0,0.0,10.0,13.0,0.0,0.0,0.0,1.0,22.0,1.0,0.0,0.0,14.0,0.0,1.0,0.0,1.0,0.0,0.0,0.0,0.0,0.0,0.0,0.0,0.0,500000.0,40.0,4.0,184.0,563,27,True,False,True,False
21.0,43.0,0.0,0.0,0.0,0.0,0.0,0.0,24.0,28.0,0.0,1.0,0.0,2.0,37.0,1.0,0.0,0.0,25.0,2.0,0.0,0.0,0.0,1.0,0.0,0.0,0.0,2.0,0.0,0.0,1.0,7000000.0,5.0,1.0,174.0,27,27,False,True,True,False
29.0,43.0,0.0,0.0,0.0,0.0,0.0,0.0,22.0,30.0,0.0,1.0,1.0,3.0,35.0,0.0,0.0,1.0,22.0,1.0,0.0,0.0,1.0,2.0,1.0,1.0,0.0,2.0,0.0,0.0,1.0,1000000.0,143.0,30.0,176.0,25,3,False,False,False,True
18.0,42.0,0.0,0.0,0.0,0.0,1.0,1.0,15.0,20.0,0.0,1.0,0.0,1.0,24.0,0.0,0.0,1.0,20.0,2.0,0.0,1.0,0.0,3.0,2.0,0.0,0.0,1.0,0.0,0.0,0.0,4000000.0,87.0,11.0,185.0,19,73,False,True,False,True
31.0,40.0,0.0,0.0,0.0,0.0,0.0,0.0,12.0,19.0,0.0,0.0,0.0,0.0,27.0,0.0,0.0,1.0,12.0,3.0,0.0,0.0,2.0,3.0,0.0,1.0,0.0,2.0,0.0,0.0,0.0,900000.0,3.0,1.0,187.0,70,9,False,True,False,True
22.0,37.0,0.0,0.0,0.0,0.0,0.0,0.0,9.0,13.0,1.0,0.0,0.0,0.0,18.0,2.0,0.0,0.0,13.0,0.0,1.0,0.0,2.0,3.0,0.0,0.0,0.0,1.0,0.0,0.0,2.0,1500000.0,0.0,0.0,176.0,131,3,False,True,False,True
18.0,36.0,0.0,0.0,0.3,0.0,2.0,0.0,15.0,17.0,0.0,0.0,0.0,1.0,21.0,2.0,2.0,0.0,18.0,0.0,0.0,1.0,0.0,3.0,1.0,0.0,0.0,0.0,0.0,0.0,0.0,400000.0,0.0,0.0,194.0,100,44,True,False,False,True
21.0,36.0,0.0,0.0,0.5,0.0,1.0,0.0,11.0,12.0,0.0,1.0,1.0,0.0,17.0,3.0,0.0,1.0,16.0,0.0,0.0,1.0,0.0,1.0,0.0,0.0,0.0,2.0,0.0,0.0,2.0,1000000.0,0.0,0.0,173.0,3,3,False,False,False,True
26.0,35.0,0.0,0.0,0.0,0.0,0.0,0.0,17.0,21.0,0.0,0.0,0.0,3.0,24.0,4.0,1.0,1.0,17.0,0.0,0.0,0.0,1.0,2.0,0.0,0.0,0.0,2.0,0.0,0.0,2.0,6500000.0,260.0,37.0,177.0,100,20,False,True,False,True
20.0,34.0,0.0,1.0,0.0,0.0,1.0,1.0,3.0,5.0,1.0,0.0,0.0,1.0,9.0,1.0,0.0,1.0,4.0,1.0,0.0,1.0,1.0,3.0,1.0,0.0,0.0,0.0,0.0,0.0,0.0,2000000.0,89.0,14.0,180.0,14,4,False,True,False,True
18.0,32.0,0.0,0.0,0.0,0.0,0.0,0.0,17.0,18.0,0.0,0.0,0.0,2.0,23.0,1.0,1.0,2.0,19.0,0.0,0.0,0.0,0.0,3.0,0.0,0.0,0.0,0.0,0.0,0.0,0.0,300000.0,0.0,0.0,164.0,322,51,False,True,False,True
19.0,32.0,0.0,0.0,0.0,0.0,0.0,0.0,11.0,12.0,0.0,0.0,0.0,1.0,12.0,1.0,1.0,0.0,10.0,0.0,0.0,0.0,0.0,1.0,0.0,1.0,0.0,1.0,0.0,0.0,0.0,500000.0,37.0,5.0,185.0,130,22,False,True,False,True
21.0,31.0,0.0,0.0,0.0,0.0,1.0,0.0,13.0,18.0,1.0,1.0,1.0,1.0,23.0,1.0,0.0,0.0,15.0,2.0,0.0,2.0,0.0,3.0,0.0,0.0,0.0,0.0,1.0,0.0,2.0,2000000.0,65.0,8.0,168.0,80,7,False,True,False,True
29.0,31.0,0.0,0.0,0.0,0.0,0.0,0.0,11.0,15.0,0.0,0.0,0.0,2.0,17.0,0.0,0.0,0.0,13.0,1.0,0.0,1.0,1.0,0.0,1.0,0.0,0.0,0.0,0.0,0.0,1.0,500000.0,57.0,8.0,188.0,266,11,False,True,True,False
17.0,31.0,0.0,0.0,0.0,0.0,0.0,0.0,12.0,15.0,0.0,1.0,0.0,1.0,18.0,2.0,1.0,0.0,12.0,0.0,1.0,2.0,0.0,1.0,1.0,0.0,0.0,0.0,0.0,0.0,3.0,500000.0,0.0,0.0,0.0,98,9,False,False,False,True
19.0,31.0,0.0,0.0,0.0,0.0,0.0,0.0,6.0,11.0,0.0,0.0,0.0,1.0,14.0,0.0,0.0,0.0,5.0,1.0,1.0,1.0,1.0,0.0,1.0,0.0,0.0,0.0,0.0,1.0,0.0,800000.0,0.0,0.0,173.0,85,9,False,True,False,True
19.0,30.0,0.0,0.0,0.0,0.0,0.0,0.0,11.0,14.0,1.0,0.0,0.0,1.0,22.0,1.0,0.0,2.0,15.0,0.0,0.0,1.0,0.0,1.0,0.0,0.0,0.0,1.0,0.0,0.0,0.0,400000.0,3.0,1.0,175.0,529,9,False,True,False,True
25.0,29.0,0.0,0.0,0.0,0.0,0.0,0.0,9.0,9.0,0.0,0.0,0.0,0.0,12.0,0.0,0.0,0.0,9.0,0.0,1.0,0.0,1.0,0.0,0.0,1.0,0.0,1.0,0.0,0.0,0.0,2000000.0,446.0,60.0,196.0,175,2,False,True,True,False
29.0,28.0,0.0,0.0,0.2,0.0,1.0,0.0,14.0,21.0,0.0,0.0,0.0,2.0,28.0,1.0,0.0,0.0,15.0,0.0,1.0,1.0,0.0,6.0,0.0,0.0,0.0,0.0,0.0,1.0,0.0,300000.0,0.0,0.0,180.0,801,2,False,True,False,True
20.0,28.0,0.0,0.0,0.0,0.0,1.0,0.0,2.0,3.0,0.0,0.0,0.0,1.0,5.0,0.0,0.0,1.0,3.0,0.0,0.0,1.0,0.0,1.0,0.0,0.0,0.0,0.0,0.0,0.0,0.0,4000000.0,0.0,0.0,183.0,238,4,True,False,True,False
21.0,28.0,0.0,0.0,0.1,0.0,1.0,1.0,2.0,4.0,1.0,0.0,0.0,0.0,12.0,1.0,0.0,1.0,8.0,0.0,0.0,1.0,0.0,3.0,0.0,0.0,0.0,0.0,0.0,0.0,0.0,300000.0,0.0,0.0,189.0,24,3,True,False,True,False
20.0,27.0,0.0,0.0,0.2,0.0,1.0,0.0,3.0,4.0,0.0,0.0,0.0,0.0,6.0,0.0,0.0,3.0,4.0,0.0,0.0,0.0,0.0,1.0,0.0,0.0,0.0,0.0,0.0,0.0,0.0,400000.0,569.0,52.0,188.0,80,2,True,False,True,False
17.0,27.0,0.0,0.0,0.0,0.0,0.0,0.0,1.0,2.0,0.0,0.0,0.0,0.0,4.0,0.0,0.0,0.0,2.0,2.0,0.0,0.0,0.0,1.0,0.0,0.0,0.0,1.0,0.0,0.0,0.0,50000.0,0.0,0.0,177.0,393,2,False,True,False,True
20.0,27.0,0.0,0.0,0.1,0.0,2.0,1.0,17.0,22.0,1.0,4.0,1.0,5.0,31.0,3.0,1.0,0.0,22.0,1.0,0.0,1.0,0.0,2.0,1.0,0.0,0.0,0.0,0.0,0.0,5.0,500000.0,21.0,4.0,179.0,165,10,True,False,False,False
21.0,26.0,0.0,0.0,0.0,0.0,0.0,0.0,8.0,10.0,0.0,0.0,0.0,0.0,14.0,1.0,0.0,0.0,9.0,1.0,0.0,0.0,2.0,0.0,0.0,0.0,0.0,0.0,0.0,0.0,0.0,700000.0,151.0,18.0,180.0,211,2,False,True,False,True
21.0,26.0,0.0,0.0,0.0,0.0,1.0,0.0,3.0,7.0,0.0,0.0,0.0,2.0,10.0,2.0,0.0,0.0,8.0,1.0,0.0,1.0,0.0,0.0,0.0,0.0,0.0,0.0,0.0,0.0,1.0,500000.0,0.0,0.0,174.0,322,2,True,False,False,True
18.0,25.0,0.0,0.0,0.0,0.0,0.0,0.0,5.0,8.0,0.0,0.0,0.0,0.0,14.0,0.0,0.0,0.0,6.0,2.0,0.0,1.0,0.0,2.0,0.0,0.0,0.0,1.0,0.0,0.0,0.0,50000.0,113.0,9.0,180.0,90,2,True,False,False,True
16.0,25.0,0.0,0.0,0.5,0.0,1.0,0.0,9.0,14.0,0.0,0.0,0.0,0.0,17.0,0.0,0.0,0.0,13.0,0.0,0.0,0.0,0.0,0.0,1.0,0.0,0.0,0.0,0.0,0.0,0.0,1000000.0,0.0,0.0,0.0,85,9,True,False,False,True
23.0,24.0,0.0,0.0,0.0,0.0,0.0,0.0,3.0,4.0,0.0,0.0,0.0,1.0,9.0,0.0,0.0,1.0,5.0,1.0,0.0,1.0,0.0,2.0,0.0,1.0,0.0,2.0,0.0,0.0,0.0,700000.0,28.0,4.0,175.0,23,10,False,True,False,True
21.0,24.0,0.0,0.0,0.0,0.1,0.0,0.0,12.0,17.0,1.0,3.0,0.0,3.0,25.0,2.0,1.0,0.0,15.0,0.0,1.0,2.0,0.0,1.0,0.0,0.0,0.0,1.0,0.0,0.0,1.0,600000.0,26.0,5.0,169.0,416,4,False,False,False,True
17.0,24.0,0.0,0.0,0.0,0.0,0.0,0.0,7.0,8.0,1.0,0.0,0.0,0.0,13.0,0.0,1.0,0.0,12.0,0.0,0.0,0.0,0.0,0.0,0.0,1.0,0.0,0.0,0.0,0.0,0.0,1500000.0,184.0,16.0,174.0,51,2,False,True,False,True
21.0,56.0,0.0,0.0,0.4,0.0,4.0,0.0,28.0,28.0,0.0,0.0,0.0,0.0,44.0,0.0,0.0,0.0,28.0,0.0,0.0,0.0,0.0,2.0,0.0,0.0,0.0,0.0,0.0,0.0,0.0,3000000.0,66.0,9.0,180.0,54,10,False,True,False,True
34.0,24.0,0.0,0.0,0.0,0.0,0.0,0.0,17.0,24.0,0.0,0.0,0.0,3.0,31.0,1.0,0.0,0.0,21.0,0.0,3.0,1.0,2.0,1.0,4.0,0.0,0.0,0.0,0.0,0.0,1.0,350000.0,92.0,16.0,187.0,50,10,False,False,False,True
29.0,23.0,0.0,0.0,0.0,0.0,0.0,0.0,18.0,18.0,0.0,0.0,0.0,1.0,24.0,0.0,0.0,0.0,16.0,1.0,0.0,0.0,1.0,3.0,0.0,0.0,0.0,0.0,0.0,0.0,0.0,5000000.0,0.0,0.0,183.0,1354,2,False,False,True,False
20.0,22.0,0.0,0.0,0.3,0.0,2.0,2.0,1.0,4.0,0.0,0.0,0.0,0.0,11.0,0.0,1.0,2.0,5.0,1.0,0.0,0.0,0.0,1.0,2.0,0.0,0.0,1.0,0.0,0.0,0.0,1000000.0,0.0,0.0,180.0,130,2,True,False,False,True
18.0,22.0,0.0,0.0,0.0,0.0,0.0,0.0,13.0,15.0,0.0,1.0,1.0,0.0,21.0,1.0,0.0,0.0,13.0,0.0,0.0,0.0,1.0,3.0,0.0,0.0,0.0,1.0,0.0,0.0,1.0,1500000.0,89.0,15.0,170.0,23,11,True,False,True,False
24.0,22.0,0.0,0.0,0.0,0.0,0.0,0.0,4.0,5.0,0.0,0.0,0.0,0.0,9.0,0.0,0.0,0.0,2.0,0.0,0.0,0.0,4.0,2.0,1.0,0.0,0.0,0.0,0.0,0.0,0.0,400000.0,603.0,86.0,186.0,175,21,False,True,True,False
32.0,22.0,0.0,0.0,0.0,0.0,0.0,0.0,24.0,27.0,0.0,0.0,0.0,4.0,31.0,2.0,0.0,0.0,24.0,0.0,1.0,0.0,1.0,0.0,0.0,0.0,0.0,0.0,0.0,0.0,0.0,300000.0,219.0,13.0,182.0,90,9,False,True,False,True
30.0,22.0,0.0,0.0,0.0,0.0,0.0,0.0,5.0,6.0,0.0,0.0,0.0,0.0,11.0,0.0,0.0,1.0,10.0,2.0,0.0,0.0,0.0,2.0,0.0,0.0,0.0,1.0,0.0,0.0,0.0,700000.0,0.0,0.0,180.0,235,3,False,False,False,True
29.0,21.0,0.0,0.0,0.0,0.0,0.0,0.0,14.0,15.0,0.0,1.0,1.0,0.0,17.0,0.0,0.0,0.0,12.0,0.0,1.0,0.0,1.0,2.0,0.0,0.0,0.0,0.0,0.0,0.0,1.0,5000000.0,473.0,51.0,183.0,468,4,False,False,True,False
19.0,20.0,0.0,0.0,0.0,0.0,0.0,0.0,15.0,16.0,0.0,0.0,0.0,2.0,23.0,1.0,0.0,0.0,13.0,2.0,3.0,0.0,0.0,4.0,0.0,0.0,0.0,0.0,0.0,0.0,0.0,200000.0,0.0,0.0,170.0,100,78,False,True,False,True
23.0,20.0,0.0,0.0,0.0,0.0,0.0,0.0,23.0,28.0,0.0,0.0,0.0,6.0,32.0,0.0,0.0,0.0,25.0,0.0,0.0,0.0,2.0,1.0,2.0,0.0,0.0,0.0,0.0,0.0,1.0,8000000.0,48.0,10.0,184.0,294,4,False,False,True,False
21.0,20.0,0.0,0.0,0.0,0.0,0.0,0.0,8.0,13.0,0.0,0.0,0.0,0.0,17.0,1.0,1.0,0.0,11.0,0.0,0.0,0.0,0.0,2.0,0.0,0.0,0.0,0.0,0.0,0.0,3.0,500000.0,0.0,0.0,178.0,185,12,False,True,True,False
23.0,19.0,0.0,0.0,0.0,0.0,0.0,0.0,5.0,9.0,0.0,1.0,0.0,3.0,11.0,1.0,0.0,2.0,11.0,0.0,0.0,1.0,0.0,1.0,0.0,0.0,0.0,0.0,0.0,0.0,1.0,1600000.0,12.0,1.0,183.0,25,3,True,False,False,True
27.0,19.0,0.0,0.0,0.0,0.0,0.0,0.0,10.0,15.0,0.0,0.0,0.0,1.0,18.0,0.0,0.0,0.0,14.0,1.0,1.0,1.0,0.0,0.0,0.0,1.0,0.0,3.0,0.0,0.0,0.0,800000.0,0.0,0.0,181.0,371,40,False,True,False,True
23.0,19.0,0.0,0.0,0.0,0.0,0.0,0.0,17.0,18.0,0.0,0.0,0.0,4.0,20.0,0.0,0.0,0.0,18.0,0.0,2.0,0.0,0.0,1.0,0.0,0.0,0.0,0.0,0.0,0.0,0.0,1400000.0,211.0,44.0,189.0,160,7,False,True,False,True
30.0,17.0,0.0,0.0,0.0,0.0,1.0,0.0,3.0,7.0,0.0,0.0,0.0,0.0,9.0,0.0,0.0,0.0,6.0,0.0,0.0,1.0,0.0,0.0,0.0,0.0,0.0,0.0,0.0,0.0,0.0,800000.0,161.0,20.0,183.0,53,10,True,False,False,True
19.0,16.0,0.0,0.0,0.0,0.0,0.0,0.0,16.0,18.0,0.0,1.0,0.0,2.0,21.0,1.0,0.0,1.0,17.0,0.0,0.0,1.0,0.0,0.0,0.0,0.0,0.0,2.0,0.0,0.0,1.0,100000.0,10.0,0.0,178.0,406,40,False,True,False,True
21.0,16.0,0.0,0.0,0.0,0.1,0.0,0.0,13.0,15.0,1.0,1.0,0.0,1.0,15.0,1.0,2.0,0.0,13.0,0.0,0.0,0.0,0.0,2.0,0.0,0.0,0.0,0.0,0.0,0.0,0.0,25000000.0,230.0,54.0,175.0,2,43,True,False,True,False
19.0,16.0,0.0,0.0,0.0,0.0,0.0,0.0,2.0,3.0,0.0,0.0,0.0,0.0,3.0,0.0,0.0,0.0,1.0,0.0,0.0,0.0,0.0,0.0,0.0,0.0,0.0,0.0,0.0,0.0,0.0,3200000.0,61.0,8.0,187.0,82,50,True,False,False,True
22.0,16.0,0.0,0.0,0.0,0.1,1.0,0.0,4.0,4.0,1.0,0.0,0.0,0.0,8.0,3.0,0.0,1.0,7.0,0.0,0.0,0.0,1.0,0.0,1.0,0.0,0.0,0.0,0.0,0.0,0.0,4000000.0,498.0,51.0,180.0,211,21,True,False,False,True
29.0,16.0,0.0,0.0,0.0,0.0,1.0,1.0,1.0,3.0,0.0,0.0,0.0,0.0,7.0,1.0,1.0,0.0,6.0,0.0,0.0,1.0,0.0,0.0,0.0,0.0,0.0,0.0,1.0,0.0,0.0,3500000.0,44.0,6.0,190.0,416,5,False,True,True,False
28.0,16.0,0.0,0.0,0.0,0.0,1.0,0.0,6.0,7.0,0.0,1.0,0.0,1.0,9.0,1.0,0.0,0.0,7.0,1.0,0.0,0.0,0.0,2.0,0.0,0.0,0.0,1.0,0.0,0.0,1.0,800000.0,0.0,0.0,178.0,720,3,True,False,True,False
23.0,15.0,0.0,0.0,0.0,0.1,0.0,0.0,6.0,6.0,1.0,0.0,0.0,1.0,8.0,1.0,0.0,1.0,7.0,0.0,0.0,0.0,0.0,0.0,0.0,1.0,0.0,3.0,0.0,0.0,0.0,150000.0,0.0,0.0,177.0,406,7,False,False,False,True
19.0,14.0,0.0,0.0,0.0,0.0,0.0,0.0,15.0,16.0,0.0,0.0,0.0,0.0,16.0,0.0,0.0,0.0,13.0,0.0,0.0,0.0,0.0,3.0,0.0,0.0,0.0,0.0,0.0,0.0,0.0,700000.0,0.0,0.0,0.0,20,4,False,False,False,True
17.0,14.0,0.0,0.0,0.0,0.0,0.0,0.0,2.0,4.0,0.0,0.0,0.0,0.0,6.0,1.0,0.0,0.0,4.0,0.0,0.0,0.0,0.0,0.0,0.0,0.0,0.0,0.0,0.0,0.0,0.0,500000.0,0.0,0.0,180.0,110,3,False,True,False,True
18.0,14.0,0.0,0.0,0.0,0.0,0.0,0.0,15.0,15.0,0.0,0.0,0.0,1.0,19.0,0.0,0.0,0.0,15.0,0.0,2.0,0.0,0.0,0.0,0.0,0.0,0.0,0.0,0.0,0.0,0.0,1500000.0,0.0,0.0,186.0,198,2,False,False,False,True
18.0,14.0,0.0,0.0,0.0,0.0,0.0,0.0,5.0,6.0,0.0,0.0,0.0,1.0,9.0,1.0,0.0,0.0,8.0,0.0,0.0,0.0,0.0,1.0,0.0,0.0,0.0,2.0,1.0,0.0,0.0,800000.0,0.0,0.0,0.0,36,9,False,True,False,True
19.0,14.0,0.0,0.0,0.0,0.0,1.0,0.0,10.0,10.0,0.0,0.0,0.0,2.0,13.0,1.0,2.0,0.0,10.0,0.0,0.0,0.0,0.0,1.0,0.0,0.0,0.0,0.0,0.0,0.0,0.0,2000000.0,0.0,0.0,174.0,86,12,False,False,False,True
17.0,14.0,0.0,0.0,0.0,0.0,0.0,0.0,12.0,13.0,0.0,0.0,0.0,0.0,15.0,0.0,0.0,1.0,14.0,1.0,0.0,0.0,0.0,1.0,0.0,1.0,0.0,3.0,0.0,0.0,0.0,200000.0,0.0,0.0,178.0,51,2,False,True,False,True
20.0,13.0,0.0,0.0,0.0,0.0,0.0,0.0,4.0,4.0,0.0,0.0,0.0,1.0,5.0,0.0,0.0,0.0,5.0,0.0,0.0,0.0,0.0,1.0,0.0,0.0,0.0,1.0,0.0,0.0,0.0,300000.0,0.0,0.0,185.0,88,40,True,False,False,True
18.0,13.0,0.0,0.0,0.0,0.0,0.0,0.0,2.0,2.0,0.0,0.0,0.0,0.0,5.0,0.0,0.0,0.0,5.0,0.0,0.0,0.0,0.0,0.0,0.0,0.0,0.0,1.0,0.0,0.0,0.0,100000.0,0.0,0.0,178.0,100,49,True,False,False,True
18.0,13.0,0.0,0.0,0.0,0.0,0.0,0.0,5.0,7.0,0.0,1.0,1.0,0.0,11.0,1.0,0.0,2.0,3.0,2.0,0.0,0.0,1.0,1.0,0.0,0.0,0.0,0.0,0.0,0.0,2.0,1000000.0,0.0,0.0,0.0,56,4,False,False,False,True
21.0,13.0,0.0,0.0,0.0,0.0,0.0,0.0,1.0,2.0,0.0,0.0,0.0,0.0,3.0,0.0,0.0,0.0,2.0,0.0,0.0,0.0,0.0,0.0,0.0,0.0,0.0,1.0,0.0,0.0,0.0,400000.0,0.0,0.0,179.0,16,3,False,True,True,False
19.0,12.0,0.0,0.0,0.0,0.0,0.0,0.0,2.0,3.0,0.0,0.0,0.0,0.0,6.0,1.0,0.0,0.0,2.0,0.0,0.0,0.0,0.0,2.0,0.0,0.0,0.0,0.0,0.0,1.0,0.0,400000.0,53.0,7.0,181.0,130,10,False,True,True,False
21.0,12.0,0.0,0.0,0.0,0.0,0.0,0.0,5.0,5.0,0.0,0.0,0.0,0.0,6.0,0.0,0.0,0.0,5.0,0.0,0.0,0.0,0.0,0.0,0.0,0.0,0.0,0.0,0.0,0.0,0.0,3800000.0,0.0,0.0,185.0,198,4,False,False,False,True
19.0,12.0,0.0,0.0,0.0,0.0,0.0,0.0,2.0,3.0,0.0,0.0,0.0,0.0,4.0,0.0,0.0,0.0,3.0,0.0,0.0,0.0,0.0,0.0,0.0,0.0,0.0,0.0,0.0,0.0,0.0,5000000.0,111.0,12.0,184.0,720,32,True,False,False,True
19.0,12.0,0.0,0.0,0.0,0.0,0.0,0.0,1.0,1.0,0.0,0.0,0.0,0.0,7.0,1.0,0.0,0.0,1.0,3.0,0.0,0.0,2.0,0.0,0.0,0.0,0.0,0.0,0.0,0.0,0.0,10000000.0,226.0,34.0,173.0,99,5,True,False,False,True
25.0,11.0,0.0,0.0,0.0,0.2,0.0,0.0,18.0,22.0,3.0,1.0,1.0,4.0,27.0,2.0,0.0,0.0,14.0,1.0,0.0,0.0,3.0,2.0,0.0,0.0,0.0,0.0,0.0,0.0,1.0,12000000.0,5.0,1.0,191.0,30,35,False,True,False,True
19.0,11.0,0.0,0.0,0.0,0.0,0.0,0.0,0.0,1.0,0.0,0.0,0.0,0.0,3.0,0.0,0.0,0.0,3.0,0.0,0.0,0.0,0.0,0.0,0.0,0.0,0.0,2.0,0.0,0.0,0.0,3000000.0,0.0,0.0,189.0,20,4,False,True,False,True
19.0,11.0,0.0,0.0,0.0,0.0,0.0,0.0,11.0,14.0,0.0,0.0,0.0,0.0,17.0,0.0,0.0,0.0,14.0,1.0,0.0,1.0,0.0,0.0,0.0,0.0,0.0,0.0,0.0,0.0,1.0,8000000.0,22.0,4.0,175.0,267,1,False,False,True,False
18.0,11.0,0.0,0.0,0.0,0.0,0.0,0.0,5.0,9.0,0.0,0.0,0.0,0.0,11.0,0.0,0.0,0.0,6.0,1.0,0.0,0.0,0.0,0.0,0.0,0.0,0.0,0.0,0.0,1.0,0.0,1500000.0,0.0,0.0,187.0,8,55,False,True,False,True
18.0,11.0,0.0,0.0,0.0,0.0,0.0,0.0,2.0,2.0,0.0,0.0,0.0,0.0,4.0,0.0,0.0,0.0,4.0,0.0,0.0,0.0,0.0,0.0,0.0,0.0,0.0,1.0,0.0,0.0,0.0,50000.0,0.0,0.0,0.0,90,2,True,False,False,False
18.0,11.0,0.0,0.0,0.0,0.0,0.0,0.0,1.0,1.0,0.0,0.0,0.0,0.0,2.0,0.0,0.0,1.0,1.0,0.0,0.0,0.0,0.0,0.0,0.0,0.0,0.0,0.0,0.0,0.0,0.0,800000.0,0.0,0.0,183.0,321,4,False,True,False,True
23.0,10.0,0.0,0.0,0.0,0.0,0.0,0.0,3.0,6.0,0.0,0.0,0.0,0.0,8.0,1.0,1.0,0.0,7.0,0.0,0.0,0.0,1.0,0.0,1.0,0.0,0.0,2.0,0.0,0.0,0.0,1000000.0,168.0,11.0,167.0,541,2,False,True,True,False
18.0,10.0,0.0,0.0,0.0,0.0,0.0,0.0,6.0,11.0,0.0,0.0,0.0,0.0,17.0,2.0,1.0,0.0,4.0,3.0,2.0,0.0,1.0,2.0,0.0,0.0,0.0,1.0,0.0,0.0,1.0,50000.0,0.0,0.0,183.0,498,2,False,False,False,True
20.0,10.0,0.0,0.0,0.0,0.0,0.0,0.0,16.0,19.0,0.0,0.0,0.0,3.0,22.0,0.0,0.0,0.0,17.0,0.0,0.0,1.0,1.0,0.0,0.0,0.0,0.0,0.0,0.0,0.0,0.0,3000000.0,0.0,0.0,188.0,332,40,False,True,True,False
18.0,10.0,0.0,0.0,0.1,0.0,1.0,0.0,1.0,3.0,0.0,0.0,0.0,0.0,4.0,1.0,0.0,0.0,3.0,0.0,0.0,0.0,0.0,1.0,0.0,0.0,0.0,0.0,0.0,1.0,0.0,800000.0,0.0,0.0,189.0,98,9,True,False,True,False
22.0,9.0,0.0,0.0,0.0,0.0,0.0,0.0,6.0,6.0,0.0,0.0,0.0,0.0,8.0,0.0,0.0,0.0,7.0,0.0,0.0,0.0,0.0,1.0,0.0,0.0,0.0,0.0,0.0,0.0,0.0,7000000.0,0.0,0.0,178.0,30,4,False,True,False,True
18.0,9.0,0.0,0.0,0.0,0.0,2.0,2.0,6.0,8.0,0.0,0.0,0.0,1.0,11.0,0.0,0.0,0.0,10.0,0.0,0.0,0.0,0.0,0.0,1.0,0.0,0.0,1.0,0.0,0.0,0.0,1000000.0,0.0,0.0,181.0,88,9,False,True,False,True
19.0,9.0,0.0,0.0,0.0,0.0,0.0,0.0,4.0,6.0,0.0,0.0,0.0,0.0,7.0,0.0,0.0,0.0,5.0,0.0,0.0,0.0,0.0,0.0,0.0,0.0,0.0,0.0,0.0,0.0,0.0,50000.0,0.0,0.0,182.0,363,2,True,False,False,True
28.0,9.0,0.0,0.0,0.0,0.0,1.0,0.0,1.0,2.0,0.0,0.0,0.0,0.0,5.0,1.0,0.0,1.0,3.0,0.0,0.0,0.0,0.0,1.0,0.0,0.0,0.0,0.0,0.0,0.0,0.0,300000.0,0.0,0.0,180.0,140,5,False,True,True,False
19.0,9.0,0.0,0.0,0.1,0.0,1.0,0.0,1.0,2.0,0.0,0.0,0.0,0.0,8.0,1.0,1.0,0.0,3.0,1.0,1.0,1.0,0.0,0.0,0.0,0.0,0.0,1.0,0.0,0.0,0.0,50000.0,0.0,0.0,176.0,75,2,False,True,False,True
19.0,9.0,0.0,0.0,0.0,0.0,0.0,0.0,5.0,10.0,0.0,0.0,0.0,0.0,11.0,1.0,0.0,0.0,8.0,0.0,0.0,1.0,1.0,0.0,0.0,0.0,0.0,0.0,0.0,0.0,2.0,50000.0,0.0,0.0,0.0,80,3,False,False,True,False
20.0,9.0,0.0,0.0,0.0,0.0,0.0,0.0,2.0,2.0,0.0,0.0,0.0,0.0,3.0,0.0,0.0,0.0,2.0,0.0,1.0,0.0,0.0,0.0,0.0,0.0,0.0,0.0,0.0,0.0,0.0,50000.0,0.0,0.0,175.0,1389,9,False,False,True,False
30.0,9.0,0.0,0.0,0.0,0.0,0.0,0.0,2.0,4.0,0.0,0.0,0.0,0.0,5.0,0.0,0.0,0.0,5.0,0.0,0.0,0.0,0.0,0.0,0.0,0.0,0.0,0.0,0.0,0.0,0.0,1000000.0,276.0,44.0,185.0,130,10,False,True,False,True
32.0,9.0,0.0,0.0,0.0,0.0,0.0,0.0,0.0,4.0,0.0,0.0,0.0,0.0,8.0,0.0,0.0,0.0,2.0,1.0,1.0,0.0,1.0,0.0,0.0,0.0,0.0,1.0,0.0,0.0,0.0,600000.0,244.0,30.0,180.0,86,2,False,False,True,False
28.0,9.0,0.0,0.0,0.0,0.0,0.0,0.0,3.0,3.0,0.0,0.0,0.0,0.0,4.0,0.0,0.0,0.0,4.0,0.0,0.0,0.0,0.0,0.0,0.0,0.0,1.0,1.0,0.0,0.0,0.0,2000000.0,44.0,7.0,188.0,90,4,False,True,False,True
18.0,8.0,0.0,0.0,0.0,0.0,0.0,0.0,1.0,3.0,1.0,0.0,0.0,1.0,3.0,0.0,0.0,0.0,1.0,0.0,0.0,0.0,0.0,2.0,0.0,0.0,0.0,1.0,0.0,0.0,0.0,1200000.0,0.0,0.0,179.0,94,9,False,True,False,True
21.0,8.0,0.0,0.0,0.0,0.0,1.0,0.0,7.0,8.0,0.0,0.0,0.0,2.0,11.0,1.0,0.0,0.0,7.0,0.0,0.0,0.0,1.0,0.0,0.0,1.0,0.0,1.0,0.0,0.0,1.0,250000.0,0.0,0.0,187.0,16,1,False,True,False,True
24.0,8.0,0.0,0.0,0.0,0.0,0.0,0.0,6.0,6.0,0.0,0.0,0.0,0.0,7.0,0.0,0.0,0.0,5.0,0.0,0.0,0.0,1.0,0.0,0.0,0.0,0.0,0.0,0.0,0.0,0.0,3000000.0,7.0,1.0,188.0,207,2,False,False,False,True
19.0,8.0,0.0,0.0,0.1,0.0,1.0,0.0,3.0,5.0,0.0,0.0,0.0,0.0,7.0,0.0,0.0,0.0,3.0,0.0,0.0,0.0,0.0,1.0,0.0,0.0,0.0,0.0,0.0,0.0,1.0,300000.0,0.0,0.0,183.0,393,2,True,False,False,True
25.0,8.0,0.0,0.0,0.1,0.0,1.0,0.0,3.0,5.0,0.0,0.0,0.0,0.0,9.0,0.0,1.0,0.0,6.0,1.0,0.0,0.0,0.0,0.0,0.0,0.0,0.0,1.0,0.0,0.0,1.0,600000.0,32.0,7.0,183.0,35,17,False,True,False,True
20.0,8.0,0.0,0.0,0.0,0.0,0.0,0.0,5.0,5.0,0.0,0.0,0.0,0.0,7.0,0.0,0.0,0.0,5.0,1.0,0.0,0.0,2.0,1.0,1.0,0.0,0.0,0.0,0.0,0.0,0.0,300000.0,0.0,0.0,0.0,25,3,False,False,False,True
18.0,7.0,0.0,0.0,0.0,0.1,0.0,0.0,2.0,2.0,1.0,0.0,0.0,0.0,4.0,0.0,0.0,0.0,1.0,0.0,0.0,0.0,0.0,1.0,0.0,0.0,0.0,0.0,0.0,0.0,0.0,300000.0,0.0,0.0,179.0,19,9,True,False,False,True
23.0,7.0,0.0,0.0,0.0,0.0,0.0,0.0,2.0,4.0,0.0,0.0,0.0,1.0,4.0,0.0,0.0,0.0,4.0,0.0,0.0,0.0,0.0,0.0,0.0,0.0,0.0,1.0,0.0,0.0,0.0,1000000.0,120.0,16.0,183.0,110,3,True,False,False,True
17.0,7.0,0.0,0.0,0.0,0.0,0.0,0.0,0.0,0.0,0.0,0.0,0.0,0.0,0.0,0.0,0.0,0.0,0.0,0.0,0.0,0.0,0.0,0.0,0.0,0.0,0.0,0.0,0.0,0.0,0.0,200000.0,113.0,9.0,0.0,165,10,False,False,False,True
26.0,7.0,0.0,0.0,0.2,0.0,1.0,0.0,3.0,4.0,0.0,0.0,0.0,1.0,7.0,0.0,0.0,0.0,2.0,0.0,0.0,0.0,1.0,0.0,0.0,0.0,0.0,0.0,0.0,0.0,0.0,18000000.0,508.0,70.0,188.0,22,15,False,False,False,True
28.0,7.0,0.0,0.0,0.0,0.0,0.0,0.0,1.0,1.0,0.0,0.0,0.0,0.0,2.0,0.0,0.0,0.0,0.0,0.0,0.0,0.0,0.0,0.0,0.0,0.0,0.0,0.0,0.0,0.0,0.0,1000000.0,126.0,18.0,192.0,180,21,False,True,True,False
21.0,7.0,0.0,0.0,0.0,0.0,0.0,0.0,4.0,5.0,0.0,0.0,0.0,0.0,7.0,1.0,1.0,0.0,5.0,0.0,0.0,0.0,0.0,0.0,0.0,0.0,0.0,0.0,0.0,0.0,1.0,300000.0,52.0,7.0,170.0,25,3,True,False,True,False
18.0,7.0,0.0,0.0,0.0,0.0,0.0,0.0,5.0,6.0,0.0,0.0,0.0,1.0,13.0,0.0,0.0,1.0,6.0,0.0,0.0,0.0,0.0,2.0,0.0,0.0,0.0,0.0,0.0,0.0,0.0,2000000.0,0.0,0.0,180.0,94,2,True,False,False,True
21.0,7.0,0.0,0.0,0.1,0.0,1.0,1.0,0.0,0.0,0.0,0.0,0.0,0.0,1.0,0.0,0.0,0.0,0.0,0.0,0.0,0.0,0.0,0.0,0.0,0.0,0.0,0.0,0.0,0.0,0.0,1000000.0,0.0,0.0,177.0,22,4,True,False,False,True
23.0,7.0,0.0,0.0,0.0,0.0,0.0,0.0,7.0,13.0,0.0,0.0,0.0,1.0,16.0,0.0,0.0,0.0,9.0,1.0,0.0,1.0,0.0,5.0,3.0,0.0,0.0,1.0,0.0,0.0,0.0,600000.0,0.0,0.0,180.0,25,3,False,True,False,True
19.0,6.0,0.0,0.0,0.0,0.0,0.0,0.0,4.0,4.0,0.0,0.0,0.0,1.0,5.0,0.0,1.0,0.0,4.0,0.0,0.0,0.0,0.0,0.0,0.0,0.0,0.0,0.0,0.0,0.0,0.0,700000.0,54.0,6.0,185.0,19,9,True,False,False,True
17.0,6.0,0.0,0.0,0.0,0.0,0.0,0.0,2.0,5.0,0.0,0.0,0.0,0.0,6.0,0.0,0.0,0.0,1.0,0.0,0.0,0.0,1.0,1.0,0.0,0.0,0.0,0.0,0.0,0.0,0.0,100000.0,0.0,0.0,0.0,720,1,False,False,False,True
28.0,6.0,0.0,0.0,0.0,0.0,0.0,0.0,2.0,2.0,0.0,0.0,0.0,0.0,3.0,0.0,0.0,0.0,1.0,0.0,0.0,0.0,0.0,0.0,0.0,0.0,0.0,0.0,0.0,0.0,0.0,4000000.0,0.0,0.0,187.0,50,4,True,False,False,True
19.0,6.0,0.0,0.0,0.0,0.0,1.0,0.0,2.0,3.0,1.0,0.0,0.0,0.0,8.0,2.0,0.0,1.0,5.0,2.0,0.0,0.0,0.0,0.0,0.0,0.0,0.0,0.0,0.0,0.0,1.0,75000.0,0.0,0.0,178.0,56,4,False,True,False,True
26.0,6.0,0.0,0.0,0.1,0.0,1.0,1.0,1.0,1.0,0.0,0.0,0.0,0.0,2.0,0.0,0.0,0.0,2.0,0.0,0.0,0.0,0.0,0.0,0.0,0.0,0.0,0.0,0.0,0.0,0.0,24000000.0,380.0,59.0,195.0,36,9,True,False,False,True
18.0,6.0,0.0,0.0,0.0,0.0,0.0,0.0,3.0,3.0,0.0,0.0,0.0,1.0,3.0,0.0,0.0,1.0,3.0,1.0,0.0,0.0,0.0,1.0,0.0,0.0,0.0,0.0,0.0,0.0,0.0,18000000.0,47.0,5.0,171.0,2,1,True,False,False,True
19.0,6.0,0.0,0.0,0.1,0.0,1.0,0.0,11.0,12.0,0.0,0.0,0.0,0.0,14.0,0.0,0.0,0.0,13.0,0.0,0.0,0.0,0.0,0.0,1.0,0.0,0.0,1.0,1.0,0.0,0.0,900000.0,0.0,0.0,178.0,36,9,False,True,False,True
20.0,6.0,0.0,0.0,0.0,0.0,0.0,0.0,2.0,2.0,0.0,0.0,0.0,0.0,3.0,0.0,0.0,0.0,1.0,0.0,0.0,0.0,1.0,0.0,0.0,0.0,0.0,1.0,0.0,0.0,0.0,50000.0,0.0,0.0,179.0,80,2,False,True,False,True
20.0,5.0,0.0,0.0,0.0,0.0,0.0,0.0,4.0,6.0,0.0,0.0,0.0,0.0,8.0,0.0,0.0,0.0,5.0,0.0,0.0,1.0,0.0,1.0,0.0,0.0,0.0,0.0,0.0,0.0,1.0,400000.0,24.0,2.0,0.0,266,9,False,True,False,True
20.0,5.0,0.0,0.0,0.0,0.0,0.0,0.0,1.0,1.0,0.0,0.0,0.0,0.0,1.0,0.0,0.0,0.0,0.0,0.0,0.0,0.0,0.0,1.0,0.0,0.0,0.0,0.0,0.0,0.0,0.0,100000.0,0.0,0.0,183.0,498,2,True,False,False,True
18.0,5.0,0.0,0.0,0.0,0.0,0.0,0.0,3.0,3.0,0.0,0.0,0.0,0.0,3.0,0.0,0.0,0.0,2.0,0.0,0.0,0.0,0.0,1.0,0.0,0.0,0.0,0.0,0.0,0.0,0.0,500000.0,0.0,0.0,176.0,808,4,False,False,True,False
22.0,5.0,0.0,0.0,0.0,0.0,0.0,0.0,1.0,1.0,0.0,0.0,0.0,0.0,3.0,0.0,0.0,1.0,1.0,0.0,0.0,0.0,2.0,0.0,0.0,0.0,0.0,0.0,0.0,0.0,0.0,100000.0,0.0,0.0,180.0,3,3,False,False,False,True
16.0,5.0,0.0,0.0,0.0,0.0,0.0,0.0,5.0,7.0,0.0,0.0,0.0,1.0,9.0,0.0,0.0,0.0,5.0,0.0,0.0,0.0,1.0,1.0,1.0,0.0,0.0,1.0,0.0,0.0,0.0,1000000.0,0.0,0.0,194.0,82,9,False,False,False,True
26.0,5.0,0.0,0.0,0.0,0.0,0.0,0.0,2.0,4.0,0.0,0.0,0.0,0.0,4.0,0.0,0.0,0.0,2.0,0.0,0.0,1.0,0.0,1.0,0.0,1.0,0.0,0.0,0.0,0.0,0.0,600000.0,524.0,57.0,183.0,86,35,False,True,False,True
22.0,5.0,0.0,0.0,0.0,0.0,0.0,0.0,4.0,4.0,0.0,0.0,0.0,0.0,5.0,0.0,0.0,0.0,3.0,1.0,0.0,0.0,0.0,1.0,0.0,0.0,0.0,1.0,0.0,0.0,0.0,3000000.0,0.0,0.0,174.0,1389,69,True,False,True,False
24.0,5.0,0.0,0.0,0.0,0.0,0.0,0.0,1.0,1.0,0.0,0.0,0.0,0.0,1.0,0.0,0.0,0.0,3.0,0.0,0.0,0.0,0.0,0.0,0.0,0.0,0.0,1.0,1.0,0.0,0.0,700000.0,0.0,0.0,186.0,529,9,False,True,False,True
19.0,4.0,0.0,0.0,0.0,0.0,0.0,0.0,1.0,1.0,0.0,0.0,0.0,0.0,3.0,0.0,0.0,0.0,1.0,0.0,0.0,0.0,2.0,0.0,0.0,0.0,0.0,0.0,0.0,0.0,0.0,400000.0,0.0,0.0,189.0,327,9,False,False,False,True
21.0,4.0,0.0,0.0,0.0,0.0,0.0,0.0,4.0,7.0,0.0,0.0,0.0,0.0,7.0,0.0,0.0,0.0,4.0,1.0,0.0,1.0,0.0,2.0,0.0,0.0,0.0,0.0,0.0,1.0,0.0,275000.0,318.0,34.0,170.0,259,4,False,True,False,True
18.0,4.0,0.0,0.0,0.0,0.0,0.0,0.0,2.0,3.0,0.0,1.0,0.0,1.0,4.0,0.0,0.0,0.0,1.0,0.0,0.0,0.0,0.0,0.0,0.0,0.0,0.0,1.0,0.0,0.0,1.0,50000.0,0.0,0.0,180.0,90,2,False,False,False,True
24.0,4.0,0.0,0.0,0.0,0.0,0.0,0.0,1.0,2.0,0.0,0.0,0.0,0.0,4.0,0.0,0.0,2.0,2.0,0.0,0.0,0.0,1.0,0.0,0.0,0.0,0.0,0.0,0.0,0.0,0.0,400000.0,10.0,2.0,180.0,80,2,True,False,False,True
26.0,4.0,0.0,0.0,0.0,0.0,0.0,0.0,4.0,5.0,0.0,0.0,0.0,0.0,8.0,0.0,0.0,0.0,4.0,0.0,0.0,0.0,0.0,0.0,0.0,0.0,0.0,1.0,0.0,0.0,0.0,2500000.0,118.0,22.0,177.0,66,3,False,True,False,True
19.0,4.0,0.0,0.0,0.0,0.0,0.0,0.0,2.0,4.0,0.0,0.0,0.0,0.0,4.0,0.0,0.0,1.0,3.0,0.0,0.0,0.0,0.0,0.0,0.0,0.0,0.0,1.0,0.0,0.0,0.0,100000.0,0.0,0.0,0.0,720,40,False,True,True,False
32.0,4.0,0.0,0.0,0.0,0.0,0.0,0.0,1.0,1.0,0.0,0.0,0.0,0.0,1.0,0.0,0.0,0.0,0.0,0.0,0.0,0.0,0.0,1.0,0.0,0.0,0.0,0.0,0.0,0.0,0.0,450000.0,123.0,22.0,186.0,361,10,False,True,False,True
19.0,3.0,0.0,0.0,0.0,0.0,0.0,0.0,0.0,0.0,0.0,0.0,0.0,0.0,1.0,0.0,0.0,1.0,1.0,1.0,0.0,0.0,0.0,0.0,0.0,0.0,0.0,0.0,0.0,0.0,0.0,1500000.0,6.0,0.0,169.0,48,2,True,False,False,True
17.0,3.0,0.0,0.0,0.0,0.0,1.0,0.0,1.0,1.0,0.0,0.0,0.0,0.0,3.0,0.0,0.0,0.0,2.0,1.0,0.0,0.0,0.0,0.0,1.0,0.0,0.0,0.0,0.0,0.0,0.0,2500000.0,135.0,11.0,196.0,4,27,True,False,False,True
17.0,3.0,0.0,0.0,0.0,0.0,0.0,0.0,1.0,1.0,0.0,0.0,0.0,0.0,2.0,1.0,0.0,0.0,2.0,0.0,0.0,0.0,0.0,0.0,0.0,0.0,0.0,0.0,0.0,0.0,0.0,100000.0,0.0,0.0,176.0,211,44,False,True,False,True
29.0,3.0,0.0,0.0,0.0,0.0,0.0,0.0,1.0,3.0,0.0,0.0,0.0,0.0,3.0,0.0,0.0,0.0,1.0,0.0,0.0,0.0,0.0,1.0,0.0,0.0,0.0,0.0,0.0,0.0,0.0,750000.0,0.0,0.0,178.0,429,55,False,True,False,True
21.0,3.0,0.0,0.0,0.0,0.0,0.0,0.0,1.0,2.0,0.0,0.0,0.0,0.0,2.0,0.0,0.0,0.0,1.0,0.0,0.0,0.0,0.0,0.0,0.0,0.0,0.0,1.0,0.0,0.0,1.0,100000.0,3.0,1.0,185.0,1410,9,False,True,True,False
22.0,3.0,0.0,0.0,0.0,0.0,0.0,0.0,0.0,0.0,0.0,0.0,0.0,0.0,1.0,0.0,0.0,0.0,0.0,0.0,0.0,0.0,0.0,0.0,0.0,0.0,0.0,0.0,0.0,0.0,0.0,2000000.0,350.0,43.0,194.0,98,11,False,False,False,True
18.0,3.0,0.0,0.0,0.0,0.0,0.0,0.0,2.0,2.0,0.0,0.0,0.0,0.0,4.0,1.0,0.0,0.0,3.0,1.0,0.0,0.0,0.0,0.0,0.0,0.0,0.0,0.0,0.0,0.0,0.0,100000.0,0.0,0.0,185.0,51,2,True,False,True,False
18.0,2.0,0.0,0.0,0.0,0.0,0.0,0.0,2.0,2.0,0.0,0.0,0.0,0.0,3.0,0.0,0.0,0.0,3.0,0.0,0.0,0.0,0.0,0.0,0.0,0.0,0.0,0.0,0.0,0.0,0.0,1700000.0,0.0,0.0,179.0,25,10,False,False,False,True
30.0,2.0,0.0,0.0,0.0,0.0,0.0,0.0,1.0,2.0,0.0,0.0,0.0,0.0,2.0,0.0,0.0,0.0,2.0,0.0,0.0,0.0,0.0,0.0,0.0,0.0,0.0,0.0,0.0,0.0,0.0,350000.0,5.0,1.0,189.0,1094,5,True,False,True,False
17.0,2.0,0.0,0.0,0.0,0.0,0.0,0.0,0.0,0.0,0.0,0.0,0.0,0.0,0.0,0.0,0.0,0.0,1.0,0.0,0.0,0.0,0.0,0.0,0.0,0.0,0.0,0.0,0.0,0.0,0.0,150000.0,0.0,0.0,177.0,3,3,True,False,True,False
22.0,2.0,0.0,0.0,0.0,0.0,0.0,0.0,0.0,2.0,0.0,0.0,0.0,0.0,3.0,0.0,0.0,0.0,1.0,0.0,0.0,0.0,0.0,0.0,0.0,0.0,0.0,0.0,0.0,0.0,0.0,800000.0,6.0,1.0,189.0,88,2,False,False,True,False
27.0,2.0,0.0,0.0,0.0,0.0,0.0,0.0,1.0,2.0,0.0,0.0,0.0,0.0,3.0,0.0,0.0,0.0,1.0,0.0,0.0,1.0,0.0,0.0,0.0,0.0,0.0,0.0,0.0,0.0,0.0,800000.0,0.0,0.0,190.0,468,4,False,False,False,True
25.0,2.0,0.0,0.0,0.0,0.0,0.0,0.0,1.0,3.0,0.0,0.0,0.0,0.0,4.0,0.0,0.0,0.0,3.0,0.0,0.0,1.0,0.0,1.0,0.0,1.0,0.0,0.0,0.0,0.0,0.0,2000000.0,61.0,8.0,183.0,1479,1,True,False,False,True
26.0,1.0,0.0,0.0,0.0,0.0,0.0,0.0,1.0,3.0,0.0,0.0,0.0,1.0,5.0,0.0,0.0,0.0,1.0,0.0,1.0,0.0,1.0,0.0,1.0,1.0,0.0,0.0,0.0,0.0,0.0,3500000.0,27.0,6.0,182.0,45,5,False,False,False,True
23.0,1.0,0.0,0.0,0.0,0.0,0.0,0.0,0.0,0.0,0.0,0.0,0.0,0.0,2.0,0.0,0.0,0.0,0.0,2.0,0.0,0.0,0.0,0.0,0.0,0.0,0.0,0.0,0.0,0.0,0.0,5000000.0,174.0,27.0,183.0,55,51,False,True,False,True
18.0,1.0,0.0,0.0,0.0,0.0,0.0,0.0,4.0,4.0,0.0,0.0,0.0,0.0,4.0,0.0,0.0,0.0,4.0,0.0,0.0,0.0,0.0,0.0,0.0,0.0,0.0,0.0,0.0,0.0,0.0,1200000.0,0.0,0.0,188.0,85,9,False,False,True,False
20.0,1.0,0.0,0.0,0.0,0.0,0.0,0.0,1.0,1.0,0.0,0.0,0.0,0.0,1.0,0.0,0.0,0.0,1.0,0.0,0.0,0.0,0.0,0.0,0.0,0.0,0.0,0.0,0.0,0.0,0.0,250000.0,0.0,0.0,191.0,119,4,False,False,False,True
20.0,1.0,0.0,0.0,0.0,0.0,0.0,0.0,0.0,0.0,0.0,0.0,0.0,0.0,1.0,0.0,0.0,0.0,0.0,0.0,0.0,0.0,1.0,0.0,1.0,0.0,0.0,0.0,0.0,0.0,0.0,1000000.0,0.0,0.0,185.0,258,4,False,False,False,True
22.0,1.0,0.0,0.0,0.0,0.0,0.0,0.0,0.0,0.0,0.0,0.0,0.0,0.0,0.0,0.0,0.0,0.0,0.0,0.0,0.0,0.0,0.0,0.0,0.0,0.0,0.0,1.0,0.0,0.0,0.0,11000000.0,0.0,0.0,187.0,294,4,False,True,False,True
18.0,1.0,0.0,0.0,0.0,0.0,0.0,0.0,0.0,0.0,0.0,0.0,0.0,0.0,0.0,0.0,0.0,0.0,0.0,0.0,0.0,0.0,0.0,0.0,0.0,0.0,0.0,0.0,0.0,0.0,0.0,2000000.0,0.0,0.0,180.0,46,4,False,True,False,True
19.0,1.0,0.0,0.0,0.0,0.0,0.0,0.0,1.0,2.0,0.0,0.0,0.0,0.0,3.0,0.0,0.0,0.0,2.0,1.0,0.0,1.0,0.0,0.0,0.0,0.0,0.0,0.0,0.0,0.0,0.0,200000.0,0.0,0.0,177.0,45,4,True,False,False,True
19.0,1.0,0.0,0.0,0.0,0.0,0.0,0.0,1.0,1.0,0.0,0.0,0.0,0.0,1.0,0.0,0.0,0.0,1.0,0.0,0.0,0.0,0.0,0.0,0.0,0.0,0.0,0.0,0.0,0.0,0.0,400000.0,0.0,0.0,0.0,916,4,True,False,False,True
18.0,1.0,0.0,0.0,0.0,0.0,0.0,0.0,2.0,2.0,0.0,0.0,0.0,0.0,3.0,0.0,1.0,0.0,2.0,0.0,0.0,0.0,1.0,0.0,0.0,0.0,0.0,0.0,0.0,0.0,0.0,30000000.0,24.0,3.0,186.0,2,5,False,False,False,True
18.0,1.0,0.0,0.0,0.0,0.0,0.0,0.0,0.0,0.0,0.0,0.0,0.0,0.0,0.0,0.0,0.0,0.0,0.0,0.0,0.0,0.0,0.0,0.0,0.0,0.0,0.0,0.0,0.0,0.0,0.0,300000.0,0.0,0.0,174.0,267,4,True,False,False,True
30.0,1.0,0.0,0.0,0.0,0.0,0.0,0.0,0.0,0.0,0.0,0.0,0.0,0.0,0.0,0.0,0.0,0.0,0.0,0.0,0.0,0.0,0.0,0.0,0.0,0.0,0.0,0.0,0.0,0.0,0.0,400000.0,77.0,9.0,185.0,498,2,False,False,False,True
17.0,1.0,0.0,0.0,0.1,0.0,1.0,1.0,0.0,0.0,0.0,0.0,0.0,0.0,2.0,0.0,0.0,0.0,2.0,0.0,0.0,0.0,0.0,0.0,1.0,0.0,0.0,0.0,0.0,0.0,0.0,800000.0,0.0,0.0,185.0,15,4,False,True,False,True
19.0,1.0,0.0,0.0,0.0,0.0,0.0,0.0,0.0,0.0,0.0,0.0,0.0,0.0,0.0,0.0,0.0,0.0,0.0,0.0,0.0,0.0,0.0,0.0,0.0,0.0,0.0,0.0,0.0,0.0,0.0,700000.0,110.0,19.0,180.0,98,9,False,True,False,True
